solid test
  facet normal 0.000000e+00 0.000000e+00 1.000000e+00
    outer loop
      vertex 0.000000e+00 0.000000e+00 1.000000e+00
      vertex 5.233596e-02 0.000000e+00 9.986295e-01
      vertex 5.204925e-02 5.470597e-03 9.986295e-01
    endloop
  endfacet
  facet normal 0.000000e+00 0.000000e+00 1.000000e+00
    outer loop
      vertex 0.000000e+00 0.000000e+00 1.000000e+00
      vertex 5.204925e-02 5.470597e-03 9.986295e-01
      vertex 5.119229e-02 1.088126e-02 9.986295e-01
    endloop
  endfacet
  facet normal 0.000000e+00 0.000000e+00 1.000000e+00
    outer loop
      vertex 0.000000e+00 0.000000e+00 1.000000e+00
      vertex 5.119229e-02 1.088126e-02 9.986295e-01
      vertex 4.977445e-02 1.617270e-02 9.986295e-01
    endloop
  endfacet
  facet normal 0.000000e+00 0.000000e+00 1.000000e+00
    outer loop
      vertex 0.000000e+00 0.000000e+00 1.000000e+00
      vertex 4.977445e-02 1.617270e-02 9.986295e-01
      vertex 4.781128e-02 2.128695e-02 9.986295e-01
    endloop
  endfacet
  facet normal 0.000000e+00 0.000000e+00 1.000000e+00
    outer loop
      vertex 0.000000e+00 0.000000e+00 1.000000e+00
      vertex 4.781128e-02 2.128695e-02 9.986295e-01
      vertex 4.532427e-02 2.616798e-02 9.986295e-01
    endloop
  endfacet
  facet normal 0.000000e+00 0.000000e+00 1.000000e+00
    outer loop
      vertex 0.000000e+00 0.000000e+00 1.000000e+00
      vertex 4.532427e-02 2.616798e-02 9.986295e-01
      vertex 4.234068e-02 3.076230e-02 9.986295e-01
    endloop
  endfacet
  facet normal 0.000000e+00 0.000000e+00 1.000000e+00
    outer loop
      vertex 0.000000e+00 0.000000e+00 1.000000e+00
      vertex 4.234068e-02 3.076230e-02 9.986295e-01
      vertex 3.889320e-02 3.501959e-02 9.986295e-01
    endloop
  endfacet
  facet normal 0.000000e+00 0.000000e+00 1.000000e+00
    outer loop
      vertex 0.000000e+00 0.000000e+00 1.000000e+00
      vertex 3.889320e-02 3.501959e-02 9.986295e-01
      vertex 3.501959e-02 3.889320e-02 9.986295e-01
    endloop
  endfacet
  facet normal 0.000000e+00 0.000000e+00 1.000000e+00
    outer loop
      vertex 0.000000e+00 0.000000e+00 1.000000e+00
      vertex 3.501959e-02 3.889320e-02 9.986295e-01
      vertex 3.076230e-02 4.234068e-02 9.986295e-01
    endloop
  endfacet
  facet normal 0.000000e+00 0.000000e+00 1.000000e+00
    outer loop
      vertex 0.000000e+00 0.000000e+00 1.000000e+00
      vertex 3.076230e-02 4.234068e-02 9.986295e-01
      vertex 2.616798e-02 4.532427e-02 9.986295e-01
    endloop
  endfacet
  facet normal 0.000000e+00 0.000000e+00 1.000000e+00
    outer loop
      vertex 0.000000e+00 0.000000e+00 1.000000e+00
      vertex 2.616798e-02 4.532427e-02 9.986295e-01
      vertex 2.128695e-02 4.781128e-02 9.986295e-01
    endloop
  endfacet
  facet normal 0.000000e+00 0.000000e+00 1.000000e+00
    outer loop
      vertex 0.000000e+00 0.000000e+00 1.000000e+00
      vertex 2.128695e-02 4.781128e-02 9.986295e-01
      vertex 1.617270e-02 4.977445e-02 9.986295e-01
    endloop
  endfacet
  facet normal 0.000000e+00 0.000000e+00 1.000000e+00
    outer loop
      vertex 0.000000e+00 0.000000e+00 1.000000e+00
      vertex 1.617270e-02 4.977445e-02 9.986295e-01
      vertex 1.088126e-02 5.119229e-02 9.986295e-01
    endloop
  endfacet
  facet normal 0.000000e+00 0.000000e+00 1.000000e+00
    outer loop
      vertex 0.000000e+00 0.000000e+00 1.000000e+00
      vertex 1.088126e-02 5.119229e-02 9.986295e-01
      vertex 5.470597e-03 5.204925e-02 9.986295e-01
    endloop
  endfacet
  facet normal 0.000000e+00 0.000000e+00 1.000000e+00
    outer loop
      vertex 0.000000e+00 0.000000e+00 1.000000e+00
      vertex 5.470597e-03 5.204925e-02 9.986295e-01
      vertex 1.482557e-17 5.233596e-02 9.986295e-01
    endloop
  endfacet
  facet normal 0.000000e+00 0.000000e+00 1.000000e+00
    outer loop
      vertex 0.000000e+00 0.000000e+00 1.000000e+00
      vertex 1.482557e-17 5.233596e-02 9.986295e-01
      vertex -5.470597e-03 5.204925e-02 9.986295e-01
    endloop
  endfacet
  facet normal 0.000000e+00 0.000000e+00 1.000000e+00
    outer loop
      vertex -0.000000e+00 0.000000e+00 1.000000e+00
      vertex -5.470597e-03 5.204925e-02 9.986295e-01
      vertex -1.088126e-02 5.119229e-02 9.986295e-01
    endloop
  endfacet
  facet normal 0.000000e+00 0.000000e+00 1.000000e+00
    outer loop
      vertex -0.000000e+00 0.000000e+00 1.000000e+00
      vertex -1.088126e-02 5.119229e-02 9.986295e-01
      vertex -1.617270e-02 4.977445e-02 9.986295e-01
    endloop
  endfacet
  facet normal 0.000000e+00 0.000000e+00 1.000000e+00
    outer loop
      vertex -0.000000e+00 0.000000e+00 1.000000e+00
      vertex -1.617270e-02 4.977445e-02 9.986295e-01
      vertex -2.128695e-02 4.781128e-02 9.986295e-01
    endloop
  endfacet
  facet normal 0.000000e+00 0.000000e+00 1.000000e+00
    outer loop
      vertex -0.000000e+00 0.000000e+00 1.000000e+00
      vertex -2.128695e-02 4.781128e-02 9.986295e-01
      vertex -2.616798e-02 4.532427e-02 9.986295e-01
    endloop
  endfacet
  facet normal 0.000000e+00 0.000000e+00 1.000000e+00
    outer loop
      vertex -0.000000e+00 0.000000e+00 1.000000e+00
      vertex -2.616798e-02 4.532427e-02 9.986295e-01
      vertex -3.076230e-02 4.234068e-02 9.986295e-01
    endloop
  endfacet
  facet normal 0.000000e+00 0.000000e+00 1.000000e+00
    outer loop
      vertex -0.000000e+00 0.000000e+00 1.000000e+00
      vertex -3.076230e-02 4.234068e-02 9.986295e-01
      vertex -3.501959e-02 3.889320e-02 9.986295e-01
    endloop
  endfacet
  facet normal 0.000000e+00 0.000000e+00 1.000000e+00
    outer loop
      vertex -0.000000e+00 0.000000e+00 1.000000e+00
      vertex -3.501959e-02 3.889320e-02 9.986295e-01
      vertex -3.889320e-02 3.501959e-02 9.986295e-01
    endloop
  endfacet
  facet normal 0.000000e+00 0.000000e+00 1.000000e+00
    outer loop
      vertex -0.000000e+00 0.000000e+00 1.000000e+00
      vertex -3.889320e-02 3.501959e-02 9.986295e-01
      vertex -4.234068e-02 3.076230e-02 9.986295e-01
    endloop
  endfacet
  facet normal 0.000000e+00 0.000000e+00 1.000000e+00
    outer loop
      vertex -0.000000e+00 0.000000e+00 1.000000e+00
      vertex -4.234068e-02 3.076230e-02 9.986295e-01
      vertex -4.532427e-02 2.616798e-02 9.986295e-01
    endloop
  endfacet
  facet normal 0.000000e+00 0.000000e+00 1.000000e+00
    outer loop
      vertex -0.000000e+00 0.000000e+00 1.000000e+00
      vertex -4.532427e-02 2.616798e-02 9.986295e-01
      vertex -4.781128e-02 2.128695e-02 9.986295e-01
    endloop
  endfacet
  facet normal 0.000000e+00 0.000000e+00 1.000000e+00
    outer loop
      vertex -0.000000e+00 0.000000e+00 1.000000e+00
      vertex -4.781128e-02 2.128695e-02 9.986295e-01
      vertex -4.977445e-02 1.617270e-02 9.986295e-01
    endloop
  endfacet
  facet normal 0.000000e+00 0.000000e+00 1.000000e+00
    outer loop
      vertex -0.000000e+00 0.000000e+00 1.000000e+00
      vertex -4.977445e-02 1.617270e-02 9.986295e-01
      vertex -5.119229e-02 1.088126e-02 9.986295e-01
    endloop
  endfacet
  facet normal 0.000000e+00 0.000000e+00 1.000000e+00
    outer loop
      vertex -0.000000e+00 0.000000e+00 1.000000e+00
      vertex -5.119229e-02 1.088126e-02 9.986295e-01
      vertex -5.204925e-02 5.470597e-03 9.986295e-01
    endloop
  endfacet
  facet normal 0.000000e+00 0.000000e+00 1.000000e+00
    outer loop
      vertex -0.000000e+00 0.000000e+00 1.000000e+00
      vertex -5.204925e-02 5.470597e-03 9.986295e-01
      vertex -5.233596e-02 2.965114e-17 9.986295e-01
    endloop
  endfacet
  facet normal 0.000000e+00 0.000000e+00 1.000000e+00
    outer loop
      vertex -0.000000e+00 0.000000e+00 1.000000e+00
      vertex -5.233596e-02 2.965114e-17 9.986295e-01
      vertex -5.204925e-02 -5.470597e-03 9.986295e-01
    endloop
  endfacet
  facet normal 0.000000e+00 0.000000e+00 1.000000e+00
    outer loop
      vertex -0.000000e+00 -0.000000e+00 1.000000e+00
      vertex -5.204925e-02 -5.470597e-03 9.986295e-01
      vertex -5.119229e-02 -1.088126e-02 9.986295e-01
    endloop
  endfacet
  facet normal 0.000000e+00 0.000000e+00 1.000000e+00
    outer loop
      vertex -0.000000e+00 -0.000000e+00 1.000000e+00
      vertex -5.119229e-02 -1.088126e-02 9.986295e-01
      vertex -4.977445e-02 -1.617270e-02 9.986295e-01
    endloop
  endfacet
  facet normal 0.000000e+00 0.000000e+00 1.000000e+00
    outer loop
      vertex -0.000000e+00 -0.000000e+00 1.000000e+00
      vertex -4.977445e-02 -1.617270e-02 9.986295e-01
      vertex -4.781128e-02 -2.128695e-02 9.986295e-01
    endloop
  endfacet
  facet normal 0.000000e+00 0.000000e+00 1.000000e+00
    outer loop
      vertex -0.000000e+00 -0.000000e+00 1.000000e+00
      vertex -4.781128e-02 -2.128695e-02 9.986295e-01
      vertex -4.532427e-02 -2.616798e-02 9.986295e-01
    endloop
  endfacet
  facet normal 0.000000e+00 0.000000e+00 1.000000e+00
    outer loop
      vertex -0.000000e+00 -0.000000e+00 1.000000e+00
      vertex -4.532427e-02 -2.616798e-02 9.986295e-01
      vertex -4.234068e-02 -3.076230e-02 9.986295e-01
    endloop
  endfacet
  facet normal 0.000000e+00 0.000000e+00 1.000000e+00
    outer loop
      vertex -0.000000e+00 -0.000000e+00 1.000000e+00
      vertex -4.234068e-02 -3.076230e-02 9.986295e-01
      vertex -3.889320e-02 -3.501959e-02 9.986295e-01
    endloop
  endfacet
  facet normal 0.000000e+00 0.000000e+00 1.000000e+00
    outer loop
      vertex -0.000000e+00 -0.000000e+00 1.000000e+00
      vertex -3.889320e-02 -3.501959e-02 9.986295e-01
      vertex -3.501959e-02 -3.889320e-02 9.986295e-01
    endloop
  endfacet
  facet normal 0.000000e+00 0.000000e+00 1.000000e+00
    outer loop
      vertex -0.000000e+00 -0.000000e+00 1.000000e+00
      vertex -3.501959e-02 -3.889320e-02 9.986295e-01
      vertex -3.076230e-02 -4.234068e-02 9.986295e-01
    endloop
  endfacet
  facet normal 0.000000e+00 0.000000e+00 1.000000e+00
    outer loop
      vertex -0.000000e+00 -0.000000e+00 1.000000e+00
      vertex -3.076230e-02 -4.234068e-02 9.986295e-01
      vertex -2.616798e-02 -4.532427e-02 9.986295e-01
    endloop
  endfacet
  facet normal 0.000000e+00 0.000000e+00 1.000000e+00
    outer loop
      vertex -0.000000e+00 -0.000000e+00 1.000000e+00
      vertex -2.616798e-02 -4.532427e-02 9.986295e-01
      vertex -2.128695e-02 -4.781128e-02 9.986295e-01
    endloop
  endfacet
  facet normal 0.000000e+00 0.000000e+00 1.000000e+00
    outer loop
      vertex -0.000000e+00 -0.000000e+00 1.000000e+00
      vertex -2.128695e-02 -4.781128e-02 9.986295e-01
      vertex -1.617270e-02 -4.977445e-02 9.986295e-01
    endloop
  endfacet
  facet normal 0.000000e+00 0.000000e+00 1.000000e+00
    outer loop
      vertex -0.000000e+00 -0.000000e+00 1.000000e+00
      vertex -1.617270e-02 -4.977445e-02 9.986295e-01
      vertex -1.088126e-02 -5.119229e-02 9.986295e-01
    endloop
  endfacet
  facet normal 0.000000e+00 0.000000e+00 1.000000e+00
    outer loop
      vertex -0.000000e+00 -0.000000e+00 1.000000e+00
      vertex -1.088126e-02 -5.119229e-02 9.986295e-01
      vertex -5.470597e-03 -5.204925e-02 9.986295e-01
    endloop
  endfacet
  facet normal 0.000000e+00 0.000000e+00 1.000000e+00
    outer loop
      vertex -0.000000e+00 -0.000000e+00 1.000000e+00
      vertex -5.470597e-03 -5.204925e-02 9.986295e-01
      vertex -9.613959e-18 -5.233596e-02 9.986295e-01
    endloop
  endfacet
  facet normal 0.000000e+00 0.000000e+00 1.000000e+00
    outer loop
      vertex -0.000000e+00 -0.000000e+00 1.000000e+00
      vertex -9.613959e-18 -5.233596e-02 9.986295e-01
      vertex 5.470597e-03 -5.204925e-02 9.986295e-01
    endloop
  endfacet
  facet normal 0.000000e+00 0.000000e+00 1.000000e+00
    outer loop
      vertex 0.000000e+00 -0.000000e+00 1.000000e+00
      vertex 5.470597e-03 -5.204925e-02 9.986295e-01
      vertex 1.088126e-02 -5.119229e-02 9.986295e-01
    endloop
  endfacet
  facet normal 0.000000e+00 0.000000e+00 1.000000e+00
    outer loop
      vertex 0.000000e+00 -0.000000e+00 1.000000e+00
      vertex 1.088126e-02 -5.119229e-02 9.986295e-01
      vertex 1.617270e-02 -4.977445e-02 9.986295e-01
    endloop
  endfacet
  facet normal 0.000000e+00 0.000000e+00 1.000000e+00
    outer loop
      vertex 0.000000e+00 -0.000000e+00 1.000000e+00
      vertex 1.617270e-02 -4.977445e-02 9.986295e-01
      vertex 2.128695e-02 -4.781128e-02 9.986295e-01
    endloop
  endfacet
  facet normal 0.000000e+00 0.000000e+00 1.000000e+00
    outer loop
      vertex 0.000000e+00 -0.000000e+00 1.000000e+00
      vertex 2.128695e-02 -4.781128e-02 9.986295e-01
      vertex 2.616798e-02 -4.532427e-02 9.986295e-01
    endloop
  endfacet
  facet normal 0.000000e+00 0.000000e+00 1.000000e+00
    outer loop
      vertex 0.000000e+00 -0.000000e+00 1.000000e+00
      vertex 2.616798e-02 -4.532427e-02 9.986295e-01
      vertex 3.076230e-02 -4.234068e-02 9.986295e-01
    endloop
  endfacet
  facet normal 0.000000e+00 0.000000e+00 1.000000e+00
    outer loop
      vertex 0.000000e+00 -0.000000e+00 1.000000e+00
      vertex 3.076230e-02 -4.234068e-02 9.986295e-01
      vertex 3.501959e-02 -3.889320e-02 9.986295e-01
    endloop
  endfacet
  facet normal 0.000000e+00 0.000000e+00 1.000000e+00
    outer loop
      vertex 0.000000e+00 -0.000000e+00 1.000000e+00
      vertex 3.501959e-02 -3.889320e-02 9.986295e-01
      vertex 3.889320e-02 -3.501959e-02 9.986295e-01
    endloop
  endfacet
  facet normal 0.000000e+00 0.000000e+00 1.000000e+00
    outer loop
      vertex 0.000000e+00 -0.000000e+00 1.000000e+00
      vertex 3.889320e-02 -3.501959e-02 9.986295e-01
      vertex 4.234068e-02 -3.076230e-02 9.986295e-01
    endloop
  endfacet
  facet normal 0.000000e+00 0.000000e+00 1.000000e+00
    outer loop
      vertex 0.000000e+00 -0.000000e+00 1.000000e+00
      vertex 4.234068e-02 -3.076230e-02 9.986295e-01
      vertex 4.532427e-02 -2.616798e-02 9.986295e-01
    endloop
  endfacet
  facet normal 0.000000e+00 0.000000e+00 1.000000e+00
    outer loop
      vertex 0.000000e+00 -0.000000e+00 1.000000e+00
      vertex 4.532427e-02 -2.616798e-02 9.986295e-01
      vertex 4.781128e-02 -2.128695e-02 9.986295e-01
    endloop
  endfacet
  facet normal 0.000000e+00 0.000000e+00 1.000000e+00
    outer loop
      vertex 0.000000e+00 -0.000000e+00 1.000000e+00
      vertex 4.781128e-02 -2.128695e-02 9.986295e-01
      vertex 4.977445e-02 -1.617270e-02 9.986295e-01
    endloop
  endfacet
  facet normal 0.000000e+00 0.000000e+00 1.000000e+00
    outer loop
      vertex 0.000000e+00 -0.000000e+00 1.000000e+00
      vertex 4.977445e-02 -1.617270e-02 9.986295e-01
      vertex 5.119229e-02 -1.088126e-02 9.986295e-01
    endloop
  endfacet
  facet normal 0.000000e+00 0.000000e+00 1.000000e+00
    outer loop
      vertex 0.000000e+00 -0.000000e+00 1.000000e+00
      vertex 5.119229e-02 -1.088126e-02 9.986295e-01
      vertex 5.204925e-02 -5.470597e-03 9.986295e-01
    endloop
  endfacet
  facet normal 0.000000e+00 0.000000e+00 1.000000e+00
    outer loop
      vertex 0.000000e+00 -0.000000e+00 1.000000e+00
      vertex 5.204925e-02 -5.470597e-03 9.986295e-01
      vertex 5.233596e-02 -5.930228e-17 9.986295e-01
    endloop
  endfacet
  facet normal 0.000000e+00 0.000000e+00 1.000000e+00
    outer loop
      vertex 5.233596e-02 0.000000e+00 9.986295e-01
      vertex 1.045285e-01 0.000000e+00 9.945219e-01
      vertex 1.039558e-01 1.092620e-02 9.945219e-01
    endloop
  endfacet
  facet normal 0.000000e+00 0.000000e+00 1.000000e+00
    outer loop
      vertex 5.204925e-02 5.470597e-03 9.986295e-01
      vertex 1.039558e-01 1.092620e-02 9.945219e-01
      vertex 1.022443e-01 2.173269e-02 9.945219e-01
    endloop
  endfacet
  facet normal 0.000000e+00 0.000000e+00 1.000000e+00
    outer loop
      vertex 5.119229e-02 1.088126e-02 9.986295e-01
      vertex 1.022443e-01 2.173269e-02 9.945219e-01
      vertex 9.941248e-02 3.230107e-02 9.945219e-01
    endloop
  endfacet
  facet normal 0.000000e+00 0.000000e+00 1.000000e+00
    outer loop
      vertex 4.977445e-02 1.617270e-02 9.986295e-01
      vertex 9.941248e-02 3.230107e-02 9.945219e-01
      vertex 9.549150e-02 4.251556e-02 9.945219e-01
    endloop
  endfacet
  facet normal 0.000000e+00 0.000000e+00 1.000000e+00
    outer loop
      vertex 4.781128e-02 2.128695e-02 9.986295e-01
      vertex 9.549150e-02 4.251556e-02 9.945219e-01
      vertex 9.052430e-02 5.226423e-02 9.945219e-01
    endloop
  endfacet
  facet normal 0.000000e+00 0.000000e+00 1.000000e+00
    outer loop
      vertex 4.532427e-02 2.616798e-02 9.986295e-01
      vertex 9.052430e-02 5.226423e-02 9.945219e-01
      vertex 8.456530e-02 6.144029e-02 9.945219e-01
    endloop
  endfacet
  facet normal 0.000000e+00 0.000000e+00 1.000000e+00
    outer loop
      vertex 4.234068e-02 3.076230e-02 9.986295e-01
      vertex 8.456530e-02 6.144029e-02 9.945219e-01
      vertex 7.767979e-02 6.994319e-02 9.945219e-01
    endloop
  endfacet
  facet normal 0.000000e+00 0.000000e+00 1.000000e+00
    outer loop
      vertex 3.889320e-02 3.501959e-02 9.986295e-01
      vertex 7.767979e-02 6.994319e-02 9.945219e-01
      vertex 6.994319e-02 7.767979e-02 9.945219e-01
    endloop
  endfacet
  facet normal 0.000000e+00 0.000000e+00 1.000000e+00
    outer loop
      vertex 3.501959e-02 3.889320e-02 9.986295e-01
      vertex 6.994319e-02 7.767979e-02 9.945219e-01
      vertex 6.144029e-02 8.456530e-02 9.945219e-01
    endloop
  endfacet
  facet normal 0.000000e+00 0.000000e+00 1.000000e+00
    outer loop
      vertex 3.076230e-02 4.234068e-02 9.986295e-01
      vertex 6.144029e-02 8.456530e-02 9.945219e-01
      vertex 5.226423e-02 9.052430e-02 9.945219e-01
    endloop
  endfacet
  facet normal 0.000000e+00 0.000000e+00 1.000000e+00
    outer loop
      vertex 2.616798e-02 4.532427e-02 9.986295e-01
      vertex 5.226423e-02 9.052430e-02 9.945219e-01
      vertex 4.251556e-02 9.549150e-02 9.945219e-01
    endloop
  endfacet
  facet normal 0.000000e+00 0.000000e+00 1.000000e+00
    outer loop
      vertex 2.128695e-02 4.781128e-02 9.986295e-01
      vertex 4.251556e-02 9.549150e-02 9.945219e-01
      vertex 3.230107e-02 9.941248e-02 9.945219e-01
    endloop
  endfacet
  facet normal 0.000000e+00 0.000000e+00 1.000000e+00
    outer loop
      vertex 1.617270e-02 4.977445e-02 9.986295e-01
      vertex 3.230107e-02 9.941248e-02 9.945219e-01
      vertex 2.173269e-02 1.022443e-01 9.945219e-01
    endloop
  endfacet
  facet normal 0.000000e+00 0.000000e+00 1.000000e+00
    outer loop
      vertex 1.088126e-02 5.119229e-02 9.986295e-01
      vertex 2.173269e-02 1.022443e-01 9.945219e-01
      vertex 1.092620e-02 1.039558e-01 9.945219e-01
    endloop
  endfacet
  facet normal 0.000000e+00 0.000000e+00 1.000000e+00
    outer loop
      vertex 5.470597e-03 5.204925e-02 9.986295e-01
      vertex 1.092620e-02 1.039558e-01 9.945219e-01
      vertex 2.961050e-17 1.045285e-01 9.945219e-01
    endloop
  endfacet
  facet normal 0.000000e+00 0.000000e+00 1.000000e+00
    outer loop
      vertex 1.482557e-17 5.233596e-02 9.986295e-01
      vertex 2.961050e-17 1.045285e-01 9.945219e-01
      vertex -1.092620e-02 1.039558e-01 9.945219e-01
    endloop
  endfacet
  facet normal 0.000000e+00 0.000000e+00 1.000000e+00
    outer loop
      vertex -5.470597e-03 5.204925e-02 9.986295e-01
      vertex -1.092620e-02 1.039558e-01 9.945219e-01
      vertex -2.173269e-02 1.022443e-01 9.945219e-01
    endloop
  endfacet
  facet normal 0.000000e+00 0.000000e+00 1.000000e+00
    outer loop
      vertex -1.088126e-02 5.119229e-02 9.986295e-01
      vertex -2.173269e-02 1.022443e-01 9.945219e-01
      vertex -3.230107e-02 9.941248e-02 9.945219e-01
    endloop
  endfacet
  facet normal 0.000000e+00 0.000000e+00 1.000000e+00
    outer loop
      vertex -1.617270e-02 4.977445e-02 9.986295e-01
      vertex -3.230107e-02 9.941248e-02 9.945219e-01
      vertex -4.251556e-02 9.549150e-02 9.945219e-01
    endloop
  endfacet
  facet normal 0.000000e+00 0.000000e+00 1.000000e+00
    outer loop
      vertex -2.128695e-02 4.781128e-02 9.986295e-01
      vertex -4.251556e-02 9.549150e-02 9.945219e-01
      vertex -5.226423e-02 9.052430e-02 9.945219e-01
    endloop
  endfacet
  facet normal 0.000000e+00 0.000000e+00 1.000000e+00
    outer loop
      vertex -2.616798e-02 4.532427e-02 9.986295e-01
      vertex -5.226423e-02 9.052430e-02 9.945219e-01
      vertex -6.144029e-02 8.456530e-02 9.945219e-01
    endloop
  endfacet
  facet normal 0.000000e+00 0.000000e+00 1.000000e+00
    outer loop
      vertex -3.076230e-02 4.234068e-02 9.986295e-01
      vertex -6.144029e-02 8.456530e-02 9.945219e-01
      vertex -6.994319e-02 7.767979e-02 9.945219e-01
    endloop
  endfacet
  facet normal 0.000000e+00 0.000000e+00 1.000000e+00
    outer loop
      vertex -3.501959e-02 3.889320e-02 9.986295e-01
      vertex -6.994319e-02 7.767979e-02 9.945219e-01
      vertex -7.767979e-02 6.994319e-02 9.945219e-01
    endloop
  endfacet
  facet normal 0.000000e+00 0.000000e+00 1.000000e+00
    outer loop
      vertex -3.889320e-02 3.501959e-02 9.986295e-01
      vertex -7.767979e-02 6.994319e-02 9.945219e-01
      vertex -8.456530e-02 6.144029e-02 9.945219e-01
    endloop
  endfacet
  facet normal 0.000000e+00 0.000000e+00 1.000000e+00
    outer loop
      vertex -4.234068e-02 3.076230e-02 9.986295e-01
      vertex -8.456530e-02 6.144029e-02 9.945219e-01
      vertex -9.052430e-02 5.226423e-02 9.945219e-01
    endloop
  endfacet
  facet normal 0.000000e+00 0.000000e+00 1.000000e+00
    outer loop
      vertex -4.532427e-02 2.616798e-02 9.986295e-01
      vertex -9.052430e-02 5.226423e-02 9.945219e-01
      vertex -9.549150e-02 4.251556e-02 9.945219e-01
    endloop
  endfacet
  facet normal 0.000000e+00 0.000000e+00 1.000000e+00
    outer loop
      vertex -4.781128e-02 2.128695e-02 9.986295e-01
      vertex -9.549150e-02 4.251556e-02 9.945219e-01
      vertex -9.941248e-02 3.230107e-02 9.945219e-01
    endloop
  endfacet
  facet normal 0.000000e+00 0.000000e+00 1.000000e+00
    outer loop
      vertex -4.977445e-02 1.617270e-02 9.986295e-01
      vertex -9.941248e-02 3.230107e-02 9.945219e-01
      vertex -1.022443e-01 2.173269e-02 9.945219e-01
    endloop
  endfacet
  facet normal 0.000000e+00 0.000000e+00 1.000000e+00
    outer loop
      vertex -5.119229e-02 1.088126e-02 9.986295e-01
      vertex -1.022443e-01 2.173269e-02 9.945219e-01
      vertex -1.039558e-01 1.092620e-02 9.945219e-01
    endloop
  endfacet
  facet normal 0.000000e+00 0.000000e+00 1.000000e+00
    outer loop
      vertex -5.204925e-02 5.470597e-03 9.986295e-01
      vertex -1.039558e-01 1.092620e-02 9.945219e-01
      vertex -1.045285e-01 5.922101e-17 9.945219e-01
    endloop
  endfacet
  facet normal 0.000000e+00 0.000000e+00 1.000000e+00
    outer loop
      vertex -5.233596e-02 2.965114e-17 9.986295e-01
      vertex -1.045285e-01 5.922101e-17 9.945219e-01
      vertex -1.039558e-01 -1.092620e-02 9.945219e-01
    endloop
  endfacet
  facet normal 0.000000e+00 0.000000e+00 1.000000e+00
    outer loop
      vertex -5.204925e-02 -5.470597e-03 9.986295e-01
      vertex -1.039558e-01 -1.092620e-02 9.945219e-01
      vertex -1.022443e-01 -2.173269e-02 9.945219e-01
    endloop
  endfacet
  facet normal 0.000000e+00 0.000000e+00 1.000000e+00
    outer loop
      vertex -5.119229e-02 -1.088126e-02 9.986295e-01
      vertex -1.022443e-01 -2.173269e-02 9.945219e-01
      vertex -9.941248e-02 -3.230107e-02 9.945219e-01
    endloop
  endfacet
  facet normal 0.000000e+00 0.000000e+00 1.000000e+00
    outer loop
      vertex -4.977445e-02 -1.617270e-02 9.986295e-01
      vertex -9.941248e-02 -3.230107e-02 9.945219e-01
      vertex -9.549150e-02 -4.251556e-02 9.945219e-01
    endloop
  endfacet
  facet normal 0.000000e+00 0.000000e+00 1.000000e+00
    outer loop
      vertex -4.781128e-02 -2.128695e-02 9.986295e-01
      vertex -9.549150e-02 -4.251556e-02 9.945219e-01
      vertex -9.052430e-02 -5.226423e-02 9.945219e-01
    endloop
  endfacet
  facet normal 0.000000e+00 0.000000e+00 1.000000e+00
    outer loop
      vertex -4.532427e-02 -2.616798e-02 9.986295e-01
      vertex -9.052430e-02 -5.226423e-02 9.945219e-01
      vertex -8.456530e-02 -6.144029e-02 9.945219e-01
    endloop
  endfacet
  facet normal 0.000000e+00 0.000000e+00 1.000000e+00
    outer loop
      vertex -4.234068e-02 -3.076230e-02 9.986295e-01
      vertex -8.456530e-02 -6.144029e-02 9.945219e-01
      vertex -7.767979e-02 -6.994319e-02 9.945219e-01
    endloop
  endfacet
  facet normal 0.000000e+00 0.000000e+00 1.000000e+00
    outer loop
      vertex -3.889320e-02 -3.501959e-02 9.986295e-01
      vertex -7.767979e-02 -6.994319e-02 9.945219e-01
      vertex -6.994319e-02 -7.767979e-02 9.945219e-01
    endloop
  endfacet
  facet normal 0.000000e+00 0.000000e+00 1.000000e+00
    outer loop
      vertex -3.501959e-02 -3.889320e-02 9.986295e-01
      vertex -6.994319e-02 -7.767979e-02 9.945219e-01
      vertex -6.144029e-02 -8.456530e-02 9.945219e-01
    endloop
  endfacet
  facet normal 0.000000e+00 0.000000e+00 1.000000e+00
    outer loop
      vertex -3.076230e-02 -4.234068e-02 9.986295e-01
      vertex -6.144029e-02 -8.456530e-02 9.945219e-01
      vertex -5.226423e-02 -9.052430e-02 9.945219e-01
    endloop
  endfacet
  facet normal 0.000000e+00 0.000000e+00 1.000000e+00
    outer loop
      vertex -2.616798e-02 -4.532427e-02 9.986295e-01
      vertex -5.226423e-02 -9.052430e-02 9.945219e-01
      vertex -4.251556e-02 -9.549150e-02 9.945219e-01
    endloop
  endfacet
  facet normal 0.000000e+00 0.000000e+00 1.000000e+00
    outer loop
      vertex -2.128695e-02 -4.781128e-02 9.986295e-01
      vertex -4.251556e-02 -9.549150e-02 9.945219e-01
      vertex -3.230107e-02 -9.941248e-02 9.945219e-01
    endloop
  endfacet
  facet normal 0.000000e+00 0.000000e+00 1.000000e+00
    outer loop
      vertex -1.617270e-02 -4.977445e-02 9.986295e-01
      vertex -3.230107e-02 -9.941248e-02 9.945219e-01
      vertex -2.173269e-02 -1.022443e-01 9.945219e-01
    endloop
  endfacet
  facet normal 0.000000e+00 0.000000e+00 1.000000e+00
    outer loop
      vertex -1.088126e-02 -5.119229e-02 9.986295e-01
      vertex -2.173269e-02 -1.022443e-01 9.945219e-01
      vertex -1.092620e-02 -1.039558e-01 9.945219e-01
    endloop
  endfacet
  facet normal 0.000000e+00 0.000000e+00 1.000000e+00
    outer loop
      vertex -5.470597e-03 -5.204925e-02 9.986295e-01
      vertex -1.092620e-02 -1.039558e-01 9.945219e-01
      vertex -1.920157e-17 -1.045285e-01 9.945219e-01
    endloop
  endfacet
  facet normal 0.000000e+00 0.000000e+00 1.000000e+00
    outer loop
      vertex -9.613959e-18 -5.233596e-02 9.986295e-01
      vertex -1.920157e-17 -1.045285e-01 9.945219e-01
      vertex 1.092620e-02 -1.039558e-01 9.945219e-01
    endloop
  endfacet
  facet normal 0.000000e+00 0.000000e+00 1.000000e+00
    outer loop
      vertex 5.470597e-03 -5.204925e-02 9.986295e-01
      vertex 1.092620e-02 -1.039558e-01 9.945219e-01
      vertex 2.173269e-02 -1.022443e-01 9.945219e-01
    endloop
  endfacet
  facet normal 0.000000e+00 0.000000e+00 1.000000e+00
    outer loop
      vertex 1.088126e-02 -5.119229e-02 9.986295e-01
      vertex 2.173269e-02 -1.022443e-01 9.945219e-01
      vertex 3.230107e-02 -9.941248e-02 9.945219e-01
    endloop
  endfacet
  facet normal 0.000000e+00 0.000000e+00 1.000000e+00
    outer loop
      vertex 1.617270e-02 -4.977445e-02 9.986295e-01
      vertex 3.230107e-02 -9.941248e-02 9.945219e-01
      vertex 4.251556e-02 -9.549150e-02 9.945219e-01
    endloop
  endfacet
  facet normal 0.000000e+00 0.000000e+00 1.000000e+00
    outer loop
      vertex 2.128695e-02 -4.781128e-02 9.986295e-01
      vertex 4.251556e-02 -9.549150e-02 9.945219e-01
      vertex 5.226423e-02 -9.052430e-02 9.945219e-01
    endloop
  endfacet
  facet normal 0.000000e+00 0.000000e+00 1.000000e+00
    outer loop
      vertex 2.616798e-02 -4.532427e-02 9.986295e-01
      vertex 5.226423e-02 -9.052430e-02 9.945219e-01
      vertex 6.144029e-02 -8.456530e-02 9.945219e-01
    endloop
  endfacet
  facet normal 0.000000e+00 0.000000e+00 1.000000e+00
    outer loop
      vertex 3.076230e-02 -4.234068e-02 9.986295e-01
      vertex 6.144029e-02 -8.456530e-02 9.945219e-01
      vertex 6.994319e-02 -7.767979e-02 9.945219e-01
    endloop
  endfacet
  facet normal 0.000000e+00 0.000000e+00 1.000000e+00
    outer loop
      vertex 3.501959e-02 -3.889320e-02 9.986295e-01
      vertex 6.994319e-02 -7.767979e-02 9.945219e-01
      vertex 7.767979e-02 -6.994319e-02 9.945219e-01
    endloop
  endfacet
  facet normal 0.000000e+00 0.000000e+00 1.000000e+00
    outer loop
      vertex 3.889320e-02 -3.501959e-02 9.986295e-01
      vertex 7.767979e-02 -6.994319e-02 9.945219e-01
      vertex 8.456530e-02 -6.144029e-02 9.945219e-01
    endloop
  endfacet
  facet normal 0.000000e+00 0.000000e+00 1.000000e+00
    outer loop
      vertex 4.234068e-02 -3.076230e-02 9.986295e-01
      vertex 8.456530e-02 -6.144029e-02 9.945219e-01
      vertex 9.052430e-02 -5.226423e-02 9.945219e-01
    endloop
  endfacet
  facet normal 0.000000e+00 0.000000e+00 1.000000e+00
    outer loop
      vertex 4.532427e-02 -2.616798e-02 9.986295e-01
      vertex 9.052430e-02 -5.226423e-02 9.945219e-01
      vertex 9.549150e-02 -4.251556e-02 9.945219e-01
    endloop
  endfacet
  facet normal 0.000000e+00 0.000000e+00 1.000000e+00
    outer loop
      vertex 4.781128e-02 -2.128695e-02 9.986295e-01
      vertex 9.549150e-02 -4.251556e-02 9.945219e-01
      vertex 9.941248e-02 -3.230107e-02 9.945219e-01
    endloop
  endfacet
  facet normal 0.000000e+00 0.000000e+00 1.000000e+00
    outer loop
      vertex 4.977445e-02 -1.617270e-02 9.986295e-01
      vertex 9.941248e-02 -3.230107e-02 9.945219e-01
      vertex 1.022443e-01 -2.173269e-02 9.945219e-01
    endloop
  endfacet
  facet normal 0.000000e+00 0.000000e+00 1.000000e+00
    outer loop
      vertex 5.119229e-02 -1.088126e-02 9.986295e-01
      vertex 1.022443e-01 -2.173269e-02 9.945219e-01
      vertex 1.039558e-01 -1.092620e-02 9.945219e-01
    endloop
  endfacet
  facet normal 0.000000e+00 0.000000e+00 1.000000e+00
    outer loop
      vertex 5.204925e-02 -5.470597e-03 9.986295e-01
      vertex 1.039558e-01 -1.092620e-02 9.945219e-01
      vertex 1.045285e-01 -1.184420e-16 9.945219e-01
    endloop
  endfacet
  facet normal 0.000000e+00 0.000000e+00 1.000000e+00
    outer loop
      vertex 1.045285e-01 0.000000e+00 9.945219e-01
      vertex 1.564345e-01 0.000000e+00 9.876883e-01
      vertex 1.555775e-01 1.635185e-02 9.876883e-01
    endloop
  endfacet
  facet normal 0.000000e+00 0.000000e+00 1.000000e+00
    outer loop
      vertex 1.039558e-01 1.092620e-02 9.945219e-01
      vertex 1.555775e-01 1.635185e-02 9.876883e-01
      vertex 1.530160e-01 3.252455e-02 9.876883e-01
    endloop
  endfacet
  facet normal 0.000000e+00 0.000000e+00 1.000000e+00
    outer loop
      vertex 1.022443e-01 2.173269e-02 9.945219e-01
      vertex 1.530160e-01 3.252455e-02 9.876883e-01
      vertex 1.487780e-01 4.834091e-02 9.876883e-01
    endloop
  endfacet
  facet normal 0.000000e+00 0.000000e+00 1.000000e+00
    outer loop
      vertex 9.941248e-02 3.230107e-02 9.945219e-01
      vertex 1.487780e-01 4.834091e-02 9.876883e-01
      vertex 1.429100e-01 6.362763e-02 9.876883e-01
    endloop
  endfacet
  facet normal 0.000000e+00 0.000000e+00 1.000000e+00
    outer loop
      vertex 9.549150e-02 4.251556e-02 9.945219e-01
      vertex 1.429100e-01 6.362763e-02 9.876883e-01
      vertex 1.354762e-01 7.821723e-02 9.876883e-01
    endloop
  endfacet
  facet normal 0.000000e+00 0.000000e+00 1.000000e+00
    outer loop
      vertex 9.052430e-02 5.226423e-02 9.945219e-01
      vertex 1.354762e-01 7.821723e-02 9.876883e-01
      vertex 1.265581e-01 9.194987e-02 9.876883e-01
    endloop
  endfacet
  facet normal 0.000000e+00 0.000000e+00 1.000000e+00
    outer loop
      vertex 8.456530e-02 6.144029e-02 9.945219e-01
      vertex 1.265581e-01 9.194987e-02 9.876883e-01
      vertex 1.162535e-01 1.046751e-01 9.876883e-01
    endloop
  endfacet
  facet normal 0.000000e+00 0.000000e+00 1.000000e+00
    outer loop
      vertex 7.767979e-02 6.994319e-02 9.945219e-01
      vertex 1.162535e-01 1.046751e-01 9.876883e-01
      vertex 1.046751e-01 1.162535e-01 9.876883e-01
    endloop
  endfacet
  facet normal 0.000000e+00 0.000000e+00 1.000000e+00
    outer loop
      vertex 6.994319e-02 7.767979e-02 9.945219e-01
      vertex 1.046751e-01 1.162535e-01 9.876883e-01
      vertex 9.194987e-02 1.265581e-01 9.876883e-01
    endloop
  endfacet
  facet normal 0.000000e+00 0.000000e+00 1.000000e+00
    outer loop
      vertex 6.144029e-02 8.456530e-02 9.945219e-01
      vertex 9.194987e-02 1.265581e-01 9.876883e-01
      vertex 7.821723e-02 1.354762e-01 9.876883e-01
    endloop
  endfacet
  facet normal 0.000000e+00 0.000000e+00 1.000000e+00
    outer loop
      vertex 5.226423e-02 9.052430e-02 9.945219e-01
      vertex 7.821723e-02 1.354762e-01 9.876883e-01
      vertex 6.362763e-02 1.429100e-01 9.876883e-01
    endloop
  endfacet
  facet normal 0.000000e+00 0.000000e+00 1.000000e+00
    outer loop
      vertex 4.251556e-02 9.549150e-02 9.945219e-01
      vertex 6.362763e-02 1.429100e-01 9.876883e-01
      vertex 4.834091e-02 1.487780e-01 9.876883e-01
    endloop
  endfacet
  facet normal 0.000000e+00 0.000000e+00 1.000000e+00
    outer loop
      vertex 3.230107e-02 9.941248e-02 9.945219e-01
      vertex 4.834091e-02 1.487780e-01 9.876883e-01
      vertex 3.252455e-02 1.530160e-01 9.876883e-01
    endloop
  endfacet
  facet normal 0.000000e+00 0.000000e+00 1.000000e+00
    outer loop
      vertex 2.173269e-02 1.022443e-01 9.945219e-01
      vertex 3.252455e-02 1.530160e-01 9.876883e-01
      vertex 1.635185e-02 1.555775e-01 9.876883e-01
    endloop
  endfacet
  facet normal 0.000000e+00 0.000000e+00 1.000000e+00
    outer loop
      vertex 1.092620e-02 1.039558e-01 9.945219e-01
      vertex 1.635185e-02 1.555775e-01 9.876883e-01
      vertex 4.431428e-17 1.564345e-01 9.876883e-01
    endloop
  endfacet
  facet normal 0.000000e+00 0.000000e+00 1.000000e+00
    outer loop
      vertex 2.961050e-17 1.045285e-01 9.945219e-01
      vertex 4.431428e-17 1.564345e-01 9.876883e-01
      vertex -1.635185e-02 1.555775e-01 9.876883e-01
    endloop
  endfacet
  facet normal 0.000000e+00 0.000000e+00 1.000000e+00
    outer loop
      vertex -1.092620e-02 1.039558e-01 9.945219e-01
      vertex -1.635185e-02 1.555775e-01 9.876883e-01
      vertex -3.252455e-02 1.530160e-01 9.876883e-01
    endloop
  endfacet
  facet normal 0.000000e+00 0.000000e+00 1.000000e+00
    outer loop
      vertex -2.173269e-02 1.022443e-01 9.945219e-01
      vertex -3.252455e-02 1.530160e-01 9.876883e-01
      vertex -4.834091e-02 1.487780e-01 9.876883e-01
    endloop
  endfacet
  facet normal 0.000000e+00 0.000000e+00 1.000000e+00
    outer loop
      vertex -3.230107e-02 9.941248e-02 9.945219e-01
      vertex -4.834091e-02 1.487780e-01 9.876883e-01
      vertex -6.362763e-02 1.429100e-01 9.876883e-01
    endloop
  endfacet
  facet normal 0.000000e+00 0.000000e+00 1.000000e+00
    outer loop
      vertex -4.251556e-02 9.549150e-02 9.945219e-01
      vertex -6.362763e-02 1.429100e-01 9.876883e-01
      vertex -7.821723e-02 1.354762e-01 9.876883e-01
    endloop
  endfacet
  facet normal 0.000000e+00 0.000000e+00 1.000000e+00
    outer loop
      vertex -5.226423e-02 9.052430e-02 9.945219e-01
      vertex -7.821723e-02 1.354762e-01 9.876883e-01
      vertex -9.194987e-02 1.265581e-01 9.876883e-01
    endloop
  endfacet
  facet normal 0.000000e+00 0.000000e+00 1.000000e+00
    outer loop
      vertex -6.144029e-02 8.456530e-02 9.945219e-01
      vertex -9.194987e-02 1.265581e-01 9.876883e-01
      vertex -1.046751e-01 1.162535e-01 9.876883e-01
    endloop
  endfacet
  facet normal 0.000000e+00 0.000000e+00 1.000000e+00
    outer loop
      vertex -6.994319e-02 7.767979e-02 9.945219e-01
      vertex -1.046751e-01 1.162535e-01 9.876883e-01
      vertex -1.162535e-01 1.046751e-01 9.876883e-01
    endloop
  endfacet
  facet normal 0.000000e+00 0.000000e+00 1.000000e+00
    outer loop
      vertex -7.767979e-02 6.994319e-02 9.945219e-01
      vertex -1.162535e-01 1.046751e-01 9.876883e-01
      vertex -1.265581e-01 9.194987e-02 9.876883e-01
    endloop
  endfacet
  facet normal 0.000000e+00 0.000000e+00 1.000000e+00
    outer loop
      vertex -8.456530e-02 6.144029e-02 9.945219e-01
      vertex -1.265581e-01 9.194987e-02 9.876883e-01
      vertex -1.354762e-01 7.821723e-02 9.876883e-01
    endloop
  endfacet
  facet normal 0.000000e+00 0.000000e+00 1.000000e+00
    outer loop
      vertex -9.052430e-02 5.226423e-02 9.945219e-01
      vertex -1.354762e-01 7.821723e-02 9.876883e-01
      vertex -1.429100e-01 6.362763e-02 9.876883e-01
    endloop
  endfacet
  facet normal 0.000000e+00 0.000000e+00 1.000000e+00
    outer loop
      vertex -9.549150e-02 4.251556e-02 9.945219e-01
      vertex -1.429100e-01 6.362763e-02 9.876883e-01
      vertex -1.487780e-01 4.834091e-02 9.876883e-01
    endloop
  endfacet
  facet normal 0.000000e+00 0.000000e+00 1.000000e+00
    outer loop
      vertex -9.941248e-02 3.230107e-02 9.945219e-01
      vertex -1.487780e-01 4.834091e-02 9.876883e-01
      vertex -1.530160e-01 3.252455e-02 9.876883e-01
    endloop
  endfacet
  facet normal 0.000000e+00 0.000000e+00 1.000000e+00
    outer loop
      vertex -1.022443e-01 2.173269e-02 9.945219e-01
      vertex -1.530160e-01 3.252455e-02 9.876883e-01
      vertex -1.555775e-01 1.635185e-02 9.876883e-01
    endloop
  endfacet
  facet normal 0.000000e+00 0.000000e+00 1.000000e+00
    outer loop
      vertex -1.039558e-01 1.092620e-02 9.945219e-01
      vertex -1.555775e-01 1.635185e-02 9.876883e-01
      vertex -1.564345e-01 8.862855e-17 9.876883e-01
    endloop
  endfacet
  facet normal 0.000000e+00 0.000000e+00 1.000000e+00
    outer loop
      vertex -1.045285e-01 5.922101e-17 9.945219e-01
      vertex -1.564345e-01 8.862855e-17 9.876883e-01
      vertex -1.555775e-01 -1.635185e-02 9.876883e-01
    endloop
  endfacet
  facet normal 0.000000e+00 0.000000e+00 1.000000e+00
    outer loop
      vertex -1.039558e-01 -1.092620e-02 9.945219e-01
      vertex -1.555775e-01 -1.635185e-02 9.876883e-01
      vertex -1.530160e-01 -3.252455e-02 9.876883e-01
    endloop
  endfacet
  facet normal 0.000000e+00 0.000000e+00 1.000000e+00
    outer loop
      vertex -1.022443e-01 -2.173269e-02 9.945219e-01
      vertex -1.530160e-01 -3.252455e-02 9.876883e-01
      vertex -1.487780e-01 -4.834091e-02 9.876883e-01
    endloop
  endfacet
  facet normal 0.000000e+00 0.000000e+00 1.000000e+00
    outer loop
      vertex -9.941248e-02 -3.230107e-02 9.945219e-01
      vertex -1.487780e-01 -4.834091e-02 9.876883e-01
      vertex -1.429100e-01 -6.362763e-02 9.876883e-01
    endloop
  endfacet
  facet normal 0.000000e+00 0.000000e+00 1.000000e+00
    outer loop
      vertex -9.549150e-02 -4.251556e-02 9.945219e-01
      vertex -1.429100e-01 -6.362763e-02 9.876883e-01
      vertex -1.354762e-01 -7.821723e-02 9.876883e-01
    endloop
  endfacet
  facet normal 0.000000e+00 0.000000e+00 1.000000e+00
    outer loop
      vertex -9.052430e-02 -5.226423e-02 9.945219e-01
      vertex -1.354762e-01 -7.821723e-02 9.876883e-01
      vertex -1.265581e-01 -9.194987e-02 9.876883e-01
    endloop
  endfacet
  facet normal 0.000000e+00 0.000000e+00 1.000000e+00
    outer loop
      vertex -8.456530e-02 -6.144029e-02 9.945219e-01
      vertex -1.265581e-01 -9.194987e-02 9.876883e-01
      vertex -1.162535e-01 -1.046751e-01 9.876883e-01
    endloop
  endfacet
  facet normal 0.000000e+00 0.000000e+00 1.000000e+00
    outer loop
      vertex -7.767979e-02 -6.994319e-02 9.945219e-01
      vertex -1.162535e-01 -1.046751e-01 9.876883e-01
      vertex -1.046751e-01 -1.162535e-01 9.876883e-01
    endloop
  endfacet
  facet normal 0.000000e+00 0.000000e+00 1.000000e+00
    outer loop
      vertex -6.994319e-02 -7.767979e-02 9.945219e-01
      vertex -1.046751e-01 -1.162535e-01 9.876883e-01
      vertex -9.194987e-02 -1.265581e-01 9.876883e-01
    endloop
  endfacet
  facet normal 0.000000e+00 0.000000e+00 1.000000e+00
    outer loop
      vertex -6.144029e-02 -8.456530e-02 9.945219e-01
      vertex -9.194987e-02 -1.265581e-01 9.876883e-01
      vertex -7.821723e-02 -1.354762e-01 9.876883e-01
    endloop
  endfacet
  facet normal 0.000000e+00 0.000000e+00 1.000000e+00
    outer loop
      vertex -5.226423e-02 -9.052430e-02 9.945219e-01
      vertex -7.821723e-02 -1.354762e-01 9.876883e-01
      vertex -6.362763e-02 -1.429100e-01 9.876883e-01
    endloop
  endfacet
  facet normal 0.000000e+00 0.000000e+00 1.000000e+00
    outer loop
      vertex -4.251556e-02 -9.549150e-02 9.945219e-01
      vertex -6.362763e-02 -1.429100e-01 9.876883e-01
      vertex -4.834091e-02 -1.487780e-01 9.876883e-01
    endloop
  endfacet
  facet normal 0.000000e+00 0.000000e+00 1.000000e+00
    outer loop
      vertex -3.230107e-02 -9.941248e-02 9.945219e-01
      vertex -4.834091e-02 -1.487780e-01 9.876883e-01
      vertex -3.252455e-02 -1.530160e-01 9.876883e-01
    endloop
  endfacet
  facet normal 0.000000e+00 0.000000e+00 1.000000e+00
    outer loop
      vertex -2.173269e-02 -1.022443e-01 9.945219e-01
      vertex -3.252455e-02 -1.530160e-01 9.876883e-01
      vertex -1.635185e-02 -1.555775e-01 9.876883e-01
    endloop
  endfacet
  facet normal 0.000000e+00 0.000000e+00 1.000000e+00
    outer loop
      vertex -1.092620e-02 -1.039558e-01 9.945219e-01
      vertex -1.635185e-02 -1.555775e-01 9.876883e-01
      vertex -2.873655e-17 -1.564345e-01 9.876883e-01
    endloop
  endfacet
  facet normal 0.000000e+00 0.000000e+00 1.000000e+00
    outer loop
      vertex -1.920157e-17 -1.045285e-01 9.945219e-01
      vertex -2.873655e-17 -1.564345e-01 9.876883e-01
      vertex 1.635185e-02 -1.555775e-01 9.876883e-01
    endloop
  endfacet
  facet normal 0.000000e+00 0.000000e+00 1.000000e+00
    outer loop
      vertex 1.092620e-02 -1.039558e-01 9.945219e-01
      vertex 1.635185e-02 -1.555775e-01 9.876883e-01
      vertex 3.252455e-02 -1.530160e-01 9.876883e-01
    endloop
  endfacet
  facet normal 0.000000e+00 0.000000e+00 1.000000e+00
    outer loop
      vertex 2.173269e-02 -1.022443e-01 9.945219e-01
      vertex 3.252455e-02 -1.530160e-01 9.876883e-01
      vertex 4.834091e-02 -1.487780e-01 9.876883e-01
    endloop
  endfacet
  facet normal 0.000000e+00 0.000000e+00 1.000000e+00
    outer loop
      vertex 3.230107e-02 -9.941248e-02 9.945219e-01
      vertex 4.834091e-02 -1.487780e-01 9.876883e-01
      vertex 6.362763e-02 -1.429100e-01 9.876883e-01
    endloop
  endfacet
  facet normal 0.000000e+00 0.000000e+00 1.000000e+00
    outer loop
      vertex 4.251556e-02 -9.549150e-02 9.945219e-01
      vertex 6.362763e-02 -1.429100e-01 9.876883e-01
      vertex 7.821723e-02 -1.354762e-01 9.876883e-01
    endloop
  endfacet
  facet normal 0.000000e+00 0.000000e+00 1.000000e+00
    outer loop
      vertex 5.226423e-02 -9.052430e-02 9.945219e-01
      vertex 7.821723e-02 -1.354762e-01 9.876883e-01
      vertex 9.194987e-02 -1.265581e-01 9.876883e-01
    endloop
  endfacet
  facet normal 0.000000e+00 0.000000e+00 1.000000e+00
    outer loop
      vertex 6.144029e-02 -8.456530e-02 9.945219e-01
      vertex 9.194987e-02 -1.265581e-01 9.876883e-01
      vertex 1.046751e-01 -1.162535e-01 9.876883e-01
    endloop
  endfacet
  facet normal 0.000000e+00 0.000000e+00 1.000000e+00
    outer loop
      vertex 6.994319e-02 -7.767979e-02 9.945219e-01
      vertex 1.046751e-01 -1.162535e-01 9.876883e-01
      vertex 1.162535e-01 -1.046751e-01 9.876883e-01
    endloop
  endfacet
  facet normal 0.000000e+00 0.000000e+00 1.000000e+00
    outer loop
      vertex 7.767979e-02 -6.994319e-02 9.945219e-01
      vertex 1.162535e-01 -1.046751e-01 9.876883e-01
      vertex 1.265581e-01 -9.194987e-02 9.876883e-01
    endloop
  endfacet
  facet normal 0.000000e+00 0.000000e+00 1.000000e+00
    outer loop
      vertex 8.456530e-02 -6.144029e-02 9.945219e-01
      vertex 1.265581e-01 -9.194987e-02 9.876883e-01
      vertex 1.354762e-01 -7.821723e-02 9.876883e-01
    endloop
  endfacet
  facet normal 0.000000e+00 0.000000e+00 1.000000e+00
    outer loop
      vertex 9.052430e-02 -5.226423e-02 9.945219e-01
      vertex 1.354762e-01 -7.821723e-02 9.876883e-01
      vertex 1.429100e-01 -6.362763e-02 9.876883e-01
    endloop
  endfacet
  facet normal 0.000000e+00 0.000000e+00 1.000000e+00
    outer loop
      vertex 9.549150e-02 -4.251556e-02 9.945219e-01
      vertex 1.429100e-01 -6.362763e-02 9.876883e-01
      vertex 1.487780e-01 -4.834091e-02 9.876883e-01
    endloop
  endfacet
  facet normal 0.000000e+00 0.000000e+00 1.000000e+00
    outer loop
      vertex 9.941248e-02 -3.230107e-02 9.945219e-01
      vertex 1.487780e-01 -4.834091e-02 9.876883e-01
      vertex 1.530160e-01 -3.252455e-02 9.876883e-01
    endloop
  endfacet
  facet normal 0.000000e+00 0.000000e+00 1.000000e+00
    outer loop
      vertex 1.022443e-01 -2.173269e-02 9.945219e-01
      vertex 1.530160e-01 -3.252455e-02 9.876883e-01
      vertex 1.555775e-01 -1.635185e-02 9.876883e-01
    endloop
  endfacet
  facet normal 0.000000e+00 0.000000e+00 1.000000e+00
    outer loop
      vertex 1.039558e-01 -1.092620e-02 9.945219e-01
      vertex 1.555775e-01 -1.635185e-02 9.876883e-01
      vertex 1.564345e-01 -1.772571e-16 9.876883e-01
    endloop
  endfacet
  facet normal 0.000000e+00 0.000000e+00 1.000000e+00
    outer loop
      vertex 1.564345e-01 0.000000e+00 9.876883e-01
      vertex 2.079117e-01 0.000000e+00 9.781476e-01
      vertex 2.067727e-01 2.173269e-02 9.781476e-01
    endloop
  endfacet
  facet normal 0.000000e+00 0.000000e+00 1.000000e+00
    outer loop
      vertex 1.555775e-01 1.635185e-02 9.876883e-01
      vertex 2.067727e-01 2.173269e-02 9.781476e-01
      vertex 2.033683e-01 4.322727e-02 9.781476e-01
    endloop
  endfacet
  facet normal 0.000000e+00 0.000000e+00 1.000000e+00
    outer loop
      vertex 1.530160e-01 3.252455e-02 9.876883e-01
      vertex 2.033683e-01 4.322727e-02 9.781476e-01
      vertex 1.977358e-01 6.424825e-02 9.781476e-01
    endloop
  endfacet
  facet normal 0.000000e+00 0.000000e+00 1.000000e+00
    outer loop
      vertex 1.487780e-01 4.834091e-02 9.876883e-01
      vertex 1.977358e-01 6.424825e-02 9.781476e-01
      vertex 1.899368e-01 8.456530e-02 9.781476e-01
    endloop
  endfacet
  facet normal 0.000000e+00 0.000000e+00 1.000000e+00
    outer loop
      vertex 1.429100e-01 6.362763e-02 9.876883e-01
      vertex 1.899368e-01 8.456530e-02 9.781476e-01
      vertex 1.800568e-01 1.039558e-01 9.781476e-01
    endloop
  endfacet
  facet normal 0.000000e+00 0.000000e+00 1.000000e+00
    outer loop
      vertex 1.354762e-01 7.821723e-02 9.876883e-01
      vertex 1.800568e-01 1.039558e-01 9.781476e-01
      vertex 1.682041e-01 1.222074e-01 9.781476e-01
    endloop
  endfacet
  facet normal 0.000000e+00 0.000000e+00 1.000000e+00
    outer loop
      vertex 1.265581e-01 9.194987e-02 9.876883e-01
      vertex 1.682041e-01 1.222074e-01 9.781476e-01
      vertex 1.545085e-01 1.391201e-01 9.781476e-01
    endloop
  endfacet
  facet normal 0.000000e+00 0.000000e+00 1.000000e+00
    outer loop
      vertex 1.162535e-01 1.046751e-01 9.876883e-01
      vertex 1.545085e-01 1.391201e-01 9.781476e-01
      vertex 1.391201e-01 1.545085e-01 9.781476e-01
    endloop
  endfacet
  facet normal 0.000000e+00 0.000000e+00 1.000000e+00
    outer loop
      vertex 1.046751e-01 1.162535e-01 9.876883e-01
      vertex 1.391201e-01 1.545085e-01 9.781476e-01
      vertex 1.222074e-01 1.682041e-01 9.781476e-01
    endloop
  endfacet
  facet normal 0.000000e+00 0.000000e+00 1.000000e+00
    outer loop
      vertex 9.194987e-02 1.265581e-01 9.876883e-01
      vertex 1.222074e-01 1.682041e-01 9.781476e-01
      vertex 1.039558e-01 1.800568e-01 9.781476e-01
    endloop
  endfacet
  facet normal 0.000000e+00 0.000000e+00 1.000000e+00
    outer loop
      vertex 7.821723e-02 1.354762e-01 9.876883e-01
      vertex 1.039558e-01 1.800568e-01 9.781476e-01
      vertex 8.456530e-02 1.899368e-01 9.781476e-01
    endloop
  endfacet
  facet normal 0.000000e+00 0.000000e+00 1.000000e+00
    outer loop
      vertex 6.362763e-02 1.429100e-01 9.876883e-01
      vertex 8.456530e-02 1.899368e-01 9.781476e-01
      vertex 6.424825e-02 1.977358e-01 9.781476e-01
    endloop
  endfacet
  facet normal 0.000000e+00 0.000000e+00 1.000000e+00
    outer loop
      vertex 4.834091e-02 1.487780e-01 9.876883e-01
      vertex 6.424825e-02 1.977358e-01 9.781476e-01
      vertex 4.322727e-02 2.033683e-01 9.781476e-01
    endloop
  endfacet
  facet normal 0.000000e+00 0.000000e+00 1.000000e+00
    outer loop
      vertex 3.252455e-02 1.530160e-01 9.876883e-01
      vertex 4.322727e-02 2.033683e-01 9.781476e-01
      vertex 2.173269e-02 2.067727e-01 9.781476e-01
    endloop
  endfacet
  facet normal 0.000000e+00 0.000000e+00 1.000000e+00
    outer loop
      vertex 1.635185e-02 1.555775e-01 9.876883e-01
      vertex 2.173269e-02 2.067727e-01 9.781476e-01
      vertex 5.889659e-17 2.079117e-01 9.781476e-01
    endloop
  endfacet
  facet normal 0.000000e+00 0.000000e+00 1.000000e+00
    outer loop
      vertex 4.431428e-17 1.564345e-01 9.876883e-01
      vertex 5.889659e-17 2.079117e-01 9.781476e-01
      vertex -2.173269e-02 2.067727e-01 9.781476e-01
    endloop
  endfacet
  facet normal 0.000000e+00 0.000000e+00 1.000000e+00
    outer loop
      vertex -1.635185e-02 1.555775e-01 9.876883e-01
      vertex -2.173269e-02 2.067727e-01 9.781476e-01
      vertex -4.322727e-02 2.033683e-01 9.781476e-01
    endloop
  endfacet
  facet normal 0.000000e+00 0.000000e+00 1.000000e+00
    outer loop
      vertex -3.252455e-02 1.530160e-01 9.876883e-01
      vertex -4.322727e-02 2.033683e-01 9.781476e-01
      vertex -6.424825e-02 1.977358e-01 9.781476e-01
    endloop
  endfacet
  facet normal 0.000000e+00 0.000000e+00 1.000000e+00
    outer loop
      vertex -4.834091e-02 1.487780e-01 9.876883e-01
      vertex -6.424825e-02 1.977358e-01 9.781476e-01
      vertex -8.456530e-02 1.899368e-01 9.781476e-01
    endloop
  endfacet
  facet normal 0.000000e+00 0.000000e+00 1.000000e+00
    outer loop
      vertex -6.362763e-02 1.429100e-01 9.876883e-01
      vertex -8.456530e-02 1.899368e-01 9.781476e-01
      vertex -1.039558e-01 1.800568e-01 9.781476e-01
    endloop
  endfacet
  facet normal 0.000000e+00 0.000000e+00 1.000000e+00
    outer loop
      vertex -7.821723e-02 1.354762e-01 9.876883e-01
      vertex -1.039558e-01 1.800568e-01 9.781476e-01
      vertex -1.222074e-01 1.682041e-01 9.781476e-01
    endloop
  endfacet
  facet normal 0.000000e+00 0.000000e+00 1.000000e+00
    outer loop
      vertex -9.194987e-02 1.265581e-01 9.876883e-01
      vertex -1.222074e-01 1.682041e-01 9.781476e-01
      vertex -1.391201e-01 1.545085e-01 9.781476e-01
    endloop
  endfacet
  facet normal 0.000000e+00 0.000000e+00 1.000000e+00
    outer loop
      vertex -1.046751e-01 1.162535e-01 9.876883e-01
      vertex -1.391201e-01 1.545085e-01 9.781476e-01
      vertex -1.545085e-01 1.391201e-01 9.781476e-01
    endloop
  endfacet
  facet normal 0.000000e+00 0.000000e+00 1.000000e+00
    outer loop
      vertex -1.162535e-01 1.046751e-01 9.876883e-01
      vertex -1.545085e-01 1.391201e-01 9.781476e-01
      vertex -1.682041e-01 1.222074e-01 9.781476e-01
    endloop
  endfacet
  facet normal 0.000000e+00 0.000000e+00 1.000000e+00
    outer loop
      vertex -1.265581e-01 9.194987e-02 9.876883e-01
      vertex -1.682041e-01 1.222074e-01 9.781476e-01
      vertex -1.800568e-01 1.039558e-01 9.781476e-01
    endloop
  endfacet
  facet normal 0.000000e+00 0.000000e+00 1.000000e+00
    outer loop
      vertex -1.354762e-01 7.821723e-02 9.876883e-01
      vertex -1.800568e-01 1.039558e-01 9.781476e-01
      vertex -1.899368e-01 8.456530e-02 9.781476e-01
    endloop
  endfacet
  facet normal 0.000000e+00 0.000000e+00 1.000000e+00
    outer loop
      vertex -1.429100e-01 6.362763e-02 9.876883e-01
      vertex -1.899368e-01 8.456530e-02 9.781476e-01
      vertex -1.977358e-01 6.424825e-02 9.781476e-01
    endloop
  endfacet
  facet normal 0.000000e+00 0.000000e+00 1.000000e+00
    outer loop
      vertex -1.487780e-01 4.834091e-02 9.876883e-01
      vertex -1.977358e-01 6.424825e-02 9.781476e-01
      vertex -2.033683e-01 4.322727e-02 9.781476e-01
    endloop
  endfacet
  facet normal 0.000000e+00 0.000000e+00 1.000000e+00
    outer loop
      vertex -1.530160e-01 3.252455e-02 9.876883e-01
      vertex -2.033683e-01 4.322727e-02 9.781476e-01
      vertex -2.067727e-01 2.173269e-02 9.781476e-01
    endloop
  endfacet
  facet normal 0.000000e+00 0.000000e+00 1.000000e+00
    outer loop
      vertex -1.555775e-01 1.635185e-02 9.876883e-01
      vertex -2.067727e-01 2.173269e-02 9.781476e-01
      vertex -2.079117e-01 1.177932e-16 9.781476e-01
    endloop
  endfacet
  facet normal 0.000000e+00 0.000000e+00 1.000000e+00
    outer loop
      vertex -1.564345e-01 8.862855e-17 9.876883e-01
      vertex -2.079117e-01 1.177932e-16 9.781476e-01
      vertex -2.067727e-01 -2.173269e-02 9.781476e-01
    endloop
  endfacet
  facet normal 0.000000e+00 0.000000e+00 1.000000e+00
    outer loop
      vertex -1.555775e-01 -1.635185e-02 9.876883e-01
      vertex -2.067727e-01 -2.173269e-02 9.781476e-01
      vertex -2.033683e-01 -4.322727e-02 9.781476e-01
    endloop
  endfacet
  facet normal 0.000000e+00 0.000000e+00 1.000000e+00
    outer loop
      vertex -1.530160e-01 -3.252455e-02 9.876883e-01
      vertex -2.033683e-01 -4.322727e-02 9.781476e-01
      vertex -1.977358e-01 -6.424825e-02 9.781476e-01
    endloop
  endfacet
  facet normal 0.000000e+00 0.000000e+00 1.000000e+00
    outer loop
      vertex -1.487780e-01 -4.834091e-02 9.876883e-01
      vertex -1.977358e-01 -6.424825e-02 9.781476e-01
      vertex -1.899368e-01 -8.456530e-02 9.781476e-01
    endloop
  endfacet
  facet normal 0.000000e+00 0.000000e+00 1.000000e+00
    outer loop
      vertex -1.429100e-01 -6.362763e-02 9.876883e-01
      vertex -1.899368e-01 -8.456530e-02 9.781476e-01
      vertex -1.800568e-01 -1.039558e-01 9.781476e-01
    endloop
  endfacet
  facet normal 0.000000e+00 0.000000e+00 1.000000e+00
    outer loop
      vertex -1.354762e-01 -7.821723e-02 9.876883e-01
      vertex -1.800568e-01 -1.039558e-01 9.781476e-01
      vertex -1.682041e-01 -1.222074e-01 9.781476e-01
    endloop
  endfacet
  facet normal 0.000000e+00 0.000000e+00 1.000000e+00
    outer loop
      vertex -1.265581e-01 -9.194987e-02 9.876883e-01
      vertex -1.682041e-01 -1.222074e-01 9.781476e-01
      vertex -1.545085e-01 -1.391201e-01 9.781476e-01
    endloop
  endfacet
  facet normal 0.000000e+00 0.000000e+00 1.000000e+00
    outer loop
      vertex -1.162535e-01 -1.046751e-01 9.876883e-01
      vertex -1.545085e-01 -1.391201e-01 9.781476e-01
      vertex -1.391201e-01 -1.545085e-01 9.781476e-01
    endloop
  endfacet
  facet normal 0.000000e+00 0.000000e+00 1.000000e+00
    outer loop
      vertex -1.046751e-01 -1.162535e-01 9.876883e-01
      vertex -1.391201e-01 -1.545085e-01 9.781476e-01
      vertex -1.222074e-01 -1.682041e-01 9.781476e-01
    endloop
  endfacet
  facet normal 0.000000e+00 0.000000e+00 1.000000e+00
    outer loop
      vertex -9.194987e-02 -1.265581e-01 9.876883e-01
      vertex -1.222074e-01 -1.682041e-01 9.781476e-01
      vertex -1.039558e-01 -1.800568e-01 9.781476e-01
    endloop
  endfacet
  facet normal 0.000000e+00 0.000000e+00 1.000000e+00
    outer loop
      vertex -7.821723e-02 -1.354762e-01 9.876883e-01
      vertex -1.039558e-01 -1.800568e-01 9.781476e-01
      vertex -8.456530e-02 -1.899368e-01 9.781476e-01
    endloop
  endfacet
  facet normal 0.000000e+00 0.000000e+00 1.000000e+00
    outer loop
      vertex -6.362763e-02 -1.429100e-01 9.876883e-01
      vertex -8.456530e-02 -1.899368e-01 9.781476e-01
      vertex -6.424825e-02 -1.977358e-01 9.781476e-01
    endloop
  endfacet
  facet normal 0.000000e+00 0.000000e+00 1.000000e+00
    outer loop
      vertex -4.834091e-02 -1.487780e-01 9.876883e-01
      vertex -6.424825e-02 -1.977358e-01 9.781476e-01
      vertex -4.322727e-02 -2.033683e-01 9.781476e-01
    endloop
  endfacet
  facet normal 0.000000e+00 0.000000e+00 1.000000e+00
    outer loop
      vertex -3.252455e-02 -1.530160e-01 9.876883e-01
      vertex -4.322727e-02 -2.033683e-01 9.781476e-01
      vertex -2.173269e-02 -2.067727e-01 9.781476e-01
    endloop
  endfacet
  facet normal 0.000000e+00 0.000000e+00 1.000000e+00
    outer loop
      vertex -1.635185e-02 -1.555775e-01 9.876883e-01
      vertex -2.173269e-02 -2.067727e-01 9.781476e-01
      vertex -3.819276e-17 -2.079117e-01 9.781476e-01
    endloop
  endfacet
  facet normal 0.000000e+00 0.000000e+00 1.000000e+00
    outer loop
      vertex -2.873655e-17 -1.564345e-01 9.876883e-01
      vertex -3.819276e-17 -2.079117e-01 9.781476e-01
      vertex 2.173269e-02 -2.067727e-01 9.781476e-01
    endloop
  endfacet
  facet normal 0.000000e+00 0.000000e+00 1.000000e+00
    outer loop
      vertex 1.635185e-02 -1.555775e-01 9.876883e-01
      vertex 2.173269e-02 -2.067727e-01 9.781476e-01
      vertex 4.322727e-02 -2.033683e-01 9.781476e-01
    endloop
  endfacet
  facet normal 0.000000e+00 0.000000e+00 1.000000e+00
    outer loop
      vertex 3.252455e-02 -1.530160e-01 9.876883e-01
      vertex 4.322727e-02 -2.033683e-01 9.781476e-01
      vertex 6.424825e-02 -1.977358e-01 9.781476e-01
    endloop
  endfacet
  facet normal 0.000000e+00 0.000000e+00 1.000000e+00
    outer loop
      vertex 4.834091e-02 -1.487780e-01 9.876883e-01
      vertex 6.424825e-02 -1.977358e-01 9.781476e-01
      vertex 8.456530e-02 -1.899368e-01 9.781476e-01
    endloop
  endfacet
  facet normal 0.000000e+00 0.000000e+00 1.000000e+00
    outer loop
      vertex 6.362763e-02 -1.429100e-01 9.876883e-01
      vertex 8.456530e-02 -1.899368e-01 9.781476e-01
      vertex 1.039558e-01 -1.800568e-01 9.781476e-01
    endloop
  endfacet
  facet normal 0.000000e+00 0.000000e+00 1.000000e+00
    outer loop
      vertex 7.821723e-02 -1.354762e-01 9.876883e-01
      vertex 1.039558e-01 -1.800568e-01 9.781476e-01
      vertex 1.222074e-01 -1.682041e-01 9.781476e-01
    endloop
  endfacet
  facet normal 0.000000e+00 0.000000e+00 1.000000e+00
    outer loop
      vertex 9.194987e-02 -1.265581e-01 9.876883e-01
      vertex 1.222074e-01 -1.682041e-01 9.781476e-01
      vertex 1.391201e-01 -1.545085e-01 9.781476e-01
    endloop
  endfacet
  facet normal 0.000000e+00 0.000000e+00 1.000000e+00
    outer loop
      vertex 1.046751e-01 -1.162535e-01 9.876883e-01
      vertex 1.391201e-01 -1.545085e-01 9.781476e-01
      vertex 1.545085e-01 -1.391201e-01 9.781476e-01
    endloop
  endfacet
  facet normal 0.000000e+00 0.000000e+00 1.000000e+00
    outer loop
      vertex 1.162535e-01 -1.046751e-01 9.876883e-01
      vertex 1.545085e-01 -1.391201e-01 9.781476e-01
      vertex 1.682041e-01 -1.222074e-01 9.781476e-01
    endloop
  endfacet
  facet normal 0.000000e+00 0.000000e+00 1.000000e+00
    outer loop
      vertex 1.265581e-01 -9.194987e-02 9.876883e-01
      vertex 1.682041e-01 -1.222074e-01 9.781476e-01
      vertex 1.800568e-01 -1.039558e-01 9.781476e-01
    endloop
  endfacet
  facet normal 0.000000e+00 0.000000e+00 1.000000e+00
    outer loop
      vertex 1.354762e-01 -7.821723e-02 9.876883e-01
      vertex 1.800568e-01 -1.039558e-01 9.781476e-01
      vertex 1.899368e-01 -8.456530e-02 9.781476e-01
    endloop
  endfacet
  facet normal 0.000000e+00 0.000000e+00 1.000000e+00
    outer loop
      vertex 1.429100e-01 -6.362763e-02 9.876883e-01
      vertex 1.899368e-01 -8.456530e-02 9.781476e-01
      vertex 1.977358e-01 -6.424825e-02 9.781476e-01
    endloop
  endfacet
  facet normal 0.000000e+00 0.000000e+00 1.000000e+00
    outer loop
      vertex 1.487780e-01 -4.834091e-02 9.876883e-01
      vertex 1.977358e-01 -6.424825e-02 9.781476e-01
      vertex 2.033683e-01 -4.322727e-02 9.781476e-01
    endloop
  endfacet
  facet normal 0.000000e+00 0.000000e+00 1.000000e+00
    outer loop
      vertex 1.530160e-01 -3.252455e-02 9.876883e-01
      vertex 2.033683e-01 -4.322727e-02 9.781476e-01
      vertex 2.067727e-01 -2.173269e-02 9.781476e-01
    endloop
  endfacet
  facet normal 0.000000e+00 0.000000e+00 1.000000e+00
    outer loop
      vertex 1.555775e-01 -1.635185e-02 9.876883e-01
      vertex 2.067727e-01 -2.173269e-02 9.781476e-01
      vertex 2.079117e-01 -2.355864e-16 9.781476e-01
    endloop
  endfacet
  facet normal 0.000000e+00 0.000000e+00 1.000000e+00
    outer loop
      vertex 2.079117e-01 0.000000e+00 9.781476e-01
      vertex 2.588190e-01 0.000000e+00 9.659258e-01
      vertex 2.574012e-01 2.705396e-02 9.659258e-01
    endloop
  endfacet
  facet normal 0.000000e+00 0.000000e+00 1.000000e+00
    outer loop
      vertex 2.067727e-01 2.173269e-02 9.781476e-01
      vertex 2.574012e-01 2.705396e-02 9.659258e-01
      vertex 2.531632e-01 5.381151e-02 9.659258e-01
    endloop
  endfacet
  facet normal 0.000000e+00 0.000000e+00 1.000000e+00
    outer loop
      vertex 2.033683e-01 4.322727e-02 9.781476e-01
      vertex 2.531632e-01 5.381151e-02 9.659258e-01
      vertex 2.461515e-01 7.997948e-02 9.659258e-01
    endloop
  endfacet
  facet normal 0.000000e+00 0.000000e+00 1.000000e+00
    outer loop
      vertex 1.977358e-01 6.424825e-02 9.781476e-01
      vertex 2.461515e-01 7.997948e-02 9.659258e-01
      vertex 2.364430e-01 1.052712e-01 9.659258e-01
    endloop
  endfacet
  facet normal 0.000000e+00 0.000000e+00 1.000000e+00
    outer loop
      vertex 1.899368e-01 8.456530e-02 9.781476e-01
      vertex 2.364430e-01 1.052712e-01 9.659258e-01
      vertex 2.241439e-01 1.294095e-01 9.659258e-01
    endloop
  endfacet
  facet normal 0.000000e+00 0.000000e+00 1.000000e+00
    outer loop
      vertex 1.800568e-01 1.039558e-01 9.781476e-01
      vertex 2.241439e-01 1.294095e-01 9.659258e-01
      vertex 2.093890e-01 1.521300e-01 9.659258e-01
    endloop
  endfacet
  facet normal 0.000000e+00 0.000000e+00 1.000000e+00
    outer loop
      vertex 1.682041e-01 1.222074e-01 9.781476e-01
      vertex 2.093890e-01 1.521300e-01 9.659258e-01
      vertex 1.923400e-01 1.731837e-01 9.659258e-01
    endloop
  endfacet
  facet normal 0.000000e+00 0.000000e+00 1.000000e+00
    outer loop
      vertex 1.545085e-01 1.391201e-01 9.781476e-01
      vertex 1.923400e-01 1.731837e-01 9.659258e-01
      vertex 1.731837e-01 1.923400e-01 9.659258e-01
    endloop
  endfacet
  facet normal 0.000000e+00 0.000000e+00 1.000000e+00
    outer loop
      vertex 1.391201e-01 1.545085e-01 9.781476e-01
      vertex 1.731837e-01 1.923400e-01 9.659258e-01
      vertex 1.521300e-01 2.093890e-01 9.659258e-01
    endloop
  endfacet
  facet normal 0.000000e+00 0.000000e+00 1.000000e+00
    outer loop
      vertex 1.222074e-01 1.682041e-01 9.781476e-01
      vertex 1.521300e-01 2.093890e-01 9.659258e-01
      vertex 1.294095e-01 2.241439e-01 9.659258e-01
    endloop
  endfacet
  facet normal 0.000000e+00 0.000000e+00 1.000000e+00
    outer loop
      vertex 1.039558e-01 1.800568e-01 9.781476e-01
      vertex 1.294095e-01 2.241439e-01 9.659258e-01
      vertex 1.052712e-01 2.364430e-01 9.659258e-01
    endloop
  endfacet
  facet normal 0.000000e+00 0.000000e+00 1.000000e+00
    outer loop
      vertex 8.456530e-02 1.899368e-01 9.781476e-01
      vertex 1.052712e-01 2.364430e-01 9.659258e-01
      vertex 7.997948e-02 2.461515e-01 9.659258e-01
    endloop
  endfacet
  facet normal 0.000000e+00 0.000000e+00 1.000000e+00
    outer loop
      vertex 6.424825e-02 1.977358e-01 9.781476e-01
      vertex 7.997948e-02 2.461515e-01 9.659258e-01
      vertex 5.381151e-02 2.531632e-01 9.659258e-01
    endloop
  endfacet
  facet normal 0.000000e+00 0.000000e+00 1.000000e+00
    outer loop
      vertex 4.322727e-02 2.033683e-01 9.781476e-01
      vertex 5.381151e-02 2.531632e-01 9.659258e-01
      vertex 2.705396e-02 2.574012e-01 9.659258e-01
    endloop
  endfacet
  facet normal 0.000000e+00 0.000000e+00 1.000000e+00
    outer loop
      vertex 2.173269e-02 2.067727e-01 9.781476e-01
      vertex 2.705396e-02 2.574012e-01 9.659258e-01
      vertex 7.331747e-17 2.588190e-01 9.659258e-01
    endloop
  endfacet
  facet normal 0.000000e+00 0.000000e+00 1.000000e+00
    outer loop
      vertex 5.889659e-17 2.079117e-01 9.781476e-01
      vertex 7.331747e-17 2.588190e-01 9.659258e-01
      vertex -2.705396e-02 2.574012e-01 9.659258e-01
    endloop
  endfacet
  facet normal 0.000000e+00 0.000000e+00 1.000000e+00
    outer loop
      vertex -2.173269e-02 2.067727e-01 9.781476e-01
      vertex -2.705396e-02 2.574012e-01 9.659258e-01
      vertex -5.381151e-02 2.531632e-01 9.659258e-01
    endloop
  endfacet
  facet normal 0.000000e+00 0.000000e+00 1.000000e+00
    outer loop
      vertex -4.322727e-02 2.033683e-01 9.781476e-01
      vertex -5.381151e-02 2.531632e-01 9.659258e-01
      vertex -7.997948e-02 2.461515e-01 9.659258e-01
    endloop
  endfacet
  facet normal 0.000000e+00 0.000000e+00 1.000000e+00
    outer loop
      vertex -6.424825e-02 1.977358e-01 9.781476e-01
      vertex -7.997948e-02 2.461515e-01 9.659258e-01
      vertex -1.052712e-01 2.364430e-01 9.659258e-01
    endloop
  endfacet
  facet normal 0.000000e+00 0.000000e+00 1.000000e+00
    outer loop
      vertex -8.456530e-02 1.899368e-01 9.781476e-01
      vertex -1.052712e-01 2.364430e-01 9.659258e-01
      vertex -1.294095e-01 2.241439e-01 9.659258e-01
    endloop
  endfacet
  facet normal 0.000000e+00 0.000000e+00 1.000000e+00
    outer loop
      vertex -1.039558e-01 1.800568e-01 9.781476e-01
      vertex -1.294095e-01 2.241439e-01 9.659258e-01
      vertex -1.521300e-01 2.093890e-01 9.659258e-01
    endloop
  endfacet
  facet normal 0.000000e+00 0.000000e+00 1.000000e+00
    outer loop
      vertex -1.222074e-01 1.682041e-01 9.781476e-01
      vertex -1.521300e-01 2.093890e-01 9.659258e-01
      vertex -1.731837e-01 1.923400e-01 9.659258e-01
    endloop
  endfacet
  facet normal 0.000000e+00 0.000000e+00 1.000000e+00
    outer loop
      vertex -1.391201e-01 1.545085e-01 9.781476e-01
      vertex -1.731837e-01 1.923400e-01 9.659258e-01
      vertex -1.923400e-01 1.731837e-01 9.659258e-01
    endloop
  endfacet
  facet normal 0.000000e+00 0.000000e+00 1.000000e+00
    outer loop
      vertex -1.545085e-01 1.391201e-01 9.781476e-01
      vertex -1.923400e-01 1.731837e-01 9.659258e-01
      vertex -2.093890e-01 1.521300e-01 9.659258e-01
    endloop
  endfacet
  facet normal 0.000000e+00 0.000000e+00 1.000000e+00
    outer loop
      vertex -1.682041e-01 1.222074e-01 9.781476e-01
      vertex -2.093890e-01 1.521300e-01 9.659258e-01
      vertex -2.241439e-01 1.294095e-01 9.659258e-01
    endloop
  endfacet
  facet normal 0.000000e+00 0.000000e+00 1.000000e+00
    outer loop
      vertex -1.800568e-01 1.039558e-01 9.781476e-01
      vertex -2.241439e-01 1.294095e-01 9.659258e-01
      vertex -2.364430e-01 1.052712e-01 9.659258e-01
    endloop
  endfacet
  facet normal 0.000000e+00 0.000000e+00 1.000000e+00
    outer loop
      vertex -1.899368e-01 8.456530e-02 9.781476e-01
      vertex -2.364430e-01 1.052712e-01 9.659258e-01
      vertex -2.461515e-01 7.997948e-02 9.659258e-01
    endloop
  endfacet
  facet normal 0.000000e+00 0.000000e+00 1.000000e+00
    outer loop
      vertex -1.977358e-01 6.424825e-02 9.781476e-01
      vertex -2.461515e-01 7.997948e-02 9.659258e-01
      vertex -2.531632e-01 5.381151e-02 9.659258e-01
    endloop
  endfacet
  facet normal 0.000000e+00 0.000000e+00 1.000000e+00
    outer loop
      vertex -2.033683e-01 4.322727e-02 9.781476e-01
      vertex -2.531632e-01 5.381151e-02 9.659258e-01
      vertex -2.574012e-01 2.705396e-02 9.659258e-01
    endloop
  endfacet
  facet normal 0.000000e+00 0.000000e+00 1.000000e+00
    outer loop
      vertex -2.067727e-01 2.173269e-02 9.781476e-01
      vertex -2.574012e-01 2.705396e-02 9.659258e-01
      vertex -2.588190e-01 1.466349e-16 9.659258e-01
    endloop
  endfacet
  facet normal 0.000000e+00 0.000000e+00 1.000000e+00
    outer loop
      vertex -2.079117e-01 1.177932e-16 9.781476e-01
      vertex -2.588190e-01 1.466349e-16 9.659258e-01
      vertex -2.574012e-01 -2.705396e-02 9.659258e-01
    endloop
  endfacet
  facet normal 0.000000e+00 0.000000e+00 1.000000e+00
    outer loop
      vertex -2.067727e-01 -2.173269e-02 9.781476e-01
      vertex -2.574012e-01 -2.705396e-02 9.659258e-01
      vertex -2.531632e-01 -5.381151e-02 9.659258e-01
    endloop
  endfacet
  facet normal 0.000000e+00 0.000000e+00 1.000000e+00
    outer loop
      vertex -2.033683e-01 -4.322727e-02 9.781476e-01
      vertex -2.531632e-01 -5.381151e-02 9.659258e-01
      vertex -2.461515e-01 -7.997948e-02 9.659258e-01
    endloop
  endfacet
  facet normal 0.000000e+00 0.000000e+00 1.000000e+00
    outer loop
      vertex -1.977358e-01 -6.424825e-02 9.781476e-01
      vertex -2.461515e-01 -7.997948e-02 9.659258e-01
      vertex -2.364430e-01 -1.052712e-01 9.659258e-01
    endloop
  endfacet
  facet normal 0.000000e+00 0.000000e+00 1.000000e+00
    outer loop
      vertex -1.899368e-01 -8.456530e-02 9.781476e-01
      vertex -2.364430e-01 -1.052712e-01 9.659258e-01
      vertex -2.241439e-01 -1.294095e-01 9.659258e-01
    endloop
  endfacet
  facet normal 0.000000e+00 0.000000e+00 1.000000e+00
    outer loop
      vertex -1.800568e-01 -1.039558e-01 9.781476e-01
      vertex -2.241439e-01 -1.294095e-01 9.659258e-01
      vertex -2.093890e-01 -1.521300e-01 9.659258e-01
    endloop
  endfacet
  facet normal 0.000000e+00 0.000000e+00 1.000000e+00
    outer loop
      vertex -1.682041e-01 -1.222074e-01 9.781476e-01
      vertex -2.093890e-01 -1.521300e-01 9.659258e-01
      vertex -1.923400e-01 -1.731837e-01 9.659258e-01
    endloop
  endfacet
  facet normal 0.000000e+00 0.000000e+00 1.000000e+00
    outer loop
      vertex -1.545085e-01 -1.391201e-01 9.781476e-01
      vertex -1.923400e-01 -1.731837e-01 9.659258e-01
      vertex -1.731837e-01 -1.923400e-01 9.659258e-01
    endloop
  endfacet
  facet normal 0.000000e+00 0.000000e+00 1.000000e+00
    outer loop
      vertex -1.391201e-01 -1.545085e-01 9.781476e-01
      vertex -1.731837e-01 -1.923400e-01 9.659258e-01
      vertex -1.521300e-01 -2.093890e-01 9.659258e-01
    endloop
  endfacet
  facet normal 0.000000e+00 0.000000e+00 1.000000e+00
    outer loop
      vertex -1.222074e-01 -1.682041e-01 9.781476e-01
      vertex -1.521300e-01 -2.093890e-01 9.659258e-01
      vertex -1.294095e-01 -2.241439e-01 9.659258e-01
    endloop
  endfacet
  facet normal 0.000000e+00 0.000000e+00 1.000000e+00
    outer loop
      vertex -1.039558e-01 -1.800568e-01 9.781476e-01
      vertex -1.294095e-01 -2.241439e-01 9.659258e-01
      vertex -1.052712e-01 -2.364430e-01 9.659258e-01
    endloop
  endfacet
  facet normal 0.000000e+00 0.000000e+00 1.000000e+00
    outer loop
      vertex -8.456530e-02 -1.899368e-01 9.781476e-01
      vertex -1.052712e-01 -2.364430e-01 9.659258e-01
      vertex -7.997948e-02 -2.461515e-01 9.659258e-01
    endloop
  endfacet
  facet normal 0.000000e+00 0.000000e+00 1.000000e+00
    outer loop
      vertex -6.424825e-02 -1.977358e-01 9.781476e-01
      vertex -7.997948e-02 -2.461515e-01 9.659258e-01
      vertex -5.381151e-02 -2.531632e-01 9.659258e-01
    endloop
  endfacet
  facet normal 0.000000e+00 0.000000e+00 1.000000e+00
    outer loop
      vertex -4.322727e-02 -2.033683e-01 9.781476e-01
      vertex -5.381151e-02 -2.531632e-01 9.659258e-01
      vertex -2.705396e-02 -2.574012e-01 9.659258e-01
    endloop
  endfacet
  facet normal 0.000000e+00 0.000000e+00 1.000000e+00
    outer loop
      vertex -2.173269e-02 -2.067727e-01 9.781476e-01
      vertex -2.705396e-02 -2.574012e-01 9.659258e-01
      vertex -4.754429e-17 -2.588190e-01 9.659258e-01
    endloop
  endfacet
  facet normal 0.000000e+00 0.000000e+00 1.000000e+00
    outer loop
      vertex -3.819276e-17 -2.079117e-01 9.781476e-01
      vertex -4.754429e-17 -2.588190e-01 9.659258e-01
      vertex 2.705396e-02 -2.574012e-01 9.659258e-01
    endloop
  endfacet
  facet normal 0.000000e+00 0.000000e+00 1.000000e+00
    outer loop
      vertex 2.173269e-02 -2.067727e-01 9.781476e-01
      vertex 2.705396e-02 -2.574012e-01 9.659258e-01
      vertex 5.381151e-02 -2.531632e-01 9.659258e-01
    endloop
  endfacet
  facet normal 0.000000e+00 0.000000e+00 1.000000e+00
    outer loop
      vertex 4.322727e-02 -2.033683e-01 9.781476e-01
      vertex 5.381151e-02 -2.531632e-01 9.659258e-01
      vertex 7.997948e-02 -2.461515e-01 9.659258e-01
    endloop
  endfacet
  facet normal 0.000000e+00 0.000000e+00 1.000000e+00
    outer loop
      vertex 6.424825e-02 -1.977358e-01 9.781476e-01
      vertex 7.997948e-02 -2.461515e-01 9.659258e-01
      vertex 1.052712e-01 -2.364430e-01 9.659258e-01
    endloop
  endfacet
  facet normal 0.000000e+00 0.000000e+00 1.000000e+00
    outer loop
      vertex 8.456530e-02 -1.899368e-01 9.781476e-01
      vertex 1.052712e-01 -2.364430e-01 9.659258e-01
      vertex 1.294095e-01 -2.241439e-01 9.659258e-01
    endloop
  endfacet
  facet normal 0.000000e+00 0.000000e+00 1.000000e+00
    outer loop
      vertex 1.039558e-01 -1.800568e-01 9.781476e-01
      vertex 1.294095e-01 -2.241439e-01 9.659258e-01
      vertex 1.521300e-01 -2.093890e-01 9.659258e-01
    endloop
  endfacet
  facet normal 0.000000e+00 0.000000e+00 1.000000e+00
    outer loop
      vertex 1.222074e-01 -1.682041e-01 9.781476e-01
      vertex 1.521300e-01 -2.093890e-01 9.659258e-01
      vertex 1.731837e-01 -1.923400e-01 9.659258e-01
    endloop
  endfacet
  facet normal 0.000000e+00 0.000000e+00 1.000000e+00
    outer loop
      vertex 1.391201e-01 -1.545085e-01 9.781476e-01
      vertex 1.731837e-01 -1.923400e-01 9.659258e-01
      vertex 1.923400e-01 -1.731837e-01 9.659258e-01
    endloop
  endfacet
  facet normal 0.000000e+00 0.000000e+00 1.000000e+00
    outer loop
      vertex 1.545085e-01 -1.391201e-01 9.781476e-01
      vertex 1.923400e-01 -1.731837e-01 9.659258e-01
      vertex 2.093890e-01 -1.521300e-01 9.659258e-01
    endloop
  endfacet
  facet normal 0.000000e+00 0.000000e+00 1.000000e+00
    outer loop
      vertex 1.682041e-01 -1.222074e-01 9.781476e-01
      vertex 2.093890e-01 -1.521300e-01 9.659258e-01
      vertex 2.241439e-01 -1.294095e-01 9.659258e-01
    endloop
  endfacet
  facet normal 0.000000e+00 0.000000e+00 1.000000e+00
    outer loop
      vertex 1.800568e-01 -1.039558e-01 9.781476e-01
      vertex 2.241439e-01 -1.294095e-01 9.659258e-01
      vertex 2.364430e-01 -1.052712e-01 9.659258e-01
    endloop
  endfacet
  facet normal 0.000000e+00 0.000000e+00 1.000000e+00
    outer loop
      vertex 1.899368e-01 -8.456530e-02 9.781476e-01
      vertex 2.364430e-01 -1.052712e-01 9.659258e-01
      vertex 2.461515e-01 -7.997948e-02 9.659258e-01
    endloop
  endfacet
  facet normal 0.000000e+00 0.000000e+00 1.000000e+00
    outer loop
      vertex 1.977358e-01 -6.424825e-02 9.781476e-01
      vertex 2.461515e-01 -7.997948e-02 9.659258e-01
      vertex 2.531632e-01 -5.381151e-02 9.659258e-01
    endloop
  endfacet
  facet normal 0.000000e+00 0.000000e+00 1.000000e+00
    outer loop
      vertex 2.033683e-01 -4.322727e-02 9.781476e-01
      vertex 2.531632e-01 -5.381151e-02 9.659258e-01
      vertex 2.574012e-01 -2.705396e-02 9.659258e-01
    endloop
  endfacet
  facet normal 0.000000e+00 0.000000e+00 1.000000e+00
    outer loop
      vertex 2.067727e-01 -2.173269e-02 9.781476e-01
      vertex 2.574012e-01 -2.705396e-02 9.659258e-01
      vertex 2.588190e-01 -2.932699e-16 9.659258e-01
    endloop
  endfacet
  facet normal 0.000000e+00 0.000000e+00 1.000000e+00
    outer loop
      vertex 2.588190e-01 0.000000e+00 9.659258e-01
      vertex 3.090170e-01 0.000000e+00 9.510565e-01
      vertex 3.073242e-01 3.230107e-02 9.510565e-01
    endloop
  endfacet
  facet normal 0.000000e+00 0.000000e+00 1.000000e+00
    outer loop
      vertex 2.574012e-01 2.705396e-02 9.659258e-01
      vertex 3.073242e-01 3.230107e-02 9.510565e-01
      vertex 3.022642e-01 6.424825e-02 9.510565e-01
    endloop
  endfacet
  facet normal 0.000000e+00 0.000000e+00 1.000000e+00
    outer loop
      vertex 2.531632e-01 5.381151e-02 9.659258e-01
      vertex 3.022642e-01 6.424825e-02 9.510565e-01
      vertex 2.938926e-01 9.549150e-02 9.510565e-01
    endloop
  endfacet
  facet normal 0.000000e+00 0.000000e+00 1.000000e+00
    outer loop
      vertex 2.461515e-01 7.997948e-02 9.659258e-01
      vertex 2.938926e-01 9.549150e-02 9.510565e-01
      vertex 2.823011e-01 1.256885e-01 9.510565e-01
    endloop
  endfacet
  facet normal 0.000000e+00 0.000000e+00 1.000000e+00
    outer loop
      vertex 2.364430e-01 1.052712e-01 9.659258e-01
      vertex 2.823011e-01 1.256885e-01 9.510565e-01
      vertex 2.676166e-01 1.545085e-01 9.510565e-01
    endloop
  endfacet
  facet normal 0.000000e+00 0.000000e+00 1.000000e+00
    outer loop
      vertex 2.241439e-01 1.294095e-01 9.659258e-01
      vertex 2.676166e-01 1.545085e-01 9.510565e-01
      vertex 2.500000e-01 1.816356e-01 9.510565e-01
    endloop
  endfacet
  facet normal 0.000000e+00 0.000000e+00 1.000000e+00
    outer loop
      vertex 2.093890e-01 1.521300e-01 9.659258e-01
      vertex 2.500000e-01 1.816356e-01 9.510565e-01
      vertex 2.296444e-01 2.067727e-01 9.510565e-01
    endloop
  endfacet
  facet normal 0.000000e+00 0.000000e+00 1.000000e+00
    outer loop
      vertex 1.923400e-01 1.731837e-01 9.659258e-01
      vertex 2.296444e-01 2.067727e-01 9.510565e-01
      vertex 2.067727e-01 2.296444e-01 9.510565e-01
    endloop
  endfacet
  facet normal 0.000000e+00 0.000000e+00 1.000000e+00
    outer loop
      vertex 1.731837e-01 1.923400e-01 9.659258e-01
      vertex 2.067727e-01 2.296444e-01 9.510565e-01
      vertex 1.816356e-01 2.500000e-01 9.510565e-01
    endloop
  endfacet
  facet normal 0.000000e+00 0.000000e+00 1.000000e+00
    outer loop
      vertex 1.521300e-01 2.093890e-01 9.659258e-01
      vertex 1.816356e-01 2.500000e-01 9.510565e-01
      vertex 1.545085e-01 2.676166e-01 9.510565e-01
    endloop
  endfacet
  facet normal 0.000000e+00 0.000000e+00 1.000000e+00
    outer loop
      vertex 1.294095e-01 2.241439e-01 9.659258e-01
      vertex 1.545085e-01 2.676166e-01 9.510565e-01
      vertex 1.256885e-01 2.823011e-01 9.510565e-01
    endloop
  endfacet
  facet normal 0.000000e+00 0.000000e+00 1.000000e+00
    outer loop
      vertex 1.052712e-01 2.364430e-01 9.659258e-01
      vertex 1.256885e-01 2.823011e-01 9.510565e-01
      vertex 9.549150e-02 2.938926e-01 9.510565e-01
    endloop
  endfacet
  facet normal 0.000000e+00 0.000000e+00 1.000000e+00
    outer loop
      vertex 7.997948e-02 2.461515e-01 9.659258e-01
      vertex 9.549150e-02 2.938926e-01 9.510565e-01
      vertex 6.424825e-02 3.022642e-01 9.510565e-01
    endloop
  endfacet
  facet normal 0.000000e+00 0.000000e+00 1.000000e+00
    outer loop
      vertex 5.381151e-02 2.531632e-01 9.659258e-01
      vertex 6.424825e-02 3.022642e-01 9.510565e-01
      vertex 3.230107e-02 3.073242e-01 9.510565e-01
    endloop
  endfacet
  facet normal 0.000000e+00 0.000000e+00 1.000000e+00
    outer loop
      vertex 2.705396e-02 2.574012e-01 9.659258e-01
      vertex 3.230107e-02 3.073242e-01 9.510565e-01
      vertex 8.753739e-17 3.090170e-01 9.510565e-01
    endloop
  endfacet
  facet normal 0.000000e+00 0.000000e+00 1.000000e+00
    outer loop
      vertex 7.331747e-17 2.588190e-01 9.659258e-01
      vertex 8.753739e-17 3.090170e-01 9.510565e-01
      vertex -3.230107e-02 3.073242e-01 9.510565e-01
    endloop
  endfacet
  facet normal 0.000000e+00 0.000000e+00 1.000000e+00
    outer loop
      vertex -2.705396e-02 2.574012e-01 9.659258e-01
      vertex -3.230107e-02 3.073242e-01 9.510565e-01
      vertex -6.424825e-02 3.022642e-01 9.510565e-01
    endloop
  endfacet
  facet normal 0.000000e+00 0.000000e+00 1.000000e+00
    outer loop
      vertex -5.381151e-02 2.531632e-01 9.659258e-01
      vertex -6.424825e-02 3.022642e-01 9.510565e-01
      vertex -9.549150e-02 2.938926e-01 9.510565e-01
    endloop
  endfacet
  facet normal 0.000000e+00 0.000000e+00 1.000000e+00
    outer loop
      vertex -7.997948e-02 2.461515e-01 9.659258e-01
      vertex -9.549150e-02 2.938926e-01 9.510565e-01
      vertex -1.256885e-01 2.823011e-01 9.510565e-01
    endloop
  endfacet
  facet normal 0.000000e+00 0.000000e+00 1.000000e+00
    outer loop
      vertex -1.052712e-01 2.364430e-01 9.659258e-01
      vertex -1.256885e-01 2.823011e-01 9.510565e-01
      vertex -1.545085e-01 2.676166e-01 9.510565e-01
    endloop
  endfacet
  facet normal 0.000000e+00 0.000000e+00 1.000000e+00
    outer loop
      vertex -1.294095e-01 2.241439e-01 9.659258e-01
      vertex -1.545085e-01 2.676166e-01 9.510565e-01
      vertex -1.816356e-01 2.500000e-01 9.510565e-01
    endloop
  endfacet
  facet normal 0.000000e+00 0.000000e+00 1.000000e+00
    outer loop
      vertex -1.521300e-01 2.093890e-01 9.659258e-01
      vertex -1.816356e-01 2.500000e-01 9.510565e-01
      vertex -2.067727e-01 2.296444e-01 9.510565e-01
    endloop
  endfacet
  facet normal 0.000000e+00 0.000000e+00 1.000000e+00
    outer loop
      vertex -1.731837e-01 1.923400e-01 9.659258e-01
      vertex -2.067727e-01 2.296444e-01 9.510565e-01
      vertex -2.296444e-01 2.067727e-01 9.510565e-01
    endloop
  endfacet
  facet normal 0.000000e+00 0.000000e+00 1.000000e+00
    outer loop
      vertex -1.923400e-01 1.731837e-01 9.659258e-01
      vertex -2.296444e-01 2.067727e-01 9.510565e-01
      vertex -2.500000e-01 1.816356e-01 9.510565e-01
    endloop
  endfacet
  facet normal 0.000000e+00 0.000000e+00 1.000000e+00
    outer loop
      vertex -2.093890e-01 1.521300e-01 9.659258e-01
      vertex -2.500000e-01 1.816356e-01 9.510565e-01
      vertex -2.676166e-01 1.545085e-01 9.510565e-01
    endloop
  endfacet
  facet normal 0.000000e+00 0.000000e+00 1.000000e+00
    outer loop
      vertex -2.241439e-01 1.294095e-01 9.659258e-01
      vertex -2.676166e-01 1.545085e-01 9.510565e-01
      vertex -2.823011e-01 1.256885e-01 9.510565e-01
    endloop
  endfacet
  facet normal 0.000000e+00 0.000000e+00 1.000000e+00
    outer loop
      vertex -2.364430e-01 1.052712e-01 9.659258e-01
      vertex -2.823011e-01 1.256885e-01 9.510565e-01
      vertex -2.938926e-01 9.549150e-02 9.510565e-01
    endloop
  endfacet
  facet normal 0.000000e+00 0.000000e+00 1.000000e+00
    outer loop
      vertex -2.461515e-01 7.997948e-02 9.659258e-01
      vertex -2.938926e-01 9.549150e-02 9.510565e-01
      vertex -3.022642e-01 6.424825e-02 9.510565e-01
    endloop
  endfacet
  facet normal 0.000000e+00 0.000000e+00 1.000000e+00
    outer loop
      vertex -2.531632e-01 5.381151e-02 9.659258e-01
      vertex -3.022642e-01 6.424825e-02 9.510565e-01
      vertex -3.073242e-01 3.230107e-02 9.510565e-01
    endloop
  endfacet
  facet normal 0.000000e+00 0.000000e+00 1.000000e+00
    outer loop
      vertex -2.574012e-01 2.705396e-02 9.659258e-01
      vertex -3.073242e-01 3.230107e-02 9.510565e-01
      vertex -3.090170e-01 1.750748e-16 9.510565e-01
    endloop
  endfacet
  facet normal 0.000000e+00 0.000000e+00 1.000000e+00
    outer loop
      vertex -2.588190e-01 1.466349e-16 9.659258e-01
      vertex -3.090170e-01 1.750748e-16 9.510565e-01
      vertex -3.073242e-01 -3.230107e-02 9.510565e-01
    endloop
  endfacet
  facet normal 0.000000e+00 0.000000e+00 1.000000e+00
    outer loop
      vertex -2.574012e-01 -2.705396e-02 9.659258e-01
      vertex -3.073242e-01 -3.230107e-02 9.510565e-01
      vertex -3.022642e-01 -6.424825e-02 9.510565e-01
    endloop
  endfacet
  facet normal 0.000000e+00 0.000000e+00 1.000000e+00
    outer loop
      vertex -2.531632e-01 -5.381151e-02 9.659258e-01
      vertex -3.022642e-01 -6.424825e-02 9.510565e-01
      vertex -2.938926e-01 -9.549150e-02 9.510565e-01
    endloop
  endfacet
  facet normal 0.000000e+00 0.000000e+00 1.000000e+00
    outer loop
      vertex -2.461515e-01 -7.997948e-02 9.659258e-01
      vertex -2.938926e-01 -9.549150e-02 9.510565e-01
      vertex -2.823011e-01 -1.256885e-01 9.510565e-01
    endloop
  endfacet
  facet normal 0.000000e+00 0.000000e+00 1.000000e+00
    outer loop
      vertex -2.364430e-01 -1.052712e-01 9.659258e-01
      vertex -2.823011e-01 -1.256885e-01 9.510565e-01
      vertex -2.676166e-01 -1.545085e-01 9.510565e-01
    endloop
  endfacet
  facet normal 0.000000e+00 0.000000e+00 1.000000e+00
    outer loop
      vertex -2.241439e-01 -1.294095e-01 9.659258e-01
      vertex -2.676166e-01 -1.545085e-01 9.510565e-01
      vertex -2.500000e-01 -1.816356e-01 9.510565e-01
    endloop
  endfacet
  facet normal 0.000000e+00 0.000000e+00 1.000000e+00
    outer loop
      vertex -2.093890e-01 -1.521300e-01 9.659258e-01
      vertex -2.500000e-01 -1.816356e-01 9.510565e-01
      vertex -2.296444e-01 -2.067727e-01 9.510565e-01
    endloop
  endfacet
  facet normal 0.000000e+00 0.000000e+00 1.000000e+00
    outer loop
      vertex -1.923400e-01 -1.731837e-01 9.659258e-01
      vertex -2.296444e-01 -2.067727e-01 9.510565e-01
      vertex -2.067727e-01 -2.296444e-01 9.510565e-01
    endloop
  endfacet
  facet normal 0.000000e+00 0.000000e+00 1.000000e+00
    outer loop
      vertex -1.731837e-01 -1.923400e-01 9.659258e-01
      vertex -2.067727e-01 -2.296444e-01 9.510565e-01
      vertex -1.816356e-01 -2.500000e-01 9.510565e-01
    endloop
  endfacet
  facet normal 0.000000e+00 0.000000e+00 1.000000e+00
    outer loop
      vertex -1.521300e-01 -2.093890e-01 9.659258e-01
      vertex -1.816356e-01 -2.500000e-01 9.510565e-01
      vertex -1.545085e-01 -2.676166e-01 9.510565e-01
    endloop
  endfacet
  facet normal 0.000000e+00 0.000000e+00 1.000000e+00
    outer loop
      vertex -1.294095e-01 -2.241439e-01 9.659258e-01
      vertex -1.545085e-01 -2.676166e-01 9.510565e-01
      vertex -1.256885e-01 -2.823011e-01 9.510565e-01
    endloop
  endfacet
  facet normal 0.000000e+00 0.000000e+00 1.000000e+00
    outer loop
      vertex -1.052712e-01 -2.364430e-01 9.659258e-01
      vertex -1.256885e-01 -2.823011e-01 9.510565e-01
      vertex -9.549150e-02 -2.938926e-01 9.510565e-01
    endloop
  endfacet
  facet normal 0.000000e+00 0.000000e+00 1.000000e+00
    outer loop
      vertex -7.997948e-02 -2.461515e-01 9.659258e-01
      vertex -9.549150e-02 -2.938926e-01 9.510565e-01
      vertex -6.424825e-02 -3.022642e-01 9.510565e-01
    endloop
  endfacet
  facet normal 0.000000e+00 0.000000e+00 1.000000e+00
    outer loop
      vertex -5.381151e-02 -2.531632e-01 9.659258e-01
      vertex -6.424825e-02 -3.022642e-01 9.510565e-01
      vertex -3.230107e-02 -3.073242e-01 9.510565e-01
    endloop
  endfacet
  facet normal 0.000000e+00 0.000000e+00 1.000000e+00
    outer loop
      vertex -2.705396e-02 -2.574012e-01 9.659258e-01
      vertex -3.230107e-02 -3.073242e-01 9.510565e-01
      vertex -5.676550e-17 -3.090170e-01 9.510565e-01
    endloop
  endfacet
  facet normal 0.000000e+00 0.000000e+00 1.000000e+00
    outer loop
      vertex -4.754429e-17 -2.588190e-01 9.659258e-01
      vertex -5.676550e-17 -3.090170e-01 9.510565e-01
      vertex 3.230107e-02 -3.073242e-01 9.510565e-01
    endloop
  endfacet
  facet normal 0.000000e+00 0.000000e+00 1.000000e+00
    outer loop
      vertex 2.705396e-02 -2.574012e-01 9.659258e-01
      vertex 3.230107e-02 -3.073242e-01 9.510565e-01
      vertex 6.424825e-02 -3.022642e-01 9.510565e-01
    endloop
  endfacet
  facet normal 0.000000e+00 0.000000e+00 1.000000e+00
    outer loop
      vertex 5.381151e-02 -2.531632e-01 9.659258e-01
      vertex 6.424825e-02 -3.022642e-01 9.510565e-01
      vertex 9.549150e-02 -2.938926e-01 9.510565e-01
    endloop
  endfacet
  facet normal 0.000000e+00 0.000000e+00 1.000000e+00
    outer loop
      vertex 7.997948e-02 -2.461515e-01 9.659258e-01
      vertex 9.549150e-02 -2.938926e-01 9.510565e-01
      vertex 1.256885e-01 -2.823011e-01 9.510565e-01
    endloop
  endfacet
  facet normal 0.000000e+00 0.000000e+00 1.000000e+00
    outer loop
      vertex 1.052712e-01 -2.364430e-01 9.659258e-01
      vertex 1.256885e-01 -2.823011e-01 9.510565e-01
      vertex 1.545085e-01 -2.676166e-01 9.510565e-01
    endloop
  endfacet
  facet normal 0.000000e+00 0.000000e+00 1.000000e+00
    outer loop
      vertex 1.294095e-01 -2.241439e-01 9.659258e-01
      vertex 1.545085e-01 -2.676166e-01 9.510565e-01
      vertex 1.816356e-01 -2.500000e-01 9.510565e-01
    endloop
  endfacet
  facet normal 0.000000e+00 0.000000e+00 1.000000e+00
    outer loop
      vertex 1.521300e-01 -2.093890e-01 9.659258e-01
      vertex 1.816356e-01 -2.500000e-01 9.510565e-01
      vertex 2.067727e-01 -2.296444e-01 9.510565e-01
    endloop
  endfacet
  facet normal 0.000000e+00 0.000000e+00 1.000000e+00
    outer loop
      vertex 1.731837e-01 -1.923400e-01 9.659258e-01
      vertex 2.067727e-01 -2.296444e-01 9.510565e-01
      vertex 2.296444e-01 -2.067727e-01 9.510565e-01
    endloop
  endfacet
  facet normal 0.000000e+00 0.000000e+00 1.000000e+00
    outer loop
      vertex 1.923400e-01 -1.731837e-01 9.659258e-01
      vertex 2.296444e-01 -2.067727e-01 9.510565e-01
      vertex 2.500000e-01 -1.816356e-01 9.510565e-01
    endloop
  endfacet
  facet normal 0.000000e+00 0.000000e+00 1.000000e+00
    outer loop
      vertex 2.093890e-01 -1.521300e-01 9.659258e-01
      vertex 2.500000e-01 -1.816356e-01 9.510565e-01
      vertex 2.676166e-01 -1.545085e-01 9.510565e-01
    endloop
  endfacet
  facet normal 0.000000e+00 0.000000e+00 1.000000e+00
    outer loop
      vertex 2.241439e-01 -1.294095e-01 9.659258e-01
      vertex 2.676166e-01 -1.545085e-01 9.510565e-01
      vertex 2.823011e-01 -1.256885e-01 9.510565e-01
    endloop
  endfacet
  facet normal 0.000000e+00 0.000000e+00 1.000000e+00
    outer loop
      vertex 2.364430e-01 -1.052712e-01 9.659258e-01
      vertex 2.823011e-01 -1.256885e-01 9.510565e-01
      vertex 2.938926e-01 -9.549150e-02 9.510565e-01
    endloop
  endfacet
  facet normal 0.000000e+00 0.000000e+00 1.000000e+00
    outer loop
      vertex 2.461515e-01 -7.997948e-02 9.659258e-01
      vertex 2.938926e-01 -9.549150e-02 9.510565e-01
      vertex 3.022642e-01 -6.424825e-02 9.510565e-01
    endloop
  endfacet
  facet normal 0.000000e+00 0.000000e+00 1.000000e+00
    outer loop
      vertex 2.531632e-01 -5.381151e-02 9.659258e-01
      vertex 3.022642e-01 -6.424825e-02 9.510565e-01
      vertex 3.073242e-01 -3.230107e-02 9.510565e-01
    endloop
  endfacet
  facet normal 0.000000e+00 0.000000e+00 1.000000e+00
    outer loop
      vertex 2.574012e-01 -2.705396e-02 9.659258e-01
      vertex 3.073242e-01 -3.230107e-02 9.510565e-01
      vertex 3.090170e-01 -3.501496e-16 9.510565e-01
    endloop
  endfacet
  facet normal 0.000000e+00 0.000000e+00 1.000000e+00
    outer loop
      vertex 3.090170e-01 0.000000e+00 9.510565e-01
      vertex 3.583679e-01 0.000000e+00 9.335804e-01
      vertex 3.564048e-01 3.745965e-02 9.335804e-01
    endloop
  endfacet
  facet normal 0.000000e+00 0.000000e+00 1.000000e+00
    outer loop
      vertex 3.073242e-01 3.230107e-02 9.510565e-01
      vertex 3.564048e-01 3.745965e-02 9.335804e-01
      vertex 3.505368e-01 7.450889e-02 9.335804e-01
    endloop
  endfacet
  facet normal 0.000000e+00 0.000000e+00 1.000000e+00
    outer loop
      vertex 3.022642e-01 6.424825e-02 9.510565e-01
      vertex 3.505368e-01 7.450889e-02 9.335804e-01
      vertex 3.408282e-01 1.107418e-01 9.335804e-01
    endloop
  endfacet
  facet normal 0.000000e+00 0.000000e+00 1.000000e+00
    outer loop
      vertex 2.938926e-01 9.549150e-02 9.510565e-01
      vertex 3.408282e-01 1.107418e-01 9.335804e-01
      vertex 3.273854e-01 1.457614e-01 9.335804e-01
    endloop
  endfacet
  facet normal 0.000000e+00 0.000000e+00 1.000000e+00
    outer loop
      vertex 2.823011e-01 1.256885e-01 9.510565e-01
      vertex 3.273854e-01 1.457614e-01 9.335804e-01
      vertex 3.103557e-01 1.791840e-01 9.335804e-01
    endloop
  endfacet
  facet normal 0.000000e+00 0.000000e+00 1.000000e+00
    outer loop
      vertex 2.676166e-01 1.545085e-01 9.510565e-01
      vertex 3.103557e-01 1.791840e-01 9.335804e-01
      vertex 2.899258e-01 2.106434e-01 9.335804e-01
    endloop
  endfacet
  facet normal 0.000000e+00 0.000000e+00 1.000000e+00
    outer loop
      vertex 2.500000e-01 1.816356e-01 9.510565e-01
      vertex 2.899258e-01 2.106434e-01 9.335804e-01
      vertex 2.663193e-01 2.397950e-01 9.335804e-01
    endloop
  endfacet
  facet normal 0.000000e+00 0.000000e+00 1.000000e+00
    outer loop
      vertex 2.296444e-01 2.067727e-01 9.510565e-01
      vertex 2.663193e-01 2.397950e-01 9.335804e-01
      vertex 2.397950e-01 2.663193e-01 9.335804e-01
    endloop
  endfacet
  facet normal 0.000000e+00 0.000000e+00 1.000000e+00
    outer loop
      vertex 2.067727e-01 2.296444e-01 9.510565e-01
      vertex 2.397950e-01 2.663193e-01 9.335804e-01
      vertex 2.106434e-01 2.899258e-01 9.335804e-01
    endloop
  endfacet
  facet normal 0.000000e+00 0.000000e+00 1.000000e+00
    outer loop
      vertex 1.816356e-01 2.500000e-01 9.510565e-01
      vertex 2.106434e-01 2.899258e-01 9.335804e-01
      vertex 1.791840e-01 3.103557e-01 9.335804e-01
    endloop
  endfacet
  facet normal 0.000000e+00 0.000000e+00 1.000000e+00
    outer loop
      vertex 1.545085e-01 2.676166e-01 9.510565e-01
      vertex 1.791840e-01 3.103557e-01 9.335804e-01
      vertex 1.457614e-01 3.273854e-01 9.335804e-01
    endloop
  endfacet
  facet normal 0.000000e+00 0.000000e+00 1.000000e+00
    outer loop
      vertex 1.256885e-01 2.823011e-01 9.510565e-01
      vertex 1.457614e-01 3.273854e-01 9.335804e-01
      vertex 1.107418e-01 3.408282e-01 9.335804e-01
    endloop
  endfacet
  facet normal 0.000000e+00 0.000000e+00 1.000000e+00
    outer loop
      vertex 9.549150e-02 2.938926e-01 9.510565e-01
      vertex 1.107418e-01 3.408282e-01 9.335804e-01
      vertex 7.450889e-02 3.505368e-01 9.335804e-01
    endloop
  endfacet
  facet normal 0.000000e+00 0.000000e+00 1.000000e+00
    outer loop
      vertex 6.424825e-02 3.022642e-01 9.510565e-01
      vertex 7.450889e-02 3.505368e-01 9.335804e-01
      vertex 3.745965e-02 3.564048e-01 9.335804e-01
    endloop
  endfacet
  facet normal 0.000000e+00 0.000000e+00 1.000000e+00
    outer loop
      vertex 3.230107e-02 3.073242e-01 9.510565e-01
      vertex 3.745965e-02 3.564048e-01 9.335804e-01
      vertex 1.015174e-16 3.583679e-01 9.335804e-01
    endloop
  endfacet
  facet normal 0.000000e+00 0.000000e+00 1.000000e+00
    outer loop
      vertex 8.753739e-17 3.090170e-01 9.510565e-01
      vertex 1.015174e-16 3.583679e-01 9.335804e-01
      vertex -3.745965e-02 3.564048e-01 9.335804e-01
    endloop
  endfacet
  facet normal 0.000000e+00 0.000000e+00 1.000000e+00
    outer loop
      vertex -3.230107e-02 3.073242e-01 9.510565e-01
      vertex -3.745965e-02 3.564048e-01 9.335804e-01
      vertex -7.450889e-02 3.505368e-01 9.335804e-01
    endloop
  endfacet
  facet normal 0.000000e+00 0.000000e+00 1.000000e+00
    outer loop
      vertex -6.424825e-02 3.022642e-01 9.510565e-01
      vertex -7.450889e-02 3.505368e-01 9.335804e-01
      vertex -1.107418e-01 3.408282e-01 9.335804e-01
    endloop
  endfacet
  facet normal 0.000000e+00 0.000000e+00 1.000000e+00
    outer loop
      vertex -9.549150e-02 2.938926e-01 9.510565e-01
      vertex -1.107418e-01 3.408282e-01 9.335804e-01
      vertex -1.457614e-01 3.273854e-01 9.335804e-01
    endloop
  endfacet
  facet normal 0.000000e+00 0.000000e+00 1.000000e+00
    outer loop
      vertex -1.256885e-01 2.823011e-01 9.510565e-01
      vertex -1.457614e-01 3.273854e-01 9.335804e-01
      vertex -1.791840e-01 3.103557e-01 9.335804e-01
    endloop
  endfacet
  facet normal 0.000000e+00 0.000000e+00 1.000000e+00
    outer loop
      vertex -1.545085e-01 2.676166e-01 9.510565e-01
      vertex -1.791840e-01 3.103557e-01 9.335804e-01
      vertex -2.106434e-01 2.899258e-01 9.335804e-01
    endloop
  endfacet
  facet normal 0.000000e+00 0.000000e+00 1.000000e+00
    outer loop
      vertex -1.816356e-01 2.500000e-01 9.510565e-01
      vertex -2.106434e-01 2.899258e-01 9.335804e-01
      vertex -2.397950e-01 2.663193e-01 9.335804e-01
    endloop
  endfacet
  facet normal 0.000000e+00 0.000000e+00 1.000000e+00
    outer loop
      vertex -2.067727e-01 2.296444e-01 9.510565e-01
      vertex -2.397950e-01 2.663193e-01 9.335804e-01
      vertex -2.663193e-01 2.397950e-01 9.335804e-01
    endloop
  endfacet
  facet normal 0.000000e+00 0.000000e+00 1.000000e+00
    outer loop
      vertex -2.296444e-01 2.067727e-01 9.510565e-01
      vertex -2.663193e-01 2.397950e-01 9.335804e-01
      vertex -2.899258e-01 2.106434e-01 9.335804e-01
    endloop
  endfacet
  facet normal 0.000000e+00 0.000000e+00 1.000000e+00
    outer loop
      vertex -2.500000e-01 1.816356e-01 9.510565e-01
      vertex -2.899258e-01 2.106434e-01 9.335804e-01
      vertex -3.103557e-01 1.791840e-01 9.335804e-01
    endloop
  endfacet
  facet normal 0.000000e+00 0.000000e+00 1.000000e+00
    outer loop
      vertex -2.676166e-01 1.545085e-01 9.510565e-01
      vertex -3.103557e-01 1.791840e-01 9.335804e-01
      vertex -3.273854e-01 1.457614e-01 9.335804e-01
    endloop
  endfacet
  facet normal 0.000000e+00 0.000000e+00 1.000000e+00
    outer loop
      vertex -2.823011e-01 1.256885e-01 9.510565e-01
      vertex -3.273854e-01 1.457614e-01 9.335804e-01
      vertex -3.408282e-01 1.107418e-01 9.335804e-01
    endloop
  endfacet
  facet normal 0.000000e+00 0.000000e+00 1.000000e+00
    outer loop
      vertex -2.938926e-01 9.549150e-02 9.510565e-01
      vertex -3.408282e-01 1.107418e-01 9.335804e-01
      vertex -3.505368e-01 7.450889e-02 9.335804e-01
    endloop
  endfacet
  facet normal 0.000000e+00 0.000000e+00 1.000000e+00
    outer loop
      vertex -3.022642e-01 6.424825e-02 9.510565e-01
      vertex -3.505368e-01 7.450889e-02 9.335804e-01
      vertex -3.564048e-01 3.745965e-02 9.335804e-01
    endloop
  endfacet
  facet normal 0.000000e+00 0.000000e+00 1.000000e+00
    outer loop
      vertex -3.073242e-01 3.230107e-02 9.510565e-01
      vertex -3.564048e-01 3.745965e-02 9.335804e-01
      vertex -3.583679e-01 2.030348e-16 9.335804e-01
    endloop
  endfacet
  facet normal 0.000000e+00 0.000000e+00 1.000000e+00
    outer loop
      vertex -3.090170e-01 1.750748e-16 9.510565e-01
      vertex -3.583679e-01 2.030348e-16 9.335804e-01
      vertex -3.564048e-01 -3.745965e-02 9.335804e-01
    endloop
  endfacet
  facet normal 0.000000e+00 0.000000e+00 1.000000e+00
    outer loop
      vertex -3.073242e-01 -3.230107e-02 9.510565e-01
      vertex -3.564048e-01 -3.745965e-02 9.335804e-01
      vertex -3.505368e-01 -7.450889e-02 9.335804e-01
    endloop
  endfacet
  facet normal 0.000000e+00 0.000000e+00 1.000000e+00
    outer loop
      vertex -3.022642e-01 -6.424825e-02 9.510565e-01
      vertex -3.505368e-01 -7.450889e-02 9.335804e-01
      vertex -3.408282e-01 -1.107418e-01 9.335804e-01
    endloop
  endfacet
  facet normal 0.000000e+00 0.000000e+00 1.000000e+00
    outer loop
      vertex -2.938926e-01 -9.549150e-02 9.510565e-01
      vertex -3.408282e-01 -1.107418e-01 9.335804e-01
      vertex -3.273854e-01 -1.457614e-01 9.335804e-01
    endloop
  endfacet
  facet normal 0.000000e+00 0.000000e+00 1.000000e+00
    outer loop
      vertex -2.823011e-01 -1.256885e-01 9.510565e-01
      vertex -3.273854e-01 -1.457614e-01 9.335804e-01
      vertex -3.103557e-01 -1.791840e-01 9.335804e-01
    endloop
  endfacet
  facet normal 0.000000e+00 0.000000e+00 1.000000e+00
    outer loop
      vertex -2.676166e-01 -1.545085e-01 9.510565e-01
      vertex -3.103557e-01 -1.791840e-01 9.335804e-01
      vertex -2.899258e-01 -2.106434e-01 9.335804e-01
    endloop
  endfacet
  facet normal 0.000000e+00 0.000000e+00 1.000000e+00
    outer loop
      vertex -2.500000e-01 -1.816356e-01 9.510565e-01
      vertex -2.899258e-01 -2.106434e-01 9.335804e-01
      vertex -2.663193e-01 -2.397950e-01 9.335804e-01
    endloop
  endfacet
  facet normal 0.000000e+00 0.000000e+00 1.000000e+00
    outer loop
      vertex -2.296444e-01 -2.067727e-01 9.510565e-01
      vertex -2.663193e-01 -2.397950e-01 9.335804e-01
      vertex -2.397950e-01 -2.663193e-01 9.335804e-01
    endloop
  endfacet
  facet normal 0.000000e+00 0.000000e+00 1.000000e+00
    outer loop
      vertex -2.067727e-01 -2.296444e-01 9.510565e-01
      vertex -2.397950e-01 -2.663193e-01 9.335804e-01
      vertex -2.106434e-01 -2.899258e-01 9.335804e-01
    endloop
  endfacet
  facet normal 0.000000e+00 0.000000e+00 1.000000e+00
    outer loop
      vertex -1.816356e-01 -2.500000e-01 9.510565e-01
      vertex -2.106434e-01 -2.899258e-01 9.335804e-01
      vertex -1.791840e-01 -3.103557e-01 9.335804e-01
    endloop
  endfacet
  facet normal 0.000000e+00 0.000000e+00 1.000000e+00
    outer loop
      vertex -1.545085e-01 -2.676166e-01 9.510565e-01
      vertex -1.791840e-01 -3.103557e-01 9.335804e-01
      vertex -1.457614e-01 -3.273854e-01 9.335804e-01
    endloop
  endfacet
  facet normal 0.000000e+00 0.000000e+00 1.000000e+00
    outer loop
      vertex -1.256885e-01 -2.823011e-01 9.510565e-01
      vertex -1.457614e-01 -3.273854e-01 9.335804e-01
      vertex -1.107418e-01 -3.408282e-01 9.335804e-01
    endloop
  endfacet
  facet normal 0.000000e+00 0.000000e+00 1.000000e+00
    outer loop
      vertex -9.549150e-02 -2.938926e-01 9.510565e-01
      vertex -1.107418e-01 -3.408282e-01 9.335804e-01
      vertex -7.450889e-02 -3.505368e-01 9.335804e-01
    endloop
  endfacet
  facet normal 0.000000e+00 0.000000e+00 1.000000e+00
    outer loop
      vertex -6.424825e-02 -3.022642e-01 9.510565e-01
      vertex -7.450889e-02 -3.505368e-01 9.335804e-01
      vertex -3.745965e-02 -3.564048e-01 9.335804e-01
    endloop
  endfacet
  facet normal 0.000000e+00 0.000000e+00 1.000000e+00
    outer loop
      vertex -3.230107e-02 -3.073242e-01 9.510565e-01
      vertex -3.745965e-02 -3.564048e-01 9.335804e-01
      vertex -6.583112e-17 -3.583679e-01 9.335804e-01
    endloop
  endfacet
  facet normal 0.000000e+00 0.000000e+00 1.000000e+00
    outer loop
      vertex -5.676550e-17 -3.090170e-01 9.510565e-01
      vertex -6.583112e-17 -3.583679e-01 9.335804e-01
      vertex 3.745965e-02 -3.564048e-01 9.335804e-01
    endloop
  endfacet
  facet normal 0.000000e+00 0.000000e+00 1.000000e+00
    outer loop
      vertex 3.230107e-02 -3.073242e-01 9.510565e-01
      vertex 3.745965e-02 -3.564048e-01 9.335804e-01
      vertex 7.450889e-02 -3.505368e-01 9.335804e-01
    endloop
  endfacet
  facet normal 0.000000e+00 0.000000e+00 1.000000e+00
    outer loop
      vertex 6.424825e-02 -3.022642e-01 9.510565e-01
      vertex 7.450889e-02 -3.505368e-01 9.335804e-01
      vertex 1.107418e-01 -3.408282e-01 9.335804e-01
    endloop
  endfacet
  facet normal 0.000000e+00 0.000000e+00 1.000000e+00
    outer loop
      vertex 9.549150e-02 -2.938926e-01 9.510565e-01
      vertex 1.107418e-01 -3.408282e-01 9.335804e-01
      vertex 1.457614e-01 -3.273854e-01 9.335804e-01
    endloop
  endfacet
  facet normal 0.000000e+00 0.000000e+00 1.000000e+00
    outer loop
      vertex 1.256885e-01 -2.823011e-01 9.510565e-01
      vertex 1.457614e-01 -3.273854e-01 9.335804e-01
      vertex 1.791840e-01 -3.103557e-01 9.335804e-01
    endloop
  endfacet
  facet normal 0.000000e+00 0.000000e+00 1.000000e+00
    outer loop
      vertex 1.545085e-01 -2.676166e-01 9.510565e-01
      vertex 1.791840e-01 -3.103557e-01 9.335804e-01
      vertex 2.106434e-01 -2.899258e-01 9.335804e-01
    endloop
  endfacet
  facet normal 0.000000e+00 0.000000e+00 1.000000e+00
    outer loop
      vertex 1.816356e-01 -2.500000e-01 9.510565e-01
      vertex 2.106434e-01 -2.899258e-01 9.335804e-01
      vertex 2.397950e-01 -2.663193e-01 9.335804e-01
    endloop
  endfacet
  facet normal 0.000000e+00 0.000000e+00 1.000000e+00
    outer loop
      vertex 2.067727e-01 -2.296444e-01 9.510565e-01
      vertex 2.397950e-01 -2.663193e-01 9.335804e-01
      vertex 2.663193e-01 -2.397950e-01 9.335804e-01
    endloop
  endfacet
  facet normal 0.000000e+00 0.000000e+00 1.000000e+00
    outer loop
      vertex 2.296444e-01 -2.067727e-01 9.510565e-01
      vertex 2.663193e-01 -2.397950e-01 9.335804e-01
      vertex 2.899258e-01 -2.106434e-01 9.335804e-01
    endloop
  endfacet
  facet normal 0.000000e+00 0.000000e+00 1.000000e+00
    outer loop
      vertex 2.500000e-01 -1.816356e-01 9.510565e-01
      vertex 2.899258e-01 -2.106434e-01 9.335804e-01
      vertex 3.103557e-01 -1.791840e-01 9.335804e-01
    endloop
  endfacet
  facet normal 0.000000e+00 0.000000e+00 1.000000e+00
    outer loop
      vertex 2.676166e-01 -1.545085e-01 9.510565e-01
      vertex 3.103557e-01 -1.791840e-01 9.335804e-01
      vertex 3.273854e-01 -1.457614e-01 9.335804e-01
    endloop
  endfacet
  facet normal 0.000000e+00 0.000000e+00 1.000000e+00
    outer loop
      vertex 2.823011e-01 -1.256885e-01 9.510565e-01
      vertex 3.273854e-01 -1.457614e-01 9.335804e-01
      vertex 3.408282e-01 -1.107418e-01 9.335804e-01
    endloop
  endfacet
  facet normal 0.000000e+00 0.000000e+00 1.000000e+00
    outer loop
      vertex 2.938926e-01 -9.549150e-02 9.510565e-01
      vertex 3.408282e-01 -1.107418e-01 9.335804e-01
      vertex 3.505368e-01 -7.450889e-02 9.335804e-01
    endloop
  endfacet
  facet normal 0.000000e+00 0.000000e+00 1.000000e+00
    outer loop
      vertex 3.022642e-01 -6.424825e-02 9.510565e-01
      vertex 3.505368e-01 -7.450889e-02 9.335804e-01
      vertex 3.564048e-01 -3.745965e-02 9.335804e-01
    endloop
  endfacet
  facet normal 0.000000e+00 0.000000e+00 1.000000e+00
    outer loop
      vertex 3.073242e-01 -3.230107e-02 9.510565e-01
      vertex 3.564048e-01 -3.745965e-02 9.335804e-01
      vertex 3.583679e-01 -4.060695e-16 9.335804e-01
    endloop
  endfacet
  facet normal 0.000000e+00 0.000000e+00 1.000000e+00
    outer loop
      vertex 3.583679e-01 0.000000e+00 9.335804e-01
      vertex 4.067366e-01 0.000000e+00 9.135455e-01
      vertex 4.045085e-01 4.251556e-02 9.135455e-01
    endloop
  endfacet
  facet normal 0.000000e+00 0.000000e+00 1.000000e+00
    outer loop
      vertex 3.564048e-01 3.745965e-02 9.335804e-01
      vertex 4.045085e-01 4.251556e-02 9.135455e-01
      vertex 3.978485e-01 8.456530e-02 9.135455e-01
    endloop
  endfacet
  facet normal 0.000000e+00 0.000000e+00 1.000000e+00
    outer loop
      vertex 3.505368e-01 7.450889e-02 9.335804e-01
      vertex 3.978485e-01 8.456530e-02 9.135455e-01
      vertex 3.868295e-01 1.256885e-01 9.135455e-01
    endloop
  endfacet
  facet normal 0.000000e+00 0.000000e+00 1.000000e+00
    outer loop
      vertex 3.408282e-01 1.107418e-01 9.335804e-01
      vertex 3.868295e-01 1.256885e-01 9.135455e-01
      vertex 3.715724e-01 1.654347e-01 9.135455e-01
    endloop
  endfacet
  facet normal 0.000000e+00 0.000000e+00 1.000000e+00
    outer loop
      vertex 3.273854e-01 1.457614e-01 9.335804e-01
      vertex 3.715724e-01 1.654347e-01 9.135455e-01
      vertex 3.522443e-01 2.033683e-01 9.135455e-01
    endloop
  endfacet
  facet normal 0.000000e+00 0.000000e+00 1.000000e+00
    outer loop
      vertex 3.103557e-01 1.791840e-01 9.335804e-01
      vertex 3.522443e-01 2.033683e-01 9.135455e-01
      vertex 3.290569e-01 2.390738e-01 9.135455e-01
    endloop
  endfacet
  facet normal 0.000000e+00 0.000000e+00 1.000000e+00
    outer loop
      vertex 2.899258e-01 2.106434e-01 9.335804e-01
      vertex 3.290569e-01 2.390738e-01 9.135455e-01
      vertex 3.022642e-01 2.721599e-01 9.135455e-01
    endloop
  endfacet
  facet normal 0.000000e+00 0.000000e+00 1.000000e+00
    outer loop
      vertex 2.663193e-01 2.397950e-01 9.335804e-01
      vertex 3.022642e-01 2.721599e-01 9.135455e-01
      vertex 2.721599e-01 3.022642e-01 9.135455e-01
    endloop
  endfacet
  facet normal 0.000000e+00 0.000000e+00 1.000000e+00
    outer loop
      vertex 2.397950e-01 2.663193e-01 9.335804e-01
      vertex 2.721599e-01 3.022642e-01 9.135455e-01
      vertex 2.390738e-01 3.290569e-01 9.135455e-01
    endloop
  endfacet
  facet normal 0.000000e+00 0.000000e+00 1.000000e+00
    outer loop
      vertex 2.106434e-01 2.899258e-01 9.335804e-01
      vertex 2.390738e-01 3.290569e-01 9.135455e-01
      vertex 2.033683e-01 3.522443e-01 9.135455e-01
    endloop
  endfacet
  facet normal 0.000000e+00 0.000000e+00 1.000000e+00
    outer loop
      vertex 1.791840e-01 3.103557e-01 9.335804e-01
      vertex 2.033683e-01 3.522443e-01 9.135455e-01
      vertex 1.654347e-01 3.715724e-01 9.135455e-01
    endloop
  endfacet
  facet normal 0.000000e+00 0.000000e+00 1.000000e+00
    outer loop
      vertex 1.457614e-01 3.273854e-01 9.335804e-01
      vertex 1.654347e-01 3.715724e-01 9.135455e-01
      vertex 1.256885e-01 3.868295e-01 9.135455e-01
    endloop
  endfacet
  facet normal 0.000000e+00 0.000000e+00 1.000000e+00
    outer loop
      vertex 1.107418e-01 3.408282e-01 9.335804e-01
      vertex 1.256885e-01 3.868295e-01 9.135455e-01
      vertex 8.456530e-02 3.978485e-01 9.135455e-01
    endloop
  endfacet
  facet normal 0.000000e+00 0.000000e+00 1.000000e+00
    outer loop
      vertex 7.450889e-02 3.505368e-01 9.335804e-01
      vertex 8.456530e-02 3.978485e-01 9.135455e-01
      vertex 4.251556e-02 4.045085e-01 9.135455e-01
    endloop
  endfacet
  facet normal 0.000000e+00 0.000000e+00 1.000000e+00
    outer loop
      vertex 3.745965e-02 3.564048e-01 9.335804e-01
      vertex 4.251556e-02 4.045085e-01 9.135455e-01
      vertex 1.152191e-16 4.067366e-01 9.135455e-01
    endloop
  endfacet
  facet normal 0.000000e+00 0.000000e+00 1.000000e+00
    outer loop
      vertex 1.015174e-16 3.583679e-01 9.335804e-01
      vertex 1.152191e-16 4.067366e-01 9.135455e-01
      vertex -4.251556e-02 4.045085e-01 9.135455e-01
    endloop
  endfacet
  facet normal 0.000000e+00 0.000000e+00 1.000000e+00
    outer loop
      vertex -3.745965e-02 3.564048e-01 9.335804e-01
      vertex -4.251556e-02 4.045085e-01 9.135455e-01
      vertex -8.456530e-02 3.978485e-01 9.135455e-01
    endloop
  endfacet
  facet normal 0.000000e+00 0.000000e+00 1.000000e+00
    outer loop
      vertex -7.450889e-02 3.505368e-01 9.335804e-01
      vertex -8.456530e-02 3.978485e-01 9.135455e-01
      vertex -1.256885e-01 3.868295e-01 9.135455e-01
    endloop
  endfacet
  facet normal 0.000000e+00 0.000000e+00 1.000000e+00
    outer loop
      vertex -1.107418e-01 3.408282e-01 9.335804e-01
      vertex -1.256885e-01 3.868295e-01 9.135455e-01
      vertex -1.654347e-01 3.715724e-01 9.135455e-01
    endloop
  endfacet
  facet normal 0.000000e+00 0.000000e+00 1.000000e+00
    outer loop
      vertex -1.457614e-01 3.273854e-01 9.335804e-01
      vertex -1.654347e-01 3.715724e-01 9.135455e-01
      vertex -2.033683e-01 3.522443e-01 9.135455e-01
    endloop
  endfacet
  facet normal 0.000000e+00 0.000000e+00 1.000000e+00
    outer loop
      vertex -1.791840e-01 3.103557e-01 9.335804e-01
      vertex -2.033683e-01 3.522443e-01 9.135455e-01
      vertex -2.390738e-01 3.290569e-01 9.135455e-01
    endloop
  endfacet
  facet normal 0.000000e+00 0.000000e+00 1.000000e+00
    outer loop
      vertex -2.106434e-01 2.899258e-01 9.335804e-01
      vertex -2.390738e-01 3.290569e-01 9.135455e-01
      vertex -2.721599e-01 3.022642e-01 9.135455e-01
    endloop
  endfacet
  facet normal 0.000000e+00 0.000000e+00 1.000000e+00
    outer loop
      vertex -2.397950e-01 2.663193e-01 9.335804e-01
      vertex -2.721599e-01 3.022642e-01 9.135455e-01
      vertex -3.022642e-01 2.721599e-01 9.135455e-01
    endloop
  endfacet
  facet normal 0.000000e+00 0.000000e+00 1.000000e+00
    outer loop
      vertex -2.663193e-01 2.397950e-01 9.335804e-01
      vertex -3.022642e-01 2.721599e-01 9.135455e-01
      vertex -3.290569e-01 2.390738e-01 9.135455e-01
    endloop
  endfacet
  facet normal 0.000000e+00 0.000000e+00 1.000000e+00
    outer loop
      vertex -2.899258e-01 2.106434e-01 9.335804e-01
      vertex -3.290569e-01 2.390738e-01 9.135455e-01
      vertex -3.522443e-01 2.033683e-01 9.135455e-01
    endloop
  endfacet
  facet normal 0.000000e+00 0.000000e+00 1.000000e+00
    outer loop
      vertex -3.103557e-01 1.791840e-01 9.335804e-01
      vertex -3.522443e-01 2.033683e-01 9.135455e-01
      vertex -3.715724e-01 1.654347e-01 9.135455e-01
    endloop
  endfacet
  facet normal 0.000000e+00 0.000000e+00 1.000000e+00
    outer loop
      vertex -3.273854e-01 1.457614e-01 9.335804e-01
      vertex -3.715724e-01 1.654347e-01 9.135455e-01
      vertex -3.868295e-01 1.256885e-01 9.135455e-01
    endloop
  endfacet
  facet normal 0.000000e+00 0.000000e+00 1.000000e+00
    outer loop
      vertex -3.408282e-01 1.107418e-01 9.335804e-01
      vertex -3.868295e-01 1.256885e-01 9.135455e-01
      vertex -3.978485e-01 8.456530e-02 9.135455e-01
    endloop
  endfacet
  facet normal 0.000000e+00 0.000000e+00 1.000000e+00
    outer loop
      vertex -3.505368e-01 7.450889e-02 9.335804e-01
      vertex -3.978485e-01 8.456530e-02 9.135455e-01
      vertex -4.045085e-01 4.251556e-02 9.135455e-01
    endloop
  endfacet
  facet normal 0.000000e+00 0.000000e+00 1.000000e+00
    outer loop
      vertex -3.564048e-01 3.745965e-02 9.335804e-01
      vertex -4.045085e-01 4.251556e-02 9.135455e-01
      vertex -4.067366e-01 2.304382e-16 9.135455e-01
    endloop
  endfacet
  facet normal 0.000000e+00 0.000000e+00 1.000000e+00
    outer loop
      vertex -3.583679e-01 2.030348e-16 9.335804e-01
      vertex -4.067366e-01 2.304382e-16 9.135455e-01
      vertex -4.045085e-01 -4.251556e-02 9.135455e-01
    endloop
  endfacet
  facet normal 0.000000e+00 0.000000e+00 1.000000e+00
    outer loop
      vertex -3.564048e-01 -3.745965e-02 9.335804e-01
      vertex -4.045085e-01 -4.251556e-02 9.135455e-01
      vertex -3.978485e-01 -8.456530e-02 9.135455e-01
    endloop
  endfacet
  facet normal 0.000000e+00 0.000000e+00 1.000000e+00
    outer loop
      vertex -3.505368e-01 -7.450889e-02 9.335804e-01
      vertex -3.978485e-01 -8.456530e-02 9.135455e-01
      vertex -3.868295e-01 -1.256885e-01 9.135455e-01
    endloop
  endfacet
  facet normal 0.000000e+00 0.000000e+00 1.000000e+00
    outer loop
      vertex -3.408282e-01 -1.107418e-01 9.335804e-01
      vertex -3.868295e-01 -1.256885e-01 9.135455e-01
      vertex -3.715724e-01 -1.654347e-01 9.135455e-01
    endloop
  endfacet
  facet normal 0.000000e+00 0.000000e+00 1.000000e+00
    outer loop
      vertex -3.273854e-01 -1.457614e-01 9.335804e-01
      vertex -3.715724e-01 -1.654347e-01 9.135455e-01
      vertex -3.522443e-01 -2.033683e-01 9.135455e-01
    endloop
  endfacet
  facet normal 0.000000e+00 0.000000e+00 1.000000e+00
    outer loop
      vertex -3.103557e-01 -1.791840e-01 9.335804e-01
      vertex -3.522443e-01 -2.033683e-01 9.135455e-01
      vertex -3.290569e-01 -2.390738e-01 9.135455e-01
    endloop
  endfacet
  facet normal 0.000000e+00 0.000000e+00 1.000000e+00
    outer loop
      vertex -2.899258e-01 -2.106434e-01 9.335804e-01
      vertex -3.290569e-01 -2.390738e-01 9.135455e-01
      vertex -3.022642e-01 -2.721599e-01 9.135455e-01
    endloop
  endfacet
  facet normal 0.000000e+00 0.000000e+00 1.000000e+00
    outer loop
      vertex -2.663193e-01 -2.397950e-01 9.335804e-01
      vertex -3.022642e-01 -2.721599e-01 9.135455e-01
      vertex -2.721599e-01 -3.022642e-01 9.135455e-01
    endloop
  endfacet
  facet normal 0.000000e+00 0.000000e+00 1.000000e+00
    outer loop
      vertex -2.397950e-01 -2.663193e-01 9.335804e-01
      vertex -2.721599e-01 -3.022642e-01 9.135455e-01
      vertex -2.390738e-01 -3.290569e-01 9.135455e-01
    endloop
  endfacet
  facet normal 0.000000e+00 0.000000e+00 1.000000e+00
    outer loop
      vertex -2.106434e-01 -2.899258e-01 9.335804e-01
      vertex -2.390738e-01 -3.290569e-01 9.135455e-01
      vertex -2.033683e-01 -3.522443e-01 9.135455e-01
    endloop
  endfacet
  facet normal 0.000000e+00 0.000000e+00 1.000000e+00
    outer loop
      vertex -1.791840e-01 -3.103557e-01 9.335804e-01
      vertex -2.033683e-01 -3.522443e-01 9.135455e-01
      vertex -1.654347e-01 -3.715724e-01 9.135455e-01
    endloop
  endfacet
  facet normal 0.000000e+00 0.000000e+00 1.000000e+00
    outer loop
      vertex -1.457614e-01 -3.273854e-01 9.335804e-01
      vertex -1.654347e-01 -3.715724e-01 9.135455e-01
      vertex -1.256885e-01 -3.868295e-01 9.135455e-01
    endloop
  endfacet
  facet normal 0.000000e+00 0.000000e+00 1.000000e+00
    outer loop
      vertex -1.107418e-01 -3.408282e-01 9.335804e-01
      vertex -1.256885e-01 -3.868295e-01 9.135455e-01
      vertex -8.456530e-02 -3.978485e-01 9.135455e-01
    endloop
  endfacet
  facet normal 0.000000e+00 0.000000e+00 1.000000e+00
    outer loop
      vertex -7.450889e-02 -3.505368e-01 9.335804e-01
      vertex -8.456530e-02 -3.978485e-01 9.135455e-01
      vertex -4.251556e-02 -4.045085e-01 9.135455e-01
    endloop
  endfacet
  facet normal 0.000000e+00 0.000000e+00 1.000000e+00
    outer loop
      vertex -3.745965e-02 -3.564048e-01 9.335804e-01
      vertex -4.251556e-02 -4.045085e-01 9.135455e-01
      vertex -7.471631e-17 -4.067366e-01 9.135455e-01
    endloop
  endfacet
  facet normal 0.000000e+00 0.000000e+00 1.000000e+00
    outer loop
      vertex -6.583112e-17 -3.583679e-01 9.335804e-01
      vertex -7.471631e-17 -4.067366e-01 9.135455e-01
      vertex 4.251556e-02 -4.045085e-01 9.135455e-01
    endloop
  endfacet
  facet normal 0.000000e+00 0.000000e+00 1.000000e+00
    outer loop
      vertex 3.745965e-02 -3.564048e-01 9.335804e-01
      vertex 4.251556e-02 -4.045085e-01 9.135455e-01
      vertex 8.456530e-02 -3.978485e-01 9.135455e-01
    endloop
  endfacet
  facet normal 0.000000e+00 0.000000e+00 1.000000e+00
    outer loop
      vertex 7.450889e-02 -3.505368e-01 9.335804e-01
      vertex 8.456530e-02 -3.978485e-01 9.135455e-01
      vertex 1.256885e-01 -3.868295e-01 9.135455e-01
    endloop
  endfacet
  facet normal 0.000000e+00 0.000000e+00 1.000000e+00
    outer loop
      vertex 1.107418e-01 -3.408282e-01 9.335804e-01
      vertex 1.256885e-01 -3.868295e-01 9.135455e-01
      vertex 1.654347e-01 -3.715724e-01 9.135455e-01
    endloop
  endfacet
  facet normal 0.000000e+00 0.000000e+00 1.000000e+00
    outer loop
      vertex 1.457614e-01 -3.273854e-01 9.335804e-01
      vertex 1.654347e-01 -3.715724e-01 9.135455e-01
      vertex 2.033683e-01 -3.522443e-01 9.135455e-01
    endloop
  endfacet
  facet normal 0.000000e+00 0.000000e+00 1.000000e+00
    outer loop
      vertex 1.791840e-01 -3.103557e-01 9.335804e-01
      vertex 2.033683e-01 -3.522443e-01 9.135455e-01
      vertex 2.390738e-01 -3.290569e-01 9.135455e-01
    endloop
  endfacet
  facet normal 0.000000e+00 0.000000e+00 1.000000e+00
    outer loop
      vertex 2.106434e-01 -2.899258e-01 9.335804e-01
      vertex 2.390738e-01 -3.290569e-01 9.135455e-01
      vertex 2.721599e-01 -3.022642e-01 9.135455e-01
    endloop
  endfacet
  facet normal 0.000000e+00 0.000000e+00 1.000000e+00
    outer loop
      vertex 2.397950e-01 -2.663193e-01 9.335804e-01
      vertex 2.721599e-01 -3.022642e-01 9.135455e-01
      vertex 3.022642e-01 -2.721599e-01 9.135455e-01
    endloop
  endfacet
  facet normal 0.000000e+00 0.000000e+00 1.000000e+00
    outer loop
      vertex 2.663193e-01 -2.397950e-01 9.335804e-01
      vertex 3.022642e-01 -2.721599e-01 9.135455e-01
      vertex 3.290569e-01 -2.390738e-01 9.135455e-01
    endloop
  endfacet
  facet normal 0.000000e+00 0.000000e+00 1.000000e+00
    outer loop
      vertex 2.899258e-01 -2.106434e-01 9.335804e-01
      vertex 3.290569e-01 -2.390738e-01 9.135455e-01
      vertex 3.522443e-01 -2.033683e-01 9.135455e-01
    endloop
  endfacet
  facet normal 0.000000e+00 0.000000e+00 1.000000e+00
    outer loop
      vertex 3.103557e-01 -1.791840e-01 9.335804e-01
      vertex 3.522443e-01 -2.033683e-01 9.135455e-01
      vertex 3.715724e-01 -1.654347e-01 9.135455e-01
    endloop
  endfacet
  facet normal 0.000000e+00 0.000000e+00 1.000000e+00
    outer loop
      vertex 3.273854e-01 -1.457614e-01 9.335804e-01
      vertex 3.715724e-01 -1.654347e-01 9.135455e-01
      vertex 3.868295e-01 -1.256885e-01 9.135455e-01
    endloop
  endfacet
  facet normal 0.000000e+00 0.000000e+00 1.000000e+00
    outer loop
      vertex 3.408282e-01 -1.107418e-01 9.335804e-01
      vertex 3.868295e-01 -1.256885e-01 9.135455e-01
      vertex 3.978485e-01 -8.456530e-02 9.135455e-01
    endloop
  endfacet
  facet normal 0.000000e+00 0.000000e+00 1.000000e+00
    outer loop
      vertex 3.505368e-01 -7.450889e-02 9.335804e-01
      vertex 3.978485e-01 -8.456530e-02 9.135455e-01
      vertex 4.045085e-01 -4.251556e-02 9.135455e-01
    endloop
  endfacet
  facet normal 0.000000e+00 0.000000e+00 1.000000e+00
    outer loop
      vertex 3.564048e-01 -3.745965e-02 9.335804e-01
      vertex 4.045085e-01 -4.251556e-02 9.135455e-01
      vertex 4.067366e-01 -4.608765e-16 9.135455e-01
    endloop
  endfacet
  facet normal 0.000000e+00 0.000000e+00 1.000000e+00
    outer loop
      vertex 4.067366e-01 0.000000e+00 9.135455e-01
      vertex 4.539905e-01 0.000000e+00 8.910065e-01
      vertex 4.515035e-01 4.745493e-02 8.910065e-01
    endloop
  endfacet
  facet normal 0.000000e+00 0.000000e+00 1.000000e+00
    outer loop
      vertex 4.045085e-01 4.251556e-02 9.135455e-01
      vertex 4.515035e-01 4.745493e-02 8.910065e-01
      vertex 4.440697e-01 9.438993e-02 8.910065e-01
    endloop
  endfacet
  facet normal 0.000000e+00 0.000000e+00 1.000000e+00
    outer loop
      vertex 3.978485e-01 8.456530e-02 9.135455e-01
      vertex 4.440697e-01 9.438993e-02 8.910065e-01
      vertex 4.317706e-01 1.402908e-01 8.910065e-01
    endloop
  endfacet
  facet normal 0.000000e+00 0.000000e+00 1.000000e+00
    outer loop
      vertex 3.868295e-01 1.256885e-01 9.135455e-01
      vertex 4.317706e-01 1.402908e-01 8.910065e-01
      vertex 4.147410e-01 1.846546e-01 8.910065e-01
    endloop
  endfacet
  facet normal 0.000000e+00 0.000000e+00 1.000000e+00
    outer loop
      vertex 3.715724e-01 1.654347e-01 9.135455e-01
      vertex 4.147410e-01 1.846546e-01 8.910065e-01
      vertex 3.931673e-01 2.269952e-01 8.910065e-01
    endloop
  endfacet
  facet normal 0.000000e+00 0.000000e+00 1.000000e+00
    outer loop
      vertex 3.522443e-01 2.033683e-01 9.135455e-01
      vertex 3.931673e-01 2.269952e-01 8.910065e-01
      vertex 3.672860e-01 2.668489e-01 8.910065e-01
    endloop
  endfacet
  facet normal 0.000000e+00 0.000000e+00 1.000000e+00
    outer loop
      vertex 3.290569e-01 2.390738e-01 9.135455e-01
      vertex 3.672860e-01 2.668489e-01 8.910065e-01
      vertex 3.373807e-01 3.037789e-01 8.910065e-01
    endloop
  endfacet
  facet normal 0.000000e+00 0.000000e+00 1.000000e+00
    outer loop
      vertex 3.022642e-01 2.721599e-01 9.135455e-01
      vertex 3.373807e-01 3.037789e-01 8.910065e-01
      vertex 3.037789e-01 3.373807e-01 8.910065e-01
    endloop
  endfacet
  facet normal 0.000000e+00 0.000000e+00 1.000000e+00
    outer loop
      vertex 2.721599e-01 3.022642e-01 9.135455e-01
      vertex 3.037789e-01 3.373807e-01 8.910065e-01
      vertex 2.668489e-01 3.672860e-01 8.910065e-01
    endloop
  endfacet
  facet normal 0.000000e+00 0.000000e+00 1.000000e+00
    outer loop
      vertex 2.390738e-01 3.290569e-01 9.135455e-01
      vertex 2.668489e-01 3.672860e-01 8.910065e-01
      vertex 2.269952e-01 3.931673e-01 8.910065e-01
    endloop
  endfacet
  facet normal 0.000000e+00 0.000000e+00 1.000000e+00
    outer loop
      vertex 2.033683e-01 3.522443e-01 9.135455e-01
      vertex 2.269952e-01 3.931673e-01 8.910065e-01
      vertex 1.846546e-01 4.147410e-01 8.910065e-01
    endloop
  endfacet
  facet normal 0.000000e+00 0.000000e+00 1.000000e+00
    outer loop
      vertex 1.654347e-01 3.715724e-01 9.135455e-01
      vertex 1.846546e-01 4.147410e-01 8.910065e-01
      vertex 1.402908e-01 4.317706e-01 8.910065e-01
    endloop
  endfacet
  facet normal 0.000000e+00 0.000000e+00 1.000000e+00
    outer loop
      vertex 1.256885e-01 3.868295e-01 9.135455e-01
      vertex 1.402908e-01 4.317706e-01 8.910065e-01
      vertex 9.438993e-02 4.440697e-01 8.910065e-01
    endloop
  endfacet
  facet normal 0.000000e+00 0.000000e+00 1.000000e+00
    outer loop
      vertex 8.456530e-02 3.978485e-01 9.135455e-01
      vertex 9.438993e-02 4.440697e-01 8.910065e-01
      vertex 4.745493e-02 4.515035e-01 8.910065e-01
    endloop
  endfacet
  facet normal 0.000000e+00 0.000000e+00 1.000000e+00
    outer loop
      vertex 4.251556e-02 4.045085e-01 9.135455e-01
      vertex 4.745493e-02 4.515035e-01 8.910065e-01
      vertex 1.286050e-16 4.539905e-01 8.910065e-01
    endloop
  endfacet
  facet normal 0.000000e+00 0.000000e+00 1.000000e+00
    outer loop
      vertex 1.152191e-16 4.067366e-01 9.135455e-01
      vertex 1.286050e-16 4.539905e-01 8.910065e-01
      vertex -4.745493e-02 4.515035e-01 8.910065e-01
    endloop
  endfacet
  facet normal 0.000000e+00 0.000000e+00 1.000000e+00
    outer loop
      vertex -4.251556e-02 4.045085e-01 9.135455e-01
      vertex -4.745493e-02 4.515035e-01 8.910065e-01
      vertex -9.438993e-02 4.440697e-01 8.910065e-01
    endloop
  endfacet
  facet normal 0.000000e+00 0.000000e+00 1.000000e+00
    outer loop
      vertex -8.456530e-02 3.978485e-01 9.135455e-01
      vertex -9.438993e-02 4.440697e-01 8.910065e-01
      vertex -1.402908e-01 4.317706e-01 8.910065e-01
    endloop
  endfacet
  facet normal 0.000000e+00 0.000000e+00 1.000000e+00
    outer loop
      vertex -1.256885e-01 3.868295e-01 9.135455e-01
      vertex -1.402908e-01 4.317706e-01 8.910065e-01
      vertex -1.846546e-01 4.147410e-01 8.910065e-01
    endloop
  endfacet
  facet normal 0.000000e+00 0.000000e+00 1.000000e+00
    outer loop
      vertex -1.654347e-01 3.715724e-01 9.135455e-01
      vertex -1.846546e-01 4.147410e-01 8.910065e-01
      vertex -2.269952e-01 3.931673e-01 8.910065e-01
    endloop
  endfacet
  facet normal 0.000000e+00 0.000000e+00 1.000000e+00
    outer loop
      vertex -2.033683e-01 3.522443e-01 9.135455e-01
      vertex -2.269952e-01 3.931673e-01 8.910065e-01
      vertex -2.668489e-01 3.672860e-01 8.910065e-01
    endloop
  endfacet
  facet normal 0.000000e+00 0.000000e+00 1.000000e+00
    outer loop
      vertex -2.390738e-01 3.290569e-01 9.135455e-01
      vertex -2.668489e-01 3.672860e-01 8.910065e-01
      vertex -3.037789e-01 3.373807e-01 8.910065e-01
    endloop
  endfacet
  facet normal 0.000000e+00 0.000000e+00 1.000000e+00
    outer loop
      vertex -2.721599e-01 3.022642e-01 9.135455e-01
      vertex -3.037789e-01 3.373807e-01 8.910065e-01
      vertex -3.373807e-01 3.037789e-01 8.910065e-01
    endloop
  endfacet
  facet normal 0.000000e+00 0.000000e+00 1.000000e+00
    outer loop
      vertex -3.022642e-01 2.721599e-01 9.135455e-01
      vertex -3.373807e-01 3.037789e-01 8.910065e-01
      vertex -3.672860e-01 2.668489e-01 8.910065e-01
    endloop
  endfacet
  facet normal 0.000000e+00 0.000000e+00 1.000000e+00
    outer loop
      vertex -3.290569e-01 2.390738e-01 9.135455e-01
      vertex -3.672860e-01 2.668489e-01 8.910065e-01
      vertex -3.931673e-01 2.269952e-01 8.910065e-01
    endloop
  endfacet
  facet normal 0.000000e+00 0.000000e+00 1.000000e+00
    outer loop
      vertex -3.522443e-01 2.033683e-01 9.135455e-01
      vertex -3.931673e-01 2.269952e-01 8.910065e-01
      vertex -4.147410e-01 1.846546e-01 8.910065e-01
    endloop
  endfacet
  facet normal 0.000000e+00 0.000000e+00 1.000000e+00
    outer loop
      vertex -3.715724e-01 1.654347e-01 9.135455e-01
      vertex -4.147410e-01 1.846546e-01 8.910065e-01
      vertex -4.317706e-01 1.402908e-01 8.910065e-01
    endloop
  endfacet
  facet normal 0.000000e+00 0.000000e+00 1.000000e+00
    outer loop
      vertex -3.868295e-01 1.256885e-01 9.135455e-01
      vertex -4.317706e-01 1.402908e-01 8.910065e-01
      vertex -4.440697e-01 9.438993e-02 8.910065e-01
    endloop
  endfacet
  facet normal 0.000000e+00 0.000000e+00 1.000000e+00
    outer loop
      vertex -3.978485e-01 8.456530e-02 9.135455e-01
      vertex -4.440697e-01 9.438993e-02 8.910065e-01
      vertex -4.515035e-01 4.745493e-02 8.910065e-01
    endloop
  endfacet
  facet normal 0.000000e+00 0.000000e+00 1.000000e+00
    outer loop
      vertex -4.045085e-01 4.251556e-02 9.135455e-01
      vertex -4.515035e-01 4.745493e-02 8.910065e-01
      vertex -4.539905e-01 2.572101e-16 8.910065e-01
    endloop
  endfacet
  facet normal 0.000000e+00 0.000000e+00 1.000000e+00
    outer loop
      vertex -4.067366e-01 2.304382e-16 9.135455e-01
      vertex -4.539905e-01 2.572101e-16 8.910065e-01
      vertex -4.515035e-01 -4.745493e-02 8.910065e-01
    endloop
  endfacet
  facet normal 0.000000e+00 0.000000e+00 1.000000e+00
    outer loop
      vertex -4.045085e-01 -4.251556e-02 9.135455e-01
      vertex -4.515035e-01 -4.745493e-02 8.910065e-01
      vertex -4.440697e-01 -9.438993e-02 8.910065e-01
    endloop
  endfacet
  facet normal 0.000000e+00 0.000000e+00 1.000000e+00
    outer loop
      vertex -3.978485e-01 -8.456530e-02 9.135455e-01
      vertex -4.440697e-01 -9.438993e-02 8.910065e-01
      vertex -4.317706e-01 -1.402908e-01 8.910065e-01
    endloop
  endfacet
  facet normal 0.000000e+00 0.000000e+00 1.000000e+00
    outer loop
      vertex -3.868295e-01 -1.256885e-01 9.135455e-01
      vertex -4.317706e-01 -1.402908e-01 8.910065e-01
      vertex -4.147410e-01 -1.846546e-01 8.910065e-01
    endloop
  endfacet
  facet normal 0.000000e+00 0.000000e+00 1.000000e+00
    outer loop
      vertex -3.715724e-01 -1.654347e-01 9.135455e-01
      vertex -4.147410e-01 -1.846546e-01 8.910065e-01
      vertex -3.931673e-01 -2.269952e-01 8.910065e-01
    endloop
  endfacet
  facet normal 0.000000e+00 0.000000e+00 1.000000e+00
    outer loop
      vertex -3.522443e-01 -2.033683e-01 9.135455e-01
      vertex -3.931673e-01 -2.269952e-01 8.910065e-01
      vertex -3.672860e-01 -2.668489e-01 8.910065e-01
    endloop
  endfacet
  facet normal 0.000000e+00 0.000000e+00 1.000000e+00
    outer loop
      vertex -3.290569e-01 -2.390738e-01 9.135455e-01
      vertex -3.672860e-01 -2.668489e-01 8.910065e-01
      vertex -3.373807e-01 -3.037789e-01 8.910065e-01
    endloop
  endfacet
  facet normal 0.000000e+00 0.000000e+00 1.000000e+00
    outer loop
      vertex -3.022642e-01 -2.721599e-01 9.135455e-01
      vertex -3.373807e-01 -3.037789e-01 8.910065e-01
      vertex -3.037789e-01 -3.373807e-01 8.910065e-01
    endloop
  endfacet
  facet normal 0.000000e+00 0.000000e+00 1.000000e+00
    outer loop
      vertex -2.721599e-01 -3.022642e-01 9.135455e-01
      vertex -3.037789e-01 -3.373807e-01 8.910065e-01
      vertex -2.668489e-01 -3.672860e-01 8.910065e-01
    endloop
  endfacet
  facet normal 0.000000e+00 0.000000e+00 1.000000e+00
    outer loop
      vertex -2.390738e-01 -3.290569e-01 9.135455e-01
      vertex -2.668489e-01 -3.672860e-01 8.910065e-01
      vertex -2.269952e-01 -3.931673e-01 8.910065e-01
    endloop
  endfacet
  facet normal 0.000000e+00 0.000000e+00 1.000000e+00
    outer loop
      vertex -2.033683e-01 -3.522443e-01 9.135455e-01
      vertex -2.269952e-01 -3.931673e-01 8.910065e-01
      vertex -1.846546e-01 -4.147410e-01 8.910065e-01
    endloop
  endfacet
  facet normal 0.000000e+00 0.000000e+00 1.000000e+00
    outer loop
      vertex -1.654347e-01 -3.715724e-01 9.135455e-01
      vertex -1.846546e-01 -4.147410e-01 8.910065e-01
      vertex -1.402908e-01 -4.317706e-01 8.910065e-01
    endloop
  endfacet
  facet normal 0.000000e+00 0.000000e+00 1.000000e+00
    outer loop
      vertex -1.256885e-01 -3.868295e-01 9.135455e-01
      vertex -1.402908e-01 -4.317706e-01 8.910065e-01
      vertex -9.438993e-02 -4.440697e-01 8.910065e-01
    endloop
  endfacet
  facet normal 0.000000e+00 0.000000e+00 1.000000e+00
    outer loop
      vertex -8.456530e-02 -3.978485e-01 9.135455e-01
      vertex -9.438993e-02 -4.440697e-01 8.910065e-01
      vertex -4.745493e-02 -4.515035e-01 8.910065e-01
    endloop
  endfacet
  facet normal 0.000000e+00 0.000000e+00 1.000000e+00
    outer loop
      vertex -4.251556e-02 -4.045085e-01 9.135455e-01
      vertex -4.745493e-02 -4.515035e-01 8.910065e-01
      vertex -8.339670e-17 -4.539905e-01 8.910065e-01
    endloop
  endfacet
  facet normal 0.000000e+00 0.000000e+00 1.000000e+00
    outer loop
      vertex -7.471631e-17 -4.067366e-01 9.135455e-01
      vertex -8.339670e-17 -4.539905e-01 8.910065e-01
      vertex 4.745493e-02 -4.515035e-01 8.910065e-01
    endloop
  endfacet
  facet normal 0.000000e+00 0.000000e+00 1.000000e+00
    outer loop
      vertex 4.251556e-02 -4.045085e-01 9.135455e-01
      vertex 4.745493e-02 -4.515035e-01 8.910065e-01
      vertex 9.438993e-02 -4.440697e-01 8.910065e-01
    endloop
  endfacet
  facet normal 0.000000e+00 0.000000e+00 1.000000e+00
    outer loop
      vertex 8.456530e-02 -3.978485e-01 9.135455e-01
      vertex 9.438993e-02 -4.440697e-01 8.910065e-01
      vertex 1.402908e-01 -4.317706e-01 8.910065e-01
    endloop
  endfacet
  facet normal 0.000000e+00 0.000000e+00 1.000000e+00
    outer loop
      vertex 1.256885e-01 -3.868295e-01 9.135455e-01
      vertex 1.402908e-01 -4.317706e-01 8.910065e-01
      vertex 1.846546e-01 -4.147410e-01 8.910065e-01
    endloop
  endfacet
  facet normal 0.000000e+00 0.000000e+00 1.000000e+00
    outer loop
      vertex 1.654347e-01 -3.715724e-01 9.135455e-01
      vertex 1.846546e-01 -4.147410e-01 8.910065e-01
      vertex 2.269952e-01 -3.931673e-01 8.910065e-01
    endloop
  endfacet
  facet normal 0.000000e+00 0.000000e+00 1.000000e+00
    outer loop
      vertex 2.033683e-01 -3.522443e-01 9.135455e-01
      vertex 2.269952e-01 -3.931673e-01 8.910065e-01
      vertex 2.668489e-01 -3.672860e-01 8.910065e-01
    endloop
  endfacet
  facet normal 0.000000e+00 0.000000e+00 1.000000e+00
    outer loop
      vertex 2.390738e-01 -3.290569e-01 9.135455e-01
      vertex 2.668489e-01 -3.672860e-01 8.910065e-01
      vertex 3.037789e-01 -3.373807e-01 8.910065e-01
    endloop
  endfacet
  facet normal 0.000000e+00 0.000000e+00 1.000000e+00
    outer loop
      vertex 2.721599e-01 -3.022642e-01 9.135455e-01
      vertex 3.037789e-01 -3.373807e-01 8.910065e-01
      vertex 3.373807e-01 -3.037789e-01 8.910065e-01
    endloop
  endfacet
  facet normal 0.000000e+00 0.000000e+00 1.000000e+00
    outer loop
      vertex 3.022642e-01 -2.721599e-01 9.135455e-01
      vertex 3.373807e-01 -3.037789e-01 8.910065e-01
      vertex 3.672860e-01 -2.668489e-01 8.910065e-01
    endloop
  endfacet
  facet normal 0.000000e+00 0.000000e+00 1.000000e+00
    outer loop
      vertex 3.290569e-01 -2.390738e-01 9.135455e-01
      vertex 3.672860e-01 -2.668489e-01 8.910065e-01
      vertex 3.931673e-01 -2.269952e-01 8.910065e-01
    endloop
  endfacet
  facet normal 0.000000e+00 0.000000e+00 1.000000e+00
    outer loop
      vertex 3.522443e-01 -2.033683e-01 9.135455e-01
      vertex 3.931673e-01 -2.269952e-01 8.910065e-01
      vertex 4.147410e-01 -1.846546e-01 8.910065e-01
    endloop
  endfacet
  facet normal 0.000000e+00 0.000000e+00 1.000000e+00
    outer loop
      vertex 3.715724e-01 -1.654347e-01 9.135455e-01
      vertex 4.147410e-01 -1.846546e-01 8.910065e-01
      vertex 4.317706e-01 -1.402908e-01 8.910065e-01
    endloop
  endfacet
  facet normal 0.000000e+00 0.000000e+00 1.000000e+00
    outer loop
      vertex 3.868295e-01 -1.256885e-01 9.135455e-01
      vertex 4.317706e-01 -1.402908e-01 8.910065e-01
      vertex 4.440697e-01 -9.438993e-02 8.910065e-01
    endloop
  endfacet
  facet normal 0.000000e+00 0.000000e+00 1.000000e+00
    outer loop
      vertex 3.978485e-01 -8.456530e-02 9.135455e-01
      vertex 4.440697e-01 -9.438993e-02 8.910065e-01
      vertex 4.515035e-01 -4.745493e-02 8.910065e-01
    endloop
  endfacet
  facet normal 0.000000e+00 0.000000e+00 1.000000e+00
    outer loop
      vertex 4.045085e-01 -4.251556e-02 9.135455e-01
      vertex 4.515035e-01 -4.745493e-02 8.910065e-01
      vertex 4.539905e-01 -5.144202e-16 8.910065e-01
    endloop
  endfacet
  facet normal 0.000000e+00 0.000000e+00 1.000000e+00
    outer loop
      vertex 4.539905e-01 0.000000e+00 8.910065e-01
      vertex 5.000000e-01 0.000000e+00 8.660254e-01
      vertex 4.972609e-01 5.226423e-02 8.660254e-01
    endloop
  endfacet
  facet normal 0.000000e+00 0.000000e+00 1.000000e+00
    outer loop
      vertex 4.515035e-01 4.745493e-02 8.910065e-01
      vertex 4.972609e-01 5.226423e-02 8.660254e-01
      vertex 4.890738e-01 1.039558e-01 8.660254e-01
    endloop
  endfacet
  facet normal 0.000000e+00 0.000000e+00 1.000000e+00
    outer loop
      vertex 4.440697e-01 9.438993e-02 8.910065e-01
      vertex 4.890738e-01 1.039558e-01 8.660254e-01
      vertex 4.755283e-01 1.545085e-01 8.660254e-01
    endloop
  endfacet
  facet normal 0.000000e+00 0.000000e+00 1.000000e+00
    outer loop
      vertex 4.317706e-01 1.402908e-01 8.910065e-01
      vertex 4.755283e-01 1.545085e-01 8.660254e-01
      vertex 4.567727e-01 2.033683e-01 8.660254e-01
    endloop
  endfacet
  facet normal 0.000000e+00 0.000000e+00 1.000000e+00
    outer loop
      vertex 4.147410e-01 1.846546e-01 8.910065e-01
      vertex 4.567727e-01 2.033683e-01 8.660254e-01
      vertex 4.330127e-01 2.500000e-01 8.660254e-01
    endloop
  endfacet
  facet normal 0.000000e+00 0.000000e+00 1.000000e+00
    outer loop
      vertex 3.931673e-01 2.269952e-01 8.910065e-01
      vertex 4.330127e-01 2.500000e-01 8.660254e-01
      vertex 4.045085e-01 2.938926e-01 8.660254e-01
    endloop
  endfacet
  facet normal 0.000000e+00 0.000000e+00 1.000000e+00
    outer loop
      vertex 3.672860e-01 2.668489e-01 8.910065e-01
      vertex 4.045085e-01 2.938926e-01 8.660254e-01
      vertex 3.715724e-01 3.345653e-01 8.660254e-01
    endloop
  endfacet
  facet normal 0.000000e+00 0.000000e+00 1.000000e+00
    outer loop
      vertex 3.373807e-01 3.037789e-01 8.910065e-01
      vertex 3.715724e-01 3.345653e-01 8.660254e-01
      vertex 3.345653e-01 3.715724e-01 8.660254e-01
    endloop
  endfacet
  facet normal 0.000000e+00 0.000000e+00 1.000000e+00
    outer loop
      vertex 3.037789e-01 3.373807e-01 8.910065e-01
      vertex 3.345653e-01 3.715724e-01 8.660254e-01
      vertex 2.938926e-01 4.045085e-01 8.660254e-01
    endloop
  endfacet
  facet normal 0.000000e+00 0.000000e+00 1.000000e+00
    outer loop
      vertex 2.668489e-01 3.672860e-01 8.910065e-01
      vertex 2.938926e-01 4.045085e-01 8.660254e-01
      vertex 2.500000e-01 4.330127e-01 8.660254e-01
    endloop
  endfacet
  facet normal 0.000000e+00 0.000000e+00 1.000000e+00
    outer loop
      vertex 2.269952e-01 3.931673e-01 8.910065e-01
      vertex 2.500000e-01 4.330127e-01 8.660254e-01
      vertex 2.033683e-01 4.567727e-01 8.660254e-01
    endloop
  endfacet
  facet normal 0.000000e+00 0.000000e+00 1.000000e+00
    outer loop
      vertex 1.846546e-01 4.147410e-01 8.910065e-01
      vertex 2.033683e-01 4.567727e-01 8.660254e-01
      vertex 1.545085e-01 4.755283e-01 8.660254e-01
    endloop
  endfacet
  facet normal 0.000000e+00 0.000000e+00 1.000000e+00
    outer loop
      vertex 1.402908e-01 4.317706e-01 8.910065e-01
      vertex 1.545085e-01 4.755283e-01 8.660254e-01
      vertex 1.039558e-01 4.890738e-01 8.660254e-01
    endloop
  endfacet
  facet normal 0.000000e+00 0.000000e+00 1.000000e+00
    outer loop
      vertex 9.438993e-02 4.440697e-01 8.910065e-01
      vertex 1.039558e-01 4.890738e-01 8.660254e-01
      vertex 5.226423e-02 4.972609e-01 8.660254e-01
    endloop
  endfacet
  facet normal 0.000000e+00 0.000000e+00 1.000000e+00
    outer loop
      vertex 4.745493e-02 4.515035e-01 8.910065e-01
      vertex 5.226423e-02 4.972609e-01 8.660254e-01
      vertex 1.416385e-16 5.000000e-01 8.660254e-01
    endloop
  endfacet
  facet normal 0.000000e+00 0.000000e+00 1.000000e+00
    outer loop
      vertex 1.286050e-16 4.539905e-01 8.910065e-01
      vertex 1.416385e-16 5.000000e-01 8.660254e-01
      vertex -5.226423e-02 4.972609e-01 8.660254e-01
    endloop
  endfacet
  facet normal 0.000000e+00 0.000000e+00 1.000000e+00
    outer loop
      vertex -4.745493e-02 4.515035e-01 8.910065e-01
      vertex -5.226423e-02 4.972609e-01 8.660254e-01
      vertex -1.039558e-01 4.890738e-01 8.660254e-01
    endloop
  endfacet
  facet normal 0.000000e+00 0.000000e+00 1.000000e+00
    outer loop
      vertex -9.438993e-02 4.440697e-01 8.910065e-01
      vertex -1.039558e-01 4.890738e-01 8.660254e-01
      vertex -1.545085e-01 4.755283e-01 8.660254e-01
    endloop
  endfacet
  facet normal 0.000000e+00 0.000000e+00 1.000000e+00
    outer loop
      vertex -1.402908e-01 4.317706e-01 8.910065e-01
      vertex -1.545085e-01 4.755283e-01 8.660254e-01
      vertex -2.033683e-01 4.567727e-01 8.660254e-01
    endloop
  endfacet
  facet normal 0.000000e+00 0.000000e+00 1.000000e+00
    outer loop
      vertex -1.846546e-01 4.147410e-01 8.910065e-01
      vertex -2.033683e-01 4.567727e-01 8.660254e-01
      vertex -2.500000e-01 4.330127e-01 8.660254e-01
    endloop
  endfacet
  facet normal 0.000000e+00 0.000000e+00 1.000000e+00
    outer loop
      vertex -2.269952e-01 3.931673e-01 8.910065e-01
      vertex -2.500000e-01 4.330127e-01 8.660254e-01
      vertex -2.938926e-01 4.045085e-01 8.660254e-01
    endloop
  endfacet
  facet normal 0.000000e+00 0.000000e+00 1.000000e+00
    outer loop
      vertex -2.668489e-01 3.672860e-01 8.910065e-01
      vertex -2.938926e-01 4.045085e-01 8.660254e-01
      vertex -3.345653e-01 3.715724e-01 8.660254e-01
    endloop
  endfacet
  facet normal 0.000000e+00 0.000000e+00 1.000000e+00
    outer loop
      vertex -3.037789e-01 3.373807e-01 8.910065e-01
      vertex -3.345653e-01 3.715724e-01 8.660254e-01
      vertex -3.715724e-01 3.345653e-01 8.660254e-01
    endloop
  endfacet
  facet normal 0.000000e+00 0.000000e+00 1.000000e+00
    outer loop
      vertex -3.373807e-01 3.037789e-01 8.910065e-01
      vertex -3.715724e-01 3.345653e-01 8.660254e-01
      vertex -4.045085e-01 2.938926e-01 8.660254e-01
    endloop
  endfacet
  facet normal 0.000000e+00 0.000000e+00 1.000000e+00
    outer loop
      vertex -3.672860e-01 2.668489e-01 8.910065e-01
      vertex -4.045085e-01 2.938926e-01 8.660254e-01
      vertex -4.330127e-01 2.500000e-01 8.660254e-01
    endloop
  endfacet
  facet normal 0.000000e+00 0.000000e+00 1.000000e+00
    outer loop
      vertex -3.931673e-01 2.269952e-01 8.910065e-01
      vertex -4.330127e-01 2.500000e-01 8.660254e-01
      vertex -4.567727e-01 2.033683e-01 8.660254e-01
    endloop
  endfacet
  facet normal 0.000000e+00 0.000000e+00 1.000000e+00
    outer loop
      vertex -4.147410e-01 1.846546e-01 8.910065e-01
      vertex -4.567727e-01 2.033683e-01 8.660254e-01
      vertex -4.755283e-01 1.545085e-01 8.660254e-01
    endloop
  endfacet
  facet normal 0.000000e+00 0.000000e+00 1.000000e+00
    outer loop
      vertex -4.317706e-01 1.402908e-01 8.910065e-01
      vertex -4.755283e-01 1.545085e-01 8.660254e-01
      vertex -4.890738e-01 1.039558e-01 8.660254e-01
    endloop
  endfacet
  facet normal 0.000000e+00 0.000000e+00 1.000000e+00
    outer loop
      vertex -4.440697e-01 9.438993e-02 8.910065e-01
      vertex -4.890738e-01 1.039558e-01 8.660254e-01
      vertex -4.972609e-01 5.226423e-02 8.660254e-01
    endloop
  endfacet
  facet normal 0.000000e+00 0.000000e+00 1.000000e+00
    outer loop
      vertex -4.515035e-01 4.745493e-02 8.910065e-01
      vertex -4.972609e-01 5.226423e-02 8.660254e-01
      vertex -5.000000e-01 2.832769e-16 8.660254e-01
    endloop
  endfacet
  facet normal 0.000000e+00 0.000000e+00 1.000000e+00
    outer loop
      vertex -4.539905e-01 2.572101e-16 8.910065e-01
      vertex -5.000000e-01 2.832769e-16 8.660254e-01
      vertex -4.972609e-01 -5.226423e-02 8.660254e-01
    endloop
  endfacet
  facet normal 0.000000e+00 0.000000e+00 1.000000e+00
    outer loop
      vertex -4.515035e-01 -4.745493e-02 8.910065e-01
      vertex -4.972609e-01 -5.226423e-02 8.660254e-01
      vertex -4.890738e-01 -1.039558e-01 8.660254e-01
    endloop
  endfacet
  facet normal 0.000000e+00 0.000000e+00 1.000000e+00
    outer loop
      vertex -4.440697e-01 -9.438993e-02 8.910065e-01
      vertex -4.890738e-01 -1.039558e-01 8.660254e-01
      vertex -4.755283e-01 -1.545085e-01 8.660254e-01
    endloop
  endfacet
  facet normal 0.000000e+00 0.000000e+00 1.000000e+00
    outer loop
      vertex -4.317706e-01 -1.402908e-01 8.910065e-01
      vertex -4.755283e-01 -1.545085e-01 8.660254e-01
      vertex -4.567727e-01 -2.033683e-01 8.660254e-01
    endloop
  endfacet
  facet normal 0.000000e+00 0.000000e+00 1.000000e+00
    outer loop
      vertex -4.147410e-01 -1.846546e-01 8.910065e-01
      vertex -4.567727e-01 -2.033683e-01 8.660254e-01
      vertex -4.330127e-01 -2.500000e-01 8.660254e-01
    endloop
  endfacet
  facet normal 0.000000e+00 0.000000e+00 1.000000e+00
    outer loop
      vertex -3.931673e-01 -2.269952e-01 8.910065e-01
      vertex -4.330127e-01 -2.500000e-01 8.660254e-01
      vertex -4.045085e-01 -2.938926e-01 8.660254e-01
    endloop
  endfacet
  facet normal 0.000000e+00 0.000000e+00 1.000000e+00
    outer loop
      vertex -3.672860e-01 -2.668489e-01 8.910065e-01
      vertex -4.045085e-01 -2.938926e-01 8.660254e-01
      vertex -3.715724e-01 -3.345653e-01 8.660254e-01
    endloop
  endfacet
  facet normal 0.000000e+00 0.000000e+00 1.000000e+00
    outer loop
      vertex -3.373807e-01 -3.037789e-01 8.910065e-01
      vertex -3.715724e-01 -3.345653e-01 8.660254e-01
      vertex -3.345653e-01 -3.715724e-01 8.660254e-01
    endloop
  endfacet
  facet normal 0.000000e+00 0.000000e+00 1.000000e+00
    outer loop
      vertex -3.037789e-01 -3.373807e-01 8.910065e-01
      vertex -3.345653e-01 -3.715724e-01 8.660254e-01
      vertex -2.938926e-01 -4.045085e-01 8.660254e-01
    endloop
  endfacet
  facet normal 0.000000e+00 0.000000e+00 1.000000e+00
    outer loop
      vertex -2.668489e-01 -3.672860e-01 8.910065e-01
      vertex -2.938926e-01 -4.045085e-01 8.660254e-01
      vertex -2.500000e-01 -4.330127e-01 8.660254e-01
    endloop
  endfacet
  facet normal 0.000000e+00 0.000000e+00 1.000000e+00
    outer loop
      vertex -2.269952e-01 -3.931673e-01 8.910065e-01
      vertex -2.500000e-01 -4.330127e-01 8.660254e-01
      vertex -2.033683e-01 -4.567727e-01 8.660254e-01
    endloop
  endfacet
  facet normal 0.000000e+00 0.000000e+00 1.000000e+00
    outer loop
      vertex -1.846546e-01 -4.147410e-01 8.910065e-01
      vertex -2.033683e-01 -4.567727e-01 8.660254e-01
      vertex -1.545085e-01 -4.755283e-01 8.660254e-01
    endloop
  endfacet
  facet normal 0.000000e+00 0.000000e+00 1.000000e+00
    outer loop
      vertex -1.402908e-01 -4.317706e-01 8.910065e-01
      vertex -1.545085e-01 -4.755283e-01 8.660254e-01
      vertex -1.039558e-01 -4.890738e-01 8.660254e-01
    endloop
  endfacet
  facet normal 0.000000e+00 0.000000e+00 1.000000e+00
    outer loop
      vertex -9.438993e-02 -4.440697e-01 8.910065e-01
      vertex -1.039558e-01 -4.890738e-01 8.660254e-01
      vertex -5.226423e-02 -4.972609e-01 8.660254e-01
    endloop
  endfacet
  facet normal 0.000000e+00 0.000000e+00 1.000000e+00
    outer loop
      vertex -4.745493e-02 -4.515035e-01 8.910065e-01
      vertex -5.226423e-02 -4.972609e-01 8.660254e-01
      vertex -9.184851e-17 -5.000000e-01 8.660254e-01
    endloop
  endfacet
  facet normal 0.000000e+00 0.000000e+00 1.000000e+00
    outer loop
      vertex -8.339670e-17 -4.539905e-01 8.910065e-01
      vertex -9.184851e-17 -5.000000e-01 8.660254e-01
      vertex 5.226423e-02 -4.972609e-01 8.660254e-01
    endloop
  endfacet
  facet normal 0.000000e+00 0.000000e+00 1.000000e+00
    outer loop
      vertex 4.745493e-02 -4.515035e-01 8.910065e-01
      vertex 5.226423e-02 -4.972609e-01 8.660254e-01
      vertex 1.039558e-01 -4.890738e-01 8.660254e-01
    endloop
  endfacet
  facet normal 0.000000e+00 0.000000e+00 1.000000e+00
    outer loop
      vertex 9.438993e-02 -4.440697e-01 8.910065e-01
      vertex 1.039558e-01 -4.890738e-01 8.660254e-01
      vertex 1.545085e-01 -4.755283e-01 8.660254e-01
    endloop
  endfacet
  facet normal 0.000000e+00 0.000000e+00 1.000000e+00
    outer loop
      vertex 1.402908e-01 -4.317706e-01 8.910065e-01
      vertex 1.545085e-01 -4.755283e-01 8.660254e-01
      vertex 2.033683e-01 -4.567727e-01 8.660254e-01
    endloop
  endfacet
  facet normal 0.000000e+00 0.000000e+00 1.000000e+00
    outer loop
      vertex 1.846546e-01 -4.147410e-01 8.910065e-01
      vertex 2.033683e-01 -4.567727e-01 8.660254e-01
      vertex 2.500000e-01 -4.330127e-01 8.660254e-01
    endloop
  endfacet
  facet normal 0.000000e+00 0.000000e+00 1.000000e+00
    outer loop
      vertex 2.269952e-01 -3.931673e-01 8.910065e-01
      vertex 2.500000e-01 -4.330127e-01 8.660254e-01
      vertex 2.938926e-01 -4.045085e-01 8.660254e-01
    endloop
  endfacet
  facet normal 0.000000e+00 0.000000e+00 1.000000e+00
    outer loop
      vertex 2.668489e-01 -3.672860e-01 8.910065e-01
      vertex 2.938926e-01 -4.045085e-01 8.660254e-01
      vertex 3.345653e-01 -3.715724e-01 8.660254e-01
    endloop
  endfacet
  facet normal 0.000000e+00 0.000000e+00 1.000000e+00
    outer loop
      vertex 3.037789e-01 -3.373807e-01 8.910065e-01
      vertex 3.345653e-01 -3.715724e-01 8.660254e-01
      vertex 3.715724e-01 -3.345653e-01 8.660254e-01
    endloop
  endfacet
  facet normal 0.000000e+00 0.000000e+00 1.000000e+00
    outer loop
      vertex 3.373807e-01 -3.037789e-01 8.910065e-01
      vertex 3.715724e-01 -3.345653e-01 8.660254e-01
      vertex 4.045085e-01 -2.938926e-01 8.660254e-01
    endloop
  endfacet
  facet normal 0.000000e+00 0.000000e+00 1.000000e+00
    outer loop
      vertex 3.672860e-01 -2.668489e-01 8.910065e-01
      vertex 4.045085e-01 -2.938926e-01 8.660254e-01
      vertex 4.330127e-01 -2.500000e-01 8.660254e-01
    endloop
  endfacet
  facet normal 0.000000e+00 0.000000e+00 1.000000e+00
    outer loop
      vertex 3.931673e-01 -2.269952e-01 8.910065e-01
      vertex 4.330127e-01 -2.500000e-01 8.660254e-01
      vertex 4.567727e-01 -2.033683e-01 8.660254e-01
    endloop
  endfacet
  facet normal 0.000000e+00 0.000000e+00 1.000000e+00
    outer loop
      vertex 4.147410e-01 -1.846546e-01 8.910065e-01
      vertex 4.567727e-01 -2.033683e-01 8.660254e-01
      vertex 4.755283e-01 -1.545085e-01 8.660254e-01
    endloop
  endfacet
  facet normal 0.000000e+00 0.000000e+00 1.000000e+00
    outer loop
      vertex 4.317706e-01 -1.402908e-01 8.910065e-01
      vertex 4.755283e-01 -1.545085e-01 8.660254e-01
      vertex 4.890738e-01 -1.039558e-01 8.660254e-01
    endloop
  endfacet
  facet normal 0.000000e+00 0.000000e+00 1.000000e+00
    outer loop
      vertex 4.440697e-01 -9.438993e-02 8.910065e-01
      vertex 4.890738e-01 -1.039558e-01 8.660254e-01
      vertex 4.972609e-01 -5.226423e-02 8.660254e-01
    endloop
  endfacet
  facet normal 0.000000e+00 0.000000e+00 1.000000e+00
    outer loop
      vertex 4.515035e-01 -4.745493e-02 8.910065e-01
      vertex 4.972609e-01 -5.226423e-02 8.660254e-01
      vertex 5.000000e-01 -5.665539e-16 8.660254e-01
    endloop
  endfacet
  facet normal 0.000000e+00 0.000000e+00 1.000000e+00
    outer loop
      vertex 5.000000e-01 0.000000e+00 8.660254e-01
      vertex 5.446390e-01 0.000000e+00 8.386706e-01
      vertex 5.416554e-01 5.693028e-02 8.386706e-01
    endloop
  endfacet
  facet normal 0.000000e+00 0.000000e+00 1.000000e+00
    outer loop
      vertex 4.972609e-01 5.226423e-02 8.660254e-01
      vertex 5.416554e-01 5.693028e-02 8.386706e-01
      vertex 5.327374e-01 1.132368e-01 8.386706e-01
    endloop
  endfacet
  facet normal 0.000000e+00 0.000000e+00 1.000000e+00
    outer loop
      vertex 4.890738e-01 1.039558e-01 8.660254e-01
      vertex 5.327374e-01 1.132368e-01 8.386706e-01
      vertex 5.179825e-01 1.683027e-01 8.386706e-01
    endloop
  endfacet
  facet normal 0.000000e+00 0.000000e+00 1.000000e+00
    outer loop
      vertex 4.755283e-01 1.545085e-01 8.660254e-01
      vertex 5.179825e-01 1.683027e-01 8.386706e-01
      vertex 4.975525e-01 2.215247e-01 8.386706e-01
    endloop
  endfacet
  facet normal 0.000000e+00 0.000000e+00 1.000000e+00
    outer loop
      vertex 4.567727e-01 2.033683e-01 8.660254e-01
      vertex 4.975525e-01 2.215247e-01 8.386706e-01
      vertex 4.716712e-01 2.723195e-01 8.386706e-01
    endloop
  endfacet
  facet normal 0.000000e+00 0.000000e+00 1.000000e+00
    outer loop
      vertex 4.330127e-01 2.500000e-01 8.660254e-01
      vertex 4.716712e-01 2.723195e-01 8.386706e-01
      vertex 4.406222e-01 3.201308e-01 8.386706e-01
    endloop
  endfacet
  facet normal 0.000000e+00 0.000000e+00 1.000000e+00
    outer loop
      vertex 4.045085e-01 2.938926e-01 8.660254e-01
      vertex 4.406222e-01 3.201308e-01 8.386706e-01
      vertex 4.047457e-01 3.644346e-01 8.386706e-01
    endloop
  endfacet
  facet normal 0.000000e+00 0.000000e+00 1.000000e+00
    outer loop
      vertex 3.715724e-01 3.345653e-01 8.660254e-01
      vertex 4.047457e-01 3.644346e-01 8.386706e-01
      vertex 3.644346e-01 4.047457e-01 8.386706e-01
    endloop
  endfacet
  facet normal 0.000000e+00 0.000000e+00 1.000000e+00
    outer loop
      vertex 3.345653e-01 3.715724e-01 8.660254e-01
      vertex 3.644346e-01 4.047457e-01 8.386706e-01
      vertex 3.201308e-01 4.406222e-01 8.386706e-01
    endloop
  endfacet
  facet normal 0.000000e+00 0.000000e+00 1.000000e+00
    outer loop
      vertex 2.938926e-01 4.045085e-01 8.660254e-01
      vertex 3.201308e-01 4.406222e-01 8.386706e-01
      vertex 2.723195e-01 4.716712e-01 8.386706e-01
    endloop
  endfacet
  facet normal 0.000000e+00 0.000000e+00 1.000000e+00
    outer loop
      vertex 2.500000e-01 4.330127e-01 8.660254e-01
      vertex 2.723195e-01 4.716712e-01 8.386706e-01
      vertex 2.215247e-01 4.975525e-01 8.386706e-01
    endloop
  endfacet
  facet normal 0.000000e+00 0.000000e+00 1.000000e+00
    outer loop
      vertex 2.033683e-01 4.567727e-01 8.660254e-01
      vertex 2.215247e-01 4.975525e-01 8.386706e-01
      vertex 1.683027e-01 5.179825e-01 8.386706e-01
    endloop
  endfacet
  facet normal 0.000000e+00 0.000000e+00 1.000000e+00
    outer loop
      vertex 1.545085e-01 4.755283e-01 8.660254e-01
      vertex 1.683027e-01 5.179825e-01 8.386706e-01
      vertex 1.132368e-01 5.327374e-01 8.386706e-01
    endloop
  endfacet
  facet normal 0.000000e+00 0.000000e+00 1.000000e+00
    outer loop
      vertex 1.039558e-01 4.890738e-01 8.660254e-01
      vertex 1.132368e-01 5.327374e-01 8.386706e-01
      vertex 5.693028e-02 5.416554e-01 8.386706e-01
    endloop
  endfacet
  facet normal 0.000000e+00 0.000000e+00 1.000000e+00
    outer loop
      vertex 5.226423e-02 4.972609e-01 8.660254e-01
      vertex 5.693028e-02 5.416554e-01 8.386706e-01
      vertex 1.542837e-16 5.446390e-01 8.386706e-01
    endloop
  endfacet
  facet normal 0.000000e+00 0.000000e+00 1.000000e+00
    outer loop
      vertex 1.416385e-16 5.000000e-01 8.660254e-01
      vertex 1.542837e-16 5.446390e-01 8.386706e-01
      vertex -5.693028e-02 5.416554e-01 8.386706e-01
    endloop
  endfacet
  facet normal 0.000000e+00 0.000000e+00 1.000000e+00
    outer loop
      vertex -5.226423e-02 4.972609e-01 8.660254e-01
      vertex -5.693028e-02 5.416554e-01 8.386706e-01
      vertex -1.132368e-01 5.327374e-01 8.386706e-01
    endloop
  endfacet
  facet normal 0.000000e+00 0.000000e+00 1.000000e+00
    outer loop
      vertex -1.039558e-01 4.890738e-01 8.660254e-01
      vertex -1.132368e-01 5.327374e-01 8.386706e-01
      vertex -1.683027e-01 5.179825e-01 8.386706e-01
    endloop
  endfacet
  facet normal 0.000000e+00 0.000000e+00 1.000000e+00
    outer loop
      vertex -1.545085e-01 4.755283e-01 8.660254e-01
      vertex -1.683027e-01 5.179825e-01 8.386706e-01
      vertex -2.215247e-01 4.975525e-01 8.386706e-01
    endloop
  endfacet
  facet normal 0.000000e+00 0.000000e+00 1.000000e+00
    outer loop
      vertex -2.033683e-01 4.567727e-01 8.660254e-01
      vertex -2.215247e-01 4.975525e-01 8.386706e-01
      vertex -2.723195e-01 4.716712e-01 8.386706e-01
    endloop
  endfacet
  facet normal 0.000000e+00 0.000000e+00 1.000000e+00
    outer loop
      vertex -2.500000e-01 4.330127e-01 8.660254e-01
      vertex -2.723195e-01 4.716712e-01 8.386706e-01
      vertex -3.201308e-01 4.406222e-01 8.386706e-01
    endloop
  endfacet
  facet normal 0.000000e+00 0.000000e+00 1.000000e+00
    outer loop
      vertex -2.938926e-01 4.045085e-01 8.660254e-01
      vertex -3.201308e-01 4.406222e-01 8.386706e-01
      vertex -3.644346e-01 4.047457e-01 8.386706e-01
    endloop
  endfacet
  facet normal 0.000000e+00 0.000000e+00 1.000000e+00
    outer loop
      vertex -3.345653e-01 3.715724e-01 8.660254e-01
      vertex -3.644346e-01 4.047457e-01 8.386706e-01
      vertex -4.047457e-01 3.644346e-01 8.386706e-01
    endloop
  endfacet
  facet normal 0.000000e+00 0.000000e+00 1.000000e+00
    outer loop
      vertex -3.715724e-01 3.345653e-01 8.660254e-01
      vertex -4.047457e-01 3.644346e-01 8.386706e-01
      vertex -4.406222e-01 3.201308e-01 8.386706e-01
    endloop
  endfacet
  facet normal 0.000000e+00 0.000000e+00 1.000000e+00
    outer loop
      vertex -4.045085e-01 2.938926e-01 8.660254e-01
      vertex -4.406222e-01 3.201308e-01 8.386706e-01
      vertex -4.716712e-01 2.723195e-01 8.386706e-01
    endloop
  endfacet
  facet normal 0.000000e+00 0.000000e+00 1.000000e+00
    outer loop
      vertex -4.330127e-01 2.500000e-01 8.660254e-01
      vertex -4.716712e-01 2.723195e-01 8.386706e-01
      vertex -4.975525e-01 2.215247e-01 8.386706e-01
    endloop
  endfacet
  facet normal 0.000000e+00 0.000000e+00 1.000000e+00
    outer loop
      vertex -4.567727e-01 2.033683e-01 8.660254e-01
      vertex -4.975525e-01 2.215247e-01 8.386706e-01
      vertex -5.179825e-01 1.683027e-01 8.386706e-01
    endloop
  endfacet
  facet normal 0.000000e+00 0.000000e+00 1.000000e+00
    outer loop
      vertex -4.755283e-01 1.545085e-01 8.660254e-01
      vertex -5.179825e-01 1.683027e-01 8.386706e-01
      vertex -5.327374e-01 1.132368e-01 8.386706e-01
    endloop
  endfacet
  facet normal 0.000000e+00 0.000000e+00 1.000000e+00
    outer loop
      vertex -4.890738e-01 1.039558e-01 8.660254e-01
      vertex -5.327374e-01 1.132368e-01 8.386706e-01
      vertex -5.416554e-01 5.693028e-02 8.386706e-01
    endloop
  endfacet
  facet normal 0.000000e+00 0.000000e+00 1.000000e+00
    outer loop
      vertex -4.972609e-01 5.226423e-02 8.660254e-01
      vertex -5.416554e-01 5.693028e-02 8.386706e-01
      vertex -5.446390e-01 3.085674e-16 8.386706e-01
    endloop
  endfacet
  facet normal 0.000000e+00 0.000000e+00 1.000000e+00
    outer loop
      vertex -5.000000e-01 2.832769e-16 8.660254e-01
      vertex -5.446390e-01 3.085674e-16 8.386706e-01
      vertex -5.416554e-01 -5.693028e-02 8.386706e-01
    endloop
  endfacet
  facet normal 0.000000e+00 0.000000e+00 1.000000e+00
    outer loop
      vertex -4.972609e-01 -5.226423e-02 8.660254e-01
      vertex -5.416554e-01 -5.693028e-02 8.386706e-01
      vertex -5.327374e-01 -1.132368e-01 8.386706e-01
    endloop
  endfacet
  facet normal 0.000000e+00 0.000000e+00 1.000000e+00
    outer loop
      vertex -4.890738e-01 -1.039558e-01 8.660254e-01
      vertex -5.327374e-01 -1.132368e-01 8.386706e-01
      vertex -5.179825e-01 -1.683027e-01 8.386706e-01
    endloop
  endfacet
  facet normal 0.000000e+00 0.000000e+00 1.000000e+00
    outer loop
      vertex -4.755283e-01 -1.545085e-01 8.660254e-01
      vertex -5.179825e-01 -1.683027e-01 8.386706e-01
      vertex -4.975525e-01 -2.215247e-01 8.386706e-01
    endloop
  endfacet
  facet normal 0.000000e+00 0.000000e+00 1.000000e+00
    outer loop
      vertex -4.567727e-01 -2.033683e-01 8.660254e-01
      vertex -4.975525e-01 -2.215247e-01 8.386706e-01
      vertex -4.716712e-01 -2.723195e-01 8.386706e-01
    endloop
  endfacet
  facet normal 0.000000e+00 0.000000e+00 1.000000e+00
    outer loop
      vertex -4.330127e-01 -2.500000e-01 8.660254e-01
      vertex -4.716712e-01 -2.723195e-01 8.386706e-01
      vertex -4.406222e-01 -3.201308e-01 8.386706e-01
    endloop
  endfacet
  facet normal 0.000000e+00 0.000000e+00 1.000000e+00
    outer loop
      vertex -4.045085e-01 -2.938926e-01 8.660254e-01
      vertex -4.406222e-01 -3.201308e-01 8.386706e-01
      vertex -4.047457e-01 -3.644346e-01 8.386706e-01
    endloop
  endfacet
  facet normal 0.000000e+00 0.000000e+00 1.000000e+00
    outer loop
      vertex -3.715724e-01 -3.345653e-01 8.660254e-01
      vertex -4.047457e-01 -3.644346e-01 8.386706e-01
      vertex -3.644346e-01 -4.047457e-01 8.386706e-01
    endloop
  endfacet
  facet normal 0.000000e+00 0.000000e+00 1.000000e+00
    outer loop
      vertex -3.345653e-01 -3.715724e-01 8.660254e-01
      vertex -3.644346e-01 -4.047457e-01 8.386706e-01
      vertex -3.201308e-01 -4.406222e-01 8.386706e-01
    endloop
  endfacet
  facet normal 0.000000e+00 0.000000e+00 1.000000e+00
    outer loop
      vertex -2.938926e-01 -4.045085e-01 8.660254e-01
      vertex -3.201308e-01 -4.406222e-01 8.386706e-01
      vertex -2.723195e-01 -4.716712e-01 8.386706e-01
    endloop
  endfacet
  facet normal 0.000000e+00 0.000000e+00 1.000000e+00
    outer loop
      vertex -2.500000e-01 -4.330127e-01 8.660254e-01
      vertex -2.723195e-01 -4.716712e-01 8.386706e-01
      vertex -2.215247e-01 -4.975525e-01 8.386706e-01
    endloop
  endfacet
  facet normal 0.000000e+00 0.000000e+00 1.000000e+00
    outer loop
      vertex -2.033683e-01 -4.567727e-01 8.660254e-01
      vertex -2.215247e-01 -4.975525e-01 8.386706e-01
      vertex -1.683027e-01 -5.179825e-01 8.386706e-01
    endloop
  endfacet
  facet normal 0.000000e+00 0.000000e+00 1.000000e+00
    outer loop
      vertex -1.545085e-01 -4.755283e-01 8.660254e-01
      vertex -1.683027e-01 -5.179825e-01 8.386706e-01
      vertex -1.132368e-01 -5.327374e-01 8.386706e-01
    endloop
  endfacet
  facet normal 0.000000e+00 0.000000e+00 1.000000e+00
    outer loop
      vertex -1.039558e-01 -4.890738e-01 8.660254e-01
      vertex -1.132368e-01 -5.327374e-01 8.386706e-01
      vertex -5.693028e-02 -5.416554e-01 8.386706e-01
    endloop
  endfacet
  facet normal 0.000000e+00 0.000000e+00 1.000000e+00
    outer loop
      vertex -5.226423e-02 -4.972609e-01 8.660254e-01
      vertex -5.693028e-02 -5.416554e-01 8.386706e-01
      vertex -1.000486e-16 -5.446390e-01 8.386706e-01
    endloop
  endfacet
  facet normal 0.000000e+00 0.000000e+00 1.000000e+00
    outer loop
      vertex -9.184851e-17 -5.000000e-01 8.660254e-01
      vertex -1.000486e-16 -5.446390e-01 8.386706e-01
      vertex 5.693028e-02 -5.416554e-01 8.386706e-01
    endloop
  endfacet
  facet normal 0.000000e+00 0.000000e+00 1.000000e+00
    outer loop
      vertex 5.226423e-02 -4.972609e-01 8.660254e-01
      vertex 5.693028e-02 -5.416554e-01 8.386706e-01
      vertex 1.132368e-01 -5.327374e-01 8.386706e-01
    endloop
  endfacet
  facet normal 0.000000e+00 0.000000e+00 1.000000e+00
    outer loop
      vertex 1.039558e-01 -4.890738e-01 8.660254e-01
      vertex 1.132368e-01 -5.327374e-01 8.386706e-01
      vertex 1.683027e-01 -5.179825e-01 8.386706e-01
    endloop
  endfacet
  facet normal 0.000000e+00 0.000000e+00 1.000000e+00
    outer loop
      vertex 1.545085e-01 -4.755283e-01 8.660254e-01
      vertex 1.683027e-01 -5.179825e-01 8.386706e-01
      vertex 2.215247e-01 -4.975525e-01 8.386706e-01
    endloop
  endfacet
  facet normal 0.000000e+00 0.000000e+00 1.000000e+00
    outer loop
      vertex 2.033683e-01 -4.567727e-01 8.660254e-01
      vertex 2.215247e-01 -4.975525e-01 8.386706e-01
      vertex 2.723195e-01 -4.716712e-01 8.386706e-01
    endloop
  endfacet
  facet normal 0.000000e+00 0.000000e+00 1.000000e+00
    outer loop
      vertex 2.500000e-01 -4.330127e-01 8.660254e-01
      vertex 2.723195e-01 -4.716712e-01 8.386706e-01
      vertex 3.201308e-01 -4.406222e-01 8.386706e-01
    endloop
  endfacet
  facet normal 0.000000e+00 0.000000e+00 1.000000e+00
    outer loop
      vertex 2.938926e-01 -4.045085e-01 8.660254e-01
      vertex 3.201308e-01 -4.406222e-01 8.386706e-01
      vertex 3.644346e-01 -4.047457e-01 8.386706e-01
    endloop
  endfacet
  facet normal 0.000000e+00 0.000000e+00 1.000000e+00
    outer loop
      vertex 3.345653e-01 -3.715724e-01 8.660254e-01
      vertex 3.644346e-01 -4.047457e-01 8.386706e-01
      vertex 4.047457e-01 -3.644346e-01 8.386706e-01
    endloop
  endfacet
  facet normal 0.000000e+00 0.000000e+00 1.000000e+00
    outer loop
      vertex 3.715724e-01 -3.345653e-01 8.660254e-01
      vertex 4.047457e-01 -3.644346e-01 8.386706e-01
      vertex 4.406222e-01 -3.201308e-01 8.386706e-01
    endloop
  endfacet
  facet normal 0.000000e+00 0.000000e+00 1.000000e+00
    outer loop
      vertex 4.045085e-01 -2.938926e-01 8.660254e-01
      vertex 4.406222e-01 -3.201308e-01 8.386706e-01
      vertex 4.716712e-01 -2.723195e-01 8.386706e-01
    endloop
  endfacet
  facet normal 0.000000e+00 0.000000e+00 1.000000e+00
    outer loop
      vertex 4.330127e-01 -2.500000e-01 8.660254e-01
      vertex 4.716712e-01 -2.723195e-01 8.386706e-01
      vertex 4.975525e-01 -2.215247e-01 8.386706e-01
    endloop
  endfacet
  facet normal 0.000000e+00 0.000000e+00 1.000000e+00
    outer loop
      vertex 4.567727e-01 -2.033683e-01 8.660254e-01
      vertex 4.975525e-01 -2.215247e-01 8.386706e-01
      vertex 5.179825e-01 -1.683027e-01 8.386706e-01
    endloop
  endfacet
  facet normal 0.000000e+00 0.000000e+00 1.000000e+00
    outer loop
      vertex 4.755283e-01 -1.545085e-01 8.660254e-01
      vertex 5.179825e-01 -1.683027e-01 8.386706e-01
      vertex 5.327374e-01 -1.132368e-01 8.386706e-01
    endloop
  endfacet
  facet normal 0.000000e+00 0.000000e+00 1.000000e+00
    outer loop
      vertex 4.890738e-01 -1.039558e-01 8.660254e-01
      vertex 5.327374e-01 -1.132368e-01 8.386706e-01
      vertex 5.416554e-01 -5.693028e-02 8.386706e-01
    endloop
  endfacet
  facet normal 0.000000e+00 0.000000e+00 1.000000e+00
    outer loop
      vertex 4.972609e-01 -5.226423e-02 8.660254e-01
      vertex 5.416554e-01 -5.693028e-02 8.386706e-01
      vertex 5.446390e-01 -6.171347e-16 8.386706e-01
    endloop
  endfacet
  facet normal 0.000000e+00 0.000000e+00 1.000000e+00
    outer loop
      vertex 5.446390e-01 0.000000e+00 8.386706e-01
      vertex 5.877853e-01 0.000000e+00 8.090170e-01
      vertex 5.845653e-01 6.144029e-02 8.090170e-01
    endloop
  endfacet
  facet normal 0.000000e+00 0.000000e+00 1.000000e+00
    outer loop
      vertex 5.416554e-01 5.693028e-02 8.386706e-01
      vertex 5.845653e-01 6.144029e-02 8.090170e-01
      vertex 5.749407e-01 1.222074e-01 8.090170e-01
    endloop
  endfacet
  facet normal 0.000000e+00 0.000000e+00 1.000000e+00
    outer loop
      vertex 5.327374e-01 1.132368e-01 8.386706e-01
      vertex 5.749407e-01 1.222074e-01 8.090170e-01
      vertex 5.590170e-01 1.816356e-01 8.090170e-01
    endloop
  endfacet
  facet normal 0.000000e+00 0.000000e+00 1.000000e+00
    outer loop
      vertex 5.179825e-01 1.683027e-01 8.386706e-01
      vertex 5.590170e-01 1.816356e-01 8.090170e-01
      vertex 5.369685e-01 2.390738e-01 8.090170e-01
    endloop
  endfacet
  facet normal 0.000000e+00 0.000000e+00 1.000000e+00
    outer loop
      vertex 4.975525e-01 2.215247e-01 8.386706e-01
      vertex 5.369685e-01 2.390738e-01 8.090170e-01
      vertex 5.090370e-01 2.938926e-01 8.090170e-01
    endloop
  endfacet
  facet normal 0.000000e+00 0.000000e+00 1.000000e+00
    outer loop
      vertex 4.716712e-01 2.723195e-01 8.386706e-01
      vertex 5.090370e-01 2.938926e-01 8.090170e-01
      vertex 4.755283e-01 3.454915e-01 8.090170e-01
    endloop
  endfacet
  facet normal 0.000000e+00 0.000000e+00 1.000000e+00
    outer loop
      vertex 4.406222e-01 3.201308e-01 8.386706e-01
      vertex 4.755283e-01 3.454915e-01 8.090170e-01
      vertex 4.368096e-01 3.933051e-01 8.090170e-01
    endloop
  endfacet
  facet normal 0.000000e+00 0.000000e+00 1.000000e+00
    outer loop
      vertex 4.047457e-01 3.644346e-01 8.386706e-01
      vertex 4.368096e-01 3.933051e-01 8.090170e-01
      vertex 3.933051e-01 4.368096e-01 8.090170e-01
    endloop
  endfacet
  facet normal 0.000000e+00 0.000000e+00 1.000000e+00
    outer loop
      vertex 3.644346e-01 4.047457e-01 8.386706e-01
      vertex 3.933051e-01 4.368096e-01 8.090170e-01
      vertex 3.454915e-01 4.755283e-01 8.090170e-01
    endloop
  endfacet
  facet normal 0.000000e+00 0.000000e+00 1.000000e+00
    outer loop
      vertex 3.201308e-01 4.406222e-01 8.386706e-01
      vertex 3.454915e-01 4.755283e-01 8.090170e-01
      vertex 2.938926e-01 5.090370e-01 8.090170e-01
    endloop
  endfacet
  facet normal 0.000000e+00 0.000000e+00 1.000000e+00
    outer loop
      vertex 2.723195e-01 4.716712e-01 8.386706e-01
      vertex 2.938926e-01 5.090370e-01 8.090170e-01
      vertex 2.390738e-01 5.369685e-01 8.090170e-01
    endloop
  endfacet
  facet normal 0.000000e+00 0.000000e+00 1.000000e+00
    outer loop
      vertex 2.215247e-01 4.975525e-01 8.386706e-01
      vertex 2.390738e-01 5.369685e-01 8.090170e-01
      vertex 1.816356e-01 5.590170e-01 8.090170e-01
    endloop
  endfacet
  facet normal 0.000000e+00 0.000000e+00 1.000000e+00
    outer loop
      vertex 1.683027e-01 5.179825e-01 8.386706e-01
      vertex 1.816356e-01 5.590170e-01 8.090170e-01
      vertex 1.222074e-01 5.749407e-01 8.090170e-01
    endloop
  endfacet
  facet normal 0.000000e+00 0.000000e+00 1.000000e+00
    outer loop
      vertex 1.132368e-01 5.327374e-01 8.386706e-01
      vertex 1.222074e-01 5.749407e-01 8.090170e-01
      vertex 6.144029e-02 5.845653e-01 8.090170e-01
    endloop
  endfacet
  facet normal 0.000000e+00 0.000000e+00 1.000000e+00
    outer loop
      vertex 5.693028e-02 5.416554e-01 8.386706e-01
      vertex 6.144029e-02 5.845653e-01 8.090170e-01
      vertex 1.665060e-16 5.877853e-01 8.090170e-01
    endloop
  endfacet
  facet normal 0.000000e+00 0.000000e+00 1.000000e+00
    outer loop
      vertex 1.542837e-16 5.446390e-01 8.386706e-01
      vertex 1.665060e-16 5.877853e-01 8.090170e-01
      vertex -6.144029e-02 5.845653e-01 8.090170e-01
    endloop
  endfacet
  facet normal 0.000000e+00 0.000000e+00 1.000000e+00
    outer loop
      vertex -5.693028e-02 5.416554e-01 8.386706e-01
      vertex -6.144029e-02 5.845653e-01 8.090170e-01
      vertex -1.222074e-01 5.749407e-01 8.090170e-01
    endloop
  endfacet
  facet normal 0.000000e+00 0.000000e+00 1.000000e+00
    outer loop
      vertex -1.132368e-01 5.327374e-01 8.386706e-01
      vertex -1.222074e-01 5.749407e-01 8.090170e-01
      vertex -1.816356e-01 5.590170e-01 8.090170e-01
    endloop
  endfacet
  facet normal 0.000000e+00 0.000000e+00 1.000000e+00
    outer loop
      vertex -1.683027e-01 5.179825e-01 8.386706e-01
      vertex -1.816356e-01 5.590170e-01 8.090170e-01
      vertex -2.390738e-01 5.369685e-01 8.090170e-01
    endloop
  endfacet
  facet normal 0.000000e+00 0.000000e+00 1.000000e+00
    outer loop
      vertex -2.215247e-01 4.975525e-01 8.386706e-01
      vertex -2.390738e-01 5.369685e-01 8.090170e-01
      vertex -2.938926e-01 5.090370e-01 8.090170e-01
    endloop
  endfacet
  facet normal 0.000000e+00 0.000000e+00 1.000000e+00
    outer loop
      vertex -2.723195e-01 4.716712e-01 8.386706e-01
      vertex -2.938926e-01 5.090370e-01 8.090170e-01
      vertex -3.454915e-01 4.755283e-01 8.090170e-01
    endloop
  endfacet
  facet normal 0.000000e+00 0.000000e+00 1.000000e+00
    outer loop
      vertex -3.201308e-01 4.406222e-01 8.386706e-01
      vertex -3.454915e-01 4.755283e-01 8.090170e-01
      vertex -3.933051e-01 4.368096e-01 8.090170e-01
    endloop
  endfacet
  facet normal 0.000000e+00 0.000000e+00 1.000000e+00
    outer loop
      vertex -3.644346e-01 4.047457e-01 8.386706e-01
      vertex -3.933051e-01 4.368096e-01 8.090170e-01
      vertex -4.368096e-01 3.933051e-01 8.090170e-01
    endloop
  endfacet
  facet normal 0.000000e+00 0.000000e+00 1.000000e+00
    outer loop
      vertex -4.047457e-01 3.644346e-01 8.386706e-01
      vertex -4.368096e-01 3.933051e-01 8.090170e-01
      vertex -4.755283e-01 3.454915e-01 8.090170e-01
    endloop
  endfacet
  facet normal 0.000000e+00 0.000000e+00 1.000000e+00
    outer loop
      vertex -4.406222e-01 3.201308e-01 8.386706e-01
      vertex -4.755283e-01 3.454915e-01 8.090170e-01
      vertex -5.090370e-01 2.938926e-01 8.090170e-01
    endloop
  endfacet
  facet normal 0.000000e+00 0.000000e+00 1.000000e+00
    outer loop
      vertex -4.716712e-01 2.723195e-01 8.386706e-01
      vertex -5.090370e-01 2.938926e-01 8.090170e-01
      vertex -5.369685e-01 2.390738e-01 8.090170e-01
    endloop
  endfacet
  facet normal 0.000000e+00 0.000000e+00 1.000000e+00
    outer loop
      vertex -4.975525e-01 2.215247e-01 8.386706e-01
      vertex -5.369685e-01 2.390738e-01 8.090170e-01
      vertex -5.590170e-01 1.816356e-01 8.090170e-01
    endloop
  endfacet
  facet normal 0.000000e+00 0.000000e+00 1.000000e+00
    outer loop
      vertex -5.179825e-01 1.683027e-01 8.386706e-01
      vertex -5.590170e-01 1.816356e-01 8.090170e-01
      vertex -5.749407e-01 1.222074e-01 8.090170e-01
    endloop
  endfacet
  facet normal 0.000000e+00 0.000000e+00 1.000000e+00
    outer loop
      vertex -5.327374e-01 1.132368e-01 8.386706e-01
      vertex -5.749407e-01 1.222074e-01 8.090170e-01
      vertex -5.845653e-01 6.144029e-02 8.090170e-01
    endloop
  endfacet
  facet normal 0.000000e+00 0.000000e+00 1.000000e+00
    outer loop
      vertex -5.416554e-01 5.693028e-02 8.386706e-01
      vertex -5.845653e-01 6.144029e-02 8.090170e-01
      vertex -5.877853e-01 3.330120e-16 8.090170e-01
    endloop
  endfacet
  facet normal 0.000000e+00 0.000000e+00 1.000000e+00
    outer loop
      vertex -5.446390e-01 3.085674e-16 8.386706e-01
      vertex -5.877853e-01 3.330120e-16 8.090170e-01
      vertex -5.845653e-01 -6.144029e-02 8.090170e-01
    endloop
  endfacet
  facet normal 0.000000e+00 0.000000e+00 1.000000e+00
    outer loop
      vertex -5.416554e-01 -5.693028e-02 8.386706e-01
      vertex -5.845653e-01 -6.144029e-02 8.090170e-01
      vertex -5.749407e-01 -1.222074e-01 8.090170e-01
    endloop
  endfacet
  facet normal 0.000000e+00 0.000000e+00 1.000000e+00
    outer loop
      vertex -5.327374e-01 -1.132368e-01 8.386706e-01
      vertex -5.749407e-01 -1.222074e-01 8.090170e-01
      vertex -5.590170e-01 -1.816356e-01 8.090170e-01
    endloop
  endfacet
  facet normal 0.000000e+00 0.000000e+00 1.000000e+00
    outer loop
      vertex -5.179825e-01 -1.683027e-01 8.386706e-01
      vertex -5.590170e-01 -1.816356e-01 8.090170e-01
      vertex -5.369685e-01 -2.390738e-01 8.090170e-01
    endloop
  endfacet
  facet normal 0.000000e+00 0.000000e+00 1.000000e+00
    outer loop
      vertex -4.975525e-01 -2.215247e-01 8.386706e-01
      vertex -5.369685e-01 -2.390738e-01 8.090170e-01
      vertex -5.090370e-01 -2.938926e-01 8.090170e-01
    endloop
  endfacet
  facet normal 0.000000e+00 0.000000e+00 1.000000e+00
    outer loop
      vertex -4.716712e-01 -2.723195e-01 8.386706e-01
      vertex -5.090370e-01 -2.938926e-01 8.090170e-01
      vertex -4.755283e-01 -3.454915e-01 8.090170e-01
    endloop
  endfacet
  facet normal 0.000000e+00 0.000000e+00 1.000000e+00
    outer loop
      vertex -4.406222e-01 -3.201308e-01 8.386706e-01
      vertex -4.755283e-01 -3.454915e-01 8.090170e-01
      vertex -4.368096e-01 -3.933051e-01 8.090170e-01
    endloop
  endfacet
  facet normal 0.000000e+00 0.000000e+00 1.000000e+00
    outer loop
      vertex -4.047457e-01 -3.644346e-01 8.386706e-01
      vertex -4.368096e-01 -3.933051e-01 8.090170e-01
      vertex -3.933051e-01 -4.368096e-01 8.090170e-01
    endloop
  endfacet
  facet normal 0.000000e+00 0.000000e+00 1.000000e+00
    outer loop
      vertex -3.644346e-01 -4.047457e-01 8.386706e-01
      vertex -3.933051e-01 -4.368096e-01 8.090170e-01
      vertex -3.454915e-01 -4.755283e-01 8.090170e-01
    endloop
  endfacet
  facet normal 0.000000e+00 0.000000e+00 1.000000e+00
    outer loop
      vertex -3.201308e-01 -4.406222e-01 8.386706e-01
      vertex -3.454915e-01 -4.755283e-01 8.090170e-01
      vertex -2.938926e-01 -5.090370e-01 8.090170e-01
    endloop
  endfacet
  facet normal 0.000000e+00 0.000000e+00 1.000000e+00
    outer loop
      vertex -2.723195e-01 -4.716712e-01 8.386706e-01
      vertex -2.938926e-01 -5.090370e-01 8.090170e-01
      vertex -2.390738e-01 -5.369685e-01 8.090170e-01
    endloop
  endfacet
  facet normal 0.000000e+00 0.000000e+00 1.000000e+00
    outer loop
      vertex -2.215247e-01 -4.975525e-01 8.386706e-01
      vertex -2.390738e-01 -5.369685e-01 8.090170e-01
      vertex -1.816356e-01 -5.590170e-01 8.090170e-01
    endloop
  endfacet
  facet normal 0.000000e+00 0.000000e+00 1.000000e+00
    outer loop
      vertex -1.683027e-01 -5.179825e-01 8.386706e-01
      vertex -1.816356e-01 -5.590170e-01 8.090170e-01
      vertex -1.222074e-01 -5.749407e-01 8.090170e-01
    endloop
  endfacet
  facet normal 0.000000e+00 0.000000e+00 1.000000e+00
    outer loop
      vertex -1.132368e-01 -5.327374e-01 8.386706e-01
      vertex -1.222074e-01 -5.749407e-01 8.090170e-01
      vertex -6.144029e-02 -5.845653e-01 8.090170e-01
    endloop
  endfacet
  facet normal 0.000000e+00 0.000000e+00 1.000000e+00
    outer loop
      vertex -5.693028e-02 -5.416554e-01 8.386706e-01
      vertex -6.144029e-02 -5.845653e-01 8.090170e-01
      vertex -1.079744e-16 -5.877853e-01 8.090170e-01
    endloop
  endfacet
  facet normal 0.000000e+00 0.000000e+00 1.000000e+00
    outer loop
      vertex -1.000486e-16 -5.446390e-01 8.386706e-01
      vertex -1.079744e-16 -5.877853e-01 8.090170e-01
      vertex 6.144029e-02 -5.845653e-01 8.090170e-01
    endloop
  endfacet
  facet normal 0.000000e+00 0.000000e+00 1.000000e+00
    outer loop
      vertex 5.693028e-02 -5.416554e-01 8.386706e-01
      vertex 6.144029e-02 -5.845653e-01 8.090170e-01
      vertex 1.222074e-01 -5.749407e-01 8.090170e-01
    endloop
  endfacet
  facet normal 0.000000e+00 0.000000e+00 1.000000e+00
    outer loop
      vertex 1.132368e-01 -5.327374e-01 8.386706e-01
      vertex 1.222074e-01 -5.749407e-01 8.090170e-01
      vertex 1.816356e-01 -5.590170e-01 8.090170e-01
    endloop
  endfacet
  facet normal 0.000000e+00 0.000000e+00 1.000000e+00
    outer loop
      vertex 1.683027e-01 -5.179825e-01 8.386706e-01
      vertex 1.816356e-01 -5.590170e-01 8.090170e-01
      vertex 2.390738e-01 -5.369685e-01 8.090170e-01
    endloop
  endfacet
  facet normal 0.000000e+00 0.000000e+00 1.000000e+00
    outer loop
      vertex 2.215247e-01 -4.975525e-01 8.386706e-01
      vertex 2.390738e-01 -5.369685e-01 8.090170e-01
      vertex 2.938926e-01 -5.090370e-01 8.090170e-01
    endloop
  endfacet
  facet normal 0.000000e+00 0.000000e+00 1.000000e+00
    outer loop
      vertex 2.723195e-01 -4.716712e-01 8.386706e-01
      vertex 2.938926e-01 -5.090370e-01 8.090170e-01
      vertex 3.454915e-01 -4.755283e-01 8.090170e-01
    endloop
  endfacet
  facet normal 0.000000e+00 0.000000e+00 1.000000e+00
    outer loop
      vertex 3.201308e-01 -4.406222e-01 8.386706e-01
      vertex 3.454915e-01 -4.755283e-01 8.090170e-01
      vertex 3.933051e-01 -4.368096e-01 8.090170e-01
    endloop
  endfacet
  facet normal 0.000000e+00 0.000000e+00 1.000000e+00
    outer loop
      vertex 3.644346e-01 -4.047457e-01 8.386706e-01
      vertex 3.933051e-01 -4.368096e-01 8.090170e-01
      vertex 4.368096e-01 -3.933051e-01 8.090170e-01
    endloop
  endfacet
  facet normal 0.000000e+00 0.000000e+00 1.000000e+00
    outer loop
      vertex 4.047457e-01 -3.644346e-01 8.386706e-01
      vertex 4.368096e-01 -3.933051e-01 8.090170e-01
      vertex 4.755283e-01 -3.454915e-01 8.090170e-01
    endloop
  endfacet
  facet normal 0.000000e+00 0.000000e+00 1.000000e+00
    outer loop
      vertex 4.406222e-01 -3.201308e-01 8.386706e-01
      vertex 4.755283e-01 -3.454915e-01 8.090170e-01
      vertex 5.090370e-01 -2.938926e-01 8.090170e-01
    endloop
  endfacet
  facet normal 0.000000e+00 0.000000e+00 1.000000e+00
    outer loop
      vertex 4.716712e-01 -2.723195e-01 8.386706e-01
      vertex 5.090370e-01 -2.938926e-01 8.090170e-01
      vertex 5.369685e-01 -2.390738e-01 8.090170e-01
    endloop
  endfacet
  facet normal 0.000000e+00 0.000000e+00 1.000000e+00
    outer loop
      vertex 4.975525e-01 -2.215247e-01 8.386706e-01
      vertex 5.369685e-01 -2.390738e-01 8.090170e-01
      vertex 5.590170e-01 -1.816356e-01 8.090170e-01
    endloop
  endfacet
  facet normal 0.000000e+00 0.000000e+00 1.000000e+00
    outer loop
      vertex 5.179825e-01 -1.683027e-01 8.386706e-01
      vertex 5.590170e-01 -1.816356e-01 8.090170e-01
      vertex 5.749407e-01 -1.222074e-01 8.090170e-01
    endloop
  endfacet
  facet normal 0.000000e+00 0.000000e+00 1.000000e+00
    outer loop
      vertex 5.327374e-01 -1.132368e-01 8.386706e-01
      vertex 5.749407e-01 -1.222074e-01 8.090170e-01
      vertex 5.845653e-01 -6.144029e-02 8.090170e-01
    endloop
  endfacet
  facet normal 0.000000e+00 0.000000e+00 1.000000e+00
    outer loop
      vertex 5.416554e-01 -5.693028e-02 8.386706e-01
      vertex 5.845653e-01 -6.144029e-02 8.090170e-01
      vertex 5.877853e-01 -6.660240e-16 8.090170e-01
    endloop
  endfacet
  facet normal 0.000000e+00 0.000000e+00 1.000000e+00
    outer loop
      vertex 5.877853e-01 0.000000e+00 8.090170e-01
      vertex 6.293204e-01 0.000000e+00 7.771460e-01
      vertex 6.258729e-01 6.578189e-02 7.771460e-01
    endloop
  endfacet
  facet normal 0.000000e+00 0.000000e+00 1.000000e+00
    outer loop
      vertex 5.845653e-01 6.144029e-02 8.090170e-01
      vertex 6.258729e-01 6.578189e-02 7.771460e-01
      vertex 6.155682e-01 1.308431e-01 7.771460e-01
    endloop
  endfacet
  facet normal 0.000000e+00 0.000000e+00 1.000000e+00
    outer loop
      vertex 5.749407e-01 1.222074e-01 8.090170e-01
      vertex 6.155682e-01 1.308431e-01 7.771460e-01
      vertex 5.985193e-01 1.944707e-01 7.771460e-01
    endloop
  endfacet
  facet normal 0.000000e+00 0.000000e+00 1.000000e+00
    outer loop
      vertex 5.590170e-01 1.816356e-01 8.090170e-01
      vertex 5.985193e-01 1.944707e-01 7.771460e-01
      vertex 5.749128e-01 2.559677e-01 7.771460e-01
    endloop
  endfacet
  facet normal 0.000000e+00 0.000000e+00 1.000000e+00
    outer loop
      vertex 5.369685e-01 2.390738e-01 8.090170e-01
      vertex 5.749128e-01 2.559677e-01 7.771460e-01
      vertex 5.450074e-01 3.146602e-01 7.771460e-01
    endloop
  endfacet
  facet normal 0.000000e+00 0.000000e+00 1.000000e+00
    outer loop
      vertex 5.090370e-01 2.938926e-01 8.090170e-01
      vertex 5.450074e-01 3.146602e-01 7.771460e-01
      vertex 5.091309e-01 3.699052e-01 7.771460e-01
    endloop
  endfacet
  facet normal 0.000000e+00 0.000000e+00 1.000000e+00
    outer loop
      vertex 4.755283e-01 3.454915e-01 8.090170e-01
      vertex 5.091309e-01 3.699052e-01 7.771460e-01
      vertex 4.676762e-01 4.210975e-01 7.771460e-01
    endloop
  endfacet
  facet normal 0.000000e+00 0.000000e+00 1.000000e+00
    outer loop
      vertex 4.368096e-01 3.933051e-01 8.090170e-01
      vertex 4.676762e-01 4.210975e-01 7.771460e-01
      vertex 4.210975e-01 4.676762e-01 7.771460e-01
    endloop
  endfacet
  facet normal 0.000000e+00 0.000000e+00 1.000000e+00
    outer loop
      vertex 3.933051e-01 4.368096e-01 8.090170e-01
      vertex 4.210975e-01 4.676762e-01 7.771460e-01
      vertex 3.699052e-01 5.091309e-01 7.771460e-01
    endloop
  endfacet
  facet normal 0.000000e+00 0.000000e+00 1.000000e+00
    outer loop
      vertex 3.454915e-01 4.755283e-01 8.090170e-01
      vertex 3.699052e-01 5.091309e-01 7.771460e-01
      vertex 3.146602e-01 5.450074e-01 7.771460e-01
    endloop
  endfacet
  facet normal 0.000000e+00 0.000000e+00 1.000000e+00
    outer loop
      vertex 2.938926e-01 5.090370e-01 8.090170e-01
      vertex 3.146602e-01 5.450074e-01 7.771460e-01
      vertex 2.559677e-01 5.749128e-01 7.771460e-01
    endloop
  endfacet
  facet normal 0.000000e+00 0.000000e+00 1.000000e+00
    outer loop
      vertex 2.390738e-01 5.369685e-01 8.090170e-01
      vertex 2.559677e-01 5.749128e-01 7.771460e-01
      vertex 1.944707e-01 5.985193e-01 7.771460e-01
    endloop
  endfacet
  facet normal 0.000000e+00 0.000000e+00 1.000000e+00
    outer loop
      vertex 1.816356e-01 5.590170e-01 8.090170e-01
      vertex 1.944707e-01 5.985193e-01 7.771460e-01
      vertex 1.308431e-01 6.155682e-01 7.771460e-01
    endloop
  endfacet
  facet normal 0.000000e+00 0.000000e+00 1.000000e+00
    outer loop
      vertex 1.222074e-01 5.749407e-01 8.090170e-01
      vertex 1.308431e-01 6.155682e-01 7.771460e-01
      vertex 6.578189e-02 6.258729e-01 7.771460e-01
    endloop
  endfacet
  facet normal 0.000000e+00 0.000000e+00 1.000000e+00
    outer loop
      vertex 6.144029e-02 5.845653e-01 8.090170e-01
      vertex 6.578189e-02 6.258729e-01 7.771460e-01
      vertex 1.782720e-16 6.293204e-01 7.771460e-01
    endloop
  endfacet
  facet normal 0.000000e+00 0.000000e+00 1.000000e+00
    outer loop
      vertex 1.665060e-16 5.877853e-01 8.090170e-01
      vertex 1.782720e-16 6.293204e-01 7.771460e-01
      vertex -6.578189e-02 6.258729e-01 7.771460e-01
    endloop
  endfacet
  facet normal 0.000000e+00 0.000000e+00 1.000000e+00
    outer loop
      vertex -6.144029e-02 5.845653e-01 8.090170e-01
      vertex -6.578189e-02 6.258729e-01 7.771460e-01
      vertex -1.308431e-01 6.155682e-01 7.771460e-01
    endloop
  endfacet
  facet normal 0.000000e+00 0.000000e+00 1.000000e+00
    outer loop
      vertex -1.222074e-01 5.749407e-01 8.090170e-01
      vertex -1.308431e-01 6.155682e-01 7.771460e-01
      vertex -1.944707e-01 5.985193e-01 7.771460e-01
    endloop
  endfacet
  facet normal 0.000000e+00 0.000000e+00 1.000000e+00
    outer loop
      vertex -1.816356e-01 5.590170e-01 8.090170e-01
      vertex -1.944707e-01 5.985193e-01 7.771460e-01
      vertex -2.559677e-01 5.749128e-01 7.771460e-01
    endloop
  endfacet
  facet normal 0.000000e+00 0.000000e+00 1.000000e+00
    outer loop
      vertex -2.390738e-01 5.369685e-01 8.090170e-01
      vertex -2.559677e-01 5.749128e-01 7.771460e-01
      vertex -3.146602e-01 5.450074e-01 7.771460e-01
    endloop
  endfacet
  facet normal 0.000000e+00 0.000000e+00 1.000000e+00
    outer loop
      vertex -2.938926e-01 5.090370e-01 8.090170e-01
      vertex -3.146602e-01 5.450074e-01 7.771460e-01
      vertex -3.699052e-01 5.091309e-01 7.771460e-01
    endloop
  endfacet
  facet normal 0.000000e+00 0.000000e+00 1.000000e+00
    outer loop
      vertex -3.454915e-01 4.755283e-01 8.090170e-01
      vertex -3.699052e-01 5.091309e-01 7.771460e-01
      vertex -4.210975e-01 4.676762e-01 7.771460e-01
    endloop
  endfacet
  facet normal 0.000000e+00 0.000000e+00 1.000000e+00
    outer loop
      vertex -3.933051e-01 4.368096e-01 8.090170e-01
      vertex -4.210975e-01 4.676762e-01 7.771460e-01
      vertex -4.676762e-01 4.210975e-01 7.771460e-01
    endloop
  endfacet
  facet normal 0.000000e+00 0.000000e+00 1.000000e+00
    outer loop
      vertex -4.368096e-01 3.933051e-01 8.090170e-01
      vertex -4.676762e-01 4.210975e-01 7.771460e-01
      vertex -5.091309e-01 3.699052e-01 7.771460e-01
    endloop
  endfacet
  facet normal 0.000000e+00 0.000000e+00 1.000000e+00
    outer loop
      vertex -4.755283e-01 3.454915e-01 8.090170e-01
      vertex -5.091309e-01 3.699052e-01 7.771460e-01
      vertex -5.450074e-01 3.146602e-01 7.771460e-01
    endloop
  endfacet
  facet normal 0.000000e+00 0.000000e+00 1.000000e+00
    outer loop
      vertex -5.090370e-01 2.938926e-01 8.090170e-01
      vertex -5.450074e-01 3.146602e-01 7.771460e-01
      vertex -5.749128e-01 2.559677e-01 7.771460e-01
    endloop
  endfacet
  facet normal 0.000000e+00 0.000000e+00 1.000000e+00
    outer loop
      vertex -5.369685e-01 2.390738e-01 8.090170e-01
      vertex -5.749128e-01 2.559677e-01 7.771460e-01
      vertex -5.985193e-01 1.944707e-01 7.771460e-01
    endloop
  endfacet
  facet normal 0.000000e+00 0.000000e+00 1.000000e+00
    outer loop
      vertex -5.590170e-01 1.816356e-01 8.090170e-01
      vertex -5.985193e-01 1.944707e-01 7.771460e-01
      vertex -6.155682e-01 1.308431e-01 7.771460e-01
    endloop
  endfacet
  facet normal 0.000000e+00 0.000000e+00 1.000000e+00
    outer loop
      vertex -5.749407e-01 1.222074e-01 8.090170e-01
      vertex -6.155682e-01 1.308431e-01 7.771460e-01
      vertex -6.258729e-01 6.578189e-02 7.771460e-01
    endloop
  endfacet
  facet normal 0.000000e+00 0.000000e+00 1.000000e+00
    outer loop
      vertex -5.845653e-01 6.144029e-02 8.090170e-01
      vertex -6.258729e-01 6.578189e-02 7.771460e-01
      vertex -6.293204e-01 3.565439e-16 7.771460e-01
    endloop
  endfacet
  facet normal 0.000000e+00 0.000000e+00 1.000000e+00
    outer loop
      vertex -5.877853e-01 3.330120e-16 8.090170e-01
      vertex -6.293204e-01 3.565439e-16 7.771460e-01
      vertex -6.258729e-01 -6.578189e-02 7.771460e-01
    endloop
  endfacet
  facet normal 0.000000e+00 0.000000e+00 1.000000e+00
    outer loop
      vertex -5.845653e-01 -6.144029e-02 8.090170e-01
      vertex -6.258729e-01 -6.578189e-02 7.771460e-01
      vertex -6.155682e-01 -1.308431e-01 7.771460e-01
    endloop
  endfacet
  facet normal 0.000000e+00 0.000000e+00 1.000000e+00
    outer loop
      vertex -5.749407e-01 -1.222074e-01 8.090170e-01
      vertex -6.155682e-01 -1.308431e-01 7.771460e-01
      vertex -5.985193e-01 -1.944707e-01 7.771460e-01
    endloop
  endfacet
  facet normal 0.000000e+00 0.000000e+00 1.000000e+00
    outer loop
      vertex -5.590170e-01 -1.816356e-01 8.090170e-01
      vertex -5.985193e-01 -1.944707e-01 7.771460e-01
      vertex -5.749128e-01 -2.559677e-01 7.771460e-01
    endloop
  endfacet
  facet normal 0.000000e+00 0.000000e+00 1.000000e+00
    outer loop
      vertex -5.369685e-01 -2.390738e-01 8.090170e-01
      vertex -5.749128e-01 -2.559677e-01 7.771460e-01
      vertex -5.450074e-01 -3.146602e-01 7.771460e-01
    endloop
  endfacet
  facet normal 0.000000e+00 0.000000e+00 1.000000e+00
    outer loop
      vertex -5.090370e-01 -2.938926e-01 8.090170e-01
      vertex -5.450074e-01 -3.146602e-01 7.771460e-01
      vertex -5.091309e-01 -3.699052e-01 7.771460e-01
    endloop
  endfacet
  facet normal 0.000000e+00 0.000000e+00 1.000000e+00
    outer loop
      vertex -4.755283e-01 -3.454915e-01 8.090170e-01
      vertex -5.091309e-01 -3.699052e-01 7.771460e-01
      vertex -4.676762e-01 -4.210975e-01 7.771460e-01
    endloop
  endfacet
  facet normal 0.000000e+00 0.000000e+00 1.000000e+00
    outer loop
      vertex -4.368096e-01 -3.933051e-01 8.090170e-01
      vertex -4.676762e-01 -4.210975e-01 7.771460e-01
      vertex -4.210975e-01 -4.676762e-01 7.771460e-01
    endloop
  endfacet
  facet normal 0.000000e+00 0.000000e+00 1.000000e+00
    outer loop
      vertex -3.933051e-01 -4.368096e-01 8.090170e-01
      vertex -4.210975e-01 -4.676762e-01 7.771460e-01
      vertex -3.699052e-01 -5.091309e-01 7.771460e-01
    endloop
  endfacet
  facet normal 0.000000e+00 0.000000e+00 1.000000e+00
    outer loop
      vertex -3.454915e-01 -4.755283e-01 8.090170e-01
      vertex -3.699052e-01 -5.091309e-01 7.771460e-01
      vertex -3.146602e-01 -5.450074e-01 7.771460e-01
    endloop
  endfacet
  facet normal 0.000000e+00 0.000000e+00 1.000000e+00
    outer loop
      vertex -2.938926e-01 -5.090370e-01 8.090170e-01
      vertex -3.146602e-01 -5.450074e-01 7.771460e-01
      vertex -2.559677e-01 -5.749128e-01 7.771460e-01
    endloop
  endfacet
  facet normal 0.000000e+00 0.000000e+00 1.000000e+00
    outer loop
      vertex -2.390738e-01 -5.369685e-01 8.090170e-01
      vertex -2.559677e-01 -5.749128e-01 7.771460e-01
      vertex -1.944707e-01 -5.985193e-01 7.771460e-01
    endloop
  endfacet
  facet normal 0.000000e+00 0.000000e+00 1.000000e+00
    outer loop
      vertex -1.816356e-01 -5.590170e-01 8.090170e-01
      vertex -1.944707e-01 -5.985193e-01 7.771460e-01
      vertex -1.308431e-01 -6.155682e-01 7.771460e-01
    endloop
  endfacet
  facet normal 0.000000e+00 0.000000e+00 1.000000e+00
    outer loop
      vertex -1.222074e-01 -5.749407e-01 8.090170e-01
      vertex -1.308431e-01 -6.155682e-01 7.771460e-01
      vertex -6.578189e-02 -6.258729e-01 7.771460e-01
    endloop
  endfacet
  facet normal 0.000000e+00 0.000000e+00 1.000000e+00
    outer loop
      vertex -6.144029e-02 -5.845653e-01 8.090170e-01
      vertex -6.578189e-02 -6.258729e-01 7.771460e-01
      vertex -1.156043e-16 -6.293204e-01 7.771460e-01
    endloop
  endfacet
  facet normal 0.000000e+00 0.000000e+00 1.000000e+00
    outer loop
      vertex -1.079744e-16 -5.877853e-01 8.090170e-01
      vertex -1.156043e-16 -6.293204e-01 7.771460e-01
      vertex 6.578189e-02 -6.258729e-01 7.771460e-01
    endloop
  endfacet
  facet normal 0.000000e+00 0.000000e+00 1.000000e+00
    outer loop
      vertex 6.144029e-02 -5.845653e-01 8.090170e-01
      vertex 6.578189e-02 -6.258729e-01 7.771460e-01
      vertex 1.308431e-01 -6.155682e-01 7.771460e-01
    endloop
  endfacet
  facet normal 0.000000e+00 0.000000e+00 1.000000e+00
    outer loop
      vertex 1.222074e-01 -5.749407e-01 8.090170e-01
      vertex 1.308431e-01 -6.155682e-01 7.771460e-01
      vertex 1.944707e-01 -5.985193e-01 7.771460e-01
    endloop
  endfacet
  facet normal 0.000000e+00 0.000000e+00 1.000000e+00
    outer loop
      vertex 1.816356e-01 -5.590170e-01 8.090170e-01
      vertex 1.944707e-01 -5.985193e-01 7.771460e-01
      vertex 2.559677e-01 -5.749128e-01 7.771460e-01
    endloop
  endfacet
  facet normal 0.000000e+00 0.000000e+00 1.000000e+00
    outer loop
      vertex 2.390738e-01 -5.369685e-01 8.090170e-01
      vertex 2.559677e-01 -5.749128e-01 7.771460e-01
      vertex 3.146602e-01 -5.450074e-01 7.771460e-01
    endloop
  endfacet
  facet normal 0.000000e+00 0.000000e+00 1.000000e+00
    outer loop
      vertex 2.938926e-01 -5.090370e-01 8.090170e-01
      vertex 3.146602e-01 -5.450074e-01 7.771460e-01
      vertex 3.699052e-01 -5.091309e-01 7.771460e-01
    endloop
  endfacet
  facet normal 0.000000e+00 0.000000e+00 1.000000e+00
    outer loop
      vertex 3.454915e-01 -4.755283e-01 8.090170e-01
      vertex 3.699052e-01 -5.091309e-01 7.771460e-01
      vertex 4.210975e-01 -4.676762e-01 7.771460e-01
    endloop
  endfacet
  facet normal 0.000000e+00 0.000000e+00 1.000000e+00
    outer loop
      vertex 3.933051e-01 -4.368096e-01 8.090170e-01
      vertex 4.210975e-01 -4.676762e-01 7.771460e-01
      vertex 4.676762e-01 -4.210975e-01 7.771460e-01
    endloop
  endfacet
  facet normal 0.000000e+00 0.000000e+00 1.000000e+00
    outer loop
      vertex 4.368096e-01 -3.933051e-01 8.090170e-01
      vertex 4.676762e-01 -4.210975e-01 7.771460e-01
      vertex 5.091309e-01 -3.699052e-01 7.771460e-01
    endloop
  endfacet
  facet normal 0.000000e+00 0.000000e+00 1.000000e+00
    outer loop
      vertex 4.755283e-01 -3.454915e-01 8.090170e-01
      vertex 5.091309e-01 -3.699052e-01 7.771460e-01
      vertex 5.450074e-01 -3.146602e-01 7.771460e-01
    endloop
  endfacet
  facet normal 0.000000e+00 0.000000e+00 1.000000e+00
    outer loop
      vertex 5.090370e-01 -2.938926e-01 8.090170e-01
      vertex 5.450074e-01 -3.146602e-01 7.771460e-01
      vertex 5.749128e-01 -2.559677e-01 7.771460e-01
    endloop
  endfacet
  facet normal 0.000000e+00 0.000000e+00 1.000000e+00
    outer loop
      vertex 5.369685e-01 -2.390738e-01 8.090170e-01
      vertex 5.749128e-01 -2.559677e-01 7.771460e-01
      vertex 5.985193e-01 -1.944707e-01 7.771460e-01
    endloop
  endfacet
  facet normal 0.000000e+00 0.000000e+00 1.000000e+00
    outer loop
      vertex 5.590170e-01 -1.816356e-01 8.090170e-01
      vertex 5.985193e-01 -1.944707e-01 7.771460e-01
      vertex 6.155682e-01 -1.308431e-01 7.771460e-01
    endloop
  endfacet
  facet normal 0.000000e+00 0.000000e+00 1.000000e+00
    outer loop
      vertex 5.749407e-01 -1.222074e-01 8.090170e-01
      vertex 6.155682e-01 -1.308431e-01 7.771460e-01
      vertex 6.258729e-01 -6.578189e-02 7.771460e-01
    endloop
  endfacet
  facet normal 0.000000e+00 0.000000e+00 1.000000e+00
    outer loop
      vertex 5.845653e-01 -6.144029e-02 8.090170e-01
      vertex 6.258729e-01 -6.578189e-02 7.771460e-01
      vertex 6.293204e-01 -7.130878e-16 7.771460e-01
    endloop
  endfacet
  facet normal 0.000000e+00 0.000000e+00 1.000000e+00
    outer loop
      vertex 6.293204e-01 0.000000e+00 7.771460e-01
      vertex 6.691306e-01 0.000000e+00 7.431448e-01
      vertex 6.654650e-01 6.994319e-02 7.431448e-01
    endloop
  endfacet
  facet normal 0.000000e+00 0.000000e+00 1.000000e+00
    outer loop
      vertex 6.258729e-01 6.578189e-02 7.771460e-01
      vertex 6.654650e-01 6.994319e-02 7.431448e-01
      vertex 6.545085e-01 1.391201e-01 7.431448e-01
    endloop
  endfacet
  facet normal 0.000000e+00 0.000000e+00 1.000000e+00
    outer loop
      vertex 6.155682e-01 1.308431e-01 7.771460e-01
      vertex 6.545085e-01 1.391201e-01 7.431448e-01
      vertex 6.363810e-01 2.067727e-01 7.431448e-01
    endloop
  endfacet
  facet normal 0.000000e+00 0.000000e+00 1.000000e+00
    outer loop
      vertex 5.985193e-01 1.944707e-01 7.771460e-01
      vertex 6.363810e-01 2.067727e-01 7.431448e-01
      vertex 6.112812e-01 2.721599e-01 7.431448e-01
    endloop
  endfacet
  facet normal 0.000000e+00 0.000000e+00 1.000000e+00
    outer loop
      vertex 5.749128e-01 2.559677e-01 7.771460e-01
      vertex 6.112812e-01 2.721599e-01 7.431448e-01
      vertex 5.794841e-01 3.345653e-01 7.431448e-01
    endloop
  endfacet
  facet normal 0.000000e+00 0.000000e+00 1.000000e+00
    outer loop
      vertex 5.450074e-01 3.146602e-01 7.771460e-01
      vertex 5.794841e-01 3.345653e-01 7.431448e-01
      vertex 5.413380e-01 3.933051e-01 7.431448e-01
    endloop
  endfacet
  facet normal 0.000000e+00 0.000000e+00 1.000000e+00
    outer loop
      vertex 5.091309e-01 3.699052e-01 7.771460e-01
      vertex 5.413380e-01 3.933051e-01 7.431448e-01
      vertex 4.972609e-01 4.477358e-01 7.431448e-01
    endloop
  endfacet
  facet normal 0.000000e+00 0.000000e+00 1.000000e+00
    outer loop
      vertex 4.676762e-01 4.210975e-01 7.771460e-01
      vertex 4.972609e-01 4.477358e-01 7.431448e-01
      vertex 4.477358e-01 4.972609e-01 7.431448e-01
    endloop
  endfacet
  facet normal 0.000000e+00 0.000000e+00 1.000000e+00
    outer loop
      vertex 4.210975e-01 4.676762e-01 7.771460e-01
      vertex 4.477358e-01 4.972609e-01 7.431448e-01
      vertex 3.933051e-01 5.413380e-01 7.431448e-01
    endloop
  endfacet
  facet normal 0.000000e+00 0.000000e+00 1.000000e+00
    outer loop
      vertex 3.699052e-01 5.091309e-01 7.771460e-01
      vertex 3.933051e-01 5.413380e-01 7.431448e-01
      vertex 3.345653e-01 5.794841e-01 7.431448e-01
    endloop
  endfacet
  facet normal 0.000000e+00 0.000000e+00 1.000000e+00
    outer loop
      vertex 3.146602e-01 5.450074e-01 7.771460e-01
      vertex 3.345653e-01 5.794841e-01 7.431448e-01
      vertex 2.721599e-01 6.112812e-01 7.431448e-01
    endloop
  endfacet
  facet normal 0.000000e+00 0.000000e+00 1.000000e+00
    outer loop
      vertex 2.559677e-01 5.749128e-01 7.771460e-01
      vertex 2.721599e-01 6.112812e-01 7.431448e-01
      vertex 2.067727e-01 6.363810e-01 7.431448e-01
    endloop
  endfacet
  facet normal 0.000000e+00 0.000000e+00 1.000000e+00
    outer loop
      vertex 1.944707e-01 5.985193e-01 7.771460e-01
      vertex 2.067727e-01 6.363810e-01 7.431448e-01
      vertex 1.391201e-01 6.545085e-01 7.431448e-01
    endloop
  endfacet
  facet normal 0.000000e+00 0.000000e+00 1.000000e+00
    outer loop
      vertex 1.308431e-01 6.155682e-01 7.771460e-01
      vertex 1.391201e-01 6.545085e-01 7.431448e-01
      vertex 6.994319e-02 6.654650e-01 7.431448e-01
    endloop
  endfacet
  facet normal 0.000000e+00 0.000000e+00 1.000000e+00
    outer loop
      vertex 6.578189e-02 6.258729e-01 7.771460e-01
      vertex 6.994319e-02 6.654650e-01 7.431448e-01
      vertex 1.895493e-16 6.691306e-01 7.431448e-01
    endloop
  endfacet
  facet normal 0.000000e+00 0.000000e+00 1.000000e+00
    outer loop
      vertex 1.782720e-16 6.293204e-01 7.771460e-01
      vertex 1.895493e-16 6.691306e-01 7.431448e-01
      vertex -6.994319e-02 6.654650e-01 7.431448e-01
    endloop
  endfacet
  facet normal 0.000000e+00 0.000000e+00 1.000000e+00
    outer loop
      vertex -6.578189e-02 6.258729e-01 7.771460e-01
      vertex -6.994319e-02 6.654650e-01 7.431448e-01
      vertex -1.391201e-01 6.545085e-01 7.431448e-01
    endloop
  endfacet
  facet normal 0.000000e+00 0.000000e+00 1.000000e+00
    outer loop
      vertex -1.308431e-01 6.155682e-01 7.771460e-01
      vertex -1.391201e-01 6.545085e-01 7.431448e-01
      vertex -2.067727e-01 6.363810e-01 7.431448e-01
    endloop
  endfacet
  facet normal 0.000000e+00 0.000000e+00 1.000000e+00
    outer loop
      vertex -1.944707e-01 5.985193e-01 7.771460e-01
      vertex -2.067727e-01 6.363810e-01 7.431448e-01
      vertex -2.721599e-01 6.112812e-01 7.431448e-01
    endloop
  endfacet
  facet normal 0.000000e+00 0.000000e+00 1.000000e+00
    outer loop
      vertex -2.559677e-01 5.749128e-01 7.771460e-01
      vertex -2.721599e-01 6.112812e-01 7.431448e-01
      vertex -3.345653e-01 5.794841e-01 7.431448e-01
    endloop
  endfacet
  facet normal 0.000000e+00 0.000000e+00 1.000000e+00
    outer loop
      vertex -3.146602e-01 5.450074e-01 7.771460e-01
      vertex -3.345653e-01 5.794841e-01 7.431448e-01
      vertex -3.933051e-01 5.413380e-01 7.431448e-01
    endloop
  endfacet
  facet normal 0.000000e+00 0.000000e+00 1.000000e+00
    outer loop
      vertex -3.699052e-01 5.091309e-01 7.771460e-01
      vertex -3.933051e-01 5.413380e-01 7.431448e-01
      vertex -4.477358e-01 4.972609e-01 7.431448e-01
    endloop
  endfacet
  facet normal 0.000000e+00 0.000000e+00 1.000000e+00
    outer loop
      vertex -4.210975e-01 4.676762e-01 7.771460e-01
      vertex -4.477358e-01 4.972609e-01 7.431448e-01
      vertex -4.972609e-01 4.477358e-01 7.431448e-01
    endloop
  endfacet
  facet normal 0.000000e+00 0.000000e+00 1.000000e+00
    outer loop
      vertex -4.676762e-01 4.210975e-01 7.771460e-01
      vertex -4.972609e-01 4.477358e-01 7.431448e-01
      vertex -5.413380e-01 3.933051e-01 7.431448e-01
    endloop
  endfacet
  facet normal 0.000000e+00 0.000000e+00 1.000000e+00
    outer loop
      vertex -5.091309e-01 3.699052e-01 7.771460e-01
      vertex -5.413380e-01 3.933051e-01 7.431448e-01
      vertex -5.794841e-01 3.345653e-01 7.431448e-01
    endloop
  endfacet
  facet normal 0.000000e+00 0.000000e+00 1.000000e+00
    outer loop
      vertex -5.450074e-01 3.146602e-01 7.771460e-01
      vertex -5.794841e-01 3.345653e-01 7.431448e-01
      vertex -6.112812e-01 2.721599e-01 7.431448e-01
    endloop
  endfacet
  facet normal 0.000000e+00 0.000000e+00 1.000000e+00
    outer loop
      vertex -5.749128e-01 2.559677e-01 7.771460e-01
      vertex -6.112812e-01 2.721599e-01 7.431448e-01
      vertex -6.363810e-01 2.067727e-01 7.431448e-01
    endloop
  endfacet
  facet normal 0.000000e+00 0.000000e+00 1.000000e+00
    outer loop
      vertex -5.985193e-01 1.944707e-01 7.771460e-01
      vertex -6.363810e-01 2.067727e-01 7.431448e-01
      vertex -6.545085e-01 1.391201e-01 7.431448e-01
    endloop
  endfacet
  facet normal 0.000000e+00 0.000000e+00 1.000000e+00
    outer loop
      vertex -6.155682e-01 1.308431e-01 7.771460e-01
      vertex -6.545085e-01 1.391201e-01 7.431448e-01
      vertex -6.654650e-01 6.994319e-02 7.431448e-01
    endloop
  endfacet
  facet normal 0.000000e+00 0.000000e+00 1.000000e+00
    outer loop
      vertex -6.258729e-01 6.578189e-02 7.771460e-01
      vertex -6.654650e-01 6.994319e-02 7.431448e-01
      vertex -6.691306e-01 3.790985e-16 7.431448e-01
    endloop
  endfacet
  facet normal 0.000000e+00 0.000000e+00 1.000000e+00
    outer loop
      vertex -6.293204e-01 3.565439e-16 7.771460e-01
      vertex -6.691306e-01 3.790985e-16 7.431448e-01
      vertex -6.654650e-01 -6.994319e-02 7.431448e-01
    endloop
  endfacet
  facet normal 0.000000e+00 0.000000e+00 1.000000e+00
    outer loop
      vertex -6.258729e-01 -6.578189e-02 7.771460e-01
      vertex -6.654650e-01 -6.994319e-02 7.431448e-01
      vertex -6.545085e-01 -1.391201e-01 7.431448e-01
    endloop
  endfacet
  facet normal 0.000000e+00 0.000000e+00 1.000000e+00
    outer loop
      vertex -6.155682e-01 -1.308431e-01 7.771460e-01
      vertex -6.545085e-01 -1.391201e-01 7.431448e-01
      vertex -6.363810e-01 -2.067727e-01 7.431448e-01
    endloop
  endfacet
  facet normal 0.000000e+00 0.000000e+00 1.000000e+00
    outer loop
      vertex -5.985193e-01 -1.944707e-01 7.771460e-01
      vertex -6.363810e-01 -2.067727e-01 7.431448e-01
      vertex -6.112812e-01 -2.721599e-01 7.431448e-01
    endloop
  endfacet
  facet normal 0.000000e+00 0.000000e+00 1.000000e+00
    outer loop
      vertex -5.749128e-01 -2.559677e-01 7.771460e-01
      vertex -6.112812e-01 -2.721599e-01 7.431448e-01
      vertex -5.794841e-01 -3.345653e-01 7.431448e-01
    endloop
  endfacet
  facet normal 0.000000e+00 0.000000e+00 1.000000e+00
    outer loop
      vertex -5.450074e-01 -3.146602e-01 7.771460e-01
      vertex -5.794841e-01 -3.345653e-01 7.431448e-01
      vertex -5.413380e-01 -3.933051e-01 7.431448e-01
    endloop
  endfacet
  facet normal 0.000000e+00 0.000000e+00 1.000000e+00
    outer loop
      vertex -5.091309e-01 -3.699052e-01 7.771460e-01
      vertex -5.413380e-01 -3.933051e-01 7.431448e-01
      vertex -4.972609e-01 -4.477358e-01 7.431448e-01
    endloop
  endfacet
  facet normal 0.000000e+00 0.000000e+00 1.000000e+00
    outer loop
      vertex -4.676762e-01 -4.210975e-01 7.771460e-01
      vertex -4.972609e-01 -4.477358e-01 7.431448e-01
      vertex -4.477358e-01 -4.972609e-01 7.431448e-01
    endloop
  endfacet
  facet normal 0.000000e+00 0.000000e+00 1.000000e+00
    outer loop
      vertex -4.210975e-01 -4.676762e-01 7.771460e-01
      vertex -4.477358e-01 -4.972609e-01 7.431448e-01
      vertex -3.933051e-01 -5.413380e-01 7.431448e-01
    endloop
  endfacet
  facet normal 0.000000e+00 0.000000e+00 1.000000e+00
    outer loop
      vertex -3.699052e-01 -5.091309e-01 7.771460e-01
      vertex -3.933051e-01 -5.413380e-01 7.431448e-01
      vertex -3.345653e-01 -5.794841e-01 7.431448e-01
    endloop
  endfacet
  facet normal 0.000000e+00 0.000000e+00 1.000000e+00
    outer loop
      vertex -3.146602e-01 -5.450074e-01 7.771460e-01
      vertex -3.345653e-01 -5.794841e-01 7.431448e-01
      vertex -2.721599e-01 -6.112812e-01 7.431448e-01
    endloop
  endfacet
  facet normal 0.000000e+00 0.000000e+00 1.000000e+00
    outer loop
      vertex -2.559677e-01 -5.749128e-01 7.771460e-01
      vertex -2.721599e-01 -6.112812e-01 7.431448e-01
      vertex -2.067727e-01 -6.363810e-01 7.431448e-01
    endloop
  endfacet
  facet normal 0.000000e+00 0.000000e+00 1.000000e+00
    outer loop
      vertex -1.944707e-01 -5.985193e-01 7.771460e-01
      vertex -2.067727e-01 -6.363810e-01 7.431448e-01
      vertex -1.391201e-01 -6.545085e-01 7.431448e-01
    endloop
  endfacet
  facet normal 0.000000e+00 0.000000e+00 1.000000e+00
    outer loop
      vertex -1.308431e-01 -6.155682e-01 7.771460e-01
      vertex -1.391201e-01 -6.545085e-01 7.431448e-01
      vertex -6.994319e-02 -6.654650e-01 7.431448e-01
    endloop
  endfacet
  facet normal 0.000000e+00 0.000000e+00 1.000000e+00
    outer loop
      vertex -6.578189e-02 -6.258729e-01 7.771460e-01
      vertex -6.994319e-02 -6.654650e-01 7.431448e-01
      vertex -1.229173e-16 -6.691306e-01 7.431448e-01
    endloop
  endfacet
  facet normal 0.000000e+00 0.000000e+00 1.000000e+00
    outer loop
      vertex -1.156043e-16 -6.293204e-01 7.771460e-01
      vertex -1.229173e-16 -6.691306e-01 7.431448e-01
      vertex 6.994319e-02 -6.654650e-01 7.431448e-01
    endloop
  endfacet
  facet normal 0.000000e+00 0.000000e+00 1.000000e+00
    outer loop
      vertex 6.578189e-02 -6.258729e-01 7.771460e-01
      vertex 6.994319e-02 -6.654650e-01 7.431448e-01
      vertex 1.391201e-01 -6.545085e-01 7.431448e-01
    endloop
  endfacet
  facet normal 0.000000e+00 0.000000e+00 1.000000e+00
    outer loop
      vertex 1.308431e-01 -6.155682e-01 7.771460e-01
      vertex 1.391201e-01 -6.545085e-01 7.431448e-01
      vertex 2.067727e-01 -6.363810e-01 7.431448e-01
    endloop
  endfacet
  facet normal 0.000000e+00 0.000000e+00 1.000000e+00
    outer loop
      vertex 1.944707e-01 -5.985193e-01 7.771460e-01
      vertex 2.067727e-01 -6.363810e-01 7.431448e-01
      vertex 2.721599e-01 -6.112812e-01 7.431448e-01
    endloop
  endfacet
  facet normal 0.000000e+00 0.000000e+00 1.000000e+00
    outer loop
      vertex 2.559677e-01 -5.749128e-01 7.771460e-01
      vertex 2.721599e-01 -6.112812e-01 7.431448e-01
      vertex 3.345653e-01 -5.794841e-01 7.431448e-01
    endloop
  endfacet
  facet normal 0.000000e+00 0.000000e+00 1.000000e+00
    outer loop
      vertex 3.146602e-01 -5.450074e-01 7.771460e-01
      vertex 3.345653e-01 -5.794841e-01 7.431448e-01
      vertex 3.933051e-01 -5.413380e-01 7.431448e-01
    endloop
  endfacet
  facet normal 0.000000e+00 0.000000e+00 1.000000e+00
    outer loop
      vertex 3.699052e-01 -5.091309e-01 7.771460e-01
      vertex 3.933051e-01 -5.413380e-01 7.431448e-01
      vertex 4.477358e-01 -4.972609e-01 7.431448e-01
    endloop
  endfacet
  facet normal 0.000000e+00 0.000000e+00 1.000000e+00
    outer loop
      vertex 4.210975e-01 -4.676762e-01 7.771460e-01
      vertex 4.477358e-01 -4.972609e-01 7.431448e-01
      vertex 4.972609e-01 -4.477358e-01 7.431448e-01
    endloop
  endfacet
  facet normal 0.000000e+00 0.000000e+00 1.000000e+00
    outer loop
      vertex 4.676762e-01 -4.210975e-01 7.771460e-01
      vertex 4.972609e-01 -4.477358e-01 7.431448e-01
      vertex 5.413380e-01 -3.933051e-01 7.431448e-01
    endloop
  endfacet
  facet normal 0.000000e+00 0.000000e+00 1.000000e+00
    outer loop
      vertex 5.091309e-01 -3.699052e-01 7.771460e-01
      vertex 5.413380e-01 -3.933051e-01 7.431448e-01
      vertex 5.794841e-01 -3.345653e-01 7.431448e-01
    endloop
  endfacet
  facet normal 0.000000e+00 0.000000e+00 1.000000e+00
    outer loop
      vertex 5.450074e-01 -3.146602e-01 7.771460e-01
      vertex 5.794841e-01 -3.345653e-01 7.431448e-01
      vertex 6.112812e-01 -2.721599e-01 7.431448e-01
    endloop
  endfacet
  facet normal 0.000000e+00 0.000000e+00 1.000000e+00
    outer loop
      vertex 5.749128e-01 -2.559677e-01 7.771460e-01
      vertex 6.112812e-01 -2.721599e-01 7.431448e-01
      vertex 6.363810e-01 -2.067727e-01 7.431448e-01
    endloop
  endfacet
  facet normal 0.000000e+00 0.000000e+00 1.000000e+00
    outer loop
      vertex 5.985193e-01 -1.944707e-01 7.771460e-01
      vertex 6.363810e-01 -2.067727e-01 7.431448e-01
      vertex 6.545085e-01 -1.391201e-01 7.431448e-01
    endloop
  endfacet
  facet normal 0.000000e+00 0.000000e+00 1.000000e+00
    outer loop
      vertex 6.155682e-01 -1.308431e-01 7.771460e-01
      vertex 6.545085e-01 -1.391201e-01 7.431448e-01
      vertex 6.654650e-01 -6.994319e-02 7.431448e-01
    endloop
  endfacet
  facet normal 0.000000e+00 0.000000e+00 1.000000e+00
    outer loop
      vertex 6.258729e-01 -6.578189e-02 7.771460e-01
      vertex 6.654650e-01 -6.994319e-02 7.431448e-01
      vertex 6.691306e-01 -7.581971e-16 7.431448e-01
    endloop
  endfacet
  facet normal 0.000000e+00 0.000000e+00 1.000000e+00
    outer loop
      vertex 6.691306e-01 0.000000e+00 7.431448e-01
      vertex 7.071068e-01 0.000000e+00 7.071068e-01
      vertex 7.032332e-01 7.391279e-02 7.071068e-01
    endloop
  endfacet
  facet normal 0.000000e+00 0.000000e+00 1.000000e+00
    outer loop
      vertex 6.654650e-01 6.994319e-02 7.431448e-01
      vertex 7.032332e-01 7.391279e-02 7.071068e-01
      vertex 6.916548e-01 1.470158e-01 7.071068e-01
    endloop
  endfacet
  facet normal 0.000000e+00 0.000000e+00 1.000000e+00
    outer loop
      vertex 6.545085e-01 1.391201e-01 7.431448e-01
      vertex 6.916548e-01 1.470158e-01 7.071068e-01
      vertex 6.724985e-01 2.185080e-01 7.071068e-01
    endloop
  endfacet
  facet normal 0.000000e+00 0.000000e+00 1.000000e+00
    outer loop
      vertex 6.363810e-01 2.067727e-01 7.431448e-01
      vertex 6.724985e-01 2.185080e-01 7.071068e-01
      vertex 6.459742e-01 2.876062e-01 7.071068e-01
    endloop
  endfacet
  facet normal 0.000000e+00 0.000000e+00 1.000000e+00
    outer loop
      vertex 6.112812e-01 2.721599e-01 7.431448e-01
      vertex 6.459742e-01 2.876062e-01 7.071068e-01
      vertex 6.123724e-01 3.535534e-01 7.071068e-01
    endloop
  endfacet
  facet normal 0.000000e+00 0.000000e+00 1.000000e+00
    outer loop
      vertex 5.794841e-01 3.345653e-01 7.431448e-01
      vertex 6.123724e-01 3.535534e-01 7.071068e-01
      vertex 5.720614e-01 4.156269e-01 7.071068e-01
    endloop
  endfacet
  facet normal 0.000000e+00 0.000000e+00 1.000000e+00
    outer loop
      vertex 5.413380e-01 3.933051e-01 7.431448e-01
      vertex 5.720614e-01 4.156269e-01 7.071068e-01
      vertex 5.254827e-01 4.731468e-01 7.071068e-01
    endloop
  endfacet
  facet normal 0.000000e+00 0.000000e+00 1.000000e+00
    outer loop
      vertex 4.972609e-01 4.477358e-01 7.431448e-01
      vertex 5.254827e-01 4.731468e-01 7.071068e-01
      vertex 4.731468e-01 5.254827e-01 7.071068e-01
    endloop
  endfacet
  facet normal 0.000000e+00 0.000000e+00 1.000000e+00
    outer loop
      vertex 4.477358e-01 4.972609e-01 7.431448e-01
      vertex 4.731468e-01 5.254827e-01 7.071068e-01
      vertex 4.156269e-01 5.720614e-01 7.071068e-01
    endloop
  endfacet
  facet normal 0.000000e+00 0.000000e+00 1.000000e+00
    outer loop
      vertex 3.933051e-01 5.413380e-01 7.431448e-01
      vertex 4.156269e-01 5.720614e-01 7.071068e-01
      vertex 3.535534e-01 6.123724e-01 7.071068e-01
    endloop
  endfacet
  facet normal 0.000000e+00 0.000000e+00 1.000000e+00
    outer loop
      vertex 3.345653e-01 5.794841e-01 7.431448e-01
      vertex 3.535534e-01 6.123724e-01 7.071068e-01
      vertex 2.876062e-01 6.459742e-01 7.071068e-01
    endloop
  endfacet
  facet normal 0.000000e+00 0.000000e+00 1.000000e+00
    outer loop
      vertex 2.721599e-01 6.112812e-01 7.431448e-01
      vertex 2.876062e-01 6.459742e-01 7.071068e-01
      vertex 2.185080e-01 6.724985e-01 7.071068e-01
    endloop
  endfacet
  facet normal 0.000000e+00 0.000000e+00 1.000000e+00
    outer loop
      vertex 2.067727e-01 6.363810e-01 7.431448e-01
      vertex 2.185080e-01 6.724985e-01 7.071068e-01
      vertex 1.470158e-01 6.916548e-01 7.071068e-01
    endloop
  endfacet
  facet normal 0.000000e+00 0.000000e+00 1.000000e+00
    outer loop
      vertex 1.391201e-01 6.545085e-01 7.431448e-01
      vertex 1.470158e-01 6.916548e-01 7.071068e-01
      vertex 7.391279e-02 7.032332e-01 7.071068e-01
    endloop
  endfacet
  facet normal 0.000000e+00 0.000000e+00 1.000000e+00
    outer loop
      vertex 6.994319e-02 6.654650e-01 7.431448e-01
      vertex 7.391279e-02 7.032332e-01 7.071068e-01
      vertex 2.003070e-16 7.071068e-01 7.071068e-01
    endloop
  endfacet
  facet normal 0.000000e+00 0.000000e+00 1.000000e+00
    outer loop
      vertex 1.895493e-16 6.691306e-01 7.431448e-01
      vertex 2.003070e-16 7.071068e-01 7.071068e-01
      vertex -7.391279e-02 7.032332e-01 7.071068e-01
    endloop
  endfacet
  facet normal 0.000000e+00 0.000000e+00 1.000000e+00
    outer loop
      vertex -6.994319e-02 6.654650e-01 7.431448e-01
      vertex -7.391279e-02 7.032332e-01 7.071068e-01
      vertex -1.470158e-01 6.916548e-01 7.071068e-01
    endloop
  endfacet
  facet normal 0.000000e+00 0.000000e+00 1.000000e+00
    outer loop
      vertex -1.391201e-01 6.545085e-01 7.431448e-01
      vertex -1.470158e-01 6.916548e-01 7.071068e-01
      vertex -2.185080e-01 6.724985e-01 7.071068e-01
    endloop
  endfacet
  facet normal 0.000000e+00 0.000000e+00 1.000000e+00
    outer loop
      vertex -2.067727e-01 6.363810e-01 7.431448e-01
      vertex -2.185080e-01 6.724985e-01 7.071068e-01
      vertex -2.876062e-01 6.459742e-01 7.071068e-01
    endloop
  endfacet
  facet normal 0.000000e+00 0.000000e+00 1.000000e+00
    outer loop
      vertex -2.721599e-01 6.112812e-01 7.431448e-01
      vertex -2.876062e-01 6.459742e-01 7.071068e-01
      vertex -3.535534e-01 6.123724e-01 7.071068e-01
    endloop
  endfacet
  facet normal 0.000000e+00 0.000000e+00 1.000000e+00
    outer loop
      vertex -3.345653e-01 5.794841e-01 7.431448e-01
      vertex -3.535534e-01 6.123724e-01 7.071068e-01
      vertex -4.156269e-01 5.720614e-01 7.071068e-01
    endloop
  endfacet
  facet normal 0.000000e+00 0.000000e+00 1.000000e+00
    outer loop
      vertex -3.933051e-01 5.413380e-01 7.431448e-01
      vertex -4.156269e-01 5.720614e-01 7.071068e-01
      vertex -4.731468e-01 5.254827e-01 7.071068e-01
    endloop
  endfacet
  facet normal 0.000000e+00 0.000000e+00 1.000000e+00
    outer loop
      vertex -4.477358e-01 4.972609e-01 7.431448e-01
      vertex -4.731468e-01 5.254827e-01 7.071068e-01
      vertex -5.254827e-01 4.731468e-01 7.071068e-01
    endloop
  endfacet
  facet normal 0.000000e+00 0.000000e+00 1.000000e+00
    outer loop
      vertex -4.972609e-01 4.477358e-01 7.431448e-01
      vertex -5.254827e-01 4.731468e-01 7.071068e-01
      vertex -5.720614e-01 4.156269e-01 7.071068e-01
    endloop
  endfacet
  facet normal 0.000000e+00 0.000000e+00 1.000000e+00
    outer loop
      vertex -5.413380e-01 3.933051e-01 7.431448e-01
      vertex -5.720614e-01 4.156269e-01 7.071068e-01
      vertex -6.123724e-01 3.535534e-01 7.071068e-01
    endloop
  endfacet
  facet normal 0.000000e+00 0.000000e+00 1.000000e+00
    outer loop
      vertex -5.794841e-01 3.345653e-01 7.431448e-01
      vertex -6.123724e-01 3.535534e-01 7.071068e-01
      vertex -6.459742e-01 2.876062e-01 7.071068e-01
    endloop
  endfacet
  facet normal 0.000000e+00 0.000000e+00 1.000000e+00
    outer loop
      vertex -6.112812e-01 2.721599e-01 7.431448e-01
      vertex -6.459742e-01 2.876062e-01 7.071068e-01
      vertex -6.724985e-01 2.185080e-01 7.071068e-01
    endloop
  endfacet
  facet normal 0.000000e+00 0.000000e+00 1.000000e+00
    outer loop
      vertex -6.363810e-01 2.067727e-01 7.431448e-01
      vertex -6.724985e-01 2.185080e-01 7.071068e-01
      vertex -6.916548e-01 1.470158e-01 7.071068e-01
    endloop
  endfacet
  facet normal 0.000000e+00 0.000000e+00 1.000000e+00
    outer loop
      vertex -6.545085e-01 1.391201e-01 7.431448e-01
      vertex -6.916548e-01 1.470158e-01 7.071068e-01
      vertex -7.032332e-01 7.391279e-02 7.071068e-01
    endloop
  endfacet
  facet normal 0.000000e+00 0.000000e+00 1.000000e+00
    outer loop
      vertex -6.654650e-01 6.994319e-02 7.431448e-01
      vertex -7.032332e-01 7.391279e-02 7.071068e-01
      vertex -7.071068e-01 4.006141e-16 7.071068e-01
    endloop
  endfacet
  facet normal 0.000000e+00 0.000000e+00 1.000000e+00
    outer loop
      vertex -6.691306e-01 3.790985e-16 7.431448e-01
      vertex -7.071068e-01 4.006141e-16 7.071068e-01
      vertex -7.032332e-01 -7.391279e-02 7.071068e-01
    endloop
  endfacet
  facet normal 0.000000e+00 0.000000e+00 1.000000e+00
    outer loop
      vertex -6.654650e-01 -6.994319e-02 7.431448e-01
      vertex -7.032332e-01 -7.391279e-02 7.071068e-01
      vertex -6.916548e-01 -1.470158e-01 7.071068e-01
    endloop
  endfacet
  facet normal 0.000000e+00 0.000000e+00 1.000000e+00
    outer loop
      vertex -6.545085e-01 -1.391201e-01 7.431448e-01
      vertex -6.916548e-01 -1.470158e-01 7.071068e-01
      vertex -6.724985e-01 -2.185080e-01 7.071068e-01
    endloop
  endfacet
  facet normal 0.000000e+00 0.000000e+00 1.000000e+00
    outer loop
      vertex -6.363810e-01 -2.067727e-01 7.431448e-01
      vertex -6.724985e-01 -2.185080e-01 7.071068e-01
      vertex -6.459742e-01 -2.876062e-01 7.071068e-01
    endloop
  endfacet
  facet normal 0.000000e+00 0.000000e+00 1.000000e+00
    outer loop
      vertex -6.112812e-01 -2.721599e-01 7.431448e-01
      vertex -6.459742e-01 -2.876062e-01 7.071068e-01
      vertex -6.123724e-01 -3.535534e-01 7.071068e-01
    endloop
  endfacet
  facet normal 0.000000e+00 0.000000e+00 1.000000e+00
    outer loop
      vertex -5.794841e-01 -3.345653e-01 7.431448e-01
      vertex -6.123724e-01 -3.535534e-01 7.071068e-01
      vertex -5.720614e-01 -4.156269e-01 7.071068e-01
    endloop
  endfacet
  facet normal 0.000000e+00 0.000000e+00 1.000000e+00
    outer loop
      vertex -5.413380e-01 -3.933051e-01 7.431448e-01
      vertex -5.720614e-01 -4.156269e-01 7.071068e-01
      vertex -5.254827e-01 -4.731468e-01 7.071068e-01
    endloop
  endfacet
  facet normal 0.000000e+00 0.000000e+00 1.000000e+00
    outer loop
      vertex -4.972609e-01 -4.477358e-01 7.431448e-01
      vertex -5.254827e-01 -4.731468e-01 7.071068e-01
      vertex -4.731468e-01 -5.254827e-01 7.071068e-01
    endloop
  endfacet
  facet normal 0.000000e+00 0.000000e+00 1.000000e+00
    outer loop
      vertex -4.477358e-01 -4.972609e-01 7.431448e-01
      vertex -4.731468e-01 -5.254827e-01 7.071068e-01
      vertex -4.156269e-01 -5.720614e-01 7.071068e-01
    endloop
  endfacet
  facet normal 0.000000e+00 0.000000e+00 1.000000e+00
    outer loop
      vertex -3.933051e-01 -5.413380e-01 7.431448e-01
      vertex -4.156269e-01 -5.720614e-01 7.071068e-01
      vertex -3.535534e-01 -6.123724e-01 7.071068e-01
    endloop
  endfacet
  facet normal 0.000000e+00 0.000000e+00 1.000000e+00
    outer loop
      vertex -3.345653e-01 -5.794841e-01 7.431448e-01
      vertex -3.535534e-01 -6.123724e-01 7.071068e-01
      vertex -2.876062e-01 -6.459742e-01 7.071068e-01
    endloop
  endfacet
  facet normal 0.000000e+00 0.000000e+00 1.000000e+00
    outer loop
      vertex -2.721599e-01 -6.112812e-01 7.431448e-01
      vertex -2.876062e-01 -6.459742e-01 7.071068e-01
      vertex -2.185080e-01 -6.724985e-01 7.071068e-01
    endloop
  endfacet
  facet normal 0.000000e+00 0.000000e+00 1.000000e+00
    outer loop
      vertex -2.067727e-01 -6.363810e-01 7.431448e-01
      vertex -2.185080e-01 -6.724985e-01 7.071068e-01
      vertex -1.470158e-01 -6.916548e-01 7.071068e-01
    endloop
  endfacet
  facet normal 0.000000e+00 0.000000e+00 1.000000e+00
    outer loop
      vertex -1.391201e-01 -6.545085e-01 7.431448e-01
      vertex -1.470158e-01 -6.916548e-01 7.071068e-01
      vertex -7.391279e-02 -7.032332e-01 7.071068e-01
    endloop
  endfacet
  facet normal 0.000000e+00 0.000000e+00 1.000000e+00
    outer loop
      vertex -6.994319e-02 -6.654650e-01 7.431448e-01
      vertex -7.391279e-02 -7.032332e-01 7.071068e-01
      vertex -1.298934e-16 -7.071068e-01 7.071068e-01
    endloop
  endfacet
  facet normal 0.000000e+00 0.000000e+00 1.000000e+00
    outer loop
      vertex -1.229173e-16 -6.691306e-01 7.431448e-01
      vertex -1.298934e-16 -7.071068e-01 7.071068e-01
      vertex 7.391279e-02 -7.032332e-01 7.071068e-01
    endloop
  endfacet
  facet normal 0.000000e+00 0.000000e+00 1.000000e+00
    outer loop
      vertex 6.994319e-02 -6.654650e-01 7.431448e-01
      vertex 7.391279e-02 -7.032332e-01 7.071068e-01
      vertex 1.470158e-01 -6.916548e-01 7.071068e-01
    endloop
  endfacet
  facet normal 0.000000e+00 0.000000e+00 1.000000e+00
    outer loop
      vertex 1.391201e-01 -6.545085e-01 7.431448e-01
      vertex 1.470158e-01 -6.916548e-01 7.071068e-01
      vertex 2.185080e-01 -6.724985e-01 7.071068e-01
    endloop
  endfacet
  facet normal 0.000000e+00 0.000000e+00 1.000000e+00
    outer loop
      vertex 2.067727e-01 -6.363810e-01 7.431448e-01
      vertex 2.185080e-01 -6.724985e-01 7.071068e-01
      vertex 2.876062e-01 -6.459742e-01 7.071068e-01
    endloop
  endfacet
  facet normal 0.000000e+00 0.000000e+00 1.000000e+00
    outer loop
      vertex 2.721599e-01 -6.112812e-01 7.431448e-01
      vertex 2.876062e-01 -6.459742e-01 7.071068e-01
      vertex 3.535534e-01 -6.123724e-01 7.071068e-01
    endloop
  endfacet
  facet normal 0.000000e+00 0.000000e+00 1.000000e+00
    outer loop
      vertex 3.345653e-01 -5.794841e-01 7.431448e-01
      vertex 3.535534e-01 -6.123724e-01 7.071068e-01
      vertex 4.156269e-01 -5.720614e-01 7.071068e-01
    endloop
  endfacet
  facet normal 0.000000e+00 0.000000e+00 1.000000e+00
    outer loop
      vertex 3.933051e-01 -5.413380e-01 7.431448e-01
      vertex 4.156269e-01 -5.720614e-01 7.071068e-01
      vertex 4.731468e-01 -5.254827e-01 7.071068e-01
    endloop
  endfacet
  facet normal 0.000000e+00 0.000000e+00 1.000000e+00
    outer loop
      vertex 4.477358e-01 -4.972609e-01 7.431448e-01
      vertex 4.731468e-01 -5.254827e-01 7.071068e-01
      vertex 5.254827e-01 -4.731468e-01 7.071068e-01
    endloop
  endfacet
  facet normal 0.000000e+00 0.000000e+00 1.000000e+00
    outer loop
      vertex 4.972609e-01 -4.477358e-01 7.431448e-01
      vertex 5.254827e-01 -4.731468e-01 7.071068e-01
      vertex 5.720614e-01 -4.156269e-01 7.071068e-01
    endloop
  endfacet
  facet normal 0.000000e+00 0.000000e+00 1.000000e+00
    outer loop
      vertex 5.413380e-01 -3.933051e-01 7.431448e-01
      vertex 5.720614e-01 -4.156269e-01 7.071068e-01
      vertex 6.123724e-01 -3.535534e-01 7.071068e-01
    endloop
  endfacet
  facet normal 0.000000e+00 0.000000e+00 1.000000e+00
    outer loop
      vertex 5.794841e-01 -3.345653e-01 7.431448e-01
      vertex 6.123724e-01 -3.535534e-01 7.071068e-01
      vertex 6.459742e-01 -2.876062e-01 7.071068e-01
    endloop
  endfacet
  facet normal 0.000000e+00 0.000000e+00 1.000000e+00
    outer loop
      vertex 6.112812e-01 -2.721599e-01 7.431448e-01
      vertex 6.459742e-01 -2.876062e-01 7.071068e-01
      vertex 6.724985e-01 -2.185080e-01 7.071068e-01
    endloop
  endfacet
  facet normal 0.000000e+00 0.000000e+00 1.000000e+00
    outer loop
      vertex 6.363810e-01 -2.067727e-01 7.431448e-01
      vertex 6.724985e-01 -2.185080e-01 7.071068e-01
      vertex 6.916548e-01 -1.470158e-01 7.071068e-01
    endloop
  endfacet
  facet normal 0.000000e+00 0.000000e+00 1.000000e+00
    outer loop
      vertex 6.545085e-01 -1.391201e-01 7.431448e-01
      vertex 6.916548e-01 -1.470158e-01 7.071068e-01
      vertex 7.032332e-01 -7.391279e-02 7.071068e-01
    endloop
  endfacet
  facet normal 0.000000e+00 0.000000e+00 1.000000e+00
    outer loop
      vertex 6.654650e-01 -6.994319e-02 7.431448e-01
      vertex 7.032332e-01 -7.391279e-02 7.071068e-01
      vertex 7.071068e-01 -8.012282e-16 7.071068e-01
    endloop
  endfacet
  facet normal 0.000000e+00 0.000000e+00 1.000000e+00
    outer loop
      vertex 7.071068e-01 0.000000e+00 7.071068e-01
      vertex 7.431448e-01 0.000000e+00 6.691306e-01
      vertex 7.390738e-01 7.767979e-02 6.691306e-01
    endloop
  endfacet
  facet normal 0.000000e+00 0.000000e+00 1.000000e+00
    outer loop
      vertex 7.032332e-01 7.391279e-02 7.071068e-01
      vertex 7.390738e-01 7.767979e-02 6.691306e-01
      vertex 7.269053e-01 1.545085e-01 6.691306e-01
    endloop
  endfacet
  facet normal 0.000000e+00 0.000000e+00 1.000000e+00
    outer loop
      vertex 6.916548e-01 1.470158e-01 7.071068e-01
      vertex 7.269053e-01 1.545085e-01 6.691306e-01
      vertex 7.067727e-01 2.296444e-01 6.691306e-01
    endloop
  endfacet
  facet normal 0.000000e+00 0.000000e+00 1.000000e+00
    outer loop
      vertex 6.724985e-01 2.185080e-01 7.071068e-01
      vertex 7.067727e-01 2.296444e-01 6.691306e-01
      vertex 6.788966e-01 3.022642e-01 6.691306e-01
    endloop
  endfacet
  facet normal 0.000000e+00 0.000000e+00 1.000000e+00
    outer loop
      vertex 6.459742e-01 2.876062e-01 7.071068e-01
      vertex 6.788966e-01 3.022642e-01 6.691306e-01
      vertex 6.435823e-01 3.715724e-01 6.691306e-01
    endloop
  endfacet
  facet normal 0.000000e+00 0.000000e+00 1.000000e+00
    outer loop
      vertex 6.123724e-01 3.535534e-01 7.071068e-01
      vertex 6.435823e-01 3.715724e-01 6.691306e-01
      vertex 6.012168e-01 4.368096e-01 6.691306e-01
    endloop
  endfacet
  facet normal 0.000000e+00 0.000000e+00 1.000000e+00
    outer loop
      vertex 5.720614e-01 4.156269e-01 7.071068e-01
      vertex 6.012168e-01 4.368096e-01 6.691306e-01
      vertex 5.522642e-01 4.972609e-01 6.691306e-01
    endloop
  endfacet
  facet normal 0.000000e+00 0.000000e+00 1.000000e+00
    outer loop
      vertex 5.254827e-01 4.731468e-01 7.071068e-01
      vertex 5.522642e-01 4.972609e-01 6.691306e-01
      vertex 4.972609e-01 5.522642e-01 6.691306e-01
    endloop
  endfacet
  facet normal 0.000000e+00 0.000000e+00 1.000000e+00
    outer loop
      vertex 4.731468e-01 5.254827e-01 7.071068e-01
      vertex 4.972609e-01 5.522642e-01 6.691306e-01
      vertex 4.368096e-01 6.012168e-01 6.691306e-01
    endloop
  endfacet
  facet normal 0.000000e+00 0.000000e+00 1.000000e+00
    outer loop
      vertex 4.156269e-01 5.720614e-01 7.071068e-01
      vertex 4.368096e-01 6.012168e-01 6.691306e-01
      vertex 3.715724e-01 6.435823e-01 6.691306e-01
    endloop
  endfacet
  facet normal 0.000000e+00 0.000000e+00 1.000000e+00
    outer loop
      vertex 3.535534e-01 6.123724e-01 7.071068e-01
      vertex 3.715724e-01 6.435823e-01 6.691306e-01
      vertex 3.022642e-01 6.788966e-01 6.691306e-01
    endloop
  endfacet
  facet normal 0.000000e+00 0.000000e+00 1.000000e+00
    outer loop
      vertex 2.876062e-01 6.459742e-01 7.071068e-01
      vertex 3.022642e-01 6.788966e-01 6.691306e-01
      vertex 2.296444e-01 7.067727e-01 6.691306e-01
    endloop
  endfacet
  facet normal 0.000000e+00 0.000000e+00 1.000000e+00
    outer loop
      vertex 2.185080e-01 6.724985e-01 7.071068e-01
      vertex 2.296444e-01 7.067727e-01 6.691306e-01
      vertex 1.545085e-01 7.269053e-01 6.691306e-01
    endloop
  endfacet
  facet normal 0.000000e+00 0.000000e+00 1.000000e+00
    outer loop
      vertex 1.470158e-01 6.916548e-01 7.071068e-01
      vertex 1.545085e-01 7.269053e-01 6.691306e-01
      vertex 7.767979e-02 7.390738e-01 6.691306e-01
    endloop
  endfacet
  facet normal 0.000000e+00 0.000000e+00 1.000000e+00
    outer loop
      vertex 7.391279e-02 7.032332e-01 7.071068e-01
      vertex 7.767979e-02 7.390738e-01 6.691306e-01
      vertex 2.105158e-16 7.431448e-01 6.691306e-01
    endloop
  endfacet
  facet normal 0.000000e+00 0.000000e+00 1.000000e+00
    outer loop
      vertex 2.003070e-16 7.071068e-01 7.071068e-01
      vertex 2.105158e-16 7.431448e-01 6.691306e-01
      vertex -7.767979e-02 7.390738e-01 6.691306e-01
    endloop
  endfacet
  facet normal 0.000000e+00 0.000000e+00 1.000000e+00
    outer loop
      vertex -7.391279e-02 7.032332e-01 7.071068e-01
      vertex -7.767979e-02 7.390738e-01 6.691306e-01
      vertex -1.545085e-01 7.269053e-01 6.691306e-01
    endloop
  endfacet
  facet normal 0.000000e+00 0.000000e+00 1.000000e+00
    outer loop
      vertex -1.470158e-01 6.916548e-01 7.071068e-01
      vertex -1.545085e-01 7.269053e-01 6.691306e-01
      vertex -2.296444e-01 7.067727e-01 6.691306e-01
    endloop
  endfacet
  facet normal 0.000000e+00 0.000000e+00 1.000000e+00
    outer loop
      vertex -2.185080e-01 6.724985e-01 7.071068e-01
      vertex -2.296444e-01 7.067727e-01 6.691306e-01
      vertex -3.022642e-01 6.788966e-01 6.691306e-01
    endloop
  endfacet
  facet normal 0.000000e+00 0.000000e+00 1.000000e+00
    outer loop
      vertex -2.876062e-01 6.459742e-01 7.071068e-01
      vertex -3.022642e-01 6.788966e-01 6.691306e-01
      vertex -3.715724e-01 6.435823e-01 6.691306e-01
    endloop
  endfacet
  facet normal 0.000000e+00 0.000000e+00 1.000000e+00
    outer loop
      vertex -3.535534e-01 6.123724e-01 7.071068e-01
      vertex -3.715724e-01 6.435823e-01 6.691306e-01
      vertex -4.368096e-01 6.012168e-01 6.691306e-01
    endloop
  endfacet
  facet normal 0.000000e+00 0.000000e+00 1.000000e+00
    outer loop
      vertex -4.156269e-01 5.720614e-01 7.071068e-01
      vertex -4.368096e-01 6.012168e-01 6.691306e-01
      vertex -4.972609e-01 5.522642e-01 6.691306e-01
    endloop
  endfacet
  facet normal 0.000000e+00 0.000000e+00 1.000000e+00
    outer loop
      vertex -4.731468e-01 5.254827e-01 7.071068e-01
      vertex -4.972609e-01 5.522642e-01 6.691306e-01
      vertex -5.522642e-01 4.972609e-01 6.691306e-01
    endloop
  endfacet
  facet normal 0.000000e+00 0.000000e+00 1.000000e+00
    outer loop
      vertex -5.254827e-01 4.731468e-01 7.071068e-01
      vertex -5.522642e-01 4.972609e-01 6.691306e-01
      vertex -6.012168e-01 4.368096e-01 6.691306e-01
    endloop
  endfacet
  facet normal 0.000000e+00 0.000000e+00 1.000000e+00
    outer loop
      vertex -5.720614e-01 4.156269e-01 7.071068e-01
      vertex -6.012168e-01 4.368096e-01 6.691306e-01
      vertex -6.435823e-01 3.715724e-01 6.691306e-01
    endloop
  endfacet
  facet normal 0.000000e+00 0.000000e+00 1.000000e+00
    outer loop
      vertex -6.123724e-01 3.535534e-01 7.071068e-01
      vertex -6.435823e-01 3.715724e-01 6.691306e-01
      vertex -6.788966e-01 3.022642e-01 6.691306e-01
    endloop
  endfacet
  facet normal 0.000000e+00 0.000000e+00 1.000000e+00
    outer loop
      vertex -6.459742e-01 2.876062e-01 7.071068e-01
      vertex -6.788966e-01 3.022642e-01 6.691306e-01
      vertex -7.067727e-01 2.296444e-01 6.691306e-01
    endloop
  endfacet
  facet normal 0.000000e+00 0.000000e+00 1.000000e+00
    outer loop
      vertex -6.724985e-01 2.185080e-01 7.071068e-01
      vertex -7.067727e-01 2.296444e-01 6.691306e-01
      vertex -7.269053e-01 1.545085e-01 6.691306e-01
    endloop
  endfacet
  facet normal 0.000000e+00 0.000000e+00 1.000000e+00
    outer loop
      vertex -6.916548e-01 1.470158e-01 7.071068e-01
      vertex -7.269053e-01 1.545085e-01 6.691306e-01
      vertex -7.390738e-01 7.767979e-02 6.691306e-01
    endloop
  endfacet
  facet normal 0.000000e+00 0.000000e+00 1.000000e+00
    outer loop
      vertex -7.032332e-01 7.391279e-02 7.071068e-01
      vertex -7.390738e-01 7.767979e-02 6.691306e-01
      vertex -7.431448e-01 4.210316e-16 6.691306e-01
    endloop
  endfacet
  facet normal 0.000000e+00 0.000000e+00 1.000000e+00
    outer loop
      vertex -7.071068e-01 4.006141e-16 7.071068e-01
      vertex -7.431448e-01 4.210316e-16 6.691306e-01
      vertex -7.390738e-01 -7.767979e-02 6.691306e-01
    endloop
  endfacet
  facet normal 0.000000e+00 0.000000e+00 1.000000e+00
    outer loop
      vertex -7.032332e-01 -7.391279e-02 7.071068e-01
      vertex -7.390738e-01 -7.767979e-02 6.691306e-01
      vertex -7.269053e-01 -1.545085e-01 6.691306e-01
    endloop
  endfacet
  facet normal 0.000000e+00 0.000000e+00 1.000000e+00
    outer loop
      vertex -6.916548e-01 -1.470158e-01 7.071068e-01
      vertex -7.269053e-01 -1.545085e-01 6.691306e-01
      vertex -7.067727e-01 -2.296444e-01 6.691306e-01
    endloop
  endfacet
  facet normal 0.000000e+00 0.000000e+00 1.000000e+00
    outer loop
      vertex -6.724985e-01 -2.185080e-01 7.071068e-01
      vertex -7.067727e-01 -2.296444e-01 6.691306e-01
      vertex -6.788966e-01 -3.022642e-01 6.691306e-01
    endloop
  endfacet
  facet normal 0.000000e+00 0.000000e+00 1.000000e+00
    outer loop
      vertex -6.459742e-01 -2.876062e-01 7.071068e-01
      vertex -6.788966e-01 -3.022642e-01 6.691306e-01
      vertex -6.435823e-01 -3.715724e-01 6.691306e-01
    endloop
  endfacet
  facet normal 0.000000e+00 0.000000e+00 1.000000e+00
    outer loop
      vertex -6.123724e-01 -3.535534e-01 7.071068e-01
      vertex -6.435823e-01 -3.715724e-01 6.691306e-01
      vertex -6.012168e-01 -4.368096e-01 6.691306e-01
    endloop
  endfacet
  facet normal 0.000000e+00 0.000000e+00 1.000000e+00
    outer loop
      vertex -5.720614e-01 -4.156269e-01 7.071068e-01
      vertex -6.012168e-01 -4.368096e-01 6.691306e-01
      vertex -5.522642e-01 -4.972609e-01 6.691306e-01
    endloop
  endfacet
  facet normal 0.000000e+00 0.000000e+00 1.000000e+00
    outer loop
      vertex -5.254827e-01 -4.731468e-01 7.071068e-01
      vertex -5.522642e-01 -4.972609e-01 6.691306e-01
      vertex -4.972609e-01 -5.522642e-01 6.691306e-01
    endloop
  endfacet
  facet normal 0.000000e+00 0.000000e+00 1.000000e+00
    outer loop
      vertex -4.731468e-01 -5.254827e-01 7.071068e-01
      vertex -4.972609e-01 -5.522642e-01 6.691306e-01
      vertex -4.368096e-01 -6.012168e-01 6.691306e-01
    endloop
  endfacet
  facet normal 0.000000e+00 0.000000e+00 1.000000e+00
    outer loop
      vertex -4.156269e-01 -5.720614e-01 7.071068e-01
      vertex -4.368096e-01 -6.012168e-01 6.691306e-01
      vertex -3.715724e-01 -6.435823e-01 6.691306e-01
    endloop
  endfacet
  facet normal 0.000000e+00 0.000000e+00 1.000000e+00
    outer loop
      vertex -3.535534e-01 -6.123724e-01 7.071068e-01
      vertex -3.715724e-01 -6.435823e-01 6.691306e-01
      vertex -3.022642e-01 -6.788966e-01 6.691306e-01
    endloop
  endfacet
  facet normal 0.000000e+00 0.000000e+00 1.000000e+00
    outer loop
      vertex -2.876062e-01 -6.459742e-01 7.071068e-01
      vertex -3.022642e-01 -6.788966e-01 6.691306e-01
      vertex -2.296444e-01 -7.067727e-01 6.691306e-01
    endloop
  endfacet
  facet normal 0.000000e+00 0.000000e+00 1.000000e+00
    outer loop
      vertex -2.185080e-01 -6.724985e-01 7.071068e-01
      vertex -2.296444e-01 -7.067727e-01 6.691306e-01
      vertex -1.545085e-01 -7.269053e-01 6.691306e-01
    endloop
  endfacet
  facet normal 0.000000e+00 0.000000e+00 1.000000e+00
    outer loop
      vertex -1.470158e-01 -6.916548e-01 7.071068e-01
      vertex -1.545085e-01 -7.269053e-01 6.691306e-01
      vertex -7.767979e-02 -7.390738e-01 6.691306e-01
    endloop
  endfacet
  facet normal 0.000000e+00 0.000000e+00 1.000000e+00
    outer loop
      vertex -7.391279e-02 -7.032332e-01 7.071068e-01
      vertex -7.767979e-02 -7.390738e-01 6.691306e-01
      vertex -1.365135e-16 -7.431448e-01 6.691306e-01
    endloop
  endfacet
  facet normal 0.000000e+00 0.000000e+00 1.000000e+00
    outer loop
      vertex -1.298934e-16 -7.071068e-01 7.071068e-01
      vertex -1.365135e-16 -7.431448e-01 6.691306e-01
      vertex 7.767979e-02 -7.390738e-01 6.691306e-01
    endloop
  endfacet
  facet normal 0.000000e+00 0.000000e+00 1.000000e+00
    outer loop
      vertex 7.391279e-02 -7.032332e-01 7.071068e-01
      vertex 7.767979e-02 -7.390738e-01 6.691306e-01
      vertex 1.545085e-01 -7.269053e-01 6.691306e-01
    endloop
  endfacet
  facet normal 0.000000e+00 0.000000e+00 1.000000e+00
    outer loop
      vertex 1.470158e-01 -6.916548e-01 7.071068e-01
      vertex 1.545085e-01 -7.269053e-01 6.691306e-01
      vertex 2.296444e-01 -7.067727e-01 6.691306e-01
    endloop
  endfacet
  facet normal 0.000000e+00 0.000000e+00 1.000000e+00
    outer loop
      vertex 2.185080e-01 -6.724985e-01 7.071068e-01
      vertex 2.296444e-01 -7.067727e-01 6.691306e-01
      vertex 3.022642e-01 -6.788966e-01 6.691306e-01
    endloop
  endfacet
  facet normal 0.000000e+00 0.000000e+00 1.000000e+00
    outer loop
      vertex 2.876062e-01 -6.459742e-01 7.071068e-01
      vertex 3.022642e-01 -6.788966e-01 6.691306e-01
      vertex 3.715724e-01 -6.435823e-01 6.691306e-01
    endloop
  endfacet
  facet normal 0.000000e+00 0.000000e+00 1.000000e+00
    outer loop
      vertex 3.535534e-01 -6.123724e-01 7.071068e-01
      vertex 3.715724e-01 -6.435823e-01 6.691306e-01
      vertex 4.368096e-01 -6.012168e-01 6.691306e-01
    endloop
  endfacet
  facet normal 0.000000e+00 0.000000e+00 1.000000e+00
    outer loop
      vertex 4.156269e-01 -5.720614e-01 7.071068e-01
      vertex 4.368096e-01 -6.012168e-01 6.691306e-01
      vertex 4.972609e-01 -5.522642e-01 6.691306e-01
    endloop
  endfacet
  facet normal 0.000000e+00 0.000000e+00 1.000000e+00
    outer loop
      vertex 4.731468e-01 -5.254827e-01 7.071068e-01
      vertex 4.972609e-01 -5.522642e-01 6.691306e-01
      vertex 5.522642e-01 -4.972609e-01 6.691306e-01
    endloop
  endfacet
  facet normal 0.000000e+00 0.000000e+00 1.000000e+00
    outer loop
      vertex 5.254827e-01 -4.731468e-01 7.071068e-01
      vertex 5.522642e-01 -4.972609e-01 6.691306e-01
      vertex 6.012168e-01 -4.368096e-01 6.691306e-01
    endloop
  endfacet
  facet normal 0.000000e+00 0.000000e+00 1.000000e+00
    outer loop
      vertex 5.720614e-01 -4.156269e-01 7.071068e-01
      vertex 6.012168e-01 -4.368096e-01 6.691306e-01
      vertex 6.435823e-01 -3.715724e-01 6.691306e-01
    endloop
  endfacet
  facet normal 0.000000e+00 0.000000e+00 1.000000e+00
    outer loop
      vertex 6.123724e-01 -3.535534e-01 7.071068e-01
      vertex 6.435823e-01 -3.715724e-01 6.691306e-01
      vertex 6.788966e-01 -3.022642e-01 6.691306e-01
    endloop
  endfacet
  facet normal 0.000000e+00 0.000000e+00 1.000000e+00
    outer loop
      vertex 6.459742e-01 -2.876062e-01 7.071068e-01
      vertex 6.788966e-01 -3.022642e-01 6.691306e-01
      vertex 7.067727e-01 -2.296444e-01 6.691306e-01
    endloop
  endfacet
  facet normal 0.000000e+00 0.000000e+00 1.000000e+00
    outer loop
      vertex 6.724985e-01 -2.185080e-01 7.071068e-01
      vertex 7.067727e-01 -2.296444e-01 6.691306e-01
      vertex 7.269053e-01 -1.545085e-01 6.691306e-01
    endloop
  endfacet
  facet normal 0.000000e+00 0.000000e+00 1.000000e+00
    outer loop
      vertex 6.916548e-01 -1.470158e-01 7.071068e-01
      vertex 7.269053e-01 -1.545085e-01 6.691306e-01
      vertex 7.390738e-01 -7.767979e-02 6.691306e-01
    endloop
  endfacet
  facet normal 0.000000e+00 0.000000e+00 1.000000e+00
    outer loop
      vertex 7.032332e-01 -7.391279e-02 7.071068e-01
      vertex 7.390738e-01 -7.767979e-02 6.691306e-01
      vertex 7.431448e-01 -8.420632e-16 6.691306e-01
    endloop
  endfacet
  facet normal 0.000000e+00 0.000000e+00 1.000000e+00
    outer loop
      vertex 7.431448e-01 0.000000e+00 6.691306e-01
      vertex 7.771460e-01 0.000000e+00 6.293204e-01
      vertex 7.728887e-01 8.123387e-02 6.293204e-01
    endloop
  endfacet
  facet normal 0.000000e+00 0.000000e+00 1.000000e+00
    outer loop
      vertex 7.390738e-01 7.767979e-02 6.691306e-01
      vertex 7.728887e-01 8.123387e-02 6.293204e-01
      vertex 7.601635e-01 1.615777e-01 6.293204e-01
    endloop
  endfacet
  facet normal 0.000000e+00 0.000000e+00 1.000000e+00
    outer loop
      vertex 7.269053e-01 1.545085e-01 6.691306e-01
      vertex 7.601635e-01 1.615777e-01 6.293204e-01
      vertex 7.391097e-01 2.401513e-01 6.293204e-01
    endloop
  endfacet
  facet normal 0.000000e+00 0.000000e+00 1.000000e+00
    outer loop
      vertex 7.067727e-01 2.296444e-01 6.691306e-01
      vertex 7.391097e-01 2.401513e-01 6.293204e-01
      vertex 7.099582e-01 3.160937e-01 6.293204e-01
    endloop
  endfacet
  facet normal 0.000000e+00 0.000000e+00 1.000000e+00
    outer loop
      vertex 6.788966e-01 3.022642e-01 6.691306e-01
      vertex 7.099582e-01 3.160937e-01 6.293204e-01
      vertex 6.730281e-01 3.885730e-01 6.293204e-01
    endloop
  endfacet
  facet normal 0.000000e+00 0.000000e+00 1.000000e+00
    outer loop
      vertex 6.435823e-01 3.715724e-01 6.691306e-01
      vertex 6.730281e-01 3.885730e-01 6.293204e-01
      vertex 6.287243e-01 4.567949e-01 6.293204e-01
    endloop
  endfacet
  facet normal 0.000000e+00 0.000000e+00 1.000000e+00
    outer loop
      vertex 6.012168e-01 4.368096e-01 6.691306e-01
      vertex 6.287243e-01 4.567949e-01 6.293204e-01
      vertex 5.775320e-01 5.200121e-01 6.293204e-01
    endloop
  endfacet
  facet normal 0.000000e+00 0.000000e+00 1.000000e+00
    outer loop
      vertex 5.522642e-01 4.972609e-01 6.691306e-01
      vertex 5.775320e-01 5.200121e-01 6.293204e-01
      vertex 5.200121e-01 5.775320e-01 6.293204e-01
    endloop
  endfacet
  facet normal 0.000000e+00 0.000000e+00 1.000000e+00
    outer loop
      vertex 4.972609e-01 5.522642e-01 6.691306e-01
      vertex 5.200121e-01 5.775320e-01 6.293204e-01
      vertex 4.567949e-01 6.287243e-01 6.293204e-01
    endloop
  endfacet
  facet normal 0.000000e+00 0.000000e+00 1.000000e+00
    outer loop
      vertex 4.368096e-01 6.012168e-01 6.691306e-01
      vertex 4.567949e-01 6.287243e-01 6.293204e-01
      vertex 3.885730e-01 6.730281e-01 6.293204e-01
    endloop
  endfacet
  facet normal 0.000000e+00 0.000000e+00 1.000000e+00
    outer loop
      vertex 3.715724e-01 6.435823e-01 6.691306e-01
      vertex 3.885730e-01 6.730281e-01 6.293204e-01
      vertex 3.160937e-01 7.099582e-01 6.293204e-01
    endloop
  endfacet
  facet normal 0.000000e+00 0.000000e+00 1.000000e+00
    outer loop
      vertex 3.022642e-01 6.788966e-01 6.691306e-01
      vertex 3.160937e-01 7.099582e-01 6.293204e-01
      vertex 2.401513e-01 7.391097e-01 6.293204e-01
    endloop
  endfacet
  facet normal 0.000000e+00 0.000000e+00 1.000000e+00
    outer loop
      vertex 2.296444e-01 7.067727e-01 6.691306e-01
      vertex 2.401513e-01 7.391097e-01 6.293204e-01
      vertex 1.615777e-01 7.601635e-01 6.293204e-01
    endloop
  endfacet
  facet normal 0.000000e+00 0.000000e+00 1.000000e+00
    outer loop
      vertex 1.545085e-01 7.269053e-01 6.691306e-01
      vertex 1.615777e-01 7.601635e-01 6.293204e-01
      vertex 8.123387e-02 7.728887e-01 6.293204e-01
    endloop
  endfacet
  facet normal 0.000000e+00 0.000000e+00 1.000000e+00
    outer loop
      vertex 7.767979e-02 7.390738e-01 6.691306e-01
      vertex 8.123387e-02 7.728887e-01 6.293204e-01
      vertex 2.201475e-16 7.771460e-01 6.293204e-01
    endloop
  endfacet
  facet normal 0.000000e+00 0.000000e+00 1.000000e+00
    outer loop
      vertex 2.105158e-16 7.431448e-01 6.691306e-01
      vertex 2.201475e-16 7.771460e-01 6.293204e-01
      vertex -8.123387e-02 7.728887e-01 6.293204e-01
    endloop
  endfacet
  facet normal 0.000000e+00 0.000000e+00 1.000000e+00
    outer loop
      vertex -7.767979e-02 7.390738e-01 6.691306e-01
      vertex -8.123387e-02 7.728887e-01 6.293204e-01
      vertex -1.615777e-01 7.601635e-01 6.293204e-01
    endloop
  endfacet
  facet normal 0.000000e+00 0.000000e+00 1.000000e+00
    outer loop
      vertex -1.545085e-01 7.269053e-01 6.691306e-01
      vertex -1.615777e-01 7.601635e-01 6.293204e-01
      vertex -2.401513e-01 7.391097e-01 6.293204e-01
    endloop
  endfacet
  facet normal 0.000000e+00 0.000000e+00 1.000000e+00
    outer loop
      vertex -2.296444e-01 7.067727e-01 6.691306e-01
      vertex -2.401513e-01 7.391097e-01 6.293204e-01
      vertex -3.160937e-01 7.099582e-01 6.293204e-01
    endloop
  endfacet
  facet normal 0.000000e+00 0.000000e+00 1.000000e+00
    outer loop
      vertex -3.022642e-01 6.788966e-01 6.691306e-01
      vertex -3.160937e-01 7.099582e-01 6.293204e-01
      vertex -3.885730e-01 6.730281e-01 6.293204e-01
    endloop
  endfacet
  facet normal 0.000000e+00 0.000000e+00 1.000000e+00
    outer loop
      vertex -3.715724e-01 6.435823e-01 6.691306e-01
      vertex -3.885730e-01 6.730281e-01 6.293204e-01
      vertex -4.567949e-01 6.287243e-01 6.293204e-01
    endloop
  endfacet
  facet normal 0.000000e+00 0.000000e+00 1.000000e+00
    outer loop
      vertex -4.368096e-01 6.012168e-01 6.691306e-01
      vertex -4.567949e-01 6.287243e-01 6.293204e-01
      vertex -5.200121e-01 5.775320e-01 6.293204e-01
    endloop
  endfacet
  facet normal 0.000000e+00 0.000000e+00 1.000000e+00
    outer loop
      vertex -4.972609e-01 5.522642e-01 6.691306e-01
      vertex -5.200121e-01 5.775320e-01 6.293204e-01
      vertex -5.775320e-01 5.200121e-01 6.293204e-01
    endloop
  endfacet
  facet normal 0.000000e+00 0.000000e+00 1.000000e+00
    outer loop
      vertex -5.522642e-01 4.972609e-01 6.691306e-01
      vertex -5.775320e-01 5.200121e-01 6.293204e-01
      vertex -6.287243e-01 4.567949e-01 6.293204e-01
    endloop
  endfacet
  facet normal 0.000000e+00 0.000000e+00 1.000000e+00
    outer loop
      vertex -6.012168e-01 4.368096e-01 6.691306e-01
      vertex -6.287243e-01 4.567949e-01 6.293204e-01
      vertex -6.730281e-01 3.885730e-01 6.293204e-01
    endloop
  endfacet
  facet normal 0.000000e+00 0.000000e+00 1.000000e+00
    outer loop
      vertex -6.435823e-01 3.715724e-01 6.691306e-01
      vertex -6.730281e-01 3.885730e-01 6.293204e-01
      vertex -7.099582e-01 3.160937e-01 6.293204e-01
    endloop
  endfacet
  facet normal 0.000000e+00 0.000000e+00 1.000000e+00
    outer loop
      vertex -6.788966e-01 3.022642e-01 6.691306e-01
      vertex -7.099582e-01 3.160937e-01 6.293204e-01
      vertex -7.391097e-01 2.401513e-01 6.293204e-01
    endloop
  endfacet
  facet normal 0.000000e+00 0.000000e+00 1.000000e+00
    outer loop
      vertex -7.067727e-01 2.296444e-01 6.691306e-01
      vertex -7.391097e-01 2.401513e-01 6.293204e-01
      vertex -7.601635e-01 1.615777e-01 6.293204e-01
    endloop
  endfacet
  facet normal 0.000000e+00 0.000000e+00 1.000000e+00
    outer loop
      vertex -7.269053e-01 1.545085e-01 6.691306e-01
      vertex -7.601635e-01 1.615777e-01 6.293204e-01
      vertex -7.728887e-01 8.123387e-02 6.293204e-01
    endloop
  endfacet
  facet normal 0.000000e+00 0.000000e+00 1.000000e+00
    outer loop
      vertex -7.390738e-01 7.767979e-02 6.691306e-01
      vertex -7.728887e-01 8.123387e-02 6.293204e-01
      vertex -7.771460e-01 4.402951e-16 6.293204e-01
    endloop
  endfacet
  facet normal 0.000000e+00 0.000000e+00 1.000000e+00
    outer loop
      vertex -7.431448e-01 4.210316e-16 6.691306e-01
      vertex -7.771460e-01 4.402951e-16 6.293204e-01
      vertex -7.728887e-01 -8.123387e-02 6.293204e-01
    endloop
  endfacet
  facet normal 0.000000e+00 0.000000e+00 1.000000e+00
    outer loop
      vertex -7.390738e-01 -7.767979e-02 6.691306e-01
      vertex -7.728887e-01 -8.123387e-02 6.293204e-01
      vertex -7.601635e-01 -1.615777e-01 6.293204e-01
    endloop
  endfacet
  facet normal 0.000000e+00 0.000000e+00 1.000000e+00
    outer loop
      vertex -7.269053e-01 -1.545085e-01 6.691306e-01
      vertex -7.601635e-01 -1.615777e-01 6.293204e-01
      vertex -7.391097e-01 -2.401513e-01 6.293204e-01
    endloop
  endfacet
  facet normal 0.000000e+00 0.000000e+00 1.000000e+00
    outer loop
      vertex -7.067727e-01 -2.296444e-01 6.691306e-01
      vertex -7.391097e-01 -2.401513e-01 6.293204e-01
      vertex -7.099582e-01 -3.160937e-01 6.293204e-01
    endloop
  endfacet
  facet normal 0.000000e+00 0.000000e+00 1.000000e+00
    outer loop
      vertex -6.788966e-01 -3.022642e-01 6.691306e-01
      vertex -7.099582e-01 -3.160937e-01 6.293204e-01
      vertex -6.730281e-01 -3.885730e-01 6.293204e-01
    endloop
  endfacet
  facet normal 0.000000e+00 0.000000e+00 1.000000e+00
    outer loop
      vertex -6.435823e-01 -3.715724e-01 6.691306e-01
      vertex -6.730281e-01 -3.885730e-01 6.293204e-01
      vertex -6.287243e-01 -4.567949e-01 6.293204e-01
    endloop
  endfacet
  facet normal 0.000000e+00 0.000000e+00 1.000000e+00
    outer loop
      vertex -6.012168e-01 -4.368096e-01 6.691306e-01
      vertex -6.287243e-01 -4.567949e-01 6.293204e-01
      vertex -5.775320e-01 -5.200121e-01 6.293204e-01
    endloop
  endfacet
  facet normal 0.000000e+00 0.000000e+00 1.000000e+00
    outer loop
      vertex -5.522642e-01 -4.972609e-01 6.691306e-01
      vertex -5.775320e-01 -5.200121e-01 6.293204e-01
      vertex -5.200121e-01 -5.775320e-01 6.293204e-01
    endloop
  endfacet
  facet normal 0.000000e+00 0.000000e+00 1.000000e+00
    outer loop
      vertex -4.972609e-01 -5.522642e-01 6.691306e-01
      vertex -5.200121e-01 -5.775320e-01 6.293204e-01
      vertex -4.567949e-01 -6.287243e-01 6.293204e-01
    endloop
  endfacet
  facet normal 0.000000e+00 0.000000e+00 1.000000e+00
    outer loop
      vertex -4.368096e-01 -6.012168e-01 6.691306e-01
      vertex -4.567949e-01 -6.287243e-01 6.293204e-01
      vertex -3.885730e-01 -6.730281e-01 6.293204e-01
    endloop
  endfacet
  facet normal 0.000000e+00 0.000000e+00 1.000000e+00
    outer loop
      vertex -3.715724e-01 -6.435823e-01 6.691306e-01
      vertex -3.885730e-01 -6.730281e-01 6.293204e-01
      vertex -3.160937e-01 -7.099582e-01 6.293204e-01
    endloop
  endfacet
  facet normal 0.000000e+00 0.000000e+00 1.000000e+00
    outer loop
      vertex -3.022642e-01 -6.788966e-01 6.691306e-01
      vertex -3.160937e-01 -7.099582e-01 6.293204e-01
      vertex -2.401513e-01 -7.391097e-01 6.293204e-01
    endloop
  endfacet
  facet normal 0.000000e+00 0.000000e+00 1.000000e+00
    outer loop
      vertex -2.296444e-01 -7.067727e-01 6.691306e-01
      vertex -2.401513e-01 -7.391097e-01 6.293204e-01
      vertex -1.615777e-01 -7.601635e-01 6.293204e-01
    endloop
  endfacet
  facet normal 0.000000e+00 0.000000e+00 1.000000e+00
    outer loop
      vertex -1.545085e-01 -7.269053e-01 6.691306e-01
      vertex -1.615777e-01 -7.601635e-01 6.293204e-01
      vertex -8.123387e-02 -7.728887e-01 6.293204e-01
    endloop
  endfacet
  facet normal 0.000000e+00 0.000000e+00 1.000000e+00
    outer loop
      vertex -7.767979e-02 -7.390738e-01 6.691306e-01
      vertex -8.123387e-02 -7.728887e-01 6.293204e-01
      vertex -1.427594e-16 -7.771460e-01 6.293204e-01
    endloop
  endfacet
  facet normal 0.000000e+00 0.000000e+00 1.000000e+00
    outer loop
      vertex -1.365135e-16 -7.431448e-01 6.691306e-01
      vertex -1.427594e-16 -7.771460e-01 6.293204e-01
      vertex 8.123387e-02 -7.728887e-01 6.293204e-01
    endloop
  endfacet
  facet normal 0.000000e+00 0.000000e+00 1.000000e+00
    outer loop
      vertex 7.767979e-02 -7.390738e-01 6.691306e-01
      vertex 8.123387e-02 -7.728887e-01 6.293204e-01
      vertex 1.615777e-01 -7.601635e-01 6.293204e-01
    endloop
  endfacet
  facet normal 0.000000e+00 0.000000e+00 1.000000e+00
    outer loop
      vertex 1.545085e-01 -7.269053e-01 6.691306e-01
      vertex 1.615777e-01 -7.601635e-01 6.293204e-01
      vertex 2.401513e-01 -7.391097e-01 6.293204e-01
    endloop
  endfacet
  facet normal 0.000000e+00 0.000000e+00 1.000000e+00
    outer loop
      vertex 2.296444e-01 -7.067727e-01 6.691306e-01
      vertex 2.401513e-01 -7.391097e-01 6.293204e-01
      vertex 3.160937e-01 -7.099582e-01 6.293204e-01
    endloop
  endfacet
  facet normal 0.000000e+00 0.000000e+00 1.000000e+00
    outer loop
      vertex 3.022642e-01 -6.788966e-01 6.691306e-01
      vertex 3.160937e-01 -7.099582e-01 6.293204e-01
      vertex 3.885730e-01 -6.730281e-01 6.293204e-01
    endloop
  endfacet
  facet normal 0.000000e+00 0.000000e+00 1.000000e+00
    outer loop
      vertex 3.715724e-01 -6.435823e-01 6.691306e-01
      vertex 3.885730e-01 -6.730281e-01 6.293204e-01
      vertex 4.567949e-01 -6.287243e-01 6.293204e-01
    endloop
  endfacet
  facet normal 0.000000e+00 0.000000e+00 1.000000e+00
    outer loop
      vertex 4.368096e-01 -6.012168e-01 6.691306e-01
      vertex 4.567949e-01 -6.287243e-01 6.293204e-01
      vertex 5.200121e-01 -5.775320e-01 6.293204e-01
    endloop
  endfacet
  facet normal 0.000000e+00 0.000000e+00 1.000000e+00
    outer loop
      vertex 4.972609e-01 -5.522642e-01 6.691306e-01
      vertex 5.200121e-01 -5.775320e-01 6.293204e-01
      vertex 5.775320e-01 -5.200121e-01 6.293204e-01
    endloop
  endfacet
  facet normal 0.000000e+00 0.000000e+00 1.000000e+00
    outer loop
      vertex 5.522642e-01 -4.972609e-01 6.691306e-01
      vertex 5.775320e-01 -5.200121e-01 6.293204e-01
      vertex 6.287243e-01 -4.567949e-01 6.293204e-01
    endloop
  endfacet
  facet normal 0.000000e+00 0.000000e+00 1.000000e+00
    outer loop
      vertex 6.012168e-01 -4.368096e-01 6.691306e-01
      vertex 6.287243e-01 -4.567949e-01 6.293204e-01
      vertex 6.730281e-01 -3.885730e-01 6.293204e-01
    endloop
  endfacet
  facet normal 0.000000e+00 0.000000e+00 1.000000e+00
    outer loop
      vertex 6.435823e-01 -3.715724e-01 6.691306e-01
      vertex 6.730281e-01 -3.885730e-01 6.293204e-01
      vertex 7.099582e-01 -3.160937e-01 6.293204e-01
    endloop
  endfacet
  facet normal 0.000000e+00 0.000000e+00 1.000000e+00
    outer loop
      vertex 6.788966e-01 -3.022642e-01 6.691306e-01
      vertex 7.099582e-01 -3.160937e-01 6.293204e-01
      vertex 7.391097e-01 -2.401513e-01 6.293204e-01
    endloop
  endfacet
  facet normal 0.000000e+00 0.000000e+00 1.000000e+00
    outer loop
      vertex 7.067727e-01 -2.296444e-01 6.691306e-01
      vertex 7.391097e-01 -2.401513e-01 6.293204e-01
      vertex 7.601635e-01 -1.615777e-01 6.293204e-01
    endloop
  endfacet
  facet normal 0.000000e+00 0.000000e+00 1.000000e+00
    outer loop
      vertex 7.269053e-01 -1.545085e-01 6.691306e-01
      vertex 7.601635e-01 -1.615777e-01 6.293204e-01
      vertex 7.728887e-01 -8.123387e-02 6.293204e-01
    endloop
  endfacet
  facet normal 0.000000e+00 0.000000e+00 1.000000e+00
    outer loop
      vertex 7.390738e-01 -7.767979e-02 6.691306e-01
      vertex 7.728887e-01 -8.123387e-02 6.293204e-01
      vertex 7.771460e-01 -8.805901e-16 6.293204e-01
    endloop
  endfacet
  facet normal 0.000000e+00 0.000000e+00 1.000000e+00
    outer loop
      vertex 7.771460e-01 0.000000e+00 6.293204e-01
      vertex 8.090170e-01 0.000000e+00 5.877853e-01
      vertex 8.045851e-01 8.456530e-02 5.877853e-01
    endloop
  endfacet
  facet normal 0.000000e+00 0.000000e+00 1.000000e+00
    outer loop
      vertex 7.728887e-01 8.123387e-02 6.293204e-01
      vertex 8.045851e-01 8.456530e-02 5.877853e-01
      vertex 7.913380e-01 1.682041e-01 5.877853e-01
    endloop
  endfacet
  facet normal 0.000000e+00 0.000000e+00 1.000000e+00
    outer loop
      vertex 7.601635e-01 1.615777e-01 6.293204e-01
      vertex 7.913380e-01 1.682041e-01 5.877853e-01
      vertex 7.694209e-01 2.500000e-01 5.877853e-01
    endloop
  endfacet
  facet normal 0.000000e+00 0.000000e+00 1.000000e+00
    outer loop
      vertex 7.391097e-01 2.401513e-01 6.293204e-01
      vertex 7.694209e-01 2.500000e-01 5.877853e-01
      vertex 7.390738e-01 3.290569e-01 5.877853e-01
    endloop
  endfacet
  facet normal 0.000000e+00 0.000000e+00 1.000000e+00
    outer loop
      vertex 7.099582e-01 3.160937e-01 6.293204e-01
      vertex 7.390738e-01 3.290569e-01 5.877853e-01
      vertex 7.006293e-01 4.045085e-01 5.877853e-01
    endloop
  endfacet
  facet normal 0.000000e+00 0.000000e+00 1.000000e+00
    outer loop
      vertex 6.730281e-01 3.885730e-01 6.293204e-01
      vertex 7.006293e-01 4.045085e-01 5.877853e-01
      vertex 6.545085e-01 4.755283e-01 5.877853e-01
    endloop
  endfacet
  facet normal 0.000000e+00 0.000000e+00 1.000000e+00
    outer loop
      vertex 6.287243e-01 4.567949e-01 6.293204e-01
      vertex 6.545085e-01 4.755283e-01 5.877853e-01
      vertex 6.012168e-01 5.413380e-01 5.877853e-01
    endloop
  endfacet
  facet normal 0.000000e+00 0.000000e+00 1.000000e+00
    outer loop
      vertex 5.775320e-01 5.200121e-01 6.293204e-01
      vertex 6.012168e-01 5.413380e-01 5.877853e-01
      vertex 5.413380e-01 6.012168e-01 5.877853e-01
    endloop
  endfacet
  facet normal 0.000000e+00 0.000000e+00 1.000000e+00
    outer loop
      vertex 5.200121e-01 5.775320e-01 6.293204e-01
      vertex 5.413380e-01 6.012168e-01 5.877853e-01
      vertex 4.755283e-01 6.545085e-01 5.877853e-01
    endloop
  endfacet
  facet normal 0.000000e+00 0.000000e+00 1.000000e+00
    outer loop
      vertex 4.567949e-01 6.287243e-01 6.293204e-01
      vertex 4.755283e-01 6.545085e-01 5.877853e-01
      vertex 4.045085e-01 7.006293e-01 5.877853e-01
    endloop
  endfacet
  facet normal 0.000000e+00 0.000000e+00 1.000000e+00
    outer loop
      vertex 3.885730e-01 6.730281e-01 6.293204e-01
      vertex 4.045085e-01 7.006293e-01 5.877853e-01
      vertex 3.290569e-01 7.390738e-01 5.877853e-01
    endloop
  endfacet
  facet normal 0.000000e+00 0.000000e+00 1.000000e+00
    outer loop
      vertex 3.160937e-01 7.099582e-01 6.293204e-01
      vertex 3.290569e-01 7.390738e-01 5.877853e-01
      vertex 2.500000e-01 7.694209e-01 5.877853e-01
    endloop
  endfacet
  facet normal 0.000000e+00 0.000000e+00 1.000000e+00
    outer loop
      vertex 2.401513e-01 7.391097e-01 6.293204e-01
      vertex 2.500000e-01 7.694209e-01 5.877853e-01
      vertex 1.682041e-01 7.913380e-01 5.877853e-01
    endloop
  endfacet
  facet normal 0.000000e+00 0.000000e+00 1.000000e+00
    outer loop
      vertex 1.615777e-01 7.601635e-01 6.293204e-01
      vertex 1.682041e-01 7.913380e-01 5.877853e-01
      vertex 8.456530e-02 8.045851e-01 5.877853e-01
    endloop
  endfacet
  facet normal 0.000000e+00 0.000000e+00 1.000000e+00
    outer loop
      vertex 8.123387e-02 7.728887e-01 6.293204e-01
      vertex 8.456530e-02 8.045851e-01 5.877853e-01
      vertex 2.291759e-16 8.090170e-01 5.877853e-01
    endloop
  endfacet
  facet normal 0.000000e+00 0.000000e+00 1.000000e+00
    outer loop
      vertex 2.201475e-16 7.771460e-01 6.293204e-01
      vertex 2.291759e-16 8.090170e-01 5.877853e-01
      vertex -8.456530e-02 8.045851e-01 5.877853e-01
    endloop
  endfacet
  facet normal 0.000000e+00 0.000000e+00 1.000000e+00
    outer loop
      vertex -8.123387e-02 7.728887e-01 6.293204e-01
      vertex -8.456530e-02 8.045851e-01 5.877853e-01
      vertex -1.682041e-01 7.913380e-01 5.877853e-01
    endloop
  endfacet
  facet normal 0.000000e+00 0.000000e+00 1.000000e+00
    outer loop
      vertex -1.615777e-01 7.601635e-01 6.293204e-01
      vertex -1.682041e-01 7.913380e-01 5.877853e-01
      vertex -2.500000e-01 7.694209e-01 5.877853e-01
    endloop
  endfacet
  facet normal 0.000000e+00 0.000000e+00 1.000000e+00
    outer loop
      vertex -2.401513e-01 7.391097e-01 6.293204e-01
      vertex -2.500000e-01 7.694209e-01 5.877853e-01
      vertex -3.290569e-01 7.390738e-01 5.877853e-01
    endloop
  endfacet
  facet normal 0.000000e+00 0.000000e+00 1.000000e+00
    outer loop
      vertex -3.160937e-01 7.099582e-01 6.293204e-01
      vertex -3.290569e-01 7.390738e-01 5.877853e-01
      vertex -4.045085e-01 7.006293e-01 5.877853e-01
    endloop
  endfacet
  facet normal 0.000000e+00 0.000000e+00 1.000000e+00
    outer loop
      vertex -3.885730e-01 6.730281e-01 6.293204e-01
      vertex -4.045085e-01 7.006293e-01 5.877853e-01
      vertex -4.755283e-01 6.545085e-01 5.877853e-01
    endloop
  endfacet
  facet normal 0.000000e+00 0.000000e+00 1.000000e+00
    outer loop
      vertex -4.567949e-01 6.287243e-01 6.293204e-01
      vertex -4.755283e-01 6.545085e-01 5.877853e-01
      vertex -5.413380e-01 6.012168e-01 5.877853e-01
    endloop
  endfacet
  facet normal 0.000000e+00 0.000000e+00 1.000000e+00
    outer loop
      vertex -5.200121e-01 5.775320e-01 6.293204e-01
      vertex -5.413380e-01 6.012168e-01 5.877853e-01
      vertex -6.012168e-01 5.413380e-01 5.877853e-01
    endloop
  endfacet
  facet normal 0.000000e+00 0.000000e+00 1.000000e+00
    outer loop
      vertex -5.775320e-01 5.200121e-01 6.293204e-01
      vertex -6.012168e-01 5.413380e-01 5.877853e-01
      vertex -6.545085e-01 4.755283e-01 5.877853e-01
    endloop
  endfacet
  facet normal 0.000000e+00 0.000000e+00 1.000000e+00
    outer loop
      vertex -6.287243e-01 4.567949e-01 6.293204e-01
      vertex -6.545085e-01 4.755283e-01 5.877853e-01
      vertex -7.006293e-01 4.045085e-01 5.877853e-01
    endloop
  endfacet
  facet normal 0.000000e+00 0.000000e+00 1.000000e+00
    outer loop
      vertex -6.730281e-01 3.885730e-01 6.293204e-01
      vertex -7.006293e-01 4.045085e-01 5.877853e-01
      vertex -7.390738e-01 3.290569e-01 5.877853e-01
    endloop
  endfacet
  facet normal 0.000000e+00 0.000000e+00 1.000000e+00
    outer loop
      vertex -7.099582e-01 3.160937e-01 6.293204e-01
      vertex -7.390738e-01 3.290569e-01 5.877853e-01
      vertex -7.694209e-01 2.500000e-01 5.877853e-01
    endloop
  endfacet
  facet normal 0.000000e+00 0.000000e+00 1.000000e+00
    outer loop
      vertex -7.391097e-01 2.401513e-01 6.293204e-01
      vertex -7.694209e-01 2.500000e-01 5.877853e-01
      vertex -7.913380e-01 1.682041e-01 5.877853e-01
    endloop
  endfacet
  facet normal 0.000000e+00 0.000000e+00 1.000000e+00
    outer loop
      vertex -7.601635e-01 1.615777e-01 6.293204e-01
      vertex -7.913380e-01 1.682041e-01 5.877853e-01
      vertex -8.045851e-01 8.456530e-02 5.877853e-01
    endloop
  endfacet
  facet normal 0.000000e+00 0.000000e+00 1.000000e+00
    outer loop
      vertex -7.728887e-01 8.123387e-02 6.293204e-01
      vertex -8.045851e-01 8.456530e-02 5.877853e-01
      vertex -8.090170e-01 4.583517e-16 5.877853e-01
    endloop
  endfacet
  facet normal 0.000000e+00 0.000000e+00 1.000000e+00
    outer loop
      vertex -7.771460e-01 4.402951e-16 6.293204e-01
      vertex -8.090170e-01 4.583517e-16 5.877853e-01
      vertex -8.045851e-01 -8.456530e-02 5.877853e-01
    endloop
  endfacet
  facet normal 0.000000e+00 0.000000e+00 1.000000e+00
    outer loop
      vertex -7.728887e-01 -8.123387e-02 6.293204e-01
      vertex -8.045851e-01 -8.456530e-02 5.877853e-01
      vertex -7.913380e-01 -1.682041e-01 5.877853e-01
    endloop
  endfacet
  facet normal 0.000000e+00 0.000000e+00 1.000000e+00
    outer loop
      vertex -7.601635e-01 -1.615777e-01 6.293204e-01
      vertex -7.913380e-01 -1.682041e-01 5.877853e-01
      vertex -7.694209e-01 -2.500000e-01 5.877853e-01
    endloop
  endfacet
  facet normal 0.000000e+00 0.000000e+00 1.000000e+00
    outer loop
      vertex -7.391097e-01 -2.401513e-01 6.293204e-01
      vertex -7.694209e-01 -2.500000e-01 5.877853e-01
      vertex -7.390738e-01 -3.290569e-01 5.877853e-01
    endloop
  endfacet
  facet normal 0.000000e+00 0.000000e+00 1.000000e+00
    outer loop
      vertex -7.099582e-01 -3.160937e-01 6.293204e-01
      vertex -7.390738e-01 -3.290569e-01 5.877853e-01
      vertex -7.006293e-01 -4.045085e-01 5.877853e-01
    endloop
  endfacet
  facet normal 0.000000e+00 0.000000e+00 1.000000e+00
    outer loop
      vertex -6.730281e-01 -3.885730e-01 6.293204e-01
      vertex -7.006293e-01 -4.045085e-01 5.877853e-01
      vertex -6.545085e-01 -4.755283e-01 5.877853e-01
    endloop
  endfacet
  facet normal 0.000000e+00 0.000000e+00 1.000000e+00
    outer loop
      vertex -6.287243e-01 -4.567949e-01 6.293204e-01
      vertex -6.545085e-01 -4.755283e-01 5.877853e-01
      vertex -6.012168e-01 -5.413380e-01 5.877853e-01
    endloop
  endfacet
  facet normal 0.000000e+00 0.000000e+00 1.000000e+00
    outer loop
      vertex -5.775320e-01 -5.200121e-01 6.293204e-01
      vertex -6.012168e-01 -5.413380e-01 5.877853e-01
      vertex -5.413380e-01 -6.012168e-01 5.877853e-01
    endloop
  endfacet
  facet normal 0.000000e+00 0.000000e+00 1.000000e+00
    outer loop
      vertex -5.200121e-01 -5.775320e-01 6.293204e-01
      vertex -5.413380e-01 -6.012168e-01 5.877853e-01
      vertex -4.755283e-01 -6.545085e-01 5.877853e-01
    endloop
  endfacet
  facet normal 0.000000e+00 0.000000e+00 1.000000e+00
    outer loop
      vertex -4.567949e-01 -6.287243e-01 6.293204e-01
      vertex -4.755283e-01 -6.545085e-01 5.877853e-01
      vertex -4.045085e-01 -7.006293e-01 5.877853e-01
    endloop
  endfacet
  facet normal 0.000000e+00 0.000000e+00 1.000000e+00
    outer loop
      vertex -3.885730e-01 -6.730281e-01 6.293204e-01
      vertex -4.045085e-01 -7.006293e-01 5.877853e-01
      vertex -3.290569e-01 -7.390738e-01 5.877853e-01
    endloop
  endfacet
  facet normal 0.000000e+00 0.000000e+00 1.000000e+00
    outer loop
      vertex -3.160937e-01 -7.099582e-01 6.293204e-01
      vertex -3.290569e-01 -7.390738e-01 5.877853e-01
      vertex -2.500000e-01 -7.694209e-01 5.877853e-01
    endloop
  endfacet
  facet normal 0.000000e+00 0.000000e+00 1.000000e+00
    outer loop
      vertex -2.401513e-01 -7.391097e-01 6.293204e-01
      vertex -2.500000e-01 -7.694209e-01 5.877853e-01
      vertex -1.682041e-01 -7.913380e-01 5.877853e-01
    endloop
  endfacet
  facet normal 0.000000e+00 0.000000e+00 1.000000e+00
    outer loop
      vertex -1.615777e-01 -7.601635e-01 6.293204e-01
      vertex -1.682041e-01 -7.913380e-01 5.877853e-01
      vertex -8.456530e-02 -8.045851e-01 5.877853e-01
    endloop
  endfacet
  facet normal 0.000000e+00 0.000000e+00 1.000000e+00
    outer loop
      vertex -8.123387e-02 -7.728887e-01 6.293204e-01
      vertex -8.456530e-02 -8.045851e-01 5.877853e-01
      vertex -1.486140e-16 -8.090170e-01 5.877853e-01
    endloop
  endfacet
  facet normal 0.000000e+00 0.000000e+00 1.000000e+00
    outer loop
      vertex -1.427594e-16 -7.771460e-01 6.293204e-01
      vertex -1.486140e-16 -8.090170e-01 5.877853e-01
      vertex 8.456530e-02 -8.045851e-01 5.877853e-01
    endloop
  endfacet
  facet normal 0.000000e+00 0.000000e+00 1.000000e+00
    outer loop
      vertex 8.123387e-02 -7.728887e-01 6.293204e-01
      vertex 8.456530e-02 -8.045851e-01 5.877853e-01
      vertex 1.682041e-01 -7.913380e-01 5.877853e-01
    endloop
  endfacet
  facet normal 0.000000e+00 0.000000e+00 1.000000e+00
    outer loop
      vertex 1.615777e-01 -7.601635e-01 6.293204e-01
      vertex 1.682041e-01 -7.913380e-01 5.877853e-01
      vertex 2.500000e-01 -7.694209e-01 5.877853e-01
    endloop
  endfacet
  facet normal 0.000000e+00 0.000000e+00 1.000000e+00
    outer loop
      vertex 2.401513e-01 -7.391097e-01 6.293204e-01
      vertex 2.500000e-01 -7.694209e-01 5.877853e-01
      vertex 3.290569e-01 -7.390738e-01 5.877853e-01
    endloop
  endfacet
  facet normal 0.000000e+00 0.000000e+00 1.000000e+00
    outer loop
      vertex 3.160937e-01 -7.099582e-01 6.293204e-01
      vertex 3.290569e-01 -7.390738e-01 5.877853e-01
      vertex 4.045085e-01 -7.006293e-01 5.877853e-01
    endloop
  endfacet
  facet normal 0.000000e+00 0.000000e+00 1.000000e+00
    outer loop
      vertex 3.885730e-01 -6.730281e-01 6.293204e-01
      vertex 4.045085e-01 -7.006293e-01 5.877853e-01
      vertex 4.755283e-01 -6.545085e-01 5.877853e-01
    endloop
  endfacet
  facet normal 0.000000e+00 0.000000e+00 1.000000e+00
    outer loop
      vertex 4.567949e-01 -6.287243e-01 6.293204e-01
      vertex 4.755283e-01 -6.545085e-01 5.877853e-01
      vertex 5.413380e-01 -6.012168e-01 5.877853e-01
    endloop
  endfacet
  facet normal 0.000000e+00 0.000000e+00 1.000000e+00
    outer loop
      vertex 5.200121e-01 -5.775320e-01 6.293204e-01
      vertex 5.413380e-01 -6.012168e-01 5.877853e-01
      vertex 6.012168e-01 -5.413380e-01 5.877853e-01
    endloop
  endfacet
  facet normal 0.000000e+00 0.000000e+00 1.000000e+00
    outer loop
      vertex 5.775320e-01 -5.200121e-01 6.293204e-01
      vertex 6.012168e-01 -5.413380e-01 5.877853e-01
      vertex 6.545085e-01 -4.755283e-01 5.877853e-01
    endloop
  endfacet
  facet normal 0.000000e+00 0.000000e+00 1.000000e+00
    outer loop
      vertex 6.287243e-01 -4.567949e-01 6.293204e-01
      vertex 6.545085e-01 -4.755283e-01 5.877853e-01
      vertex 7.006293e-01 -4.045085e-01 5.877853e-01
    endloop
  endfacet
  facet normal 0.000000e+00 0.000000e+00 1.000000e+00
    outer loop
      vertex 6.730281e-01 -3.885730e-01 6.293204e-01
      vertex 7.006293e-01 -4.045085e-01 5.877853e-01
      vertex 7.390738e-01 -3.290569e-01 5.877853e-01
    endloop
  endfacet
  facet normal 0.000000e+00 0.000000e+00 1.000000e+00
    outer loop
      vertex 7.099582e-01 -3.160937e-01 6.293204e-01
      vertex 7.390738e-01 -3.290569e-01 5.877853e-01
      vertex 7.694209e-01 -2.500000e-01 5.877853e-01
    endloop
  endfacet
  facet normal 0.000000e+00 0.000000e+00 1.000000e+00
    outer loop
      vertex 7.391097e-01 -2.401513e-01 6.293204e-01
      vertex 7.694209e-01 -2.500000e-01 5.877853e-01
      vertex 7.913380e-01 -1.682041e-01 5.877853e-01
    endloop
  endfacet
  facet normal 0.000000e+00 0.000000e+00 1.000000e+00
    outer loop
      vertex 7.601635e-01 -1.615777e-01 6.293204e-01
      vertex 7.913380e-01 -1.682041e-01 5.877853e-01
      vertex 8.045851e-01 -8.456530e-02 5.877853e-01
    endloop
  endfacet
  facet normal 0.000000e+00 0.000000e+00 1.000000e+00
    outer loop
      vertex 7.728887e-01 -8.123387e-02 6.293204e-01
      vertex 8.045851e-01 -8.456530e-02 5.877853e-01
      vertex 8.090170e-01 -9.167035e-16 5.877853e-01
    endloop
  endfacet
  facet normal 0.000000e+00 0.000000e+00 1.000000e+00
    outer loop
      vertex 8.090170e-01 0.000000e+00 5.877853e-01
      vertex 8.386706e-01 0.000000e+00 5.446390e-01
      vertex 8.340762e-01 8.766495e-02 5.446390e-01
    endloop
  endfacet
  facet normal 0.000000e+00 0.000000e+00 1.000000e+00
    outer loop
      vertex 8.045851e-01 8.456530e-02 5.877853e-01
      vertex 8.340762e-01 8.766495e-02 5.446390e-01
      vertex 8.203436e-01 1.743694e-01 5.446390e-01
    endloop
  endfacet
  facet normal 0.000000e+00 0.000000e+00 1.000000e+00
    outer loop
      vertex 7.913380e-01 1.682041e-01 5.877853e-01
      vertex 8.203436e-01 1.743694e-01 5.446390e-01
      vertex 7.976231e-01 2.591635e-01 5.446390e-01
    endloop
  endfacet
  facet normal 0.000000e+00 0.000000e+00 1.000000e+00
    outer loop
      vertex 7.694209e-01 2.500000e-01 5.877853e-01
      vertex 7.976231e-01 2.591635e-01 5.446390e-01
      vertex 7.661637e-01 3.411181e-01 5.446390e-01
    endloop
  endfacet
  facet normal 0.000000e+00 0.000000e+00 1.000000e+00
    outer loop
      vertex 7.390738e-01 3.290569e-01 5.877853e-01
      vertex 7.661637e-01 3.411181e-01 5.446390e-01
      vertex 7.263100e-01 4.193353e-01 5.446390e-01
    endloop
  endfacet
  facet normal 0.000000e+00 0.000000e+00 1.000000e+00
    outer loop
      vertex 7.006293e-01 4.045085e-01 5.877853e-01
      vertex 7.263100e-01 4.193353e-01 5.446390e-01
      vertex 6.784987e-01 4.929582e-01 5.446390e-01
    endloop
  endfacet
  facet normal 0.000000e+00 0.000000e+00 1.000000e+00
    outer loop
      vertex 6.545085e-01 4.755283e-01 5.877853e-01
      vertex 6.784987e-01 4.929582e-01 5.446390e-01
      vertex 6.232537e-01 5.611801e-01 5.446390e-01
    endloop
  endfacet
  facet normal 0.000000e+00 0.000000e+00 1.000000e+00
    outer loop
      vertex 6.012168e-01 5.413380e-01 5.877853e-01
      vertex 6.232537e-01 5.611801e-01 5.446390e-01
      vertex 5.611801e-01 6.232537e-01 5.446390e-01
    endloop
  endfacet
  facet normal 0.000000e+00 0.000000e+00 1.000000e+00
    outer loop
      vertex 5.413380e-01 6.012168e-01 5.877853e-01
      vertex 5.611801e-01 6.232537e-01 5.446390e-01
      vertex 4.929582e-01 6.784987e-01 5.446390e-01
    endloop
  endfacet
  facet normal 0.000000e+00 0.000000e+00 1.000000e+00
    outer loop
      vertex 4.755283e-01 6.545085e-01 5.877853e-01
      vertex 4.929582e-01 6.784987e-01 5.446390e-01
      vertex 4.193353e-01 7.263100e-01 5.446390e-01
    endloop
  endfacet
  facet normal 0.000000e+00 0.000000e+00 1.000000e+00
    outer loop
      vertex 4.045085e-01 7.006293e-01 5.877853e-01
      vertex 4.193353e-01 7.263100e-01 5.446390e-01
      vertex 3.411181e-01 7.661637e-01 5.446390e-01
    endloop
  endfacet
  facet normal 0.000000e+00 0.000000e+00 1.000000e+00
    outer loop
      vertex 3.290569e-01 7.390738e-01 5.877853e-01
      vertex 3.411181e-01 7.661637e-01 5.446390e-01
      vertex 2.591635e-01 7.976231e-01 5.446390e-01
    endloop
  endfacet
  facet normal 0.000000e+00 0.000000e+00 1.000000e+00
    outer loop
      vertex 2.500000e-01 7.694209e-01 5.877853e-01
      vertex 2.591635e-01 7.976231e-01 5.446390e-01
      vertex 1.743694e-01 8.203436e-01 5.446390e-01
    endloop
  endfacet
  facet normal 0.000000e+00 0.000000e+00 1.000000e+00
    outer loop
      vertex 1.682041e-01 7.913380e-01 5.877853e-01
      vertex 1.743694e-01 8.203436e-01 5.446390e-01
      vertex 8.766495e-02 8.340762e-01 5.446390e-01
    endloop
  endfacet
  facet normal 0.000000e+00 0.000000e+00 1.000000e+00
    outer loop
      vertex 8.456530e-02 8.045851e-01 5.877853e-01
      vertex 8.766495e-02 8.340762e-01 5.446390e-01
      vertex 2.375760e-16 8.386706e-01 5.446390e-01
    endloop
  endfacet
  facet normal 0.000000e+00 0.000000e+00 1.000000e+00
    outer loop
      vertex 2.291759e-16 8.090170e-01 5.877853e-01
      vertex 2.375760e-16 8.386706e-01 5.446390e-01
      vertex -8.766495e-02 8.340762e-01 5.446390e-01
    endloop
  endfacet
  facet normal 0.000000e+00 0.000000e+00 1.000000e+00
    outer loop
      vertex -8.456530e-02 8.045851e-01 5.877853e-01
      vertex -8.766495e-02 8.340762e-01 5.446390e-01
      vertex -1.743694e-01 8.203436e-01 5.446390e-01
    endloop
  endfacet
  facet normal 0.000000e+00 0.000000e+00 1.000000e+00
    outer loop
      vertex -1.682041e-01 7.913380e-01 5.877853e-01
      vertex -1.743694e-01 8.203436e-01 5.446390e-01
      vertex -2.591635e-01 7.976231e-01 5.446390e-01
    endloop
  endfacet
  facet normal 0.000000e+00 0.000000e+00 1.000000e+00
    outer loop
      vertex -2.500000e-01 7.694209e-01 5.877853e-01
      vertex -2.591635e-01 7.976231e-01 5.446390e-01
      vertex -3.411181e-01 7.661637e-01 5.446390e-01
    endloop
  endfacet
  facet normal 0.000000e+00 0.000000e+00 1.000000e+00
    outer loop
      vertex -3.290569e-01 7.390738e-01 5.877853e-01
      vertex -3.411181e-01 7.661637e-01 5.446390e-01
      vertex -4.193353e-01 7.263100e-01 5.446390e-01
    endloop
  endfacet
  facet normal 0.000000e+00 0.000000e+00 1.000000e+00
    outer loop
      vertex -4.045085e-01 7.006293e-01 5.877853e-01
      vertex -4.193353e-01 7.263100e-01 5.446390e-01
      vertex -4.929582e-01 6.784987e-01 5.446390e-01
    endloop
  endfacet
  facet normal 0.000000e+00 0.000000e+00 1.000000e+00
    outer loop
      vertex -4.755283e-01 6.545085e-01 5.877853e-01
      vertex -4.929582e-01 6.784987e-01 5.446390e-01
      vertex -5.611801e-01 6.232537e-01 5.446390e-01
    endloop
  endfacet
  facet normal 0.000000e+00 0.000000e+00 1.000000e+00
    outer loop
      vertex -5.413380e-01 6.012168e-01 5.877853e-01
      vertex -5.611801e-01 6.232537e-01 5.446390e-01
      vertex -6.232537e-01 5.611801e-01 5.446390e-01
    endloop
  endfacet
  facet normal 0.000000e+00 0.000000e+00 1.000000e+00
    outer loop
      vertex -6.012168e-01 5.413380e-01 5.877853e-01
      vertex -6.232537e-01 5.611801e-01 5.446390e-01
      vertex -6.784987e-01 4.929582e-01 5.446390e-01
    endloop
  endfacet
  facet normal 0.000000e+00 0.000000e+00 1.000000e+00
    outer loop
      vertex -6.545085e-01 4.755283e-01 5.877853e-01
      vertex -6.784987e-01 4.929582e-01 5.446390e-01
      vertex -7.263100e-01 4.193353e-01 5.446390e-01
    endloop
  endfacet
  facet normal 0.000000e+00 0.000000e+00 1.000000e+00
    outer loop
      vertex -7.006293e-01 4.045085e-01 5.877853e-01
      vertex -7.263100e-01 4.193353e-01 5.446390e-01
      vertex -7.661637e-01 3.411181e-01 5.446390e-01
    endloop
  endfacet
  facet normal 0.000000e+00 0.000000e+00 1.000000e+00
    outer loop
      vertex -7.390738e-01 3.290569e-01 5.877853e-01
      vertex -7.661637e-01 3.411181e-01 5.446390e-01
      vertex -7.976231e-01 2.591635e-01 5.446390e-01
    endloop
  endfacet
  facet normal 0.000000e+00 0.000000e+00 1.000000e+00
    outer loop
      vertex -7.694209e-01 2.500000e-01 5.877853e-01
      vertex -7.976231e-01 2.591635e-01 5.446390e-01
      vertex -8.203436e-01 1.743694e-01 5.446390e-01
    endloop
  endfacet
  facet normal 0.000000e+00 0.000000e+00 1.000000e+00
    outer loop
      vertex -7.913380e-01 1.682041e-01 5.877853e-01
      vertex -8.203436e-01 1.743694e-01 5.446390e-01
      vertex -8.340762e-01 8.766495e-02 5.446390e-01
    endloop
  endfacet
  facet normal 0.000000e+00 0.000000e+00 1.000000e+00
    outer loop
      vertex -8.045851e-01 8.456530e-02 5.877853e-01
      vertex -8.340762e-01 8.766495e-02 5.446390e-01
      vertex -8.386706e-01 4.751521e-16 5.446390e-01
    endloop
  endfacet
  facet normal 0.000000e+00 0.000000e+00 1.000000e+00
    outer loop
      vertex -8.090170e-01 4.583517e-16 5.877853e-01
      vertex -8.386706e-01 4.751521e-16 5.446390e-01
      vertex -8.340762e-01 -8.766495e-02 5.446390e-01
    endloop
  endfacet
  facet normal 0.000000e+00 0.000000e+00 1.000000e+00
    outer loop
      vertex -8.045851e-01 -8.456530e-02 5.877853e-01
      vertex -8.340762e-01 -8.766495e-02 5.446390e-01
      vertex -8.203436e-01 -1.743694e-01 5.446390e-01
    endloop
  endfacet
  facet normal 0.000000e+00 0.000000e+00 1.000000e+00
    outer loop
      vertex -7.913380e-01 -1.682041e-01 5.877853e-01
      vertex -8.203436e-01 -1.743694e-01 5.446390e-01
      vertex -7.976231e-01 -2.591635e-01 5.446390e-01
    endloop
  endfacet
  facet normal 0.000000e+00 0.000000e+00 1.000000e+00
    outer loop
      vertex -7.694209e-01 -2.500000e-01 5.877853e-01
      vertex -7.976231e-01 -2.591635e-01 5.446390e-01
      vertex -7.661637e-01 -3.411181e-01 5.446390e-01
    endloop
  endfacet
  facet normal 0.000000e+00 0.000000e+00 1.000000e+00
    outer loop
      vertex -7.390738e-01 -3.290569e-01 5.877853e-01
      vertex -7.661637e-01 -3.411181e-01 5.446390e-01
      vertex -7.263100e-01 -4.193353e-01 5.446390e-01
    endloop
  endfacet
  facet normal 0.000000e+00 0.000000e+00 1.000000e+00
    outer loop
      vertex -7.006293e-01 -4.045085e-01 5.877853e-01
      vertex -7.263100e-01 -4.193353e-01 5.446390e-01
      vertex -6.784987e-01 -4.929582e-01 5.446390e-01
    endloop
  endfacet
  facet normal 0.000000e+00 0.000000e+00 1.000000e+00
    outer loop
      vertex -6.545085e-01 -4.755283e-01 5.877853e-01
      vertex -6.784987e-01 -4.929582e-01 5.446390e-01
      vertex -6.232537e-01 -5.611801e-01 5.446390e-01
    endloop
  endfacet
  facet normal 0.000000e+00 0.000000e+00 1.000000e+00
    outer loop
      vertex -6.012168e-01 -5.413380e-01 5.877853e-01
      vertex -6.232537e-01 -5.611801e-01 5.446390e-01
      vertex -5.611801e-01 -6.232537e-01 5.446390e-01
    endloop
  endfacet
  facet normal 0.000000e+00 0.000000e+00 1.000000e+00
    outer loop
      vertex -5.413380e-01 -6.012168e-01 5.877853e-01
      vertex -5.611801e-01 -6.232537e-01 5.446390e-01
      vertex -4.929582e-01 -6.784987e-01 5.446390e-01
    endloop
  endfacet
  facet normal 0.000000e+00 0.000000e+00 1.000000e+00
    outer loop
      vertex -4.755283e-01 -6.545085e-01 5.877853e-01
      vertex -4.929582e-01 -6.784987e-01 5.446390e-01
      vertex -4.193353e-01 -7.263100e-01 5.446390e-01
    endloop
  endfacet
  facet normal 0.000000e+00 0.000000e+00 1.000000e+00
    outer loop
      vertex -4.045085e-01 -7.006293e-01 5.877853e-01
      vertex -4.193353e-01 -7.263100e-01 5.446390e-01
      vertex -3.411181e-01 -7.661637e-01 5.446390e-01
    endloop
  endfacet
  facet normal 0.000000e+00 0.000000e+00 1.000000e+00
    outer loop
      vertex -3.290569e-01 -7.390738e-01 5.877853e-01
      vertex -3.411181e-01 -7.661637e-01 5.446390e-01
      vertex -2.591635e-01 -7.976231e-01 5.446390e-01
    endloop
  endfacet
  facet normal 0.000000e+00 0.000000e+00 1.000000e+00
    outer loop
      vertex -2.500000e-01 -7.694209e-01 5.877853e-01
      vertex -2.591635e-01 -7.976231e-01 5.446390e-01
      vertex -1.743694e-01 -8.203436e-01 5.446390e-01
    endloop
  endfacet
  facet normal 0.000000e+00 0.000000e+00 1.000000e+00
    outer loop
      vertex -1.682041e-01 -7.913380e-01 5.877853e-01
      vertex -1.743694e-01 -8.203436e-01 5.446390e-01
      vertex -8.766495e-02 -8.340762e-01 5.446390e-01
    endloop
  endfacet
  facet normal 0.000000e+00 0.000000e+00 1.000000e+00
    outer loop
      vertex -8.456530e-02 -8.045851e-01 5.877853e-01
      vertex -8.766495e-02 -8.340762e-01 5.446390e-01
      vertex -1.540613e-16 -8.386706e-01 5.446390e-01
    endloop
  endfacet
  facet normal 0.000000e+00 0.000000e+00 1.000000e+00
    outer loop
      vertex -1.486140e-16 -8.090170e-01 5.877853e-01
      vertex -1.540613e-16 -8.386706e-01 5.446390e-01
      vertex 8.766495e-02 -8.340762e-01 5.446390e-01
    endloop
  endfacet
  facet normal 0.000000e+00 0.000000e+00 1.000000e+00
    outer loop
      vertex 8.456530e-02 -8.045851e-01 5.877853e-01
      vertex 8.766495e-02 -8.340762e-01 5.446390e-01
      vertex 1.743694e-01 -8.203436e-01 5.446390e-01
    endloop
  endfacet
  facet normal 0.000000e+00 0.000000e+00 1.000000e+00
    outer loop
      vertex 1.682041e-01 -7.913380e-01 5.877853e-01
      vertex 1.743694e-01 -8.203436e-01 5.446390e-01
      vertex 2.591635e-01 -7.976231e-01 5.446390e-01
    endloop
  endfacet
  facet normal 0.000000e+00 0.000000e+00 1.000000e+00
    outer loop
      vertex 2.500000e-01 -7.694209e-01 5.877853e-01
      vertex 2.591635e-01 -7.976231e-01 5.446390e-01
      vertex 3.411181e-01 -7.661637e-01 5.446390e-01
    endloop
  endfacet
  facet normal 0.000000e+00 0.000000e+00 1.000000e+00
    outer loop
      vertex 3.290569e-01 -7.390738e-01 5.877853e-01
      vertex 3.411181e-01 -7.661637e-01 5.446390e-01
      vertex 4.193353e-01 -7.263100e-01 5.446390e-01
    endloop
  endfacet
  facet normal 0.000000e+00 0.000000e+00 1.000000e+00
    outer loop
      vertex 4.045085e-01 -7.006293e-01 5.877853e-01
      vertex 4.193353e-01 -7.263100e-01 5.446390e-01
      vertex 4.929582e-01 -6.784987e-01 5.446390e-01
    endloop
  endfacet
  facet normal 0.000000e+00 0.000000e+00 1.000000e+00
    outer loop
      vertex 4.755283e-01 -6.545085e-01 5.877853e-01
      vertex 4.929582e-01 -6.784987e-01 5.446390e-01
      vertex 5.611801e-01 -6.232537e-01 5.446390e-01
    endloop
  endfacet
  facet normal 0.000000e+00 0.000000e+00 1.000000e+00
    outer loop
      vertex 5.413380e-01 -6.012168e-01 5.877853e-01
      vertex 5.611801e-01 -6.232537e-01 5.446390e-01
      vertex 6.232537e-01 -5.611801e-01 5.446390e-01
    endloop
  endfacet
  facet normal 0.000000e+00 0.000000e+00 1.000000e+00
    outer loop
      vertex 6.012168e-01 -5.413380e-01 5.877853e-01
      vertex 6.232537e-01 -5.611801e-01 5.446390e-01
      vertex 6.784987e-01 -4.929582e-01 5.446390e-01
    endloop
  endfacet
  facet normal 0.000000e+00 0.000000e+00 1.000000e+00
    outer loop
      vertex 6.545085e-01 -4.755283e-01 5.877853e-01
      vertex 6.784987e-01 -4.929582e-01 5.446390e-01
      vertex 7.263100e-01 -4.193353e-01 5.446390e-01
    endloop
  endfacet
  facet normal 0.000000e+00 0.000000e+00 1.000000e+00
    outer loop
      vertex 7.006293e-01 -4.045085e-01 5.877853e-01
      vertex 7.263100e-01 -4.193353e-01 5.446390e-01
      vertex 7.661637e-01 -3.411181e-01 5.446390e-01
    endloop
  endfacet
  facet normal 0.000000e+00 0.000000e+00 1.000000e+00
    outer loop
      vertex 7.390738e-01 -3.290569e-01 5.877853e-01
      vertex 7.661637e-01 -3.411181e-01 5.446390e-01
      vertex 7.976231e-01 -2.591635e-01 5.446390e-01
    endloop
  endfacet
  facet normal 0.000000e+00 0.000000e+00 1.000000e+00
    outer loop
      vertex 7.694209e-01 -2.500000e-01 5.877853e-01
      vertex 7.976231e-01 -2.591635e-01 5.446390e-01
      vertex 8.203436e-01 -1.743694e-01 5.446390e-01
    endloop
  endfacet
  facet normal 0.000000e+00 0.000000e+00 1.000000e+00
    outer loop
      vertex 7.913380e-01 -1.682041e-01 5.877853e-01
      vertex 8.203436e-01 -1.743694e-01 5.446390e-01
      vertex 8.340762e-01 -8.766495e-02 5.446390e-01
    endloop
  endfacet
  facet normal 0.000000e+00 0.000000e+00 1.000000e+00
    outer loop
      vertex 8.045851e-01 -8.456530e-02 5.877853e-01
      vertex 8.340762e-01 -8.766495e-02 5.446390e-01
      vertex 8.386706e-01 -9.503041e-16 5.446390e-01
    endloop
  endfacet
  facet normal 0.000000e+00 0.000000e+00 1.000000e+00
    outer loop
      vertex 8.386706e-01 0.000000e+00 5.446390e-01
      vertex 8.660254e-01 0.000000e+00 5.000000e-01
      vertex 8.612812e-01 9.052430e-02 5.000000e-01
    endloop
  endfacet
  facet normal 0.000000e+00 0.000000e+00 1.000000e+00
    outer loop
      vertex 8.340762e-01 8.766495e-02 5.446390e-01
      vertex 8.612812e-01 9.052430e-02 5.000000e-01
      vertex 8.471007e-01 1.800568e-01 5.000000e-01
    endloop
  endfacet
  facet normal 0.000000e+00 0.000000e+00 1.000000e+00
    outer loop
      vertex 8.203436e-01 1.743694e-01 5.446390e-01
      vertex 8.471007e-01 1.800568e-01 5.000000e-01
      vertex 8.236391e-01 2.676166e-01 5.000000e-01
    endloop
  endfacet
  facet normal 0.000000e+00 0.000000e+00 1.000000e+00
    outer loop
      vertex 7.976231e-01 2.591635e-01 5.446390e-01
      vertex 8.236391e-01 2.676166e-01 5.000000e-01
      vertex 7.911536e-01 3.522443e-01 5.000000e-01
    endloop
  endfacet
  facet normal 0.000000e+00 0.000000e+00 1.000000e+00
    outer loop
      vertex 7.661637e-01 3.411181e-01 5.446390e-01
      vertex 7.911536e-01 3.522443e-01 5.000000e-01
      vertex 7.500000e-01 4.330127e-01 5.000000e-01
    endloop
  endfacet
  facet normal 0.000000e+00 0.000000e+00 1.000000e+00
    outer loop
      vertex 7.263100e-01 4.193353e-01 5.446390e-01
      vertex 7.500000e-01 4.330127e-01 5.000000e-01
      vertex 7.006293e-01 5.090370e-01 5.000000e-01
    endloop
  endfacet
  facet normal 0.000000e+00 0.000000e+00 1.000000e+00
    outer loop
      vertex 6.784987e-01 4.929582e-01 5.446390e-01
      vertex 7.006293e-01 5.090370e-01 5.000000e-01
      vertex 6.435823e-01 5.794841e-01 5.000000e-01
    endloop
  endfacet
  facet normal 0.000000e+00 0.000000e+00 1.000000e+00
    outer loop
      vertex 6.232537e-01 5.611801e-01 5.446390e-01
      vertex 6.435823e-01 5.794841e-01 5.000000e-01
      vertex 5.794841e-01 6.435823e-01 5.000000e-01
    endloop
  endfacet
  facet normal 0.000000e+00 0.000000e+00 1.000000e+00
    outer loop
      vertex 5.611801e-01 6.232537e-01 5.446390e-01
      vertex 5.794841e-01 6.435823e-01 5.000000e-01
      vertex 5.090370e-01 7.006293e-01 5.000000e-01
    endloop
  endfacet
  facet normal 0.000000e+00 0.000000e+00 1.000000e+00
    outer loop
      vertex 4.929582e-01 6.784987e-01 5.446390e-01
      vertex 5.090370e-01 7.006293e-01 5.000000e-01
      vertex 4.330127e-01 7.500000e-01 5.000000e-01
    endloop
  endfacet
  facet normal 0.000000e+00 0.000000e+00 1.000000e+00
    outer loop
      vertex 4.193353e-01 7.263100e-01 5.446390e-01
      vertex 4.330127e-01 7.500000e-01 5.000000e-01
      vertex 3.522443e-01 7.911536e-01 5.000000e-01
    endloop
  endfacet
  facet normal 0.000000e+00 0.000000e+00 1.000000e+00
    outer loop
      vertex 3.411181e-01 7.661637e-01 5.446390e-01
      vertex 3.522443e-01 7.911536e-01 5.000000e-01
      vertex 2.676166e-01 8.236391e-01 5.000000e-01
    endloop
  endfacet
  facet normal 0.000000e+00 0.000000e+00 1.000000e+00
    outer loop
      vertex 2.591635e-01 7.976231e-01 5.446390e-01
      vertex 2.676166e-01 8.236391e-01 5.000000e-01
      vertex 1.800568e-01 8.471007e-01 5.000000e-01
    endloop
  endfacet
  facet normal 0.000000e+00 0.000000e+00 1.000000e+00
    outer loop
      vertex 1.743694e-01 8.203436e-01 5.446390e-01
      vertex 1.800568e-01 8.471007e-01 5.000000e-01
      vertex 9.052430e-02 8.612812e-01 5.000000e-01
    endloop
  endfacet
  facet normal 0.000000e+00 0.000000e+00 1.000000e+00
    outer loop
      vertex 8.766495e-02 8.340762e-01 5.446390e-01
      vertex 9.052430e-02 8.612812e-01 5.000000e-01
      vertex 2.453250e-16 8.660254e-01 5.000000e-01
    endloop
  endfacet
  facet normal 0.000000e+00 0.000000e+00 1.000000e+00
    outer loop
      vertex 2.375760e-16 8.386706e-01 5.446390e-01
      vertex 2.453250e-16 8.660254e-01 5.000000e-01
      vertex -9.052430e-02 8.612812e-01 5.000000e-01
    endloop
  endfacet
  facet normal 0.000000e+00 0.000000e+00 1.000000e+00
    outer loop
      vertex -8.766495e-02 8.340762e-01 5.446390e-01
      vertex -9.052430e-02 8.612812e-01 5.000000e-01
      vertex -1.800568e-01 8.471007e-01 5.000000e-01
    endloop
  endfacet
  facet normal 0.000000e+00 0.000000e+00 1.000000e+00
    outer loop
      vertex -1.743694e-01 8.203436e-01 5.446390e-01
      vertex -1.800568e-01 8.471007e-01 5.000000e-01
      vertex -2.676166e-01 8.236391e-01 5.000000e-01
    endloop
  endfacet
  facet normal 0.000000e+00 0.000000e+00 1.000000e+00
    outer loop
      vertex -2.591635e-01 7.976231e-01 5.446390e-01
      vertex -2.676166e-01 8.236391e-01 5.000000e-01
      vertex -3.522443e-01 7.911536e-01 5.000000e-01
    endloop
  endfacet
  facet normal 0.000000e+00 0.000000e+00 1.000000e+00
    outer loop
      vertex -3.411181e-01 7.661637e-01 5.446390e-01
      vertex -3.522443e-01 7.911536e-01 5.000000e-01
      vertex -4.330127e-01 7.500000e-01 5.000000e-01
    endloop
  endfacet
  facet normal 0.000000e+00 0.000000e+00 1.000000e+00
    outer loop
      vertex -4.193353e-01 7.263100e-01 5.446390e-01
      vertex -4.330127e-01 7.500000e-01 5.000000e-01
      vertex -5.090370e-01 7.006293e-01 5.000000e-01
    endloop
  endfacet
  facet normal 0.000000e+00 0.000000e+00 1.000000e+00
    outer loop
      vertex -4.929582e-01 6.784987e-01 5.446390e-01
      vertex -5.090370e-01 7.006293e-01 5.000000e-01
      vertex -5.794841e-01 6.435823e-01 5.000000e-01
    endloop
  endfacet
  facet normal 0.000000e+00 0.000000e+00 1.000000e+00
    outer loop
      vertex -5.611801e-01 6.232537e-01 5.446390e-01
      vertex -5.794841e-01 6.435823e-01 5.000000e-01
      vertex -6.435823e-01 5.794841e-01 5.000000e-01
    endloop
  endfacet
  facet normal 0.000000e+00 0.000000e+00 1.000000e+00
    outer loop
      vertex -6.232537e-01 5.611801e-01 5.446390e-01
      vertex -6.435823e-01 5.794841e-01 5.000000e-01
      vertex -7.006293e-01 5.090370e-01 5.000000e-01
    endloop
  endfacet
  facet normal 0.000000e+00 0.000000e+00 1.000000e+00
    outer loop
      vertex -6.784987e-01 4.929582e-01 5.446390e-01
      vertex -7.006293e-01 5.090370e-01 5.000000e-01
      vertex -7.500000e-01 4.330127e-01 5.000000e-01
    endloop
  endfacet
  facet normal 0.000000e+00 0.000000e+00 1.000000e+00
    outer loop
      vertex -7.263100e-01 4.193353e-01 5.446390e-01
      vertex -7.500000e-01 4.330127e-01 5.000000e-01
      vertex -7.911536e-01 3.522443e-01 5.000000e-01
    endloop
  endfacet
  facet normal 0.000000e+00 0.000000e+00 1.000000e+00
    outer loop
      vertex -7.661637e-01 3.411181e-01 5.446390e-01
      vertex -7.911536e-01 3.522443e-01 5.000000e-01
      vertex -8.236391e-01 2.676166e-01 5.000000e-01
    endloop
  endfacet
  facet normal 0.000000e+00 0.000000e+00 1.000000e+00
    outer loop
      vertex -7.976231e-01 2.591635e-01 5.446390e-01
      vertex -8.236391e-01 2.676166e-01 5.000000e-01
      vertex -8.471007e-01 1.800568e-01 5.000000e-01
    endloop
  endfacet
  facet normal 0.000000e+00 0.000000e+00 1.000000e+00
    outer loop
      vertex -8.203436e-01 1.743694e-01 5.446390e-01
      vertex -8.471007e-01 1.800568e-01 5.000000e-01
      vertex -8.612812e-01 9.052430e-02 5.000000e-01
    endloop
  endfacet
  facet normal 0.000000e+00 0.000000e+00 1.000000e+00
    outer loop
      vertex -8.340762e-01 8.766495e-02 5.446390e-01
      vertex -8.612812e-01 9.052430e-02 5.000000e-01
      vertex -8.660254e-01 4.906501e-16 5.000000e-01
    endloop
  endfacet
  facet normal 0.000000e+00 0.000000e+00 1.000000e+00
    outer loop
      vertex -8.386706e-01 4.751521e-16 5.446390e-01
      vertex -8.660254e-01 4.906501e-16 5.000000e-01
      vertex -8.612812e-01 -9.052430e-02 5.000000e-01
    endloop
  endfacet
  facet normal 0.000000e+00 0.000000e+00 1.000000e+00
    outer loop
      vertex -8.340762e-01 -8.766495e-02 5.446390e-01
      vertex -8.612812e-01 -9.052430e-02 5.000000e-01
      vertex -8.471007e-01 -1.800568e-01 5.000000e-01
    endloop
  endfacet
  facet normal 0.000000e+00 0.000000e+00 1.000000e+00
    outer loop
      vertex -8.203436e-01 -1.743694e-01 5.446390e-01
      vertex -8.471007e-01 -1.800568e-01 5.000000e-01
      vertex -8.236391e-01 -2.676166e-01 5.000000e-01
    endloop
  endfacet
  facet normal 0.000000e+00 0.000000e+00 1.000000e+00
    outer loop
      vertex -7.976231e-01 -2.591635e-01 5.446390e-01
      vertex -8.236391e-01 -2.676166e-01 5.000000e-01
      vertex -7.911536e-01 -3.522443e-01 5.000000e-01
    endloop
  endfacet
  facet normal 0.000000e+00 0.000000e+00 1.000000e+00
    outer loop
      vertex -7.661637e-01 -3.411181e-01 5.446390e-01
      vertex -7.911536e-01 -3.522443e-01 5.000000e-01
      vertex -7.500000e-01 -4.330127e-01 5.000000e-01
    endloop
  endfacet
  facet normal 0.000000e+00 0.000000e+00 1.000000e+00
    outer loop
      vertex -7.263100e-01 -4.193353e-01 5.446390e-01
      vertex -7.500000e-01 -4.330127e-01 5.000000e-01
      vertex -7.006293e-01 -5.090370e-01 5.000000e-01
    endloop
  endfacet
  facet normal 0.000000e+00 0.000000e+00 1.000000e+00
    outer loop
      vertex -6.784987e-01 -4.929582e-01 5.446390e-01
      vertex -7.006293e-01 -5.090370e-01 5.000000e-01
      vertex -6.435823e-01 -5.794841e-01 5.000000e-01
    endloop
  endfacet
  facet normal 0.000000e+00 0.000000e+00 1.000000e+00
    outer loop
      vertex -6.232537e-01 -5.611801e-01 5.446390e-01
      vertex -6.435823e-01 -5.794841e-01 5.000000e-01
      vertex -5.794841e-01 -6.435823e-01 5.000000e-01
    endloop
  endfacet
  facet normal 0.000000e+00 0.000000e+00 1.000000e+00
    outer loop
      vertex -5.611801e-01 -6.232537e-01 5.446390e-01
      vertex -5.794841e-01 -6.435823e-01 5.000000e-01
      vertex -5.090370e-01 -7.006293e-01 5.000000e-01
    endloop
  endfacet
  facet normal 0.000000e+00 0.000000e+00 1.000000e+00
    outer loop
      vertex -4.929582e-01 -6.784987e-01 5.446390e-01
      vertex -5.090370e-01 -7.006293e-01 5.000000e-01
      vertex -4.330127e-01 -7.500000e-01 5.000000e-01
    endloop
  endfacet
  facet normal 0.000000e+00 0.000000e+00 1.000000e+00
    outer loop
      vertex -4.193353e-01 -7.263100e-01 5.446390e-01
      vertex -4.330127e-01 -7.500000e-01 5.000000e-01
      vertex -3.522443e-01 -7.911536e-01 5.000000e-01
    endloop
  endfacet
  facet normal 0.000000e+00 0.000000e+00 1.000000e+00
    outer loop
      vertex -3.411181e-01 -7.661637e-01 5.446390e-01
      vertex -3.522443e-01 -7.911536e-01 5.000000e-01
      vertex -2.676166e-01 -8.236391e-01 5.000000e-01
    endloop
  endfacet
  facet normal 0.000000e+00 0.000000e+00 1.000000e+00
    outer loop
      vertex -2.591635e-01 -7.976231e-01 5.446390e-01
      vertex -2.676166e-01 -8.236391e-01 5.000000e-01
      vertex -1.800568e-01 -8.471007e-01 5.000000e-01
    endloop
  endfacet
  facet normal 0.000000e+00 0.000000e+00 1.000000e+00
    outer loop
      vertex -1.743694e-01 -8.203436e-01 5.446390e-01
      vertex -1.800568e-01 -8.471007e-01 5.000000e-01
      vertex -9.052430e-02 -8.612812e-01 5.000000e-01
    endloop
  endfacet
  facet normal 0.000000e+00 0.000000e+00 1.000000e+00
    outer loop
      vertex -8.766495e-02 -8.340762e-01 5.446390e-01
      vertex -9.052430e-02 -8.612812e-01 5.000000e-01
      vertex -1.590863e-16 -8.660254e-01 5.000000e-01
    endloop
  endfacet
  facet normal 0.000000e+00 0.000000e+00 1.000000e+00
    outer loop
      vertex -1.540613e-16 -8.386706e-01 5.446390e-01
      vertex -1.590863e-16 -8.660254e-01 5.000000e-01
      vertex 9.052430e-02 -8.612812e-01 5.000000e-01
    endloop
  endfacet
  facet normal 0.000000e+00 0.000000e+00 1.000000e+00
    outer loop
      vertex 8.766495e-02 -8.340762e-01 5.446390e-01
      vertex 9.052430e-02 -8.612812e-01 5.000000e-01
      vertex 1.800568e-01 -8.471007e-01 5.000000e-01
    endloop
  endfacet
  facet normal 0.000000e+00 0.000000e+00 1.000000e+00
    outer loop
      vertex 1.743694e-01 -8.203436e-01 5.446390e-01
      vertex 1.800568e-01 -8.471007e-01 5.000000e-01
      vertex 2.676166e-01 -8.236391e-01 5.000000e-01
    endloop
  endfacet
  facet normal 0.000000e+00 0.000000e+00 1.000000e+00
    outer loop
      vertex 2.591635e-01 -7.976231e-01 5.446390e-01
      vertex 2.676166e-01 -8.236391e-01 5.000000e-01
      vertex 3.522443e-01 -7.911536e-01 5.000000e-01
    endloop
  endfacet
  facet normal 0.000000e+00 0.000000e+00 1.000000e+00
    outer loop
      vertex 3.411181e-01 -7.661637e-01 5.446390e-01
      vertex 3.522443e-01 -7.911536e-01 5.000000e-01
      vertex 4.330127e-01 -7.500000e-01 5.000000e-01
    endloop
  endfacet
  facet normal 0.000000e+00 0.000000e+00 1.000000e+00
    outer loop
      vertex 4.193353e-01 -7.263100e-01 5.446390e-01
      vertex 4.330127e-01 -7.500000e-01 5.000000e-01
      vertex 5.090370e-01 -7.006293e-01 5.000000e-01
    endloop
  endfacet
  facet normal 0.000000e+00 0.000000e+00 1.000000e+00
    outer loop
      vertex 4.929582e-01 -6.784987e-01 5.446390e-01
      vertex 5.090370e-01 -7.006293e-01 5.000000e-01
      vertex 5.794841e-01 -6.435823e-01 5.000000e-01
    endloop
  endfacet
  facet normal 0.000000e+00 0.000000e+00 1.000000e+00
    outer loop
      vertex 5.611801e-01 -6.232537e-01 5.446390e-01
      vertex 5.794841e-01 -6.435823e-01 5.000000e-01
      vertex 6.435823e-01 -5.794841e-01 5.000000e-01
    endloop
  endfacet
  facet normal 0.000000e+00 0.000000e+00 1.000000e+00
    outer loop
      vertex 6.232537e-01 -5.611801e-01 5.446390e-01
      vertex 6.435823e-01 -5.794841e-01 5.000000e-01
      vertex 7.006293e-01 -5.090370e-01 5.000000e-01
    endloop
  endfacet
  facet normal 0.000000e+00 0.000000e+00 1.000000e+00
    outer loop
      vertex 6.784987e-01 -4.929582e-01 5.446390e-01
      vertex 7.006293e-01 -5.090370e-01 5.000000e-01
      vertex 7.500000e-01 -4.330127e-01 5.000000e-01
    endloop
  endfacet
  facet normal 0.000000e+00 0.000000e+00 1.000000e+00
    outer loop
      vertex 7.263100e-01 -4.193353e-01 5.446390e-01
      vertex 7.500000e-01 -4.330127e-01 5.000000e-01
      vertex 7.911536e-01 -3.522443e-01 5.000000e-01
    endloop
  endfacet
  facet normal 0.000000e+00 0.000000e+00 1.000000e+00
    outer loop
      vertex 7.661637e-01 -3.411181e-01 5.446390e-01
      vertex 7.911536e-01 -3.522443e-01 5.000000e-01
      vertex 8.236391e-01 -2.676166e-01 5.000000e-01
    endloop
  endfacet
  facet normal 0.000000e+00 0.000000e+00 1.000000e+00
    outer loop
      vertex 7.976231e-01 -2.591635e-01 5.446390e-01
      vertex 8.236391e-01 -2.676166e-01 5.000000e-01
      vertex 8.471007e-01 -1.800568e-01 5.000000e-01
    endloop
  endfacet
  facet normal 0.000000e+00 0.000000e+00 1.000000e+00
    outer loop
      vertex 8.203436e-01 -1.743694e-01 5.446390e-01
      vertex 8.471007e-01 -1.800568e-01 5.000000e-01
      vertex 8.612812e-01 -9.052430e-02 5.000000e-01
    endloop
  endfacet
  facet normal 0.000000e+00 0.000000e+00 1.000000e+00
    outer loop
      vertex 8.340762e-01 -8.766495e-02 5.446390e-01
      vertex 8.612812e-01 -9.052430e-02 5.000000e-01
      vertex 8.660254e-01 -9.813001e-16 5.000000e-01
    endloop
  endfacet
  facet normal 0.000000e+00 0.000000e+00 1.000000e+00
    outer loop
      vertex 8.660254e-01 0.000000e+00 5.000000e-01
      vertex 8.910065e-01 0.000000e+00 4.539905e-01
      vertex 8.861255e-01 9.313554e-02 4.539905e-01
    endloop
  endfacet
  facet normal 0.000000e+00 0.000000e+00 1.000000e+00
    outer loop
      vertex 8.612812e-01 9.052430e-02 5.000000e-01
      vertex 8.861255e-01 9.313554e-02 4.539905e-01
      vertex 8.715359e-01 1.852507e-01 4.539905e-01
    endloop
  endfacet
  facet normal 0.000000e+00 0.000000e+00 1.000000e+00
    outer loop
      vertex 8.471007e-01 1.800568e-01 5.000000e-01
      vertex 8.715359e-01 1.852507e-01 4.539905e-01
      vertex 8.473976e-01 2.753362e-01 4.539905e-01
    endloop
  endfacet
  facet normal 0.000000e+00 0.000000e+00 1.000000e+00
    outer loop
      vertex 8.236391e-01 2.676166e-01 5.000000e-01
      vertex 8.473976e-01 2.753362e-01 4.539905e-01
      vertex 8.139750e-01 3.624050e-01 4.539905e-01
    endloop
  endfacet
  facet normal 0.000000e+00 0.000000e+00 1.000000e+00
    outer loop
      vertex 7.911536e-01 3.522443e-01 5.000000e-01
      vertex 8.139750e-01 3.624050e-01 4.539905e-01
      vertex 7.716343e-01 4.455033e-01 4.539905e-01
    endloop
  endfacet
  facet normal 0.000000e+00 0.000000e+00 1.000000e+00
    outer loop
      vertex 7.500000e-01 4.330127e-01 5.000000e-01
      vertex 7.716343e-01 4.455033e-01 4.539905e-01
      vertex 7.208394e-01 5.237205e-01 4.539905e-01
    endloop
  endfacet
  facet normal 0.000000e+00 0.000000e+00 1.000000e+00
    outer loop
      vertex 7.006293e-01 5.090370e-01 5.000000e-01
      vertex 7.208394e-01 5.237205e-01 4.539905e-01
      vertex 6.621469e-01 5.961997e-01 4.539905e-01
    endloop
  endfacet
  facet normal 0.000000e+00 0.000000e+00 1.000000e+00
    outer loop
      vertex 6.435823e-01 5.794841e-01 5.000000e-01
      vertex 6.621469e-01 5.961997e-01 4.539905e-01
      vertex 5.961997e-01 6.621469e-01 4.539905e-01
    endloop
  endfacet
  facet normal 0.000000e+00 0.000000e+00 1.000000e+00
    outer loop
      vertex 5.794841e-01 6.435823e-01 5.000000e-01
      vertex 5.961997e-01 6.621469e-01 4.539905e-01
      vertex 5.237205e-01 7.208394e-01 4.539905e-01
    endloop
  endfacet
  facet normal 0.000000e+00 0.000000e+00 1.000000e+00
    outer loop
      vertex 5.090370e-01 7.006293e-01 5.000000e-01
      vertex 5.237205e-01 7.208394e-01 4.539905e-01
      vertex 4.455033e-01 7.716343e-01 4.539905e-01
    endloop
  endfacet
  facet normal 0.000000e+00 0.000000e+00 1.000000e+00
    outer loop
      vertex 4.330127e-01 7.500000e-01 5.000000e-01
      vertex 4.455033e-01 7.716343e-01 4.539905e-01
      vertex 3.624050e-01 8.139750e-01 4.539905e-01
    endloop
  endfacet
  facet normal 0.000000e+00 0.000000e+00 1.000000e+00
    outer loop
      vertex 3.522443e-01 7.911536e-01 5.000000e-01
      vertex 3.624050e-01 8.139750e-01 4.539905e-01
      vertex 2.753362e-01 8.473976e-01 4.539905e-01
    endloop
  endfacet
  facet normal 0.000000e+00 0.000000e+00 1.000000e+00
    outer loop
      vertex 2.676166e-01 8.236391e-01 5.000000e-01
      vertex 2.753362e-01 8.473976e-01 4.539905e-01
      vertex 1.852507e-01 8.715359e-01 4.539905e-01
    endloop
  endfacet
  facet normal 0.000000e+00 0.000000e+00 1.000000e+00
    outer loop
      vertex 1.800568e-01 8.471007e-01 5.000000e-01
      vertex 1.852507e-01 8.715359e-01 4.539905e-01
      vertex 9.313554e-02 8.861255e-01 4.539905e-01
    endloop
  endfacet
  facet normal 0.000000e+00 0.000000e+00 1.000000e+00
    outer loop
      vertex 9.052430e-02 8.612812e-01 5.000000e-01
      vertex 9.313554e-02 8.861255e-01 4.539905e-01
      vertex 2.524016e-16 8.910065e-01 4.539905e-01
    endloop
  endfacet
  facet normal 0.000000e+00 0.000000e+00 1.000000e+00
    outer loop
      vertex 2.453250e-16 8.660254e-01 5.000000e-01
      vertex 2.524016e-16 8.910065e-01 4.539905e-01
      vertex -9.313554e-02 8.861255e-01 4.539905e-01
    endloop
  endfacet
  facet normal 0.000000e+00 0.000000e+00 1.000000e+00
    outer loop
      vertex -9.052430e-02 8.612812e-01 5.000000e-01
      vertex -9.313554e-02 8.861255e-01 4.539905e-01
      vertex -1.852507e-01 8.715359e-01 4.539905e-01
    endloop
  endfacet
  facet normal 0.000000e+00 0.000000e+00 1.000000e+00
    outer loop
      vertex -1.800568e-01 8.471007e-01 5.000000e-01
      vertex -1.852507e-01 8.715359e-01 4.539905e-01
      vertex -2.753362e-01 8.473976e-01 4.539905e-01
    endloop
  endfacet
  facet normal 0.000000e+00 0.000000e+00 1.000000e+00
    outer loop
      vertex -2.676166e-01 8.236391e-01 5.000000e-01
      vertex -2.753362e-01 8.473976e-01 4.539905e-01
      vertex -3.624050e-01 8.139750e-01 4.539905e-01
    endloop
  endfacet
  facet normal 0.000000e+00 0.000000e+00 1.000000e+00
    outer loop
      vertex -3.522443e-01 7.911536e-01 5.000000e-01
      vertex -3.624050e-01 8.139750e-01 4.539905e-01
      vertex -4.455033e-01 7.716343e-01 4.539905e-01
    endloop
  endfacet
  facet normal 0.000000e+00 0.000000e+00 1.000000e+00
    outer loop
      vertex -4.330127e-01 7.500000e-01 5.000000e-01
      vertex -4.455033e-01 7.716343e-01 4.539905e-01
      vertex -5.237205e-01 7.208394e-01 4.539905e-01
    endloop
  endfacet
  facet normal 0.000000e+00 0.000000e+00 1.000000e+00
    outer loop
      vertex -5.090370e-01 7.006293e-01 5.000000e-01
      vertex -5.237205e-01 7.208394e-01 4.539905e-01
      vertex -5.961997e-01 6.621469e-01 4.539905e-01
    endloop
  endfacet
  facet normal 0.000000e+00 0.000000e+00 1.000000e+00
    outer loop
      vertex -5.794841e-01 6.435823e-01 5.000000e-01
      vertex -5.961997e-01 6.621469e-01 4.539905e-01
      vertex -6.621469e-01 5.961997e-01 4.539905e-01
    endloop
  endfacet
  facet normal 0.000000e+00 0.000000e+00 1.000000e+00
    outer loop
      vertex -6.435823e-01 5.794841e-01 5.000000e-01
      vertex -6.621469e-01 5.961997e-01 4.539905e-01
      vertex -7.208394e-01 5.237205e-01 4.539905e-01
    endloop
  endfacet
  facet normal 0.000000e+00 0.000000e+00 1.000000e+00
    outer loop
      vertex -7.006293e-01 5.090370e-01 5.000000e-01
      vertex -7.208394e-01 5.237205e-01 4.539905e-01
      vertex -7.716343e-01 4.455033e-01 4.539905e-01
    endloop
  endfacet
  facet normal 0.000000e+00 0.000000e+00 1.000000e+00
    outer loop
      vertex -7.500000e-01 4.330127e-01 5.000000e-01
      vertex -7.716343e-01 4.455033e-01 4.539905e-01
      vertex -8.139750e-01 3.624050e-01 4.539905e-01
    endloop
  endfacet
  facet normal 0.000000e+00 0.000000e+00 1.000000e+00
    outer loop
      vertex -7.911536e-01 3.522443e-01 5.000000e-01
      vertex -8.139750e-01 3.624050e-01 4.539905e-01
      vertex -8.473976e-01 2.753362e-01 4.539905e-01
    endloop
  endfacet
  facet normal 0.000000e+00 0.000000e+00 1.000000e+00
    outer loop
      vertex -8.236391e-01 2.676166e-01 5.000000e-01
      vertex -8.473976e-01 2.753362e-01 4.539905e-01
      vertex -8.715359e-01 1.852507e-01 4.539905e-01
    endloop
  endfacet
  facet normal 0.000000e+00 0.000000e+00 1.000000e+00
    outer loop
      vertex -8.471007e-01 1.800568e-01 5.000000e-01
      vertex -8.715359e-01 1.852507e-01 4.539905e-01
      vertex -8.861255e-01 9.313554e-02 4.539905e-01
    endloop
  endfacet
  facet normal 0.000000e+00 0.000000e+00 1.000000e+00
    outer loop
      vertex -8.612812e-01 9.052430e-02 5.000000e-01
      vertex -8.861255e-01 9.313554e-02 4.539905e-01
      vertex -8.910065e-01 5.048032e-16 4.539905e-01
    endloop
  endfacet
  facet normal 0.000000e+00 0.000000e+00 1.000000e+00
    outer loop
      vertex -8.660254e-01 4.906501e-16 5.000000e-01
      vertex -8.910065e-01 5.048032e-16 4.539905e-01
      vertex -8.861255e-01 -9.313554e-02 4.539905e-01
    endloop
  endfacet
  facet normal 0.000000e+00 0.000000e+00 1.000000e+00
    outer loop
      vertex -8.612812e-01 -9.052430e-02 5.000000e-01
      vertex -8.861255e-01 -9.313554e-02 4.539905e-01
      vertex -8.715359e-01 -1.852507e-01 4.539905e-01
    endloop
  endfacet
  facet normal 0.000000e+00 0.000000e+00 1.000000e+00
    outer loop
      vertex -8.471007e-01 -1.800568e-01 5.000000e-01
      vertex -8.715359e-01 -1.852507e-01 4.539905e-01
      vertex -8.473976e-01 -2.753362e-01 4.539905e-01
    endloop
  endfacet
  facet normal 0.000000e+00 0.000000e+00 1.000000e+00
    outer loop
      vertex -8.236391e-01 -2.676166e-01 5.000000e-01
      vertex -8.473976e-01 -2.753362e-01 4.539905e-01
      vertex -8.139750e-01 -3.624050e-01 4.539905e-01
    endloop
  endfacet
  facet normal 0.000000e+00 0.000000e+00 1.000000e+00
    outer loop
      vertex -7.911536e-01 -3.522443e-01 5.000000e-01
      vertex -8.139750e-01 -3.624050e-01 4.539905e-01
      vertex -7.716343e-01 -4.455033e-01 4.539905e-01
    endloop
  endfacet
  facet normal 0.000000e+00 0.000000e+00 1.000000e+00
    outer loop
      vertex -7.500000e-01 -4.330127e-01 5.000000e-01
      vertex -7.716343e-01 -4.455033e-01 4.539905e-01
      vertex -7.208394e-01 -5.237205e-01 4.539905e-01
    endloop
  endfacet
  facet normal 0.000000e+00 0.000000e+00 1.000000e+00
    outer loop
      vertex -7.006293e-01 -5.090370e-01 5.000000e-01
      vertex -7.208394e-01 -5.237205e-01 4.539905e-01
      vertex -6.621469e-01 -5.961997e-01 4.539905e-01
    endloop
  endfacet
  facet normal 0.000000e+00 0.000000e+00 1.000000e+00
    outer loop
      vertex -6.435823e-01 -5.794841e-01 5.000000e-01
      vertex -6.621469e-01 -5.961997e-01 4.539905e-01
      vertex -5.961997e-01 -6.621469e-01 4.539905e-01
    endloop
  endfacet
  facet normal 0.000000e+00 0.000000e+00 1.000000e+00
    outer loop
      vertex -5.794841e-01 -6.435823e-01 5.000000e-01
      vertex -5.961997e-01 -6.621469e-01 4.539905e-01
      vertex -5.237205e-01 -7.208394e-01 4.539905e-01
    endloop
  endfacet
  facet normal 0.000000e+00 0.000000e+00 1.000000e+00
    outer loop
      vertex -5.090370e-01 -7.006293e-01 5.000000e-01
      vertex -5.237205e-01 -7.208394e-01 4.539905e-01
      vertex -4.455033e-01 -7.716343e-01 4.539905e-01
    endloop
  endfacet
  facet normal 0.000000e+00 0.000000e+00 1.000000e+00
    outer loop
      vertex -4.330127e-01 -7.500000e-01 5.000000e-01
      vertex -4.455033e-01 -7.716343e-01 4.539905e-01
      vertex -3.624050e-01 -8.139750e-01 4.539905e-01
    endloop
  endfacet
  facet normal 0.000000e+00 0.000000e+00 1.000000e+00
    outer loop
      vertex -3.522443e-01 -7.911536e-01 5.000000e-01
      vertex -3.624050e-01 -8.139750e-01 4.539905e-01
      vertex -2.753362e-01 -8.473976e-01 4.539905e-01
    endloop
  endfacet
  facet normal 0.000000e+00 0.000000e+00 1.000000e+00
    outer loop
      vertex -2.676166e-01 -8.236391e-01 5.000000e-01
      vertex -2.753362e-01 -8.473976e-01 4.539905e-01
      vertex -1.852507e-01 -8.715359e-01 4.539905e-01
    endloop
  endfacet
  facet normal 0.000000e+00 0.000000e+00 1.000000e+00
    outer loop
      vertex -1.800568e-01 -8.471007e-01 5.000000e-01
      vertex -1.852507e-01 -8.715359e-01 4.539905e-01
      vertex -9.313554e-02 -8.861255e-01 4.539905e-01
    endloop
  endfacet
  facet normal 0.000000e+00 0.000000e+00 1.000000e+00
    outer loop
      vertex -9.052430e-02 -8.612812e-01 5.000000e-01
      vertex -9.313554e-02 -8.861255e-01 4.539905e-01
      vertex -1.636752e-16 -8.910065e-01 4.539905e-01
    endloop
  endfacet
  facet normal 0.000000e+00 0.000000e+00 1.000000e+00
    outer loop
      vertex -1.590863e-16 -8.660254e-01 5.000000e-01
      vertex -1.636752e-16 -8.910065e-01 4.539905e-01
      vertex 9.313554e-02 -8.861255e-01 4.539905e-01
    endloop
  endfacet
  facet normal 0.000000e+00 0.000000e+00 1.000000e+00
    outer loop
      vertex 9.052430e-02 -8.612812e-01 5.000000e-01
      vertex 9.313554e-02 -8.861255e-01 4.539905e-01
      vertex 1.852507e-01 -8.715359e-01 4.539905e-01
    endloop
  endfacet
  facet normal 0.000000e+00 0.000000e+00 1.000000e+00
    outer loop
      vertex 1.800568e-01 -8.471007e-01 5.000000e-01
      vertex 1.852507e-01 -8.715359e-01 4.539905e-01
      vertex 2.753362e-01 -8.473976e-01 4.539905e-01
    endloop
  endfacet
  facet normal 0.000000e+00 0.000000e+00 1.000000e+00
    outer loop
      vertex 2.676166e-01 -8.236391e-01 5.000000e-01
      vertex 2.753362e-01 -8.473976e-01 4.539905e-01
      vertex 3.624050e-01 -8.139750e-01 4.539905e-01
    endloop
  endfacet
  facet normal 0.000000e+00 0.000000e+00 1.000000e+00
    outer loop
      vertex 3.522443e-01 -7.911536e-01 5.000000e-01
      vertex 3.624050e-01 -8.139750e-01 4.539905e-01
      vertex 4.455033e-01 -7.716343e-01 4.539905e-01
    endloop
  endfacet
  facet normal 0.000000e+00 0.000000e+00 1.000000e+00
    outer loop
      vertex 4.330127e-01 -7.500000e-01 5.000000e-01
      vertex 4.455033e-01 -7.716343e-01 4.539905e-01
      vertex 5.237205e-01 -7.208394e-01 4.539905e-01
    endloop
  endfacet
  facet normal 0.000000e+00 0.000000e+00 1.000000e+00
    outer loop
      vertex 5.090370e-01 -7.006293e-01 5.000000e-01
      vertex 5.237205e-01 -7.208394e-01 4.539905e-01
      vertex 5.961997e-01 -6.621469e-01 4.539905e-01
    endloop
  endfacet
  facet normal 0.000000e+00 0.000000e+00 1.000000e+00
    outer loop
      vertex 5.794841e-01 -6.435823e-01 5.000000e-01
      vertex 5.961997e-01 -6.621469e-01 4.539905e-01
      vertex 6.621469e-01 -5.961997e-01 4.539905e-01
    endloop
  endfacet
  facet normal 0.000000e+00 0.000000e+00 1.000000e+00
    outer loop
      vertex 6.435823e-01 -5.794841e-01 5.000000e-01
      vertex 6.621469e-01 -5.961997e-01 4.539905e-01
      vertex 7.208394e-01 -5.237205e-01 4.539905e-01
    endloop
  endfacet
  facet normal 0.000000e+00 0.000000e+00 1.000000e+00
    outer loop
      vertex 7.006293e-01 -5.090370e-01 5.000000e-01
      vertex 7.208394e-01 -5.237205e-01 4.539905e-01
      vertex 7.716343e-01 -4.455033e-01 4.539905e-01
    endloop
  endfacet
  facet normal 0.000000e+00 0.000000e+00 1.000000e+00
    outer loop
      vertex 7.500000e-01 -4.330127e-01 5.000000e-01
      vertex 7.716343e-01 -4.455033e-01 4.539905e-01
      vertex 8.139750e-01 -3.624050e-01 4.539905e-01
    endloop
  endfacet
  facet normal 0.000000e+00 0.000000e+00 1.000000e+00
    outer loop
      vertex 7.911536e-01 -3.522443e-01 5.000000e-01
      vertex 8.139750e-01 -3.624050e-01 4.539905e-01
      vertex 8.473976e-01 -2.753362e-01 4.539905e-01
    endloop
  endfacet
  facet normal 0.000000e+00 0.000000e+00 1.000000e+00
    outer loop
      vertex 8.236391e-01 -2.676166e-01 5.000000e-01
      vertex 8.473976e-01 -2.753362e-01 4.539905e-01
      vertex 8.715359e-01 -1.852507e-01 4.539905e-01
    endloop
  endfacet
  facet normal 0.000000e+00 0.000000e+00 1.000000e+00
    outer loop
      vertex 8.471007e-01 -1.800568e-01 5.000000e-01
      vertex 8.715359e-01 -1.852507e-01 4.539905e-01
      vertex 8.861255e-01 -9.313554e-02 4.539905e-01
    endloop
  endfacet
  facet normal 0.000000e+00 0.000000e+00 1.000000e+00
    outer loop
      vertex 8.612812e-01 -9.052430e-02 5.000000e-01
      vertex 8.861255e-01 -9.313554e-02 4.539905e-01
      vertex 8.910065e-01 -1.009606e-15 4.539905e-01
    endloop
  endfacet
  facet normal 0.000000e+00 0.000000e+00 1.000000e+00
    outer loop
      vertex 8.910065e-01 0.000000e+00 4.539905e-01
      vertex 9.135455e-01 0.000000e+00 4.067366e-01
      vertex 9.085410e-01 9.549150e-02 4.067366e-01
    endloop
  endfacet
  facet normal 0.000000e+00 0.000000e+00 1.000000e+00
    outer loop
      vertex 8.861255e-01 9.313554e-02 4.539905e-01
      vertex 9.085410e-01 9.549150e-02 4.067366e-01
      vertex 8.935823e-01 1.899368e-01 4.067366e-01
    endloop
  endfacet
  facet normal 0.000000e+00 0.000000e+00 1.000000e+00
    outer loop
      vertex 8.715359e-01 1.852507e-01 4.539905e-01
      vertex 8.935823e-01 1.899368e-01 4.067366e-01
      vertex 8.688334e-01 2.823011e-01 4.067366e-01
    endloop
  endfacet
  facet normal 0.000000e+00 0.000000e+00 1.000000e+00
    outer loop
      vertex 8.473976e-01 2.753362e-01 4.539905e-01
      vertex 8.688334e-01 2.823011e-01 4.067366e-01
      vertex 8.345653e-01 3.715724e-01 4.067366e-01
    endloop
  endfacet
  facet normal 0.000000e+00 0.000000e+00 1.000000e+00
    outer loop
      vertex 8.139750e-01 3.624050e-01 4.539905e-01
      vertex 8.345653e-01 3.715724e-01 4.067366e-01
      vertex 7.911536e-01 4.567727e-01 4.067366e-01
    endloop
  endfacet
  facet normal 0.000000e+00 0.000000e+00 1.000000e+00
    outer loop
      vertex 7.716343e-01 4.455033e-01 4.539905e-01
      vertex 7.911536e-01 4.567727e-01 4.067366e-01
      vertex 7.390738e-01 5.369685e-01 4.067366e-01
    endloop
  endfacet
  facet normal 0.000000e+00 0.000000e+00 1.000000e+00
    outer loop
      vertex 7.208394e-01 5.237205e-01 4.539905e-01
      vertex 7.390738e-01 5.369685e-01 4.067366e-01
      vertex 6.788966e-01 6.112812e-01 4.067366e-01
    endloop
  endfacet
  facet normal 0.000000e+00 0.000000e+00 1.000000e+00
    outer loop
      vertex 6.621469e-01 5.961997e-01 4.539905e-01
      vertex 6.788966e-01 6.112812e-01 4.067366e-01
      vertex 6.112812e-01 6.788966e-01 4.067366e-01
    endloop
  endfacet
  facet normal 0.000000e+00 0.000000e+00 1.000000e+00
    outer loop
      vertex 5.961997e-01 6.621469e-01 4.539905e-01
      vertex 6.112812e-01 6.788966e-01 4.067366e-01
      vertex 5.369685e-01 7.390738e-01 4.067366e-01
    endloop
  endfacet
  facet normal 0.000000e+00 0.000000e+00 1.000000e+00
    outer loop
      vertex 5.237205e-01 7.208394e-01 4.539905e-01
      vertex 5.369685e-01 7.390738e-01 4.067366e-01
      vertex 4.567727e-01 7.911536e-01 4.067366e-01
    endloop
  endfacet
  facet normal 0.000000e+00 0.000000e+00 1.000000e+00
    outer loop
      vertex 4.455033e-01 7.716343e-01 4.539905e-01
      vertex 4.567727e-01 7.911536e-01 4.067366e-01
      vertex 3.715724e-01 8.345653e-01 4.067366e-01
    endloop
  endfacet
  facet normal 0.000000e+00 0.000000e+00 1.000000e+00
    outer loop
      vertex 3.624050e-01 8.139750e-01 4.539905e-01
      vertex 3.715724e-01 8.345653e-01 4.067366e-01
      vertex 2.823011e-01 8.688334e-01 4.067366e-01
    endloop
  endfacet
  facet normal 0.000000e+00 0.000000e+00 1.000000e+00
    outer loop
      vertex 2.753362e-01 8.473976e-01 4.539905e-01
      vertex 2.823011e-01 8.688334e-01 4.067366e-01
      vertex 1.899368e-01 8.935823e-01 4.067366e-01
    endloop
  endfacet
  facet normal 0.000000e+00 0.000000e+00 1.000000e+00
    outer loop
      vertex 1.852507e-01 8.715359e-01 4.539905e-01
      vertex 1.899368e-01 8.935823e-01 4.067366e-01
      vertex 9.549150e-02 9.085410e-01 4.067366e-01
    endloop
  endfacet
  facet normal 0.000000e+00 0.000000e+00 1.000000e+00
    outer loop
      vertex 9.313554e-02 8.861255e-01 4.539905e-01
      vertex 9.549150e-02 9.085410e-01 4.067366e-01
      vertex 2.587864e-16 9.135455e-01 4.067366e-01
    endloop
  endfacet
  facet normal 0.000000e+00 0.000000e+00 1.000000e+00
    outer loop
      vertex 2.524016e-16 8.910065e-01 4.539905e-01
      vertex 2.587864e-16 9.135455e-01 4.067366e-01
      vertex -9.549150e-02 9.085410e-01 4.067366e-01
    endloop
  endfacet
  facet normal 0.000000e+00 0.000000e+00 1.000000e+00
    outer loop
      vertex -9.313554e-02 8.861255e-01 4.539905e-01
      vertex -9.549150e-02 9.085410e-01 4.067366e-01
      vertex -1.899368e-01 8.935823e-01 4.067366e-01
    endloop
  endfacet
  facet normal 0.000000e+00 0.000000e+00 1.000000e+00
    outer loop
      vertex -1.852507e-01 8.715359e-01 4.539905e-01
      vertex -1.899368e-01 8.935823e-01 4.067366e-01
      vertex -2.823011e-01 8.688334e-01 4.067366e-01
    endloop
  endfacet
  facet normal 0.000000e+00 0.000000e+00 1.000000e+00
    outer loop
      vertex -2.753362e-01 8.473976e-01 4.539905e-01
      vertex -2.823011e-01 8.688334e-01 4.067366e-01
      vertex -3.715724e-01 8.345653e-01 4.067366e-01
    endloop
  endfacet
  facet normal 0.000000e+00 0.000000e+00 1.000000e+00
    outer loop
      vertex -3.624050e-01 8.139750e-01 4.539905e-01
      vertex -3.715724e-01 8.345653e-01 4.067366e-01
      vertex -4.567727e-01 7.911536e-01 4.067366e-01
    endloop
  endfacet
  facet normal 0.000000e+00 0.000000e+00 1.000000e+00
    outer loop
      vertex -4.455033e-01 7.716343e-01 4.539905e-01
      vertex -4.567727e-01 7.911536e-01 4.067366e-01
      vertex -5.369685e-01 7.390738e-01 4.067366e-01
    endloop
  endfacet
  facet normal 0.000000e+00 0.000000e+00 1.000000e+00
    outer loop
      vertex -5.237205e-01 7.208394e-01 4.539905e-01
      vertex -5.369685e-01 7.390738e-01 4.067366e-01
      vertex -6.112812e-01 6.788966e-01 4.067366e-01
    endloop
  endfacet
  facet normal 0.000000e+00 0.000000e+00 1.000000e+00
    outer loop
      vertex -5.961997e-01 6.621469e-01 4.539905e-01
      vertex -6.112812e-01 6.788966e-01 4.067366e-01
      vertex -6.788966e-01 6.112812e-01 4.067366e-01
    endloop
  endfacet
  facet normal 0.000000e+00 0.000000e+00 1.000000e+00
    outer loop
      vertex -6.621469e-01 5.961997e-01 4.539905e-01
      vertex -6.788966e-01 6.112812e-01 4.067366e-01
      vertex -7.390738e-01 5.369685e-01 4.067366e-01
    endloop
  endfacet
  facet normal 0.000000e+00 0.000000e+00 1.000000e+00
    outer loop
      vertex -7.208394e-01 5.237205e-01 4.539905e-01
      vertex -7.390738e-01 5.369685e-01 4.067366e-01
      vertex -7.911536e-01 4.567727e-01 4.067366e-01
    endloop
  endfacet
  facet normal 0.000000e+00 0.000000e+00 1.000000e+00
    outer loop
      vertex -7.716343e-01 4.455033e-01 4.539905e-01
      vertex -7.911536e-01 4.567727e-01 4.067366e-01
      vertex -8.345653e-01 3.715724e-01 4.067366e-01
    endloop
  endfacet
  facet normal 0.000000e+00 0.000000e+00 1.000000e+00
    outer loop
      vertex -8.139750e-01 3.624050e-01 4.539905e-01
      vertex -8.345653e-01 3.715724e-01 4.067366e-01
      vertex -8.688334e-01 2.823011e-01 4.067366e-01
    endloop
  endfacet
  facet normal 0.000000e+00 0.000000e+00 1.000000e+00
    outer loop
      vertex -8.473976e-01 2.753362e-01 4.539905e-01
      vertex -8.688334e-01 2.823011e-01 4.067366e-01
      vertex -8.935823e-01 1.899368e-01 4.067366e-01
    endloop
  endfacet
  facet normal 0.000000e+00 0.000000e+00 1.000000e+00
    outer loop
      vertex -8.715359e-01 1.852507e-01 4.539905e-01
      vertex -8.935823e-01 1.899368e-01 4.067366e-01
      vertex -9.085410e-01 9.549150e-02 4.067366e-01
    endloop
  endfacet
  facet normal 0.000000e+00 0.000000e+00 1.000000e+00
    outer loop
      vertex -8.861255e-01 9.313554e-02 4.539905e-01
      vertex -9.085410e-01 9.549150e-02 4.067366e-01
      vertex -9.135455e-01 5.175727e-16 4.067366e-01
    endloop
  endfacet
  facet normal 0.000000e+00 0.000000e+00 1.000000e+00
    outer loop
      vertex -8.910065e-01 5.048032e-16 4.539905e-01
      vertex -9.135455e-01 5.175727e-16 4.067366e-01
      vertex -9.085410e-01 -9.549150e-02 4.067366e-01
    endloop
  endfacet
  facet normal 0.000000e+00 0.000000e+00 1.000000e+00
    outer loop
      vertex -8.861255e-01 -9.313554e-02 4.539905e-01
      vertex -9.085410e-01 -9.549150e-02 4.067366e-01
      vertex -8.935823e-01 -1.899368e-01 4.067366e-01
    endloop
  endfacet
  facet normal 0.000000e+00 0.000000e+00 1.000000e+00
    outer loop
      vertex -8.715359e-01 -1.852507e-01 4.539905e-01
      vertex -8.935823e-01 -1.899368e-01 4.067366e-01
      vertex -8.688334e-01 -2.823011e-01 4.067366e-01
    endloop
  endfacet
  facet normal 0.000000e+00 0.000000e+00 1.000000e+00
    outer loop
      vertex -8.473976e-01 -2.753362e-01 4.539905e-01
      vertex -8.688334e-01 -2.823011e-01 4.067366e-01
      vertex -8.345653e-01 -3.715724e-01 4.067366e-01
    endloop
  endfacet
  facet normal 0.000000e+00 0.000000e+00 1.000000e+00
    outer loop
      vertex -8.139750e-01 -3.624050e-01 4.539905e-01
      vertex -8.345653e-01 -3.715724e-01 4.067366e-01
      vertex -7.911536e-01 -4.567727e-01 4.067366e-01
    endloop
  endfacet
  facet normal 0.000000e+00 0.000000e+00 1.000000e+00
    outer loop
      vertex -7.716343e-01 -4.455033e-01 4.539905e-01
      vertex -7.911536e-01 -4.567727e-01 4.067366e-01
      vertex -7.390738e-01 -5.369685e-01 4.067366e-01
    endloop
  endfacet
  facet normal 0.000000e+00 0.000000e+00 1.000000e+00
    outer loop
      vertex -7.208394e-01 -5.237205e-01 4.539905e-01
      vertex -7.390738e-01 -5.369685e-01 4.067366e-01
      vertex -6.788966e-01 -6.112812e-01 4.067366e-01
    endloop
  endfacet
  facet normal 0.000000e+00 0.000000e+00 1.000000e+00
    outer loop
      vertex -6.621469e-01 -5.961997e-01 4.539905e-01
      vertex -6.788966e-01 -6.112812e-01 4.067366e-01
      vertex -6.112812e-01 -6.788966e-01 4.067366e-01
    endloop
  endfacet
  facet normal 0.000000e+00 0.000000e+00 1.000000e+00
    outer loop
      vertex -5.961997e-01 -6.621469e-01 4.539905e-01
      vertex -6.112812e-01 -6.788966e-01 4.067366e-01
      vertex -5.369685e-01 -7.390738e-01 4.067366e-01
    endloop
  endfacet
  facet normal 0.000000e+00 0.000000e+00 1.000000e+00
    outer loop
      vertex -5.237205e-01 -7.208394e-01 4.539905e-01
      vertex -5.369685e-01 -7.390738e-01 4.067366e-01
      vertex -4.567727e-01 -7.911536e-01 4.067366e-01
    endloop
  endfacet
  facet normal 0.000000e+00 0.000000e+00 1.000000e+00
    outer loop
      vertex -4.455033e-01 -7.716343e-01 4.539905e-01
      vertex -4.567727e-01 -7.911536e-01 4.067366e-01
      vertex -3.715724e-01 -8.345653e-01 4.067366e-01
    endloop
  endfacet
  facet normal 0.000000e+00 0.000000e+00 1.000000e+00
    outer loop
      vertex -3.624050e-01 -8.139750e-01 4.539905e-01
      vertex -3.715724e-01 -8.345653e-01 4.067366e-01
      vertex -2.823011e-01 -8.688334e-01 4.067366e-01
    endloop
  endfacet
  facet normal 0.000000e+00 0.000000e+00 1.000000e+00
    outer loop
      vertex -2.753362e-01 -8.473976e-01 4.539905e-01
      vertex -2.823011e-01 -8.688334e-01 4.067366e-01
      vertex -1.899368e-01 -8.935823e-01 4.067366e-01
    endloop
  endfacet
  facet normal 0.000000e+00 0.000000e+00 1.000000e+00
    outer loop
      vertex -1.852507e-01 -8.715359e-01 4.539905e-01
      vertex -1.899368e-01 -8.935823e-01 4.067366e-01
      vertex -9.549150e-02 -9.085410e-01 4.067366e-01
    endloop
  endfacet
  facet normal 0.000000e+00 0.000000e+00 1.000000e+00
    outer loop
      vertex -9.313554e-02 -8.861255e-01 4.539905e-01
      vertex -9.549150e-02 -9.085410e-01 4.067366e-01
      vertex -1.678156e-16 -9.135455e-01 4.067366e-01
    endloop
  endfacet
  facet normal 0.000000e+00 0.000000e+00 1.000000e+00
    outer loop
      vertex -1.636752e-16 -8.910065e-01 4.539905e-01
      vertex -1.678156e-16 -9.135455e-01 4.067366e-01
      vertex 9.549150e-02 -9.085410e-01 4.067366e-01
    endloop
  endfacet
  facet normal 0.000000e+00 0.000000e+00 1.000000e+00
    outer loop
      vertex 9.313554e-02 -8.861255e-01 4.539905e-01
      vertex 9.549150e-02 -9.085410e-01 4.067366e-01
      vertex 1.899368e-01 -8.935823e-01 4.067366e-01
    endloop
  endfacet
  facet normal 0.000000e+00 0.000000e+00 1.000000e+00
    outer loop
      vertex 1.852507e-01 -8.715359e-01 4.539905e-01
      vertex 1.899368e-01 -8.935823e-01 4.067366e-01
      vertex 2.823011e-01 -8.688334e-01 4.067366e-01
    endloop
  endfacet
  facet normal 0.000000e+00 0.000000e+00 1.000000e+00
    outer loop
      vertex 2.753362e-01 -8.473976e-01 4.539905e-01
      vertex 2.823011e-01 -8.688334e-01 4.067366e-01
      vertex 3.715724e-01 -8.345653e-01 4.067366e-01
    endloop
  endfacet
  facet normal 0.000000e+00 0.000000e+00 1.000000e+00
    outer loop
      vertex 3.624050e-01 -8.139750e-01 4.539905e-01
      vertex 3.715724e-01 -8.345653e-01 4.067366e-01
      vertex 4.567727e-01 -7.911536e-01 4.067366e-01
    endloop
  endfacet
  facet normal 0.000000e+00 0.000000e+00 1.000000e+00
    outer loop
      vertex 4.455033e-01 -7.716343e-01 4.539905e-01
      vertex 4.567727e-01 -7.911536e-01 4.067366e-01
      vertex 5.369685e-01 -7.390738e-01 4.067366e-01
    endloop
  endfacet
  facet normal 0.000000e+00 0.000000e+00 1.000000e+00
    outer loop
      vertex 5.237205e-01 -7.208394e-01 4.539905e-01
      vertex 5.369685e-01 -7.390738e-01 4.067366e-01
      vertex 6.112812e-01 -6.788966e-01 4.067366e-01
    endloop
  endfacet
  facet normal 0.000000e+00 0.000000e+00 1.000000e+00
    outer loop
      vertex 5.961997e-01 -6.621469e-01 4.539905e-01
      vertex 6.112812e-01 -6.788966e-01 4.067366e-01
      vertex 6.788966e-01 -6.112812e-01 4.067366e-01
    endloop
  endfacet
  facet normal 0.000000e+00 0.000000e+00 1.000000e+00
    outer loop
      vertex 6.621469e-01 -5.961997e-01 4.539905e-01
      vertex 6.788966e-01 -6.112812e-01 4.067366e-01
      vertex 7.390738e-01 -5.369685e-01 4.067366e-01
    endloop
  endfacet
  facet normal 0.000000e+00 0.000000e+00 1.000000e+00
    outer loop
      vertex 7.208394e-01 -5.237205e-01 4.539905e-01
      vertex 7.390738e-01 -5.369685e-01 4.067366e-01
      vertex 7.911536e-01 -4.567727e-01 4.067366e-01
    endloop
  endfacet
  facet normal 0.000000e+00 0.000000e+00 1.000000e+00
    outer loop
      vertex 7.716343e-01 -4.455033e-01 4.539905e-01
      vertex 7.911536e-01 -4.567727e-01 4.067366e-01
      vertex 8.345653e-01 -3.715724e-01 4.067366e-01
    endloop
  endfacet
  facet normal 0.000000e+00 0.000000e+00 1.000000e+00
    outer loop
      vertex 8.139750e-01 -3.624050e-01 4.539905e-01
      vertex 8.345653e-01 -3.715724e-01 4.067366e-01
      vertex 8.688334e-01 -2.823011e-01 4.067366e-01
    endloop
  endfacet
  facet normal 0.000000e+00 0.000000e+00 1.000000e+00
    outer loop
      vertex 8.473976e-01 -2.753362e-01 4.539905e-01
      vertex 8.688334e-01 -2.823011e-01 4.067366e-01
      vertex 8.935823e-01 -1.899368e-01 4.067366e-01
    endloop
  endfacet
  facet normal 0.000000e+00 0.000000e+00 1.000000e+00
    outer loop
      vertex 8.715359e-01 -1.852507e-01 4.539905e-01
      vertex 8.935823e-01 -1.899368e-01 4.067366e-01
      vertex 9.085410e-01 -9.549150e-02 4.067366e-01
    endloop
  endfacet
  facet normal 0.000000e+00 0.000000e+00 1.000000e+00
    outer loop
      vertex 8.861255e-01 -9.313554e-02 4.539905e-01
      vertex 9.085410e-01 -9.549150e-02 4.067366e-01
      vertex 9.135455e-01 -1.035145e-15 4.067366e-01
    endloop
  endfacet
  facet normal 0.000000e+00 0.000000e+00 1.000000e+00
    outer loop
      vertex 9.135455e-01 0.000000e+00 4.067366e-01
      vertex 9.335804e-01 0.000000e+00 3.583679e-01
      vertex 9.284662e-01 9.758573e-02 3.583679e-01
    endloop
  endfacet
  facet normal 0.000000e+00 0.000000e+00 1.000000e+00
    outer loop
      vertex 9.085410e-01 9.549150e-02 4.067366e-01
      vertex 9.284662e-01 9.758573e-02 3.583679e-01
      vertex 9.131795e-01 1.941023e-01 3.583679e-01
    endloop
  endfacet
  facet normal 0.000000e+00 0.000000e+00 1.000000e+00
    outer loop
      vertex 8.935823e-01 1.899368e-01 4.067366e-01
      vertex 9.131795e-01 1.941023e-01 3.583679e-01
      vertex 8.878877e-01 2.884922e-01 3.583679e-01
    endloop
  endfacet
  facet normal 0.000000e+00 0.000000e+00 1.000000e+00
    outer loop
      vertex 8.688334e-01 2.823011e-01 4.067366e-01
      vertex 8.878877e-01 2.884922e-01 3.583679e-01
      vertex 8.528682e-01 3.797214e-01 3.583679e-01
    endloop
  endfacet
  facet normal 0.000000e+00 0.000000e+00 1.000000e+00
    outer loop
      vertex 8.345653e-01 3.715724e-01 4.067366e-01
      vertex 8.528682e-01 3.797214e-01 3.583679e-01
      vertex 8.085044e-01 4.667902e-01 3.583679e-01
    endloop
  endfacet
  facet normal 0.000000e+00 0.000000e+00 1.000000e+00
    outer loop
      vertex 7.911536e-01 4.567727e-01 4.067366e-01
      vertex 8.085044e-01 4.667902e-01 3.583679e-01
      vertex 7.552824e-01 5.487448e-01 3.583679e-01
    endloop
  endfacet
  facet normal 0.000000e+00 0.000000e+00 1.000000e+00
    outer loop
      vertex 7.390738e-01 5.369685e-01 4.067366e-01
      vertex 7.552824e-01 5.487448e-01 3.583679e-01
      vertex 6.937855e-01 6.246872e-01 3.583679e-01
    endloop
  endfacet
  facet normal 0.000000e+00 0.000000e+00 1.000000e+00
    outer loop
      vertex 6.788966e-01 6.112812e-01 4.067366e-01
      vertex 6.937855e-01 6.246872e-01 3.583679e-01
      vertex 6.246872e-01 6.937855e-01 3.583679e-01
    endloop
  endfacet
  facet normal 0.000000e+00 0.000000e+00 1.000000e+00
    outer loop
      vertex 6.112812e-01 6.788966e-01 4.067366e-01
      vertex 6.246872e-01 6.937855e-01 3.583679e-01
      vertex 5.487448e-01 7.552824e-01 3.583679e-01
    endloop
  endfacet
  facet normal 0.000000e+00 0.000000e+00 1.000000e+00
    outer loop
      vertex 5.369685e-01 7.390738e-01 4.067366e-01
      vertex 5.487448e-01 7.552824e-01 3.583679e-01
      vertex 4.667902e-01 8.085044e-01 3.583679e-01
    endloop
  endfacet
  facet normal 0.000000e+00 0.000000e+00 1.000000e+00
    outer loop
      vertex 4.567727e-01 7.911536e-01 4.067366e-01
      vertex 4.667902e-01 8.085044e-01 3.583679e-01
      vertex 3.797214e-01 8.528682e-01 3.583679e-01
    endloop
  endfacet
  facet normal 0.000000e+00 0.000000e+00 1.000000e+00
    outer loop
      vertex 3.715724e-01 8.345653e-01 4.067366e-01
      vertex 3.797214e-01 8.528682e-01 3.583679e-01
      vertex 2.884922e-01 8.878877e-01 3.583679e-01
    endloop
  endfacet
  facet normal 0.000000e+00 0.000000e+00 1.000000e+00
    outer loop
      vertex 2.823011e-01 8.688334e-01 4.067366e-01
      vertex 2.884922e-01 8.878877e-01 3.583679e-01
      vertex 1.941023e-01 9.131795e-01 3.583679e-01
    endloop
  endfacet
  facet normal 0.000000e+00 0.000000e+00 1.000000e+00
    outer loop
      vertex 1.899368e-01 8.935823e-01 4.067366e-01
      vertex 1.941023e-01 9.131795e-01 3.583679e-01
      vertex 9.758573e-02 9.284662e-01 3.583679e-01
    endloop
  endfacet
  facet normal 0.000000e+00 0.000000e+00 1.000000e+00
    outer loop
      vertex 9.549150e-02 9.085410e-01 4.067366e-01
      vertex 9.758573e-02 9.284662e-01 3.583679e-01
      vertex 2.644618e-16 9.335804e-01 3.583679e-01
    endloop
  endfacet
  facet normal 0.000000e+00 0.000000e+00 1.000000e+00
    outer loop
      vertex 2.587864e-16 9.135455e-01 4.067366e-01
      vertex 2.644618e-16 9.335804e-01 3.583679e-01
      vertex -9.758573e-02 9.284662e-01 3.583679e-01
    endloop
  endfacet
  facet normal 0.000000e+00 0.000000e+00 1.000000e+00
    outer loop
      vertex -9.549150e-02 9.085410e-01 4.067366e-01
      vertex -9.758573e-02 9.284662e-01 3.583679e-01
      vertex -1.941023e-01 9.131795e-01 3.583679e-01
    endloop
  endfacet
  facet normal 0.000000e+00 0.000000e+00 1.000000e+00
    outer loop
      vertex -1.899368e-01 8.935823e-01 4.067366e-01
      vertex -1.941023e-01 9.131795e-01 3.583679e-01
      vertex -2.884922e-01 8.878877e-01 3.583679e-01
    endloop
  endfacet
  facet normal 0.000000e+00 0.000000e+00 1.000000e+00
    outer loop
      vertex -2.823011e-01 8.688334e-01 4.067366e-01
      vertex -2.884922e-01 8.878877e-01 3.583679e-01
      vertex -3.797214e-01 8.528682e-01 3.583679e-01
    endloop
  endfacet
  facet normal 0.000000e+00 0.000000e+00 1.000000e+00
    outer loop
      vertex -3.715724e-01 8.345653e-01 4.067366e-01
      vertex -3.797214e-01 8.528682e-01 3.583679e-01
      vertex -4.667902e-01 8.085044e-01 3.583679e-01
    endloop
  endfacet
  facet normal 0.000000e+00 0.000000e+00 1.000000e+00
    outer loop
      vertex -4.567727e-01 7.911536e-01 4.067366e-01
      vertex -4.667902e-01 8.085044e-01 3.583679e-01
      vertex -5.487448e-01 7.552824e-01 3.583679e-01
    endloop
  endfacet
  facet normal 0.000000e+00 0.000000e+00 1.000000e+00
    outer loop
      vertex -5.369685e-01 7.390738e-01 4.067366e-01
      vertex -5.487448e-01 7.552824e-01 3.583679e-01
      vertex -6.246872e-01 6.937855e-01 3.583679e-01
    endloop
  endfacet
  facet normal 0.000000e+00 0.000000e+00 1.000000e+00
    outer loop
      vertex -6.112812e-01 6.788966e-01 4.067366e-01
      vertex -6.246872e-01 6.937855e-01 3.583679e-01
      vertex -6.937855e-01 6.246872e-01 3.583679e-01
    endloop
  endfacet
  facet normal 0.000000e+00 0.000000e+00 1.000000e+00
    outer loop
      vertex -6.788966e-01 6.112812e-01 4.067366e-01
      vertex -6.937855e-01 6.246872e-01 3.583679e-01
      vertex -7.552824e-01 5.487448e-01 3.583679e-01
    endloop
  endfacet
  facet normal 0.000000e+00 0.000000e+00 1.000000e+00
    outer loop
      vertex -7.390738e-01 5.369685e-01 4.067366e-01
      vertex -7.552824e-01 5.487448e-01 3.583679e-01
      vertex -8.085044e-01 4.667902e-01 3.583679e-01
    endloop
  endfacet
  facet normal 0.000000e+00 0.000000e+00 1.000000e+00
    outer loop
      vertex -7.911536e-01 4.567727e-01 4.067366e-01
      vertex -8.085044e-01 4.667902e-01 3.583679e-01
      vertex -8.528682e-01 3.797214e-01 3.583679e-01
    endloop
  endfacet
  facet normal 0.000000e+00 0.000000e+00 1.000000e+00
    outer loop
      vertex -8.345653e-01 3.715724e-01 4.067366e-01
      vertex -8.528682e-01 3.797214e-01 3.583679e-01
      vertex -8.878877e-01 2.884922e-01 3.583679e-01
    endloop
  endfacet
  facet normal 0.000000e+00 0.000000e+00 1.000000e+00
    outer loop
      vertex -8.688334e-01 2.823011e-01 4.067366e-01
      vertex -8.878877e-01 2.884922e-01 3.583679e-01
      vertex -9.131795e-01 1.941023e-01 3.583679e-01
    endloop
  endfacet
  facet normal 0.000000e+00 0.000000e+00 1.000000e+00
    outer loop
      vertex -8.935823e-01 1.899368e-01 4.067366e-01
      vertex -9.131795e-01 1.941023e-01 3.583679e-01
      vertex -9.284662e-01 9.758573e-02 3.583679e-01
    endloop
  endfacet
  facet normal 0.000000e+00 0.000000e+00 1.000000e+00
    outer loop
      vertex -9.085410e-01 9.549150e-02 4.067366e-01
      vertex -9.284662e-01 9.758573e-02 3.583679e-01
      vertex -9.335804e-01 5.289236e-16 3.583679e-01
    endloop
  endfacet
  facet normal 0.000000e+00 0.000000e+00 1.000000e+00
    outer loop
      vertex -9.135455e-01 5.175727e-16 4.067366e-01
      vertex -9.335804e-01 5.289236e-16 3.583679e-01
      vertex -9.284662e-01 -9.758573e-02 3.583679e-01
    endloop
  endfacet
  facet normal 0.000000e+00 0.000000e+00 1.000000e+00
    outer loop
      vertex -9.085410e-01 -9.549150e-02 4.067366e-01
      vertex -9.284662e-01 -9.758573e-02 3.583679e-01
      vertex -9.131795e-01 -1.941023e-01 3.583679e-01
    endloop
  endfacet
  facet normal 0.000000e+00 0.000000e+00 1.000000e+00
    outer loop
      vertex -8.935823e-01 -1.899368e-01 4.067366e-01
      vertex -9.131795e-01 -1.941023e-01 3.583679e-01
      vertex -8.878877e-01 -2.884922e-01 3.583679e-01
    endloop
  endfacet
  facet normal 0.000000e+00 0.000000e+00 1.000000e+00
    outer loop
      vertex -8.688334e-01 -2.823011e-01 4.067366e-01
      vertex -8.878877e-01 -2.884922e-01 3.583679e-01
      vertex -8.528682e-01 -3.797214e-01 3.583679e-01
    endloop
  endfacet
  facet normal 0.000000e+00 0.000000e+00 1.000000e+00
    outer loop
      vertex -8.345653e-01 -3.715724e-01 4.067366e-01
      vertex -8.528682e-01 -3.797214e-01 3.583679e-01
      vertex -8.085044e-01 -4.667902e-01 3.583679e-01
    endloop
  endfacet
  facet normal 0.000000e+00 0.000000e+00 1.000000e+00
    outer loop
      vertex -7.911536e-01 -4.567727e-01 4.067366e-01
      vertex -8.085044e-01 -4.667902e-01 3.583679e-01
      vertex -7.552824e-01 -5.487448e-01 3.583679e-01
    endloop
  endfacet
  facet normal 0.000000e+00 0.000000e+00 1.000000e+00
    outer loop
      vertex -7.390738e-01 -5.369685e-01 4.067366e-01
      vertex -7.552824e-01 -5.487448e-01 3.583679e-01
      vertex -6.937855e-01 -6.246872e-01 3.583679e-01
    endloop
  endfacet
  facet normal 0.000000e+00 0.000000e+00 1.000000e+00
    outer loop
      vertex -6.788966e-01 -6.112812e-01 4.067366e-01
      vertex -6.937855e-01 -6.246872e-01 3.583679e-01
      vertex -6.246872e-01 -6.937855e-01 3.583679e-01
    endloop
  endfacet
  facet normal 0.000000e+00 0.000000e+00 1.000000e+00
    outer loop
      vertex -6.112812e-01 -6.788966e-01 4.067366e-01
      vertex -6.246872e-01 -6.937855e-01 3.583679e-01
      vertex -5.487448e-01 -7.552824e-01 3.583679e-01
    endloop
  endfacet
  facet normal 0.000000e+00 0.000000e+00 1.000000e+00
    outer loop
      vertex -5.369685e-01 -7.390738e-01 4.067366e-01
      vertex -5.487448e-01 -7.552824e-01 3.583679e-01
      vertex -4.667902e-01 -8.085044e-01 3.583679e-01
    endloop
  endfacet
  facet normal 0.000000e+00 0.000000e+00 1.000000e+00
    outer loop
      vertex -4.567727e-01 -7.911536e-01 4.067366e-01
      vertex -4.667902e-01 -8.085044e-01 3.583679e-01
      vertex -3.797214e-01 -8.528682e-01 3.583679e-01
    endloop
  endfacet
  facet normal 0.000000e+00 0.000000e+00 1.000000e+00
    outer loop
      vertex -3.715724e-01 -8.345653e-01 4.067366e-01
      vertex -3.797214e-01 -8.528682e-01 3.583679e-01
      vertex -2.884922e-01 -8.878877e-01 3.583679e-01
    endloop
  endfacet
  facet normal 0.000000e+00 0.000000e+00 1.000000e+00
    outer loop
      vertex -2.823011e-01 -8.688334e-01 4.067366e-01
      vertex -2.884922e-01 -8.878877e-01 3.583679e-01
      vertex -1.941023e-01 -9.131795e-01 3.583679e-01
    endloop
  endfacet
  facet normal 0.000000e+00 0.000000e+00 1.000000e+00
    outer loop
      vertex -1.899368e-01 -8.935823e-01 4.067366e-01
      vertex -1.941023e-01 -9.131795e-01 3.583679e-01
      vertex -9.758573e-02 -9.284662e-01 3.583679e-01
    endloop
  endfacet
  facet normal 0.000000e+00 0.000000e+00 1.000000e+00
    outer loop
      vertex -9.549150e-02 -9.085410e-01 4.067366e-01
      vertex -9.758573e-02 -9.284662e-01 3.583679e-01
      vertex -1.714959e-16 -9.335804e-01 3.583679e-01
    endloop
  endfacet
  facet normal 0.000000e+00 0.000000e+00 1.000000e+00
    outer loop
      vertex -1.678156e-16 -9.135455e-01 4.067366e-01
      vertex -1.714959e-16 -9.335804e-01 3.583679e-01
      vertex 9.758573e-02 -9.284662e-01 3.583679e-01
    endloop
  endfacet
  facet normal 0.000000e+00 0.000000e+00 1.000000e+00
    outer loop
      vertex 9.549150e-02 -9.085410e-01 4.067366e-01
      vertex 9.758573e-02 -9.284662e-01 3.583679e-01
      vertex 1.941023e-01 -9.131795e-01 3.583679e-01
    endloop
  endfacet
  facet normal 0.000000e+00 0.000000e+00 1.000000e+00
    outer loop
      vertex 1.899368e-01 -8.935823e-01 4.067366e-01
      vertex 1.941023e-01 -9.131795e-01 3.583679e-01
      vertex 2.884922e-01 -8.878877e-01 3.583679e-01
    endloop
  endfacet
  facet normal 0.000000e+00 0.000000e+00 1.000000e+00
    outer loop
      vertex 2.823011e-01 -8.688334e-01 4.067366e-01
      vertex 2.884922e-01 -8.878877e-01 3.583679e-01
      vertex 3.797214e-01 -8.528682e-01 3.583679e-01
    endloop
  endfacet
  facet normal 0.000000e+00 0.000000e+00 1.000000e+00
    outer loop
      vertex 3.715724e-01 -8.345653e-01 4.067366e-01
      vertex 3.797214e-01 -8.528682e-01 3.583679e-01
      vertex 4.667902e-01 -8.085044e-01 3.583679e-01
    endloop
  endfacet
  facet normal 0.000000e+00 0.000000e+00 1.000000e+00
    outer loop
      vertex 4.567727e-01 -7.911536e-01 4.067366e-01
      vertex 4.667902e-01 -8.085044e-01 3.583679e-01
      vertex 5.487448e-01 -7.552824e-01 3.583679e-01
    endloop
  endfacet
  facet normal 0.000000e+00 0.000000e+00 1.000000e+00
    outer loop
      vertex 5.369685e-01 -7.390738e-01 4.067366e-01
      vertex 5.487448e-01 -7.552824e-01 3.583679e-01
      vertex 6.246872e-01 -6.937855e-01 3.583679e-01
    endloop
  endfacet
  facet normal 0.000000e+00 0.000000e+00 1.000000e+00
    outer loop
      vertex 6.112812e-01 -6.788966e-01 4.067366e-01
      vertex 6.246872e-01 -6.937855e-01 3.583679e-01
      vertex 6.937855e-01 -6.246872e-01 3.583679e-01
    endloop
  endfacet
  facet normal 0.000000e+00 0.000000e+00 1.000000e+00
    outer loop
      vertex 6.788966e-01 -6.112812e-01 4.067366e-01
      vertex 6.937855e-01 -6.246872e-01 3.583679e-01
      vertex 7.552824e-01 -5.487448e-01 3.583679e-01
    endloop
  endfacet
  facet normal 0.000000e+00 0.000000e+00 1.000000e+00
    outer loop
      vertex 7.390738e-01 -5.369685e-01 4.067366e-01
      vertex 7.552824e-01 -5.487448e-01 3.583679e-01
      vertex 8.085044e-01 -4.667902e-01 3.583679e-01
    endloop
  endfacet
  facet normal 0.000000e+00 0.000000e+00 1.000000e+00
    outer loop
      vertex 7.911536e-01 -4.567727e-01 4.067366e-01
      vertex 8.085044e-01 -4.667902e-01 3.583679e-01
      vertex 8.528682e-01 -3.797214e-01 3.583679e-01
    endloop
  endfacet
  facet normal 0.000000e+00 0.000000e+00 1.000000e+00
    outer loop
      vertex 8.345653e-01 -3.715724e-01 4.067366e-01
      vertex 8.528682e-01 -3.797214e-01 3.583679e-01
      vertex 8.878877e-01 -2.884922e-01 3.583679e-01
    endloop
  endfacet
  facet normal 0.000000e+00 0.000000e+00 1.000000e+00
    outer loop
      vertex 8.688334e-01 -2.823011e-01 4.067366e-01
      vertex 8.878877e-01 -2.884922e-01 3.583679e-01
      vertex 9.131795e-01 -1.941023e-01 3.583679e-01
    endloop
  endfacet
  facet normal 0.000000e+00 0.000000e+00 1.000000e+00
    outer loop
      vertex 8.935823e-01 -1.899368e-01 4.067366e-01
      vertex 9.131795e-01 -1.941023e-01 3.583679e-01
      vertex 9.284662e-01 -9.758573e-02 3.583679e-01
    endloop
  endfacet
  facet normal 0.000000e+00 0.000000e+00 1.000000e+00
    outer loop
      vertex 9.085410e-01 -9.549150e-02 4.067366e-01
      vertex 9.284662e-01 -9.758573e-02 3.583679e-01
      vertex 9.335804e-01 -1.057847e-15 3.583679e-01
    endloop
  endfacet
  facet normal 0.000000e+00 0.000000e+00 1.000000e+00
    outer loop
      vertex 9.335804e-01 0.000000e+00 3.583679e-01
      vertex 9.510565e-01 0.000000e+00 3.090170e-01
      vertex 9.458465e-01 9.941248e-02 3.090170e-01
    endloop
  endfacet
  facet normal 0.000000e+00 0.000000e+00 1.000000e+00
    outer loop
      vertex 9.284662e-01 9.758573e-02 3.583679e-01
      vertex 9.458465e-01 9.941248e-02 3.090170e-01
      vertex 9.302736e-01 1.977358e-01 3.090170e-01
    endloop
  endfacet
  facet normal 0.000000e+00 0.000000e+00 1.000000e+00
    outer loop
      vertex 9.131795e-01 1.941023e-01 3.583679e-01
      vertex 9.302736e-01 1.977358e-01 3.090170e-01
      vertex 9.045085e-01 2.938926e-01 3.090170e-01
    endloop
  endfacet
  facet normal 0.000000e+00 0.000000e+00 1.000000e+00
    outer loop
      vertex 8.878877e-01 2.884922e-01 3.583679e-01
      vertex 9.045085e-01 2.938926e-01 3.090170e-01
      vertex 8.688334e-01 3.868295e-01 3.090170e-01
    endloop
  endfacet
  facet normal 0.000000e+00 0.000000e+00 1.000000e+00
    outer loop
      vertex 8.528682e-01 3.797214e-01 3.583679e-01
      vertex 8.688334e-01 3.868295e-01 3.090170e-01
      vertex 8.236391e-01 4.755283e-01 3.090170e-01
    endloop
  endfacet
  facet normal 0.000000e+00 0.000000e+00 1.000000e+00
    outer loop
      vertex 8.085044e-01 4.667902e-01 3.583679e-01
      vertex 8.236391e-01 4.755283e-01 3.090170e-01
      vertex 7.694209e-01 5.590170e-01 3.090170e-01
    endloop
  endfacet
  facet normal 0.000000e+00 0.000000e+00 1.000000e+00
    outer loop
      vertex 7.552824e-01 5.487448e-01 3.583679e-01
      vertex 7.694209e-01 5.590170e-01 3.090170e-01
      vertex 7.067727e-01 6.363810e-01 3.090170e-01
    endloop
  endfacet
  facet normal 0.000000e+00 0.000000e+00 1.000000e+00
    outer loop
      vertex 6.937855e-01 6.246872e-01 3.583679e-01
      vertex 7.067727e-01 6.363810e-01 3.090170e-01
      vertex 6.363810e-01 7.067727e-01 3.090170e-01
    endloop
  endfacet
  facet normal 0.000000e+00 0.000000e+00 1.000000e+00
    outer loop
      vertex 6.246872e-01 6.937855e-01 3.583679e-01
      vertex 6.363810e-01 7.067727e-01 3.090170e-01
      vertex 5.590170e-01 7.694209e-01 3.090170e-01
    endloop
  endfacet
  facet normal 0.000000e+00 0.000000e+00 1.000000e+00
    outer loop
      vertex 5.487448e-01 7.552824e-01 3.583679e-01
      vertex 5.590170e-01 7.694209e-01 3.090170e-01
      vertex 4.755283e-01 8.236391e-01 3.090170e-01
    endloop
  endfacet
  facet normal 0.000000e+00 0.000000e+00 1.000000e+00
    outer loop
      vertex 4.667902e-01 8.085044e-01 3.583679e-01
      vertex 4.755283e-01 8.236391e-01 3.090170e-01
      vertex 3.868295e-01 8.688334e-01 3.090170e-01
    endloop
  endfacet
  facet normal 0.000000e+00 0.000000e+00 1.000000e+00
    outer loop
      vertex 3.797214e-01 8.528682e-01 3.583679e-01
      vertex 3.868295e-01 8.688334e-01 3.090170e-01
      vertex 2.938926e-01 9.045085e-01 3.090170e-01
    endloop
  endfacet
  facet normal 0.000000e+00 0.000000e+00 1.000000e+00
    outer loop
      vertex 2.884922e-01 8.878877e-01 3.583679e-01
      vertex 2.938926e-01 9.045085e-01 3.090170e-01
      vertex 1.977358e-01 9.302736e-01 3.090170e-01
    endloop
  endfacet
  facet normal 0.000000e+00 0.000000e+00 1.000000e+00
    outer loop
      vertex 1.941023e-01 9.131795e-01 3.583679e-01
      vertex 1.977358e-01 9.302736e-01 3.090170e-01
      vertex 9.941248e-02 9.458465e-01 3.090170e-01
    endloop
  endfacet
  facet normal 0.000000e+00 0.000000e+00 1.000000e+00
    outer loop
      vertex 9.758573e-02 9.284662e-01 3.583679e-01
      vertex 9.941248e-02 9.458465e-01 3.090170e-01
      vertex 2.694124e-16 9.510565e-01 3.090170e-01
    endloop
  endfacet
  facet normal 0.000000e+00 0.000000e+00 1.000000e+00
    outer loop
      vertex 2.644618e-16 9.335804e-01 3.583679e-01
      vertex 2.694124e-16 9.510565e-01 3.090170e-01
      vertex -9.941248e-02 9.458465e-01 3.090170e-01
    endloop
  endfacet
  facet normal 0.000000e+00 0.000000e+00 1.000000e+00
    outer loop
      vertex -9.758573e-02 9.284662e-01 3.583679e-01
      vertex -9.941248e-02 9.458465e-01 3.090170e-01
      vertex -1.977358e-01 9.302736e-01 3.090170e-01
    endloop
  endfacet
  facet normal 0.000000e+00 0.000000e+00 1.000000e+00
    outer loop
      vertex -1.941023e-01 9.131795e-01 3.583679e-01
      vertex -1.977358e-01 9.302736e-01 3.090170e-01
      vertex -2.938926e-01 9.045085e-01 3.090170e-01
    endloop
  endfacet
  facet normal 0.000000e+00 0.000000e+00 1.000000e+00
    outer loop
      vertex -2.884922e-01 8.878877e-01 3.583679e-01
      vertex -2.938926e-01 9.045085e-01 3.090170e-01
      vertex -3.868295e-01 8.688334e-01 3.090170e-01
    endloop
  endfacet
  facet normal 0.000000e+00 0.000000e+00 1.000000e+00
    outer loop
      vertex -3.797214e-01 8.528682e-01 3.583679e-01
      vertex -3.868295e-01 8.688334e-01 3.090170e-01
      vertex -4.755283e-01 8.236391e-01 3.090170e-01
    endloop
  endfacet
  facet normal 0.000000e+00 0.000000e+00 1.000000e+00
    outer loop
      vertex -4.667902e-01 8.085044e-01 3.583679e-01
      vertex -4.755283e-01 8.236391e-01 3.090170e-01
      vertex -5.590170e-01 7.694209e-01 3.090170e-01
    endloop
  endfacet
  facet normal 0.000000e+00 0.000000e+00 1.000000e+00
    outer loop
      vertex -5.487448e-01 7.552824e-01 3.583679e-01
      vertex -5.590170e-01 7.694209e-01 3.090170e-01
      vertex -6.363810e-01 7.067727e-01 3.090170e-01
    endloop
  endfacet
  facet normal 0.000000e+00 0.000000e+00 1.000000e+00
    outer loop
      vertex -6.246872e-01 6.937855e-01 3.583679e-01
      vertex -6.363810e-01 7.067727e-01 3.090170e-01
      vertex -7.067727e-01 6.363810e-01 3.090170e-01
    endloop
  endfacet
  facet normal 0.000000e+00 0.000000e+00 1.000000e+00
    outer loop
      vertex -6.937855e-01 6.246872e-01 3.583679e-01
      vertex -7.067727e-01 6.363810e-01 3.090170e-01
      vertex -7.694209e-01 5.590170e-01 3.090170e-01
    endloop
  endfacet
  facet normal 0.000000e+00 0.000000e+00 1.000000e+00
    outer loop
      vertex -7.552824e-01 5.487448e-01 3.583679e-01
      vertex -7.694209e-01 5.590170e-01 3.090170e-01
      vertex -8.236391e-01 4.755283e-01 3.090170e-01
    endloop
  endfacet
  facet normal 0.000000e+00 0.000000e+00 1.000000e+00
    outer loop
      vertex -8.085044e-01 4.667902e-01 3.583679e-01
      vertex -8.236391e-01 4.755283e-01 3.090170e-01
      vertex -8.688334e-01 3.868295e-01 3.090170e-01
    endloop
  endfacet
  facet normal 0.000000e+00 0.000000e+00 1.000000e+00
    outer loop
      vertex -8.528682e-01 3.797214e-01 3.583679e-01
      vertex -8.688334e-01 3.868295e-01 3.090170e-01
      vertex -9.045085e-01 2.938926e-01 3.090170e-01
    endloop
  endfacet
  facet normal 0.000000e+00 0.000000e+00 1.000000e+00
    outer loop
      vertex -8.878877e-01 2.884922e-01 3.583679e-01
      vertex -9.045085e-01 2.938926e-01 3.090170e-01
      vertex -9.302736e-01 1.977358e-01 3.090170e-01
    endloop
  endfacet
  facet normal 0.000000e+00 0.000000e+00 1.000000e+00
    outer loop
      vertex -9.131795e-01 1.941023e-01 3.583679e-01
      vertex -9.302736e-01 1.977358e-01 3.090170e-01
      vertex -9.458465e-01 9.941248e-02 3.090170e-01
    endloop
  endfacet
  facet normal 0.000000e+00 0.000000e+00 1.000000e+00
    outer loop
      vertex -9.284662e-01 9.758573e-02 3.583679e-01
      vertex -9.458465e-01 9.941248e-02 3.090170e-01
      vertex -9.510565e-01 5.388248e-16 3.090170e-01
    endloop
  endfacet
  facet normal 0.000000e+00 0.000000e+00 1.000000e+00
    outer loop
      vertex -9.335804e-01 5.289236e-16 3.583679e-01
      vertex -9.510565e-01 5.388248e-16 3.090170e-01
      vertex -9.458465e-01 -9.941248e-02 3.090170e-01
    endloop
  endfacet
  facet normal 0.000000e+00 0.000000e+00 1.000000e+00
    outer loop
      vertex -9.284662e-01 -9.758573e-02 3.583679e-01
      vertex -9.458465e-01 -9.941248e-02 3.090170e-01
      vertex -9.302736e-01 -1.977358e-01 3.090170e-01
    endloop
  endfacet
  facet normal 0.000000e+00 0.000000e+00 1.000000e+00
    outer loop
      vertex -9.131795e-01 -1.941023e-01 3.583679e-01
      vertex -9.302736e-01 -1.977358e-01 3.090170e-01
      vertex -9.045085e-01 -2.938926e-01 3.090170e-01
    endloop
  endfacet
  facet normal 0.000000e+00 0.000000e+00 1.000000e+00
    outer loop
      vertex -8.878877e-01 -2.884922e-01 3.583679e-01
      vertex -9.045085e-01 -2.938926e-01 3.090170e-01
      vertex -8.688334e-01 -3.868295e-01 3.090170e-01
    endloop
  endfacet
  facet normal 0.000000e+00 0.000000e+00 1.000000e+00
    outer loop
      vertex -8.528682e-01 -3.797214e-01 3.583679e-01
      vertex -8.688334e-01 -3.868295e-01 3.090170e-01
      vertex -8.236391e-01 -4.755283e-01 3.090170e-01
    endloop
  endfacet
  facet normal 0.000000e+00 0.000000e+00 1.000000e+00
    outer loop
      vertex -8.085044e-01 -4.667902e-01 3.583679e-01
      vertex -8.236391e-01 -4.755283e-01 3.090170e-01
      vertex -7.694209e-01 -5.590170e-01 3.090170e-01
    endloop
  endfacet
  facet normal 0.000000e+00 0.000000e+00 1.000000e+00
    outer loop
      vertex -7.552824e-01 -5.487448e-01 3.583679e-01
      vertex -7.694209e-01 -5.590170e-01 3.090170e-01
      vertex -7.067727e-01 -6.363810e-01 3.090170e-01
    endloop
  endfacet
  facet normal 0.000000e+00 0.000000e+00 1.000000e+00
    outer loop
      vertex -6.937855e-01 -6.246872e-01 3.583679e-01
      vertex -7.067727e-01 -6.363810e-01 3.090170e-01
      vertex -6.363810e-01 -7.067727e-01 3.090170e-01
    endloop
  endfacet
  facet normal 0.000000e+00 0.000000e+00 1.000000e+00
    outer loop
      vertex -6.246872e-01 -6.937855e-01 3.583679e-01
      vertex -6.363810e-01 -7.067727e-01 3.090170e-01
      vertex -5.590170e-01 -7.694209e-01 3.090170e-01
    endloop
  endfacet
  facet normal 0.000000e+00 0.000000e+00 1.000000e+00
    outer loop
      vertex -5.487448e-01 -7.552824e-01 3.583679e-01
      vertex -5.590170e-01 -7.694209e-01 3.090170e-01
      vertex -4.755283e-01 -8.236391e-01 3.090170e-01
    endloop
  endfacet
  facet normal 0.000000e+00 0.000000e+00 1.000000e+00
    outer loop
      vertex -4.667902e-01 -8.085044e-01 3.583679e-01
      vertex -4.755283e-01 -8.236391e-01 3.090170e-01
      vertex -3.868295e-01 -8.688334e-01 3.090170e-01
    endloop
  endfacet
  facet normal 0.000000e+00 0.000000e+00 1.000000e+00
    outer loop
      vertex -3.797214e-01 -8.528682e-01 3.583679e-01
      vertex -3.868295e-01 -8.688334e-01 3.090170e-01
      vertex -2.938926e-01 -9.045085e-01 3.090170e-01
    endloop
  endfacet
  facet normal 0.000000e+00 0.000000e+00 1.000000e+00
    outer loop
      vertex -2.884922e-01 -8.878877e-01 3.583679e-01
      vertex -2.938926e-01 -9.045085e-01 3.090170e-01
      vertex -1.977358e-01 -9.302736e-01 3.090170e-01
    endloop
  endfacet
  facet normal 0.000000e+00 0.000000e+00 1.000000e+00
    outer loop
      vertex -1.941023e-01 -9.131795e-01 3.583679e-01
      vertex -1.977358e-01 -9.302736e-01 3.090170e-01
      vertex -9.941248e-02 -9.458465e-01 3.090170e-01
    endloop
  endfacet
  facet normal 0.000000e+00 0.000000e+00 1.000000e+00
    outer loop
      vertex -9.758573e-02 -9.284662e-01 3.583679e-01
      vertex -9.941248e-02 -9.458465e-01 3.090170e-01
      vertex -1.747062e-16 -9.510565e-01 3.090170e-01
    endloop
  endfacet
  facet normal 0.000000e+00 0.000000e+00 1.000000e+00
    outer loop
      vertex -1.714959e-16 -9.335804e-01 3.583679e-01
      vertex -1.747062e-16 -9.510565e-01 3.090170e-01
      vertex 9.941248e-02 -9.458465e-01 3.090170e-01
    endloop
  endfacet
  facet normal 0.000000e+00 0.000000e+00 1.000000e+00
    outer loop
      vertex 9.758573e-02 -9.284662e-01 3.583679e-01
      vertex 9.941248e-02 -9.458465e-01 3.090170e-01
      vertex 1.977358e-01 -9.302736e-01 3.090170e-01
    endloop
  endfacet
  facet normal 0.000000e+00 0.000000e+00 1.000000e+00
    outer loop
      vertex 1.941023e-01 -9.131795e-01 3.583679e-01
      vertex 1.977358e-01 -9.302736e-01 3.090170e-01
      vertex 2.938926e-01 -9.045085e-01 3.090170e-01
    endloop
  endfacet
  facet normal 0.000000e+00 0.000000e+00 1.000000e+00
    outer loop
      vertex 2.884922e-01 -8.878877e-01 3.583679e-01
      vertex 2.938926e-01 -9.045085e-01 3.090170e-01
      vertex 3.868295e-01 -8.688334e-01 3.090170e-01
    endloop
  endfacet
  facet normal 0.000000e+00 0.000000e+00 1.000000e+00
    outer loop
      vertex 3.797214e-01 -8.528682e-01 3.583679e-01
      vertex 3.868295e-01 -8.688334e-01 3.090170e-01
      vertex 4.755283e-01 -8.236391e-01 3.090170e-01
    endloop
  endfacet
  facet normal 0.000000e+00 0.000000e+00 1.000000e+00
    outer loop
      vertex 4.667902e-01 -8.085044e-01 3.583679e-01
      vertex 4.755283e-01 -8.236391e-01 3.090170e-01
      vertex 5.590170e-01 -7.694209e-01 3.090170e-01
    endloop
  endfacet
  facet normal 0.000000e+00 0.000000e+00 1.000000e+00
    outer loop
      vertex 5.487448e-01 -7.552824e-01 3.583679e-01
      vertex 5.590170e-01 -7.694209e-01 3.090170e-01
      vertex 6.363810e-01 -7.067727e-01 3.090170e-01
    endloop
  endfacet
  facet normal 0.000000e+00 0.000000e+00 1.000000e+00
    outer loop
      vertex 6.246872e-01 -6.937855e-01 3.583679e-01
      vertex 6.363810e-01 -7.067727e-01 3.090170e-01
      vertex 7.067727e-01 -6.363810e-01 3.090170e-01
    endloop
  endfacet
  facet normal 0.000000e+00 0.000000e+00 1.000000e+00
    outer loop
      vertex 6.937855e-01 -6.246872e-01 3.583679e-01
      vertex 7.067727e-01 -6.363810e-01 3.090170e-01
      vertex 7.694209e-01 -5.590170e-01 3.090170e-01
    endloop
  endfacet
  facet normal 0.000000e+00 0.000000e+00 1.000000e+00
    outer loop
      vertex 7.552824e-01 -5.487448e-01 3.583679e-01
      vertex 7.694209e-01 -5.590170e-01 3.090170e-01
      vertex 8.236391e-01 -4.755283e-01 3.090170e-01
    endloop
  endfacet
  facet normal 0.000000e+00 0.000000e+00 1.000000e+00
    outer loop
      vertex 8.085044e-01 -4.667902e-01 3.583679e-01
      vertex 8.236391e-01 -4.755283e-01 3.090170e-01
      vertex 8.688334e-01 -3.868295e-01 3.090170e-01
    endloop
  endfacet
  facet normal 0.000000e+00 0.000000e+00 1.000000e+00
    outer loop
      vertex 8.528682e-01 -3.797214e-01 3.583679e-01
      vertex 8.688334e-01 -3.868295e-01 3.090170e-01
      vertex 9.045085e-01 -2.938926e-01 3.090170e-01
    endloop
  endfacet
  facet normal 0.000000e+00 0.000000e+00 1.000000e+00
    outer loop
      vertex 8.878877e-01 -2.884922e-01 3.583679e-01
      vertex 9.045085e-01 -2.938926e-01 3.090170e-01
      vertex 9.302736e-01 -1.977358e-01 3.090170e-01
    endloop
  endfacet
  facet normal 0.000000e+00 0.000000e+00 1.000000e+00
    outer loop
      vertex 9.131795e-01 -1.941023e-01 3.583679e-01
      vertex 9.302736e-01 -1.977358e-01 3.090170e-01
      vertex 9.458465e-01 -9.941248e-02 3.090170e-01
    endloop
  endfacet
  facet normal 0.000000e+00 0.000000e+00 1.000000e+00
    outer loop
      vertex 9.284662e-01 -9.758573e-02 3.583679e-01
      vertex 9.458465e-01 -9.941248e-02 3.090170e-01
      vertex 9.510565e-01 -1.077650e-15 3.090170e-01
    endloop
  endfacet
  facet normal 0.000000e+00 0.000000e+00 1.000000e+00
    outer loop
      vertex 9.510565e-01 0.000000e+00 3.090170e-01
      vertex 9.659258e-01 0.000000e+00 2.588190e-01
      vertex 9.606344e-01 1.009667e-01 2.588190e-01
    endloop
  endfacet
  facet normal 0.000000e+00 0.000000e+00 1.000000e+00
    outer loop
      vertex 9.458465e-01 9.941248e-02 3.090170e-01
      vertex 9.606344e-01 1.009667e-01 2.588190e-01
      vertex 9.448180e-01 2.008273e-01 2.588190e-01
    endloop
  endfacet
  facet normal 0.000000e+00 0.000000e+00 1.000000e+00
    outer loop
      vertex 9.302736e-01 1.977358e-01 3.090170e-01
      vertex 9.448180e-01 2.008273e-01 2.588190e-01
      vertex 9.186501e-01 2.984875e-01 2.588190e-01
    endloop
  endfacet
  facet normal 0.000000e+00 0.000000e+00 1.000000e+00
    outer loop
      vertex 9.045085e-01 2.938926e-01 3.090170e-01
      vertex 9.186501e-01 2.984875e-01 2.588190e-01
      vertex 8.824172e-01 3.928774e-01 2.588190e-01
    endloop
  endfacet
  facet normal 0.000000e+00 0.000000e+00 1.000000e+00
    outer loop
      vertex 8.688334e-01 3.868295e-01 3.090170e-01
      vertex 8.824172e-01 3.928774e-01 2.588190e-01
      vertex 8.365163e-01 4.829629e-01 2.588190e-01
    endloop
  endfacet
  facet normal 0.000000e+00 0.000000e+00 1.000000e+00
    outer loop
      vertex 8.236391e-01 4.755283e-01 3.090170e-01
      vertex 8.365163e-01 4.829629e-01 2.588190e-01
      vertex 7.814504e-01 5.677570e-01 2.588190e-01
    endloop
  endfacet
  facet normal 0.000000e+00 0.000000e+00 1.000000e+00
    outer loop
      vertex 7.694209e-01 5.590170e-01 3.090170e-01
      vertex 7.814504e-01 5.677570e-01 2.588190e-01
      vertex 7.178228e-01 6.463305e-01 2.588190e-01
    endloop
  endfacet
  facet normal 0.000000e+00 0.000000e+00 1.000000e+00
    outer loop
      vertex 7.067727e-01 6.363810e-01 3.090170e-01
      vertex 7.178228e-01 6.463305e-01 2.588190e-01
      vertex 6.463305e-01 7.178228e-01 2.588190e-01
    endloop
  endfacet
  facet normal 0.000000e+00 0.000000e+00 1.000000e+00
    outer loop
      vertex 6.363810e-01 7.067727e-01 3.090170e-01
      vertex 6.463305e-01 7.178228e-01 2.588190e-01
      vertex 5.677570e-01 7.814504e-01 2.588190e-01
    endloop
  endfacet
  facet normal 0.000000e+00 0.000000e+00 1.000000e+00
    outer loop
      vertex 5.590170e-01 7.694209e-01 3.090170e-01
      vertex 5.677570e-01 7.814504e-01 2.588190e-01
      vertex 4.829629e-01 8.365163e-01 2.588190e-01
    endloop
  endfacet
  facet normal 0.000000e+00 0.000000e+00 1.000000e+00
    outer loop
      vertex 4.755283e-01 8.236391e-01 3.090170e-01
      vertex 4.829629e-01 8.365163e-01 2.588190e-01
      vertex 3.928774e-01 8.824172e-01 2.588190e-01
    endloop
  endfacet
  facet normal 0.000000e+00 0.000000e+00 1.000000e+00
    outer loop
      vertex 3.868295e-01 8.688334e-01 3.090170e-01
      vertex 3.928774e-01 8.824172e-01 2.588190e-01
      vertex 2.984875e-01 9.186501e-01 2.588190e-01
    endloop
  endfacet
  facet normal 0.000000e+00 0.000000e+00 1.000000e+00
    outer loop
      vertex 2.938926e-01 9.045085e-01 3.090170e-01
      vertex 2.984875e-01 9.186501e-01 2.588190e-01
      vertex 2.008273e-01 9.448180e-01 2.588190e-01
    endloop
  endfacet
  facet normal 0.000000e+00 0.000000e+00 1.000000e+00
    outer loop
      vertex 1.977358e-01 9.302736e-01 3.090170e-01
      vertex 2.008273e-01 9.448180e-01 2.588190e-01
      vertex 1.009667e-01 9.606344e-01 2.588190e-01
    endloop
  endfacet
  facet normal 0.000000e+00 0.000000e+00 1.000000e+00
    outer loop
      vertex 9.941248e-02 9.458465e-01 3.090170e-01
      vertex 1.009667e-01 9.606344e-01 2.588190e-01
      vertex 2.736245e-16 9.659258e-01 2.588190e-01
    endloop
  endfacet
  facet normal 0.000000e+00 0.000000e+00 1.000000e+00
    outer loop
      vertex 2.694124e-16 9.510565e-01 3.090170e-01
      vertex 2.736245e-16 9.659258e-01 2.588190e-01
      vertex -1.009667e-01 9.606344e-01 2.588190e-01
    endloop
  endfacet
  facet normal 0.000000e+00 0.000000e+00 1.000000e+00
    outer loop
      vertex -9.941248e-02 9.458465e-01 3.090170e-01
      vertex -1.009667e-01 9.606344e-01 2.588190e-01
      vertex -2.008273e-01 9.448180e-01 2.588190e-01
    endloop
  endfacet
  facet normal 0.000000e+00 0.000000e+00 1.000000e+00
    outer loop
      vertex -1.977358e-01 9.302736e-01 3.090170e-01
      vertex -2.008273e-01 9.448180e-01 2.588190e-01
      vertex -2.984875e-01 9.186501e-01 2.588190e-01
    endloop
  endfacet
  facet normal 0.000000e+00 0.000000e+00 1.000000e+00
    outer loop
      vertex -2.938926e-01 9.045085e-01 3.090170e-01
      vertex -2.984875e-01 9.186501e-01 2.588190e-01
      vertex -3.928774e-01 8.824172e-01 2.588190e-01
    endloop
  endfacet
  facet normal 0.000000e+00 0.000000e+00 1.000000e+00
    outer loop
      vertex -3.868295e-01 8.688334e-01 3.090170e-01
      vertex -3.928774e-01 8.824172e-01 2.588190e-01
      vertex -4.829629e-01 8.365163e-01 2.588190e-01
    endloop
  endfacet
  facet normal 0.000000e+00 0.000000e+00 1.000000e+00
    outer loop
      vertex -4.755283e-01 8.236391e-01 3.090170e-01
      vertex -4.829629e-01 8.365163e-01 2.588190e-01
      vertex -5.677570e-01 7.814504e-01 2.588190e-01
    endloop
  endfacet
  facet normal 0.000000e+00 0.000000e+00 1.000000e+00
    outer loop
      vertex -5.590170e-01 7.694209e-01 3.090170e-01
      vertex -5.677570e-01 7.814504e-01 2.588190e-01
      vertex -6.463305e-01 7.178228e-01 2.588190e-01
    endloop
  endfacet
  facet normal 0.000000e+00 0.000000e+00 1.000000e+00
    outer loop
      vertex -6.363810e-01 7.067727e-01 3.090170e-01
      vertex -6.463305e-01 7.178228e-01 2.588190e-01
      vertex -7.178228e-01 6.463305e-01 2.588190e-01
    endloop
  endfacet
  facet normal 0.000000e+00 0.000000e+00 1.000000e+00
    outer loop
      vertex -7.067727e-01 6.363810e-01 3.090170e-01
      vertex -7.178228e-01 6.463305e-01 2.588190e-01
      vertex -7.814504e-01 5.677570e-01 2.588190e-01
    endloop
  endfacet
  facet normal 0.000000e+00 0.000000e+00 1.000000e+00
    outer loop
      vertex -7.694209e-01 5.590170e-01 3.090170e-01
      vertex -7.814504e-01 5.677570e-01 2.588190e-01
      vertex -8.365163e-01 4.829629e-01 2.588190e-01
    endloop
  endfacet
  facet normal 0.000000e+00 0.000000e+00 1.000000e+00
    outer loop
      vertex -8.236391e-01 4.755283e-01 3.090170e-01
      vertex -8.365163e-01 4.829629e-01 2.588190e-01
      vertex -8.824172e-01 3.928774e-01 2.588190e-01
    endloop
  endfacet
  facet normal 0.000000e+00 0.000000e+00 1.000000e+00
    outer loop
      vertex -8.688334e-01 3.868295e-01 3.090170e-01
      vertex -8.824172e-01 3.928774e-01 2.588190e-01
      vertex -9.186501e-01 2.984875e-01 2.588190e-01
    endloop
  endfacet
  facet normal 0.000000e+00 0.000000e+00 1.000000e+00
    outer loop
      vertex -9.045085e-01 2.938926e-01 3.090170e-01
      vertex -9.186501e-01 2.984875e-01 2.588190e-01
      vertex -9.448180e-01 2.008273e-01 2.588190e-01
    endloop
  endfacet
  facet normal 0.000000e+00 0.000000e+00 1.000000e+00
    outer loop
      vertex -9.302736e-01 1.977358e-01 3.090170e-01
      vertex -9.448180e-01 2.008273e-01 2.588190e-01
      vertex -9.606344e-01 1.009667e-01 2.588190e-01
    endloop
  endfacet
  facet normal 0.000000e+00 0.000000e+00 1.000000e+00
    outer loop
      vertex -9.458465e-01 9.941248e-02 3.090170e-01
      vertex -9.606344e-01 1.009667e-01 2.588190e-01
      vertex -9.659258e-01 5.472490e-16 2.588190e-01
    endloop
  endfacet
  facet normal 0.000000e+00 0.000000e+00 1.000000e+00
    outer loop
      vertex -9.510565e-01 5.388248e-16 3.090170e-01
      vertex -9.659258e-01 5.472490e-16 2.588190e-01
      vertex -9.606344e-01 -1.009667e-01 2.588190e-01
    endloop
  endfacet
  facet normal 0.000000e+00 0.000000e+00 1.000000e+00
    outer loop
      vertex -9.458465e-01 -9.941248e-02 3.090170e-01
      vertex -9.606344e-01 -1.009667e-01 2.588190e-01
      vertex -9.448180e-01 -2.008273e-01 2.588190e-01
    endloop
  endfacet
  facet normal 0.000000e+00 0.000000e+00 1.000000e+00
    outer loop
      vertex -9.302736e-01 -1.977358e-01 3.090170e-01
      vertex -9.448180e-01 -2.008273e-01 2.588190e-01
      vertex -9.186501e-01 -2.984875e-01 2.588190e-01
    endloop
  endfacet
  facet normal 0.000000e+00 0.000000e+00 1.000000e+00
    outer loop
      vertex -9.045085e-01 -2.938926e-01 3.090170e-01
      vertex -9.186501e-01 -2.984875e-01 2.588190e-01
      vertex -8.824172e-01 -3.928774e-01 2.588190e-01
    endloop
  endfacet
  facet normal 0.000000e+00 0.000000e+00 1.000000e+00
    outer loop
      vertex -8.688334e-01 -3.868295e-01 3.090170e-01
      vertex -8.824172e-01 -3.928774e-01 2.588190e-01
      vertex -8.365163e-01 -4.829629e-01 2.588190e-01
    endloop
  endfacet
  facet normal 0.000000e+00 0.000000e+00 1.000000e+00
    outer loop
      vertex -8.236391e-01 -4.755283e-01 3.090170e-01
      vertex -8.365163e-01 -4.829629e-01 2.588190e-01
      vertex -7.814504e-01 -5.677570e-01 2.588190e-01
    endloop
  endfacet
  facet normal 0.000000e+00 0.000000e+00 1.000000e+00
    outer loop
      vertex -7.694209e-01 -5.590170e-01 3.090170e-01
      vertex -7.814504e-01 -5.677570e-01 2.588190e-01
      vertex -7.178228e-01 -6.463305e-01 2.588190e-01
    endloop
  endfacet
  facet normal 0.000000e+00 0.000000e+00 1.000000e+00
    outer loop
      vertex -7.067727e-01 -6.363810e-01 3.090170e-01
      vertex -7.178228e-01 -6.463305e-01 2.588190e-01
      vertex -6.463305e-01 -7.178228e-01 2.588190e-01
    endloop
  endfacet
  facet normal 0.000000e+00 0.000000e+00 1.000000e+00
    outer loop
      vertex -6.363810e-01 -7.067727e-01 3.090170e-01
      vertex -6.463305e-01 -7.178228e-01 2.588190e-01
      vertex -5.677570e-01 -7.814504e-01 2.588190e-01
    endloop
  endfacet
  facet normal 0.000000e+00 0.000000e+00 1.000000e+00
    outer loop
      vertex -5.590170e-01 -7.694209e-01 3.090170e-01
      vertex -5.677570e-01 -7.814504e-01 2.588190e-01
      vertex -4.829629e-01 -8.365163e-01 2.588190e-01
    endloop
  endfacet
  facet normal 0.000000e+00 0.000000e+00 1.000000e+00
    outer loop
      vertex -4.755283e-01 -8.236391e-01 3.090170e-01
      vertex -4.829629e-01 -8.365163e-01 2.588190e-01
      vertex -3.928774e-01 -8.824172e-01 2.588190e-01
    endloop
  endfacet
  facet normal 0.000000e+00 0.000000e+00 1.000000e+00
    outer loop
      vertex -3.868295e-01 -8.688334e-01 3.090170e-01
      vertex -3.928774e-01 -8.824172e-01 2.588190e-01
      vertex -2.984875e-01 -9.186501e-01 2.588190e-01
    endloop
  endfacet
  facet normal 0.000000e+00 0.000000e+00 1.000000e+00
    outer loop
      vertex -2.938926e-01 -9.045085e-01 3.090170e-01
      vertex -2.984875e-01 -9.186501e-01 2.588190e-01
      vertex -2.008273e-01 -9.448180e-01 2.588190e-01
    endloop
  endfacet
  facet normal 0.000000e+00 0.000000e+00 1.000000e+00
    outer loop
      vertex -1.977358e-01 -9.302736e-01 3.090170e-01
      vertex -2.008273e-01 -9.448180e-01 2.588190e-01
      vertex -1.009667e-01 -9.606344e-01 2.588190e-01
    endloop
  endfacet
  facet normal 0.000000e+00 0.000000e+00 1.000000e+00
    outer loop
      vertex -9.941248e-02 -9.458465e-01 3.090170e-01
      vertex -1.009667e-01 -9.606344e-01 2.588190e-01
      vertex -1.774377e-16 -9.659258e-01 2.588190e-01
    endloop
  endfacet
  facet normal 0.000000e+00 0.000000e+00 1.000000e+00
    outer loop
      vertex -1.747062e-16 -9.510565e-01 3.090170e-01
      vertex -1.774377e-16 -9.659258e-01 2.588190e-01
      vertex 1.009667e-01 -9.606344e-01 2.588190e-01
    endloop
  endfacet
  facet normal 0.000000e+00 0.000000e+00 1.000000e+00
    outer loop
      vertex 9.941248e-02 -9.458465e-01 3.090170e-01
      vertex 1.009667e-01 -9.606344e-01 2.588190e-01
      vertex 2.008273e-01 -9.448180e-01 2.588190e-01
    endloop
  endfacet
  facet normal 0.000000e+00 0.000000e+00 1.000000e+00
    outer loop
      vertex 1.977358e-01 -9.302736e-01 3.090170e-01
      vertex 2.008273e-01 -9.448180e-01 2.588190e-01
      vertex 2.984875e-01 -9.186501e-01 2.588190e-01
    endloop
  endfacet
  facet normal 0.000000e+00 0.000000e+00 1.000000e+00
    outer loop
      vertex 2.938926e-01 -9.045085e-01 3.090170e-01
      vertex 2.984875e-01 -9.186501e-01 2.588190e-01
      vertex 3.928774e-01 -8.824172e-01 2.588190e-01
    endloop
  endfacet
  facet normal 0.000000e+00 0.000000e+00 1.000000e+00
    outer loop
      vertex 3.868295e-01 -8.688334e-01 3.090170e-01
      vertex 3.928774e-01 -8.824172e-01 2.588190e-01
      vertex 4.829629e-01 -8.365163e-01 2.588190e-01
    endloop
  endfacet
  facet normal 0.000000e+00 0.000000e+00 1.000000e+00
    outer loop
      vertex 4.755283e-01 -8.236391e-01 3.090170e-01
      vertex 4.829629e-01 -8.365163e-01 2.588190e-01
      vertex 5.677570e-01 -7.814504e-01 2.588190e-01
    endloop
  endfacet
  facet normal 0.000000e+00 0.000000e+00 1.000000e+00
    outer loop
      vertex 5.590170e-01 -7.694209e-01 3.090170e-01
      vertex 5.677570e-01 -7.814504e-01 2.588190e-01
      vertex 6.463305e-01 -7.178228e-01 2.588190e-01
    endloop
  endfacet
  facet normal 0.000000e+00 0.000000e+00 1.000000e+00
    outer loop
      vertex 6.363810e-01 -7.067727e-01 3.090170e-01
      vertex 6.463305e-01 -7.178228e-01 2.588190e-01
      vertex 7.178228e-01 -6.463305e-01 2.588190e-01
    endloop
  endfacet
  facet normal 0.000000e+00 0.000000e+00 1.000000e+00
    outer loop
      vertex 7.067727e-01 -6.363810e-01 3.090170e-01
      vertex 7.178228e-01 -6.463305e-01 2.588190e-01
      vertex 7.814504e-01 -5.677570e-01 2.588190e-01
    endloop
  endfacet
  facet normal 0.000000e+00 0.000000e+00 1.000000e+00
    outer loop
      vertex 7.694209e-01 -5.590170e-01 3.090170e-01
      vertex 7.814504e-01 -5.677570e-01 2.588190e-01
      vertex 8.365163e-01 -4.829629e-01 2.588190e-01
    endloop
  endfacet
  facet normal 0.000000e+00 0.000000e+00 1.000000e+00
    outer loop
      vertex 8.236391e-01 -4.755283e-01 3.090170e-01
      vertex 8.365163e-01 -4.829629e-01 2.588190e-01
      vertex 8.824172e-01 -3.928774e-01 2.588190e-01
    endloop
  endfacet
  facet normal 0.000000e+00 0.000000e+00 1.000000e+00
    outer loop
      vertex 8.688334e-01 -3.868295e-01 3.090170e-01
      vertex 8.824172e-01 -3.928774e-01 2.588190e-01
      vertex 9.186501e-01 -2.984875e-01 2.588190e-01
    endloop
  endfacet
  facet normal 0.000000e+00 0.000000e+00 1.000000e+00
    outer loop
      vertex 9.045085e-01 -2.938926e-01 3.090170e-01
      vertex 9.186501e-01 -2.984875e-01 2.588190e-01
      vertex 9.448180e-01 -2.008273e-01 2.588190e-01
    endloop
  endfacet
  facet normal 0.000000e+00 0.000000e+00 1.000000e+00
    outer loop
      vertex 9.302736e-01 -1.977358e-01 3.090170e-01
      vertex 9.448180e-01 -2.008273e-01 2.588190e-01
      vertex 9.606344e-01 -1.009667e-01 2.588190e-01
    endloop
  endfacet
  facet normal 0.000000e+00 0.000000e+00 1.000000e+00
    outer loop
      vertex 9.458465e-01 -9.941248e-02 3.090170e-01
      vertex 9.606344e-01 -1.009667e-01 2.588190e-01
      vertex 9.659258e-01 -1.094498e-15 2.588190e-01
    endloop
  endfacet
  facet normal 0.000000e+00 0.000000e+00 1.000000e+00
    outer loop
      vertex 9.659258e-01 0.000000e+00 2.588190e-01
      vertex 9.781476e-01 0.000000e+00 2.079117e-01
      vertex 9.727892e-01 1.022443e-01 2.079117e-01
    endloop
  endfacet
  facet normal 0.000000e+00 0.000000e+00 1.000000e+00
    outer loop
      vertex 9.606344e-01 1.009667e-01 2.588190e-01
      vertex 9.727892e-01 1.022443e-01 2.079117e-01
      vertex 9.567727e-01 2.033683e-01 2.079117e-01
    endloop
  endfacet
  facet normal 0.000000e+00 0.000000e+00 1.000000e+00
    outer loop
      vertex 9.448180e-01 2.008273e-01 2.588190e-01
      vertex 9.567727e-01 2.033683e-01 2.079117e-01
      vertex 9.302736e-01 3.022642e-01 2.079117e-01
    endloop
  endfacet
  facet normal 0.000000e+00 0.000000e+00 1.000000e+00
    outer loop
      vertex 9.186501e-01 2.984875e-01 2.588190e-01
      vertex 9.302736e-01 3.022642e-01 2.079117e-01
      vertex 8.935823e-01 3.978485e-01 2.079117e-01
    endloop
  endfacet
  facet normal 0.000000e+00 0.000000e+00 1.000000e+00
    outer loop
      vertex 8.824172e-01 3.928774e-01 2.588190e-01
      vertex 8.935823e-01 3.978485e-01 2.079117e-01
      vertex 8.471007e-01 4.890738e-01 2.079117e-01
    endloop
  endfacet
  facet normal 0.000000e+00 0.000000e+00 1.000000e+00
    outer loop
      vertex 8.365163e-01 4.829629e-01 2.588190e-01
      vertex 8.471007e-01 4.890738e-01 2.079117e-01
      vertex 7.913380e-01 5.749407e-01 2.079117e-01
    endloop
  endfacet
  facet normal 0.000000e+00 0.000000e+00 1.000000e+00
    outer loop
      vertex 7.814504e-01 5.677570e-01 2.588190e-01
      vertex 7.913380e-01 5.749407e-01 2.079117e-01
      vertex 7.269053e-01 6.545085e-01 2.079117e-01
    endloop
  endfacet
  facet normal 0.000000e+00 0.000000e+00 1.000000e+00
    outer loop
      vertex 7.178228e-01 6.463305e-01 2.588190e-01
      vertex 7.269053e-01 6.545085e-01 2.079117e-01
      vertex 6.545085e-01 7.269053e-01 2.079117e-01
    endloop
  endfacet
  facet normal 0.000000e+00 0.000000e+00 1.000000e+00
    outer loop
      vertex 6.463305e-01 7.178228e-01 2.588190e-01
      vertex 6.545085e-01 7.269053e-01 2.079117e-01
      vertex 5.749407e-01 7.913380e-01 2.079117e-01
    endloop
  endfacet
  facet normal 0.000000e+00 0.000000e+00 1.000000e+00
    outer loop
      vertex 5.677570e-01 7.814504e-01 2.588190e-01
      vertex 5.749407e-01 7.913380e-01 2.079117e-01
      vertex 4.890738e-01 8.471007e-01 2.079117e-01
    endloop
  endfacet
  facet normal 0.000000e+00 0.000000e+00 1.000000e+00
    outer loop
      vertex 4.829629e-01 8.365163e-01 2.588190e-01
      vertex 4.890738e-01 8.471007e-01 2.079117e-01
      vertex 3.978485e-01 8.935823e-01 2.079117e-01
    endloop
  endfacet
  facet normal 0.000000e+00 0.000000e+00 1.000000e+00
    outer loop
      vertex 3.928774e-01 8.824172e-01 2.588190e-01
      vertex 3.978485e-01 8.935823e-01 2.079117e-01
      vertex 3.022642e-01 9.302736e-01 2.079117e-01
    endloop
  endfacet
  facet normal 0.000000e+00 0.000000e+00 1.000000e+00
    outer loop
      vertex 2.984875e-01 9.186501e-01 2.588190e-01
      vertex 3.022642e-01 9.302736e-01 2.079117e-01
      vertex 2.033683e-01 9.567727e-01 2.079117e-01
    endloop
  endfacet
  facet normal 0.000000e+00 0.000000e+00 1.000000e+00
    outer loop
      vertex 2.008273e-01 9.448180e-01 2.588190e-01
      vertex 2.033683e-01 9.567727e-01 2.079117e-01
      vertex 1.022443e-01 9.727892e-01 2.079117e-01
    endloop
  endfacet
  facet normal 0.000000e+00 0.000000e+00 1.000000e+00
    outer loop
      vertex 1.009667e-01 9.606344e-01 2.588190e-01
      vertex 1.022443e-01 9.727892e-01 2.079117e-01
      vertex 2.770867e-16 9.781476e-01 2.079117e-01
    endloop
  endfacet
  facet normal 0.000000e+00 0.000000e+00 1.000000e+00
    outer loop
      vertex 2.736245e-16 9.659258e-01 2.588190e-01
      vertex 2.770867e-16 9.781476e-01 2.079117e-01
      vertex -1.022443e-01 9.727892e-01 2.079117e-01
    endloop
  endfacet
  facet normal 0.000000e+00 0.000000e+00 1.000000e+00
    outer loop
      vertex -1.009667e-01 9.606344e-01 2.588190e-01
      vertex -1.022443e-01 9.727892e-01 2.079117e-01
      vertex -2.033683e-01 9.567727e-01 2.079117e-01
    endloop
  endfacet
  facet normal 0.000000e+00 0.000000e+00 1.000000e+00
    outer loop
      vertex -2.008273e-01 9.448180e-01 2.588190e-01
      vertex -2.033683e-01 9.567727e-01 2.079117e-01
      vertex -3.022642e-01 9.302736e-01 2.079117e-01
    endloop
  endfacet
  facet normal 0.000000e+00 0.000000e+00 1.000000e+00
    outer loop
      vertex -2.984875e-01 9.186501e-01 2.588190e-01
      vertex -3.022642e-01 9.302736e-01 2.079117e-01
      vertex -3.978485e-01 8.935823e-01 2.079117e-01
    endloop
  endfacet
  facet normal 0.000000e+00 0.000000e+00 1.000000e+00
    outer loop
      vertex -3.928774e-01 8.824172e-01 2.588190e-01
      vertex -3.978485e-01 8.935823e-01 2.079117e-01
      vertex -4.890738e-01 8.471007e-01 2.079117e-01
    endloop
  endfacet
  facet normal 0.000000e+00 0.000000e+00 1.000000e+00
    outer loop
      vertex -4.829629e-01 8.365163e-01 2.588190e-01
      vertex -4.890738e-01 8.471007e-01 2.079117e-01
      vertex -5.749407e-01 7.913380e-01 2.079117e-01
    endloop
  endfacet
  facet normal 0.000000e+00 0.000000e+00 1.000000e+00
    outer loop
      vertex -5.677570e-01 7.814504e-01 2.588190e-01
      vertex -5.749407e-01 7.913380e-01 2.079117e-01
      vertex -6.545085e-01 7.269053e-01 2.079117e-01
    endloop
  endfacet
  facet normal 0.000000e+00 0.000000e+00 1.000000e+00
    outer loop
      vertex -6.463305e-01 7.178228e-01 2.588190e-01
      vertex -6.545085e-01 7.269053e-01 2.079117e-01
      vertex -7.269053e-01 6.545085e-01 2.079117e-01
    endloop
  endfacet
  facet normal 0.000000e+00 0.000000e+00 1.000000e+00
    outer loop
      vertex -7.178228e-01 6.463305e-01 2.588190e-01
      vertex -7.269053e-01 6.545085e-01 2.079117e-01
      vertex -7.913380e-01 5.749407e-01 2.079117e-01
    endloop
  endfacet
  facet normal 0.000000e+00 0.000000e+00 1.000000e+00
    outer loop
      vertex -7.814504e-01 5.677570e-01 2.588190e-01
      vertex -7.913380e-01 5.749407e-01 2.079117e-01
      vertex -8.471007e-01 4.890738e-01 2.079117e-01
    endloop
  endfacet
  facet normal 0.000000e+00 0.000000e+00 1.000000e+00
    outer loop
      vertex -8.365163e-01 4.829629e-01 2.588190e-01
      vertex -8.471007e-01 4.890738e-01 2.079117e-01
      vertex -8.935823e-01 3.978485e-01 2.079117e-01
    endloop
  endfacet
  facet normal 0.000000e+00 0.000000e+00 1.000000e+00
    outer loop
      vertex -8.824172e-01 3.928774e-01 2.588190e-01
      vertex -8.935823e-01 3.978485e-01 2.079117e-01
      vertex -9.302736e-01 3.022642e-01 2.079117e-01
    endloop
  endfacet
  facet normal 0.000000e+00 0.000000e+00 1.000000e+00
    outer loop
      vertex -9.186501e-01 2.984875e-01 2.588190e-01
      vertex -9.302736e-01 3.022642e-01 2.079117e-01
      vertex -9.567727e-01 2.033683e-01 2.079117e-01
    endloop
  endfacet
  facet normal 0.000000e+00 0.000000e+00 1.000000e+00
    outer loop
      vertex -9.448180e-01 2.008273e-01 2.588190e-01
      vertex -9.567727e-01 2.033683e-01 2.079117e-01
      vertex -9.727892e-01 1.022443e-01 2.079117e-01
    endloop
  endfacet
  facet normal 0.000000e+00 0.000000e+00 1.000000e+00
    outer loop
      vertex -9.606344e-01 1.009667e-01 2.588190e-01
      vertex -9.727892e-01 1.022443e-01 2.079117e-01
      vertex -9.781476e-01 5.541733e-16 2.079117e-01
    endloop
  endfacet
  facet normal 0.000000e+00 0.000000e+00 1.000000e+00
    outer loop
      vertex -9.659258e-01 5.472490e-16 2.588190e-01
      vertex -9.781476e-01 5.541733e-16 2.079117e-01
      vertex -9.727892e-01 -1.022443e-01 2.079117e-01
    endloop
  endfacet
  facet normal 0.000000e+00 0.000000e+00 1.000000e+00
    outer loop
      vertex -9.606344e-01 -1.009667e-01 2.588190e-01
      vertex -9.727892e-01 -1.022443e-01 2.079117e-01
      vertex -9.567727e-01 -2.033683e-01 2.079117e-01
    endloop
  endfacet
  facet normal 0.000000e+00 0.000000e+00 1.000000e+00
    outer loop
      vertex -9.448180e-01 -2.008273e-01 2.588190e-01
      vertex -9.567727e-01 -2.033683e-01 2.079117e-01
      vertex -9.302736e-01 -3.022642e-01 2.079117e-01
    endloop
  endfacet
  facet normal 0.000000e+00 0.000000e+00 1.000000e+00
    outer loop
      vertex -9.186501e-01 -2.984875e-01 2.588190e-01
      vertex -9.302736e-01 -3.022642e-01 2.079117e-01
      vertex -8.935823e-01 -3.978485e-01 2.079117e-01
    endloop
  endfacet
  facet normal 0.000000e+00 0.000000e+00 1.000000e+00
    outer loop
      vertex -8.824172e-01 -3.928774e-01 2.588190e-01
      vertex -8.935823e-01 -3.978485e-01 2.079117e-01
      vertex -8.471007e-01 -4.890738e-01 2.079117e-01
    endloop
  endfacet
  facet normal 0.000000e+00 0.000000e+00 1.000000e+00
    outer loop
      vertex -8.365163e-01 -4.829629e-01 2.588190e-01
      vertex -8.471007e-01 -4.890738e-01 2.079117e-01
      vertex -7.913380e-01 -5.749407e-01 2.079117e-01
    endloop
  endfacet
  facet normal 0.000000e+00 0.000000e+00 1.000000e+00
    outer loop
      vertex -7.814504e-01 -5.677570e-01 2.588190e-01
      vertex -7.913380e-01 -5.749407e-01 2.079117e-01
      vertex -7.269053e-01 -6.545085e-01 2.079117e-01
    endloop
  endfacet
  facet normal 0.000000e+00 0.000000e+00 1.000000e+00
    outer loop
      vertex -7.178228e-01 -6.463305e-01 2.588190e-01
      vertex -7.269053e-01 -6.545085e-01 2.079117e-01
      vertex -6.545085e-01 -7.269053e-01 2.079117e-01
    endloop
  endfacet
  facet normal 0.000000e+00 0.000000e+00 1.000000e+00
    outer loop
      vertex -6.463305e-01 -7.178228e-01 2.588190e-01
      vertex -6.545085e-01 -7.269053e-01 2.079117e-01
      vertex -5.749407e-01 -7.913380e-01 2.079117e-01
    endloop
  endfacet
  facet normal 0.000000e+00 0.000000e+00 1.000000e+00
    outer loop
      vertex -5.677570e-01 -7.814504e-01 2.588190e-01
      vertex -5.749407e-01 -7.913380e-01 2.079117e-01
      vertex -4.890738e-01 -8.471007e-01 2.079117e-01
    endloop
  endfacet
  facet normal 0.000000e+00 0.000000e+00 1.000000e+00
    outer loop
      vertex -4.829629e-01 -8.365163e-01 2.588190e-01
      vertex -4.890738e-01 -8.471007e-01 2.079117e-01
      vertex -3.978485e-01 -8.935823e-01 2.079117e-01
    endloop
  endfacet
  facet normal 0.000000e+00 0.000000e+00 1.000000e+00
    outer loop
      vertex -3.928774e-01 -8.824172e-01 2.588190e-01
      vertex -3.978485e-01 -8.935823e-01 2.079117e-01
      vertex -3.022642e-01 -9.302736e-01 2.079117e-01
    endloop
  endfacet
  facet normal 0.000000e+00 0.000000e+00 1.000000e+00
    outer loop
      vertex -2.984875e-01 -9.186501e-01 2.588190e-01
      vertex -3.022642e-01 -9.302736e-01 2.079117e-01
      vertex -2.033683e-01 -9.567727e-01 2.079117e-01
    endloop
  endfacet
  facet normal 0.000000e+00 0.000000e+00 1.000000e+00
    outer loop
      vertex -2.008273e-01 -9.448180e-01 2.588190e-01
      vertex -2.033683e-01 -9.567727e-01 2.079117e-01
      vertex -1.022443e-01 -9.727892e-01 2.079117e-01
    endloop
  endfacet
  facet normal 0.000000e+00 0.000000e+00 1.000000e+00
    outer loop
      vertex -1.009667e-01 -9.606344e-01 2.588190e-01
      vertex -1.022443e-01 -9.727892e-01 2.079117e-01
      vertex -1.796828e-16 -9.781476e-01 2.079117e-01
    endloop
  endfacet
  facet normal 0.000000e+00 0.000000e+00 1.000000e+00
    outer loop
      vertex -1.774377e-16 -9.659258e-01 2.588190e-01
      vertex -1.796828e-16 -9.781476e-01 2.079117e-01
      vertex 1.022443e-01 -9.727892e-01 2.079117e-01
    endloop
  endfacet
  facet normal 0.000000e+00 0.000000e+00 1.000000e+00
    outer loop
      vertex 1.009667e-01 -9.606344e-01 2.588190e-01
      vertex 1.022443e-01 -9.727892e-01 2.079117e-01
      vertex 2.033683e-01 -9.567727e-01 2.079117e-01
    endloop
  endfacet
  facet normal 0.000000e+00 0.000000e+00 1.000000e+00
    outer loop
      vertex 2.008273e-01 -9.448180e-01 2.588190e-01
      vertex 2.033683e-01 -9.567727e-01 2.079117e-01
      vertex 3.022642e-01 -9.302736e-01 2.079117e-01
    endloop
  endfacet
  facet normal 0.000000e+00 0.000000e+00 1.000000e+00
    outer loop
      vertex 2.984875e-01 -9.186501e-01 2.588190e-01
      vertex 3.022642e-01 -9.302736e-01 2.079117e-01
      vertex 3.978485e-01 -8.935823e-01 2.079117e-01
    endloop
  endfacet
  facet normal 0.000000e+00 0.000000e+00 1.000000e+00
    outer loop
      vertex 3.928774e-01 -8.824172e-01 2.588190e-01
      vertex 3.978485e-01 -8.935823e-01 2.079117e-01
      vertex 4.890738e-01 -8.471007e-01 2.079117e-01
    endloop
  endfacet
  facet normal 0.000000e+00 0.000000e+00 1.000000e+00
    outer loop
      vertex 4.829629e-01 -8.365163e-01 2.588190e-01
      vertex 4.890738e-01 -8.471007e-01 2.079117e-01
      vertex 5.749407e-01 -7.913380e-01 2.079117e-01
    endloop
  endfacet
  facet normal 0.000000e+00 0.000000e+00 1.000000e+00
    outer loop
      vertex 5.677570e-01 -7.814504e-01 2.588190e-01
      vertex 5.749407e-01 -7.913380e-01 2.079117e-01
      vertex 6.545085e-01 -7.269053e-01 2.079117e-01
    endloop
  endfacet
  facet normal 0.000000e+00 0.000000e+00 1.000000e+00
    outer loop
      vertex 6.463305e-01 -7.178228e-01 2.588190e-01
      vertex 6.545085e-01 -7.269053e-01 2.079117e-01
      vertex 7.269053e-01 -6.545085e-01 2.079117e-01
    endloop
  endfacet
  facet normal 0.000000e+00 0.000000e+00 1.000000e+00
    outer loop
      vertex 7.178228e-01 -6.463305e-01 2.588190e-01
      vertex 7.269053e-01 -6.545085e-01 2.079117e-01
      vertex 7.913380e-01 -5.749407e-01 2.079117e-01
    endloop
  endfacet
  facet normal 0.000000e+00 0.000000e+00 1.000000e+00
    outer loop
      vertex 7.814504e-01 -5.677570e-01 2.588190e-01
      vertex 7.913380e-01 -5.749407e-01 2.079117e-01
      vertex 8.471007e-01 -4.890738e-01 2.079117e-01
    endloop
  endfacet
  facet normal 0.000000e+00 0.000000e+00 1.000000e+00
    outer loop
      vertex 8.365163e-01 -4.829629e-01 2.588190e-01
      vertex 8.471007e-01 -4.890738e-01 2.079117e-01
      vertex 8.935823e-01 -3.978485e-01 2.079117e-01
    endloop
  endfacet
  facet normal 0.000000e+00 0.000000e+00 1.000000e+00
    outer loop
      vertex 8.824172e-01 -3.928774e-01 2.588190e-01
      vertex 8.935823e-01 -3.978485e-01 2.079117e-01
      vertex 9.302736e-01 -3.022642e-01 2.079117e-01
    endloop
  endfacet
  facet normal 0.000000e+00 0.000000e+00 1.000000e+00
    outer loop
      vertex 9.186501e-01 -2.984875e-01 2.588190e-01
      vertex 9.302736e-01 -3.022642e-01 2.079117e-01
      vertex 9.567727e-01 -2.033683e-01 2.079117e-01
    endloop
  endfacet
  facet normal 0.000000e+00 0.000000e+00 1.000000e+00
    outer loop
      vertex 9.448180e-01 -2.008273e-01 2.588190e-01
      vertex 9.567727e-01 -2.033683e-01 2.079117e-01
      vertex 9.727892e-01 -1.022443e-01 2.079117e-01
    endloop
  endfacet
  facet normal 0.000000e+00 0.000000e+00 1.000000e+00
    outer loop
      vertex 9.606344e-01 -1.009667e-01 2.588190e-01
      vertex 9.727892e-01 -1.022443e-01 2.079117e-01
      vertex 9.781476e-01 -1.108347e-15 2.079117e-01
    endloop
  endfacet
  facet normal 0.000000e+00 0.000000e+00 1.000000e+00
    outer loop
      vertex 9.781476e-01 0.000000e+00 2.079117e-01
      vertex 9.876883e-01 0.000000e+00 1.564345e-01
      vertex 9.822777e-01 1.032415e-01 1.564345e-01
    endloop
  endfacet
  facet normal 0.000000e+00 0.000000e+00 1.000000e+00
    outer loop
      vertex 9.727892e-01 1.022443e-01 2.079117e-01
      vertex 9.822777e-01 1.032415e-01 1.564345e-01
      vertex 9.661050e-01 2.053520e-01 1.564345e-01
    endloop
  endfacet
  facet normal 0.000000e+00 0.000000e+00 1.000000e+00
    outer loop
      vertex 9.567727e-01 2.033683e-01 2.079117e-01
      vertex 9.661050e-01 2.053520e-01 1.564345e-01
      vertex 9.393474e-01 3.052125e-01 1.564345e-01
    endloop
  endfacet
  facet normal 0.000000e+00 0.000000e+00 1.000000e+00
    outer loop
      vertex 9.302736e-01 3.022642e-01 2.079117e-01
      vertex 9.393474e-01 3.052125e-01 1.564345e-01
      vertex 9.022982e-01 4.017290e-01 1.564345e-01
    endloop
  endfacet
  facet normal 0.000000e+00 0.000000e+00 1.000000e+00
    outer loop
      vertex 8.935823e-01 3.978485e-01 2.079117e-01
      vertex 9.022982e-01 4.017290e-01 1.564345e-01
      vertex 8.553632e-01 4.938442e-01 1.564345e-01
    endloop
  endfacet
  facet normal 0.000000e+00 0.000000e+00 1.000000e+00
    outer loop
      vertex 8.471007e-01 4.890738e-01 2.079117e-01
      vertex 8.553632e-01 4.938442e-01 1.564345e-01
      vertex 7.990567e-01 5.805486e-01 1.564345e-01
    endloop
  endfacet
  facet normal 0.000000e+00 0.000000e+00 1.000000e+00
    outer loop
      vertex 7.913380e-01 5.749407e-01 2.079117e-01
      vertex 7.990567e-01 5.805486e-01 1.564345e-01
      vertex 7.339955e-01 6.608925e-01 1.564345e-01
    endloop
  endfacet
  facet normal 0.000000e+00 0.000000e+00 1.000000e+00
    outer loop
      vertex 7.269053e-01 6.545085e-01 2.079117e-01
      vertex 7.339955e-01 6.608925e-01 1.564345e-01
      vertex 6.608925e-01 7.339955e-01 1.564345e-01
    endloop
  endfacet
  facet normal 0.000000e+00 0.000000e+00 1.000000e+00
    outer loop
      vertex 6.545085e-01 7.269053e-01 2.079117e-01
      vertex 6.608925e-01 7.339955e-01 1.564345e-01
      vertex 5.805486e-01 7.990567e-01 1.564345e-01
    endloop
  endfacet
  facet normal 0.000000e+00 0.000000e+00 1.000000e+00
    outer loop
      vertex 5.749407e-01 7.913380e-01 2.079117e-01
      vertex 5.805486e-01 7.990567e-01 1.564345e-01
      vertex 4.938442e-01 8.553632e-01 1.564345e-01
    endloop
  endfacet
  facet normal 0.000000e+00 0.000000e+00 1.000000e+00
    outer loop
      vertex 4.890738e-01 8.471007e-01 2.079117e-01
      vertex 4.938442e-01 8.553632e-01 1.564345e-01
      vertex 4.017290e-01 9.022982e-01 1.564345e-01
    endloop
  endfacet
  facet normal 0.000000e+00 0.000000e+00 1.000000e+00
    outer loop
      vertex 3.978485e-01 8.935823e-01 2.079117e-01
      vertex 4.017290e-01 9.022982e-01 1.564345e-01
      vertex 3.052125e-01 9.393474e-01 1.564345e-01
    endloop
  endfacet
  facet normal 0.000000e+00 0.000000e+00 1.000000e+00
    outer loop
      vertex 3.022642e-01 9.302736e-01 2.079117e-01
      vertex 3.052125e-01 9.393474e-01 1.564345e-01
      vertex 2.053520e-01 9.661050e-01 1.564345e-01
    endloop
  endfacet
  facet normal 0.000000e+00 0.000000e+00 1.000000e+00
    outer loop
      vertex 2.033683e-01 9.567727e-01 2.079117e-01
      vertex 2.053520e-01 9.661050e-01 1.564345e-01
      vertex 1.032415e-01 9.822777e-01 1.564345e-01
    endloop
  endfacet
  facet normal 0.000000e+00 0.000000e+00 1.000000e+00
    outer loop
      vertex 1.022443e-01 9.727892e-01 2.079117e-01
      vertex 1.032415e-01 9.822777e-01 1.564345e-01
      vertex 2.797893e-16 9.876883e-01 1.564345e-01
    endloop
  endfacet
  facet normal 0.000000e+00 0.000000e+00 1.000000e+00
    outer loop
      vertex 2.770867e-16 9.781476e-01 2.079117e-01
      vertex 2.797893e-16 9.876883e-01 1.564345e-01
      vertex -1.032415e-01 9.822777e-01 1.564345e-01
    endloop
  endfacet
  facet normal 0.000000e+00 0.000000e+00 1.000000e+00
    outer loop
      vertex -1.022443e-01 9.727892e-01 2.079117e-01
      vertex -1.032415e-01 9.822777e-01 1.564345e-01
      vertex -2.053520e-01 9.661050e-01 1.564345e-01
    endloop
  endfacet
  facet normal 0.000000e+00 0.000000e+00 1.000000e+00
    outer loop
      vertex -2.033683e-01 9.567727e-01 2.079117e-01
      vertex -2.053520e-01 9.661050e-01 1.564345e-01
      vertex -3.052125e-01 9.393474e-01 1.564345e-01
    endloop
  endfacet
  facet normal 0.000000e+00 0.000000e+00 1.000000e+00
    outer loop
      vertex -3.022642e-01 9.302736e-01 2.079117e-01
      vertex -3.052125e-01 9.393474e-01 1.564345e-01
      vertex -4.017290e-01 9.022982e-01 1.564345e-01
    endloop
  endfacet
  facet normal 0.000000e+00 0.000000e+00 1.000000e+00
    outer loop
      vertex -3.978485e-01 8.935823e-01 2.079117e-01
      vertex -4.017290e-01 9.022982e-01 1.564345e-01
      vertex -4.938442e-01 8.553632e-01 1.564345e-01
    endloop
  endfacet
  facet normal 0.000000e+00 0.000000e+00 1.000000e+00
    outer loop
      vertex -4.890738e-01 8.471007e-01 2.079117e-01
      vertex -4.938442e-01 8.553632e-01 1.564345e-01
      vertex -5.805486e-01 7.990567e-01 1.564345e-01
    endloop
  endfacet
  facet normal 0.000000e+00 0.000000e+00 1.000000e+00
    outer loop
      vertex -5.749407e-01 7.913380e-01 2.079117e-01
      vertex -5.805486e-01 7.990567e-01 1.564345e-01
      vertex -6.608925e-01 7.339955e-01 1.564345e-01
    endloop
  endfacet
  facet normal 0.000000e+00 0.000000e+00 1.000000e+00
    outer loop
      vertex -6.545085e-01 7.269053e-01 2.079117e-01
      vertex -6.608925e-01 7.339955e-01 1.564345e-01
      vertex -7.339955e-01 6.608925e-01 1.564345e-01
    endloop
  endfacet
  facet normal 0.000000e+00 0.000000e+00 1.000000e+00
    outer loop
      vertex -7.269053e-01 6.545085e-01 2.079117e-01
      vertex -7.339955e-01 6.608925e-01 1.564345e-01
      vertex -7.990567e-01 5.805486e-01 1.564345e-01
    endloop
  endfacet
  facet normal 0.000000e+00 0.000000e+00 1.000000e+00
    outer loop
      vertex -7.913380e-01 5.749407e-01 2.079117e-01
      vertex -7.990567e-01 5.805486e-01 1.564345e-01
      vertex -8.553632e-01 4.938442e-01 1.564345e-01
    endloop
  endfacet
  facet normal 0.000000e+00 0.000000e+00 1.000000e+00
    outer loop
      vertex -8.471007e-01 4.890738e-01 2.079117e-01
      vertex -8.553632e-01 4.938442e-01 1.564345e-01
      vertex -9.022982e-01 4.017290e-01 1.564345e-01
    endloop
  endfacet
  facet normal 0.000000e+00 0.000000e+00 1.000000e+00
    outer loop
      vertex -8.935823e-01 3.978485e-01 2.079117e-01
      vertex -9.022982e-01 4.017290e-01 1.564345e-01
      vertex -9.393474e-01 3.052125e-01 1.564345e-01
    endloop
  endfacet
  facet normal 0.000000e+00 0.000000e+00 1.000000e+00
    outer loop
      vertex -9.302736e-01 3.022642e-01 2.079117e-01
      vertex -9.393474e-01 3.052125e-01 1.564345e-01
      vertex -9.661050e-01 2.053520e-01 1.564345e-01
    endloop
  endfacet
  facet normal 0.000000e+00 0.000000e+00 1.000000e+00
    outer loop
      vertex -9.567727e-01 2.033683e-01 2.079117e-01
      vertex -9.661050e-01 2.053520e-01 1.564345e-01
      vertex -9.822777e-01 1.032415e-01 1.564345e-01
    endloop
  endfacet
  facet normal 0.000000e+00 0.000000e+00 1.000000e+00
    outer loop
      vertex -9.727892e-01 1.022443e-01 2.079117e-01
      vertex -9.822777e-01 1.032415e-01 1.564345e-01
      vertex -9.876883e-01 5.595787e-16 1.564345e-01
    endloop
  endfacet
  facet normal 0.000000e+00 0.000000e+00 1.000000e+00
    outer loop
      vertex -9.781476e-01 5.541733e-16 2.079117e-01
      vertex -9.876883e-01 5.595787e-16 1.564345e-01
      vertex -9.822777e-01 -1.032415e-01 1.564345e-01
    endloop
  endfacet
  facet normal 0.000000e+00 0.000000e+00 1.000000e+00
    outer loop
      vertex -9.727892e-01 -1.022443e-01 2.079117e-01
      vertex -9.822777e-01 -1.032415e-01 1.564345e-01
      vertex -9.661050e-01 -2.053520e-01 1.564345e-01
    endloop
  endfacet
  facet normal 0.000000e+00 0.000000e+00 1.000000e+00
    outer loop
      vertex -9.567727e-01 -2.033683e-01 2.079117e-01
      vertex -9.661050e-01 -2.053520e-01 1.564345e-01
      vertex -9.393474e-01 -3.052125e-01 1.564345e-01
    endloop
  endfacet
  facet normal 0.000000e+00 0.000000e+00 1.000000e+00
    outer loop
      vertex -9.302736e-01 -3.022642e-01 2.079117e-01
      vertex -9.393474e-01 -3.052125e-01 1.564345e-01
      vertex -9.022982e-01 -4.017290e-01 1.564345e-01
    endloop
  endfacet
  facet normal 0.000000e+00 0.000000e+00 1.000000e+00
    outer loop
      vertex -8.935823e-01 -3.978485e-01 2.079117e-01
      vertex -9.022982e-01 -4.017290e-01 1.564345e-01
      vertex -8.553632e-01 -4.938442e-01 1.564345e-01
    endloop
  endfacet
  facet normal 0.000000e+00 0.000000e+00 1.000000e+00
    outer loop
      vertex -8.471007e-01 -4.890738e-01 2.079117e-01
      vertex -8.553632e-01 -4.938442e-01 1.564345e-01
      vertex -7.990567e-01 -5.805486e-01 1.564345e-01
    endloop
  endfacet
  facet normal 0.000000e+00 0.000000e+00 1.000000e+00
    outer loop
      vertex -7.913380e-01 -5.749407e-01 2.079117e-01
      vertex -7.990567e-01 -5.805486e-01 1.564345e-01
      vertex -7.339955e-01 -6.608925e-01 1.564345e-01
    endloop
  endfacet
  facet normal 0.000000e+00 0.000000e+00 1.000000e+00
    outer loop
      vertex -7.269053e-01 -6.545085e-01 2.079117e-01
      vertex -7.339955e-01 -6.608925e-01 1.564345e-01
      vertex -6.608925e-01 -7.339955e-01 1.564345e-01
    endloop
  endfacet
  facet normal 0.000000e+00 0.000000e+00 1.000000e+00
    outer loop
      vertex -6.545085e-01 -7.269053e-01 2.079117e-01
      vertex -6.608925e-01 -7.339955e-01 1.564345e-01
      vertex -5.805486e-01 -7.990567e-01 1.564345e-01
    endloop
  endfacet
  facet normal 0.000000e+00 0.000000e+00 1.000000e+00
    outer loop
      vertex -5.749407e-01 -7.913380e-01 2.079117e-01
      vertex -5.805486e-01 -7.990567e-01 1.564345e-01
      vertex -4.938442e-01 -8.553632e-01 1.564345e-01
    endloop
  endfacet
  facet normal 0.000000e+00 0.000000e+00 1.000000e+00
    outer loop
      vertex -4.890738e-01 -8.471007e-01 2.079117e-01
      vertex -4.938442e-01 -8.553632e-01 1.564345e-01
      vertex -4.017290e-01 -9.022982e-01 1.564345e-01
    endloop
  endfacet
  facet normal 0.000000e+00 0.000000e+00 1.000000e+00
    outer loop
      vertex -3.978485e-01 -8.935823e-01 2.079117e-01
      vertex -4.017290e-01 -9.022982e-01 1.564345e-01
      vertex -3.052125e-01 -9.393474e-01 1.564345e-01
    endloop
  endfacet
  facet normal 0.000000e+00 0.000000e+00 1.000000e+00
    outer loop
      vertex -3.022642e-01 -9.302736e-01 2.079117e-01
      vertex -3.052125e-01 -9.393474e-01 1.564345e-01
      vertex -2.053520e-01 -9.661050e-01 1.564345e-01
    endloop
  endfacet
  facet normal 0.000000e+00 0.000000e+00 1.000000e+00
    outer loop
      vertex -2.033683e-01 -9.567727e-01 2.079117e-01
      vertex -2.053520e-01 -9.661050e-01 1.564345e-01
      vertex -1.032415e-01 -9.822777e-01 1.564345e-01
    endloop
  endfacet
  facet normal 0.000000e+00 0.000000e+00 1.000000e+00
    outer loop
      vertex -1.022443e-01 -9.727892e-01 2.079117e-01
      vertex -1.032415e-01 -9.822777e-01 1.564345e-01
      vertex -1.814354e-16 -9.876883e-01 1.564345e-01
    endloop
  endfacet
  facet normal 0.000000e+00 0.000000e+00 1.000000e+00
    outer loop
      vertex -1.796828e-16 -9.781476e-01 2.079117e-01
      vertex -1.814354e-16 -9.876883e-01 1.564345e-01
      vertex 1.032415e-01 -9.822777e-01 1.564345e-01
    endloop
  endfacet
  facet normal 0.000000e+00 0.000000e+00 1.000000e+00
    outer loop
      vertex 1.022443e-01 -9.727892e-01 2.079117e-01
      vertex 1.032415e-01 -9.822777e-01 1.564345e-01
      vertex 2.053520e-01 -9.661050e-01 1.564345e-01
    endloop
  endfacet
  facet normal 0.000000e+00 0.000000e+00 1.000000e+00
    outer loop
      vertex 2.033683e-01 -9.567727e-01 2.079117e-01
      vertex 2.053520e-01 -9.661050e-01 1.564345e-01
      vertex 3.052125e-01 -9.393474e-01 1.564345e-01
    endloop
  endfacet
  facet normal 0.000000e+00 0.000000e+00 1.000000e+00
    outer loop
      vertex 3.022642e-01 -9.302736e-01 2.079117e-01
      vertex 3.052125e-01 -9.393474e-01 1.564345e-01
      vertex 4.017290e-01 -9.022982e-01 1.564345e-01
    endloop
  endfacet
  facet normal 0.000000e+00 0.000000e+00 1.000000e+00
    outer loop
      vertex 3.978485e-01 -8.935823e-01 2.079117e-01
      vertex 4.017290e-01 -9.022982e-01 1.564345e-01
      vertex 4.938442e-01 -8.553632e-01 1.564345e-01
    endloop
  endfacet
  facet normal 0.000000e+00 0.000000e+00 1.000000e+00
    outer loop
      vertex 4.890738e-01 -8.471007e-01 2.079117e-01
      vertex 4.938442e-01 -8.553632e-01 1.564345e-01
      vertex 5.805486e-01 -7.990567e-01 1.564345e-01
    endloop
  endfacet
  facet normal 0.000000e+00 0.000000e+00 1.000000e+00
    outer loop
      vertex 5.749407e-01 -7.913380e-01 2.079117e-01
      vertex 5.805486e-01 -7.990567e-01 1.564345e-01
      vertex 6.608925e-01 -7.339955e-01 1.564345e-01
    endloop
  endfacet
  facet normal 0.000000e+00 0.000000e+00 1.000000e+00
    outer loop
      vertex 6.545085e-01 -7.269053e-01 2.079117e-01
      vertex 6.608925e-01 -7.339955e-01 1.564345e-01
      vertex 7.339955e-01 -6.608925e-01 1.564345e-01
    endloop
  endfacet
  facet normal 0.000000e+00 0.000000e+00 1.000000e+00
    outer loop
      vertex 7.269053e-01 -6.545085e-01 2.079117e-01
      vertex 7.339955e-01 -6.608925e-01 1.564345e-01
      vertex 7.990567e-01 -5.805486e-01 1.564345e-01
    endloop
  endfacet
  facet normal 0.000000e+00 0.000000e+00 1.000000e+00
    outer loop
      vertex 7.913380e-01 -5.749407e-01 2.079117e-01
      vertex 7.990567e-01 -5.805486e-01 1.564345e-01
      vertex 8.553632e-01 -4.938442e-01 1.564345e-01
    endloop
  endfacet
  facet normal 0.000000e+00 0.000000e+00 1.000000e+00
    outer loop
      vertex 8.471007e-01 -4.890738e-01 2.079117e-01
      vertex 8.553632e-01 -4.938442e-01 1.564345e-01
      vertex 9.022982e-01 -4.017290e-01 1.564345e-01
    endloop
  endfacet
  facet normal 0.000000e+00 0.000000e+00 1.000000e+00
    outer loop
      vertex 8.935823e-01 -3.978485e-01 2.079117e-01
      vertex 9.022982e-01 -4.017290e-01 1.564345e-01
      vertex 9.393474e-01 -3.052125e-01 1.564345e-01
    endloop
  endfacet
  facet normal 0.000000e+00 0.000000e+00 1.000000e+00
    outer loop
      vertex 9.302736e-01 -3.022642e-01 2.079117e-01
      vertex 9.393474e-01 -3.052125e-01 1.564345e-01
      vertex 9.661050e-01 -2.053520e-01 1.564345e-01
    endloop
  endfacet
  facet normal 0.000000e+00 0.000000e+00 1.000000e+00
    outer loop
      vertex 9.567727e-01 -2.033683e-01 2.079117e-01
      vertex 9.661050e-01 -2.053520e-01 1.564345e-01
      vertex 9.822777e-01 -1.032415e-01 1.564345e-01
    endloop
  endfacet
  facet normal 0.000000e+00 0.000000e+00 1.000000e+00
    outer loop
      vertex 9.727892e-01 -1.022443e-01 2.079117e-01
      vertex 9.822777e-01 -1.032415e-01 1.564345e-01
      vertex 9.876883e-01 -1.119157e-15 1.564345e-01
    endloop
  endfacet
  facet normal 0.000000e+00 0.000000e+00 1.000000e+00
    outer loop
      vertex 9.876883e-01 0.000000e+00 1.564345e-01
      vertex 9.945219e-01 0.000000e+00 1.045285e-01
      vertex 9.890738e-01 1.039558e-01 1.045285e-01
    endloop
  endfacet
  facet normal 0.000000e+00 0.000000e+00 1.000000e+00
    outer loop
      vertex 9.822777e-01 1.032415e-01 1.564345e-01
      vertex 9.890738e-01 1.039558e-01 1.045285e-01
      vertex 9.727892e-01 2.067727e-01 1.045285e-01
    endloop
  endfacet
  facet normal 0.000000e+00 0.000000e+00 1.000000e+00
    outer loop
      vertex 9.661050e-01 2.053520e-01 1.564345e-01
      vertex 9.727892e-01 2.067727e-01 1.045285e-01
      vertex 9.458465e-01 3.073242e-01 1.045285e-01
    endloop
  endfacet
  facet normal 0.000000e+00 0.000000e+00 1.000000e+00
    outer loop
      vertex 9.393474e-01 3.052125e-01 1.564345e-01
      vertex 9.458465e-01 3.073242e-01 1.045285e-01
      vertex 9.085410e-01 4.045085e-01 1.045285e-01
    endloop
  endfacet
  facet normal 0.000000e+00 0.000000e+00 1.000000e+00
    outer loop
      vertex 9.022982e-01 4.017290e-01 1.564345e-01
      vertex 9.085410e-01 4.045085e-01 1.045285e-01
      vertex 8.612812e-01 4.972609e-01 1.045285e-01
    endloop
  endfacet
  facet normal 0.000000e+00 0.000000e+00 1.000000e+00
    outer loop
      vertex 8.553632e-01 4.938442e-01 1.564345e-01
      vertex 8.612812e-01 4.972609e-01 1.045285e-01
      vertex 8.045851e-01 5.845653e-01 1.045285e-01
    endloop
  endfacet
  facet normal 0.000000e+00 0.000000e+00 1.000000e+00
    outer loop
      vertex 7.990567e-01 5.805486e-01 1.564345e-01
      vertex 8.045851e-01 5.845653e-01 1.045285e-01
      vertex 7.390738e-01 6.654650e-01 1.045285e-01
    endloop
  endfacet
  facet normal 0.000000e+00 0.000000e+00 1.000000e+00
    outer loop
      vertex 7.339955e-01 6.608925e-01 1.564345e-01
      vertex 7.390738e-01 6.654650e-01 1.045285e-01
      vertex 6.654650e-01 7.390738e-01 1.045285e-01
    endloop
  endfacet
  facet normal 0.000000e+00 0.000000e+00 1.000000e+00
    outer loop
      vertex 6.608925e-01 7.339955e-01 1.564345e-01
      vertex 6.654650e-01 7.390738e-01 1.045285e-01
      vertex 5.845653e-01 8.045851e-01 1.045285e-01
    endloop
  endfacet
  facet normal 0.000000e+00 0.000000e+00 1.000000e+00
    outer loop
      vertex 5.805486e-01 7.990567e-01 1.564345e-01
      vertex 5.845653e-01 8.045851e-01 1.045285e-01
      vertex 4.972609e-01 8.612812e-01 1.045285e-01
    endloop
  endfacet
  facet normal 0.000000e+00 0.000000e+00 1.000000e+00
    outer loop
      vertex 4.938442e-01 8.553632e-01 1.564345e-01
      vertex 4.972609e-01 8.612812e-01 1.045285e-01
      vertex 4.045085e-01 9.085410e-01 1.045285e-01
    endloop
  endfacet
  facet normal 0.000000e+00 0.000000e+00 1.000000e+00
    outer loop
      vertex 4.017290e-01 9.022982e-01 1.564345e-01
      vertex 4.045085e-01 9.085410e-01 1.045285e-01
      vertex 3.073242e-01 9.458465e-01 1.045285e-01
    endloop
  endfacet
  facet normal 0.000000e+00 0.000000e+00 1.000000e+00
    outer loop
      vertex 3.052125e-01 9.393474e-01 1.564345e-01
      vertex 3.073242e-01 9.458465e-01 1.045285e-01
      vertex 2.067727e-01 9.727892e-01 1.045285e-01
    endloop
  endfacet
  facet normal 0.000000e+00 0.000000e+00 1.000000e+00
    outer loop
      vertex 2.053520e-01 9.661050e-01 1.564345e-01
      vertex 2.067727e-01 9.727892e-01 1.045285e-01
      vertex 1.039558e-01 9.890738e-01 1.045285e-01
    endloop
  endfacet
  facet normal 0.000000e+00 0.000000e+00 1.000000e+00
    outer loop
      vertex 1.032415e-01 9.822777e-01 1.564345e-01
      vertex 1.039558e-01 9.890738e-01 1.045285e-01
      vertex 2.817251e-16 9.945219e-01 1.045285e-01
    endloop
  endfacet
  facet normal 0.000000e+00 0.000000e+00 1.000000e+00
    outer loop
      vertex 2.797893e-16 9.876883e-01 1.564345e-01
      vertex 2.817251e-16 9.945219e-01 1.045285e-01
      vertex -1.039558e-01 9.890738e-01 1.045285e-01
    endloop
  endfacet
  facet normal 0.000000e+00 0.000000e+00 1.000000e+00
    outer loop
      vertex -1.032415e-01 9.822777e-01 1.564345e-01
      vertex -1.039558e-01 9.890738e-01 1.045285e-01
      vertex -2.067727e-01 9.727892e-01 1.045285e-01
    endloop
  endfacet
  facet normal 0.000000e+00 0.000000e+00 1.000000e+00
    outer loop
      vertex -2.053520e-01 9.661050e-01 1.564345e-01
      vertex -2.067727e-01 9.727892e-01 1.045285e-01
      vertex -3.073242e-01 9.458465e-01 1.045285e-01
    endloop
  endfacet
  facet normal 0.000000e+00 0.000000e+00 1.000000e+00
    outer loop
      vertex -3.052125e-01 9.393474e-01 1.564345e-01
      vertex -3.073242e-01 9.458465e-01 1.045285e-01
      vertex -4.045085e-01 9.085410e-01 1.045285e-01
    endloop
  endfacet
  facet normal 0.000000e+00 0.000000e+00 1.000000e+00
    outer loop
      vertex -4.017290e-01 9.022982e-01 1.564345e-01
      vertex -4.045085e-01 9.085410e-01 1.045285e-01
      vertex -4.972609e-01 8.612812e-01 1.045285e-01
    endloop
  endfacet
  facet normal 0.000000e+00 0.000000e+00 1.000000e+00
    outer loop
      vertex -4.938442e-01 8.553632e-01 1.564345e-01
      vertex -4.972609e-01 8.612812e-01 1.045285e-01
      vertex -5.845653e-01 8.045851e-01 1.045285e-01
    endloop
  endfacet
  facet normal 0.000000e+00 0.000000e+00 1.000000e+00
    outer loop
      vertex -5.805486e-01 7.990567e-01 1.564345e-01
      vertex -5.845653e-01 8.045851e-01 1.045285e-01
      vertex -6.654650e-01 7.390738e-01 1.045285e-01
    endloop
  endfacet
  facet normal 0.000000e+00 0.000000e+00 1.000000e+00
    outer loop
      vertex -6.608925e-01 7.339955e-01 1.564345e-01
      vertex -6.654650e-01 7.390738e-01 1.045285e-01
      vertex -7.390738e-01 6.654650e-01 1.045285e-01
    endloop
  endfacet
  facet normal 0.000000e+00 0.000000e+00 1.000000e+00
    outer loop
      vertex -7.339955e-01 6.608925e-01 1.564345e-01
      vertex -7.390738e-01 6.654650e-01 1.045285e-01
      vertex -8.045851e-01 5.845653e-01 1.045285e-01
    endloop
  endfacet
  facet normal 0.000000e+00 0.000000e+00 1.000000e+00
    outer loop
      vertex -7.990567e-01 5.805486e-01 1.564345e-01
      vertex -8.045851e-01 5.845653e-01 1.045285e-01
      vertex -8.612812e-01 4.972609e-01 1.045285e-01
    endloop
  endfacet
  facet normal 0.000000e+00 0.000000e+00 1.000000e+00
    outer loop
      vertex -8.553632e-01 4.938442e-01 1.564345e-01
      vertex -8.612812e-01 4.972609e-01 1.045285e-01
      vertex -9.085410e-01 4.045085e-01 1.045285e-01
    endloop
  endfacet
  facet normal 0.000000e+00 0.000000e+00 1.000000e+00
    outer loop
      vertex -9.022982e-01 4.017290e-01 1.564345e-01
      vertex -9.085410e-01 4.045085e-01 1.045285e-01
      vertex -9.458465e-01 3.073242e-01 1.045285e-01
    endloop
  endfacet
  facet normal 0.000000e+00 0.000000e+00 1.000000e+00
    outer loop
      vertex -9.393474e-01 3.052125e-01 1.564345e-01
      vertex -9.458465e-01 3.073242e-01 1.045285e-01
      vertex -9.727892e-01 2.067727e-01 1.045285e-01
    endloop
  endfacet
  facet normal 0.000000e+00 0.000000e+00 1.000000e+00
    outer loop
      vertex -9.661050e-01 2.053520e-01 1.564345e-01
      vertex -9.727892e-01 2.067727e-01 1.045285e-01
      vertex -9.890738e-01 1.039558e-01 1.045285e-01
    endloop
  endfacet
  facet normal 0.000000e+00 0.000000e+00 1.000000e+00
    outer loop
      vertex -9.822777e-01 1.032415e-01 1.564345e-01
      vertex -9.890738e-01 1.039558e-01 1.045285e-01
      vertex -9.945219e-01 5.634502e-16 1.045285e-01
    endloop
  endfacet
  facet normal 0.000000e+00 0.000000e+00 1.000000e+00
    outer loop
      vertex -9.876883e-01 5.595787e-16 1.564345e-01
      vertex -9.945219e-01 5.634502e-16 1.045285e-01
      vertex -9.890738e-01 -1.039558e-01 1.045285e-01
    endloop
  endfacet
  facet normal 0.000000e+00 0.000000e+00 1.000000e+00
    outer loop
      vertex -9.822777e-01 -1.032415e-01 1.564345e-01
      vertex -9.890738e-01 -1.039558e-01 1.045285e-01
      vertex -9.727892e-01 -2.067727e-01 1.045285e-01
    endloop
  endfacet
  facet normal 0.000000e+00 0.000000e+00 1.000000e+00
    outer loop
      vertex -9.661050e-01 -2.053520e-01 1.564345e-01
      vertex -9.727892e-01 -2.067727e-01 1.045285e-01
      vertex -9.458465e-01 -3.073242e-01 1.045285e-01
    endloop
  endfacet
  facet normal 0.000000e+00 0.000000e+00 1.000000e+00
    outer loop
      vertex -9.393474e-01 -3.052125e-01 1.564345e-01
      vertex -9.458465e-01 -3.073242e-01 1.045285e-01
      vertex -9.085410e-01 -4.045085e-01 1.045285e-01
    endloop
  endfacet
  facet normal 0.000000e+00 0.000000e+00 1.000000e+00
    outer loop
      vertex -9.022982e-01 -4.017290e-01 1.564345e-01
      vertex -9.085410e-01 -4.045085e-01 1.045285e-01
      vertex -8.612812e-01 -4.972609e-01 1.045285e-01
    endloop
  endfacet
  facet normal 0.000000e+00 0.000000e+00 1.000000e+00
    outer loop
      vertex -8.553632e-01 -4.938442e-01 1.564345e-01
      vertex -8.612812e-01 -4.972609e-01 1.045285e-01
      vertex -8.045851e-01 -5.845653e-01 1.045285e-01
    endloop
  endfacet
  facet normal 0.000000e+00 0.000000e+00 1.000000e+00
    outer loop
      vertex -7.990567e-01 -5.805486e-01 1.564345e-01
      vertex -8.045851e-01 -5.845653e-01 1.045285e-01
      vertex -7.390738e-01 -6.654650e-01 1.045285e-01
    endloop
  endfacet
  facet normal 0.000000e+00 0.000000e+00 1.000000e+00
    outer loop
      vertex -7.339955e-01 -6.608925e-01 1.564345e-01
      vertex -7.390738e-01 -6.654650e-01 1.045285e-01
      vertex -6.654650e-01 -7.390738e-01 1.045285e-01
    endloop
  endfacet
  facet normal 0.000000e+00 0.000000e+00 1.000000e+00
    outer loop
      vertex -6.608925e-01 -7.339955e-01 1.564345e-01
      vertex -6.654650e-01 -7.390738e-01 1.045285e-01
      vertex -5.845653e-01 -8.045851e-01 1.045285e-01
    endloop
  endfacet
  facet normal 0.000000e+00 0.000000e+00 1.000000e+00
    outer loop
      vertex -5.805486e-01 -7.990567e-01 1.564345e-01
      vertex -5.845653e-01 -8.045851e-01 1.045285e-01
      vertex -4.972609e-01 -8.612812e-01 1.045285e-01
    endloop
  endfacet
  facet normal 0.000000e+00 0.000000e+00 1.000000e+00
    outer loop
      vertex -4.938442e-01 -8.553632e-01 1.564345e-01
      vertex -4.972609e-01 -8.612812e-01 1.045285e-01
      vertex -4.045085e-01 -9.085410e-01 1.045285e-01
    endloop
  endfacet
  facet normal 0.000000e+00 0.000000e+00 1.000000e+00
    outer loop
      vertex -4.017290e-01 -9.022982e-01 1.564345e-01
      vertex -4.045085e-01 -9.085410e-01 1.045285e-01
      vertex -3.073242e-01 -9.458465e-01 1.045285e-01
    endloop
  endfacet
  facet normal 0.000000e+00 0.000000e+00 1.000000e+00
    outer loop
      vertex -3.052125e-01 -9.393474e-01 1.564345e-01
      vertex -3.073242e-01 -9.458465e-01 1.045285e-01
      vertex -2.067727e-01 -9.727892e-01 1.045285e-01
    endloop
  endfacet
  facet normal 0.000000e+00 0.000000e+00 1.000000e+00
    outer loop
      vertex -2.053520e-01 -9.661050e-01 1.564345e-01
      vertex -2.067727e-01 -9.727892e-01 1.045285e-01
      vertex -1.039558e-01 -9.890738e-01 1.045285e-01
    endloop
  endfacet
  facet normal 0.000000e+00 0.000000e+00 1.000000e+00
    outer loop
      vertex -1.032415e-01 -9.822777e-01 1.564345e-01
      vertex -1.039558e-01 -9.890738e-01 1.045285e-01
      vertex -1.826907e-16 -9.945219e-01 1.045285e-01
    endloop
  endfacet
  facet normal 0.000000e+00 0.000000e+00 1.000000e+00
    outer loop
      vertex -1.814354e-16 -9.876883e-01 1.564345e-01
      vertex -1.826907e-16 -9.945219e-01 1.045285e-01
      vertex 1.039558e-01 -9.890738e-01 1.045285e-01
    endloop
  endfacet
  facet normal 0.000000e+00 0.000000e+00 1.000000e+00
    outer loop
      vertex 1.032415e-01 -9.822777e-01 1.564345e-01
      vertex 1.039558e-01 -9.890738e-01 1.045285e-01
      vertex 2.067727e-01 -9.727892e-01 1.045285e-01
    endloop
  endfacet
  facet normal 0.000000e+00 0.000000e+00 1.000000e+00
    outer loop
      vertex 2.053520e-01 -9.661050e-01 1.564345e-01
      vertex 2.067727e-01 -9.727892e-01 1.045285e-01
      vertex 3.073242e-01 -9.458465e-01 1.045285e-01
    endloop
  endfacet
  facet normal 0.000000e+00 0.000000e+00 1.000000e+00
    outer loop
      vertex 3.052125e-01 -9.393474e-01 1.564345e-01
      vertex 3.073242e-01 -9.458465e-01 1.045285e-01
      vertex 4.045085e-01 -9.085410e-01 1.045285e-01
    endloop
  endfacet
  facet normal 0.000000e+00 0.000000e+00 1.000000e+00
    outer loop
      vertex 4.017290e-01 -9.022982e-01 1.564345e-01
      vertex 4.045085e-01 -9.085410e-01 1.045285e-01
      vertex 4.972609e-01 -8.612812e-01 1.045285e-01
    endloop
  endfacet
  facet normal 0.000000e+00 0.000000e+00 1.000000e+00
    outer loop
      vertex 4.938442e-01 -8.553632e-01 1.564345e-01
      vertex 4.972609e-01 -8.612812e-01 1.045285e-01
      vertex 5.845653e-01 -8.045851e-01 1.045285e-01
    endloop
  endfacet
  facet normal 0.000000e+00 0.000000e+00 1.000000e+00
    outer loop
      vertex 5.805486e-01 -7.990567e-01 1.564345e-01
      vertex 5.845653e-01 -8.045851e-01 1.045285e-01
      vertex 6.654650e-01 -7.390738e-01 1.045285e-01
    endloop
  endfacet
  facet normal 0.000000e+00 0.000000e+00 1.000000e+00
    outer loop
      vertex 6.608925e-01 -7.339955e-01 1.564345e-01
      vertex 6.654650e-01 -7.390738e-01 1.045285e-01
      vertex 7.390738e-01 -6.654650e-01 1.045285e-01
    endloop
  endfacet
  facet normal 0.000000e+00 0.000000e+00 1.000000e+00
    outer loop
      vertex 7.339955e-01 -6.608925e-01 1.564345e-01
      vertex 7.390738e-01 -6.654650e-01 1.045285e-01
      vertex 8.045851e-01 -5.845653e-01 1.045285e-01
    endloop
  endfacet
  facet normal 0.000000e+00 0.000000e+00 1.000000e+00
    outer loop
      vertex 7.990567e-01 -5.805486e-01 1.564345e-01
      vertex 8.045851e-01 -5.845653e-01 1.045285e-01
      vertex 8.612812e-01 -4.972609e-01 1.045285e-01
    endloop
  endfacet
  facet normal 0.000000e+00 0.000000e+00 1.000000e+00
    outer loop
      vertex 8.553632e-01 -4.938442e-01 1.564345e-01
      vertex 8.612812e-01 -4.972609e-01 1.045285e-01
      vertex 9.085410e-01 -4.045085e-01 1.045285e-01
    endloop
  endfacet
  facet normal 0.000000e+00 0.000000e+00 1.000000e+00
    outer loop
      vertex 9.022982e-01 -4.017290e-01 1.564345e-01
      vertex 9.085410e-01 -4.045085e-01 1.045285e-01
      vertex 9.458465e-01 -3.073242e-01 1.045285e-01
    endloop
  endfacet
  facet normal 0.000000e+00 0.000000e+00 1.000000e+00
    outer loop
      vertex 9.393474e-01 -3.052125e-01 1.564345e-01
      vertex 9.458465e-01 -3.073242e-01 1.045285e-01
      vertex 9.727892e-01 -2.067727e-01 1.045285e-01
    endloop
  endfacet
  facet normal 0.000000e+00 0.000000e+00 1.000000e+00
    outer loop
      vertex 9.661050e-01 -2.053520e-01 1.564345e-01
      vertex 9.727892e-01 -2.067727e-01 1.045285e-01
      vertex 9.890738e-01 -1.039558e-01 1.045285e-01
    endloop
  endfacet
  facet normal 0.000000e+00 0.000000e+00 1.000000e+00
    outer loop
      vertex 9.822777e-01 -1.032415e-01 1.564345e-01
      vertex 9.890738e-01 -1.039558e-01 1.045285e-01
      vertex 9.945219e-01 -1.126900e-15 1.045285e-01
    endloop
  endfacet
  facet normal 0.000000e+00 0.000000e+00 1.000000e+00
    outer loop
      vertex 9.945219e-01 0.000000e+00 1.045285e-01
      vertex 9.986295e-01 0.000000e+00 5.233596e-02
      vertex 9.931589e-01 1.043852e-01 5.233596e-02
    endloop
  endfacet
  facet normal 0.000000e+00 0.000000e+00 1.000000e+00
    outer loop
      vertex 9.890738e-01 1.039558e-01 1.045285e-01
      vertex 9.931589e-01 1.043852e-01 5.233596e-02
      vertex 9.768071e-01 2.076268e-01 5.233596e-02
    endloop
  endfacet
  facet normal 0.000000e+00 0.000000e+00 1.000000e+00
    outer loop
      vertex 9.727892e-01 2.067727e-01 1.045285e-01
      vertex 9.768071e-01 2.076268e-01 5.233596e-02
      vertex 9.497531e-01 3.085935e-01 5.233596e-02
    endloop
  endfacet
  facet normal 0.000000e+00 0.000000e+00 1.000000e+00
    outer loop
      vertex 9.458465e-01 3.073242e-01 1.045285e-01
      vertex 9.497531e-01 3.085935e-01 5.233596e-02
      vertex 9.122935e-01 4.061792e-01 5.233596e-02
    endloop
  endfacet
  facet normal 0.000000e+00 0.000000e+00 1.000000e+00
    outer loop
      vertex 9.085410e-01 4.045085e-01 1.045285e-01
      vertex 9.122935e-01 4.061792e-01 5.233596e-02
      vertex 8.648385e-01 4.993148e-01 5.233596e-02
    endloop
  endfacet
  facet normal 0.000000e+00 0.000000e+00 1.000000e+00
    outer loop
      vertex 8.612812e-01 4.972609e-01 1.045285e-01
      vertex 8.648385e-01 4.993148e-01 5.233596e-02
      vertex 8.079083e-01 5.869797e-01 5.233596e-02
    endloop
  endfacet
  facet normal 0.000000e+00 0.000000e+00 1.000000e+00
    outer loop
      vertex 8.045851e-01 5.845653e-01 1.045285e-01
      vertex 8.079083e-01 5.869797e-01 5.233596e-02
      vertex 7.421264e-01 6.682136e-01 5.233596e-02
    endloop
  endfacet
  facet normal 0.000000e+00 0.000000e+00 1.000000e+00
    outer loop
      vertex 7.390738e-01 6.654650e-01 1.045285e-01
      vertex 7.421264e-01 6.682136e-01 5.233596e-02
      vertex 6.682136e-01 7.421264e-01 5.233596e-02
    endloop
  endfacet
  facet normal 0.000000e+00 0.000000e+00 1.000000e+00
    outer loop
      vertex 6.654650e-01 7.390738e-01 1.045285e-01
      vertex 6.682136e-01 7.421264e-01 5.233596e-02
      vertex 5.869797e-01 8.079083e-01 5.233596e-02
    endloop
  endfacet
  facet normal 0.000000e+00 0.000000e+00 1.000000e+00
    outer loop
      vertex 5.845653e-01 8.045851e-01 1.045285e-01
      vertex 5.869797e-01 8.079083e-01 5.233596e-02
      vertex 4.993148e-01 8.648385e-01 5.233596e-02
    endloop
  endfacet
  facet normal 0.000000e+00 0.000000e+00 1.000000e+00
    outer loop
      vertex 4.972609e-01 8.612812e-01 1.045285e-01
      vertex 4.993148e-01 8.648385e-01 5.233596e-02
      vertex 4.061792e-01 9.122935e-01 5.233596e-02
    endloop
  endfacet
  facet normal 0.000000e+00 0.000000e+00 1.000000e+00
    outer loop
      vertex 4.045085e-01 9.085410e-01 1.045285e-01
      vertex 4.061792e-01 9.122935e-01 5.233596e-02
      vertex 3.085935e-01 9.497531e-01 5.233596e-02
    endloop
  endfacet
  facet normal 0.000000e+00 0.000000e+00 1.000000e+00
    outer loop
      vertex 3.073242e-01 9.458465e-01 1.045285e-01
      vertex 3.085935e-01 9.497531e-01 5.233596e-02
      vertex 2.076268e-01 9.768071e-01 5.233596e-02
    endloop
  endfacet
  facet normal 0.000000e+00 0.000000e+00 1.000000e+00
    outer loop
      vertex 2.067727e-01 9.727892e-01 1.045285e-01
      vertex 2.076268e-01 9.768071e-01 5.233596e-02
      vertex 1.043852e-01 9.931589e-01 5.233596e-02
    endloop
  endfacet
  facet normal 0.000000e+00 0.000000e+00 1.000000e+00
    outer loop
      vertex 1.039558e-01 9.890738e-01 1.045285e-01
      vertex 1.043852e-01 9.931589e-01 5.233596e-02
      vertex 2.828887e-16 9.986295e-01 5.233596e-02
    endloop
  endfacet
  facet normal 0.000000e+00 0.000000e+00 1.000000e+00
    outer loop
      vertex 2.817251e-16 9.945219e-01 1.045285e-01
      vertex 2.828887e-16 9.986295e-01 5.233596e-02
      vertex -1.043852e-01 9.931589e-01 5.233596e-02
    endloop
  endfacet
  facet normal 0.000000e+00 0.000000e+00 1.000000e+00
    outer loop
      vertex -1.039558e-01 9.890738e-01 1.045285e-01
      vertex -1.043852e-01 9.931589e-01 5.233596e-02
      vertex -2.076268e-01 9.768071e-01 5.233596e-02
    endloop
  endfacet
  facet normal 0.000000e+00 0.000000e+00 1.000000e+00
    outer loop
      vertex -2.067727e-01 9.727892e-01 1.045285e-01
      vertex -2.076268e-01 9.768071e-01 5.233596e-02
      vertex -3.085935e-01 9.497531e-01 5.233596e-02
    endloop
  endfacet
  facet normal 0.000000e+00 0.000000e+00 1.000000e+00
    outer loop
      vertex -3.073242e-01 9.458465e-01 1.045285e-01
      vertex -3.085935e-01 9.497531e-01 5.233596e-02
      vertex -4.061792e-01 9.122935e-01 5.233596e-02
    endloop
  endfacet
  facet normal 0.000000e+00 0.000000e+00 1.000000e+00
    outer loop
      vertex -4.045085e-01 9.085410e-01 1.045285e-01
      vertex -4.061792e-01 9.122935e-01 5.233596e-02
      vertex -4.993148e-01 8.648385e-01 5.233596e-02
    endloop
  endfacet
  facet normal 0.000000e+00 0.000000e+00 1.000000e+00
    outer loop
      vertex -4.972609e-01 8.612812e-01 1.045285e-01
      vertex -4.993148e-01 8.648385e-01 5.233596e-02
      vertex -5.869797e-01 8.079083e-01 5.233596e-02
    endloop
  endfacet
  facet normal 0.000000e+00 0.000000e+00 1.000000e+00
    outer loop
      vertex -5.845653e-01 8.045851e-01 1.045285e-01
      vertex -5.869797e-01 8.079083e-01 5.233596e-02
      vertex -6.682136e-01 7.421264e-01 5.233596e-02
    endloop
  endfacet
  facet normal 0.000000e+00 0.000000e+00 1.000000e+00
    outer loop
      vertex -6.654650e-01 7.390738e-01 1.045285e-01
      vertex -6.682136e-01 7.421264e-01 5.233596e-02
      vertex -7.421264e-01 6.682136e-01 5.233596e-02
    endloop
  endfacet
  facet normal 0.000000e+00 0.000000e+00 1.000000e+00
    outer loop
      vertex -7.390738e-01 6.654650e-01 1.045285e-01
      vertex -7.421264e-01 6.682136e-01 5.233596e-02
      vertex -8.079083e-01 5.869797e-01 5.233596e-02
    endloop
  endfacet
  facet normal 0.000000e+00 0.000000e+00 1.000000e+00
    outer loop
      vertex -8.045851e-01 5.845653e-01 1.045285e-01
      vertex -8.079083e-01 5.869797e-01 5.233596e-02
      vertex -8.648385e-01 4.993148e-01 5.233596e-02
    endloop
  endfacet
  facet normal 0.000000e+00 0.000000e+00 1.000000e+00
    outer loop
      vertex -8.612812e-01 4.972609e-01 1.045285e-01
      vertex -8.648385e-01 4.993148e-01 5.233596e-02
      vertex -9.122935e-01 4.061792e-01 5.233596e-02
    endloop
  endfacet
  facet normal 0.000000e+00 0.000000e+00 1.000000e+00
    outer loop
      vertex -9.085410e-01 4.045085e-01 1.045285e-01
      vertex -9.122935e-01 4.061792e-01 5.233596e-02
      vertex -9.497531e-01 3.085935e-01 5.233596e-02
    endloop
  endfacet
  facet normal 0.000000e+00 0.000000e+00 1.000000e+00
    outer loop
      vertex -9.458465e-01 3.073242e-01 1.045285e-01
      vertex -9.497531e-01 3.085935e-01 5.233596e-02
      vertex -9.768071e-01 2.076268e-01 5.233596e-02
    endloop
  endfacet
  facet normal 0.000000e+00 0.000000e+00 1.000000e+00
    outer loop
      vertex -9.727892e-01 2.067727e-01 1.045285e-01
      vertex -9.768071e-01 2.076268e-01 5.233596e-02
      vertex -9.931589e-01 1.043852e-01 5.233596e-02
    endloop
  endfacet
  facet normal 0.000000e+00 0.000000e+00 1.000000e+00
    outer loop
      vertex -9.890738e-01 1.039558e-01 1.045285e-01
      vertex -9.931589e-01 1.043852e-01 5.233596e-02
      vertex -9.986295e-01 5.657774e-16 5.233596e-02
    endloop
  endfacet
  facet normal 0.000000e+00 0.000000e+00 1.000000e+00
    outer loop
      vertex -9.945219e-01 5.634502e-16 1.045285e-01
      vertex -9.986295e-01 5.657774e-16 5.233596e-02
      vertex -9.931589e-01 -1.043852e-01 5.233596e-02
    endloop
  endfacet
  facet normal 0.000000e+00 0.000000e+00 1.000000e+00
    outer loop
      vertex -9.890738e-01 -1.039558e-01 1.045285e-01
      vertex -9.931589e-01 -1.043852e-01 5.233596e-02
      vertex -9.768071e-01 -2.076268e-01 5.233596e-02
    endloop
  endfacet
  facet normal 0.000000e+00 0.000000e+00 1.000000e+00
    outer loop
      vertex -9.727892e-01 -2.067727e-01 1.045285e-01
      vertex -9.768071e-01 -2.076268e-01 5.233596e-02
      vertex -9.497531e-01 -3.085935e-01 5.233596e-02
    endloop
  endfacet
  facet normal 0.000000e+00 0.000000e+00 1.000000e+00
    outer loop
      vertex -9.458465e-01 -3.073242e-01 1.045285e-01
      vertex -9.497531e-01 -3.085935e-01 5.233596e-02
      vertex -9.122935e-01 -4.061792e-01 5.233596e-02
    endloop
  endfacet
  facet normal 0.000000e+00 0.000000e+00 1.000000e+00
    outer loop
      vertex -9.085410e-01 -4.045085e-01 1.045285e-01
      vertex -9.122935e-01 -4.061792e-01 5.233596e-02
      vertex -8.648385e-01 -4.993148e-01 5.233596e-02
    endloop
  endfacet
  facet normal 0.000000e+00 0.000000e+00 1.000000e+00
    outer loop
      vertex -8.612812e-01 -4.972609e-01 1.045285e-01
      vertex -8.648385e-01 -4.993148e-01 5.233596e-02
      vertex -8.079083e-01 -5.869797e-01 5.233596e-02
    endloop
  endfacet
  facet normal 0.000000e+00 0.000000e+00 1.000000e+00
    outer loop
      vertex -8.045851e-01 -5.845653e-01 1.045285e-01
      vertex -8.079083e-01 -5.869797e-01 5.233596e-02
      vertex -7.421264e-01 -6.682136e-01 5.233596e-02
    endloop
  endfacet
  facet normal 0.000000e+00 0.000000e+00 1.000000e+00
    outer loop
      vertex -7.390738e-01 -6.654650e-01 1.045285e-01
      vertex -7.421264e-01 -6.682136e-01 5.233596e-02
      vertex -6.682136e-01 -7.421264e-01 5.233596e-02
    endloop
  endfacet
  facet normal 0.000000e+00 0.000000e+00 1.000000e+00
    outer loop
      vertex -6.654650e-01 -7.390738e-01 1.045285e-01
      vertex -6.682136e-01 -7.421264e-01 5.233596e-02
      vertex -5.869797e-01 -8.079083e-01 5.233596e-02
    endloop
  endfacet
  facet normal 0.000000e+00 0.000000e+00 1.000000e+00
    outer loop
      vertex -5.845653e-01 -8.045851e-01 1.045285e-01
      vertex -5.869797e-01 -8.079083e-01 5.233596e-02
      vertex -4.993148e-01 -8.648385e-01 5.233596e-02
    endloop
  endfacet
  facet normal 0.000000e+00 0.000000e+00 1.000000e+00
    outer loop
      vertex -4.972609e-01 -8.612812e-01 1.045285e-01
      vertex -4.993148e-01 -8.648385e-01 5.233596e-02
      vertex -4.061792e-01 -9.122935e-01 5.233596e-02
    endloop
  endfacet
  facet normal 0.000000e+00 0.000000e+00 1.000000e+00
    outer loop
      vertex -4.045085e-01 -9.085410e-01 1.045285e-01
      vertex -4.061792e-01 -9.122935e-01 5.233596e-02
      vertex -3.085935e-01 -9.497531e-01 5.233596e-02
    endloop
  endfacet
  facet normal 0.000000e+00 0.000000e+00 1.000000e+00
    outer loop
      vertex -3.073242e-01 -9.458465e-01 1.045285e-01
      vertex -3.085935e-01 -9.497531e-01 5.233596e-02
      vertex -2.076268e-01 -9.768071e-01 5.233596e-02
    endloop
  endfacet
  facet normal 0.000000e+00 0.000000e+00 1.000000e+00
    outer loop
      vertex -2.067727e-01 -9.727892e-01 1.045285e-01
      vertex -2.076268e-01 -9.768071e-01 5.233596e-02
      vertex -1.043852e-01 -9.931589e-01 5.233596e-02
    endloop
  endfacet
  facet normal 0.000000e+00 0.000000e+00 1.000000e+00
    outer loop
      vertex -1.039558e-01 -9.890738e-01 1.045285e-01
      vertex -1.043852e-01 -9.931589e-01 5.233596e-02
      vertex -1.834453e-16 -9.986295e-01 5.233596e-02
    endloop
  endfacet
  facet normal 0.000000e+00 0.000000e+00 1.000000e+00
    outer loop
      vertex -1.826907e-16 -9.945219e-01 1.045285e-01
      vertex -1.834453e-16 -9.986295e-01 5.233596e-02
      vertex 1.043852e-01 -9.931589e-01 5.233596e-02
    endloop
  endfacet
  facet normal 0.000000e+00 0.000000e+00 1.000000e+00
    outer loop
      vertex 1.039558e-01 -9.890738e-01 1.045285e-01
      vertex 1.043852e-01 -9.931589e-01 5.233596e-02
      vertex 2.076268e-01 -9.768071e-01 5.233596e-02
    endloop
  endfacet
  facet normal 0.000000e+00 0.000000e+00 1.000000e+00
    outer loop
      vertex 2.067727e-01 -9.727892e-01 1.045285e-01
      vertex 2.076268e-01 -9.768071e-01 5.233596e-02
      vertex 3.085935e-01 -9.497531e-01 5.233596e-02
    endloop
  endfacet
  facet normal 0.000000e+00 0.000000e+00 1.000000e+00
    outer loop
      vertex 3.073242e-01 -9.458465e-01 1.045285e-01
      vertex 3.085935e-01 -9.497531e-01 5.233596e-02
      vertex 4.061792e-01 -9.122935e-01 5.233596e-02
    endloop
  endfacet
  facet normal 0.000000e+00 0.000000e+00 1.000000e+00
    outer loop
      vertex 4.045085e-01 -9.085410e-01 1.045285e-01
      vertex 4.061792e-01 -9.122935e-01 5.233596e-02
      vertex 4.993148e-01 -8.648385e-01 5.233596e-02
    endloop
  endfacet
  facet normal 0.000000e+00 0.000000e+00 1.000000e+00
    outer loop
      vertex 4.972609e-01 -8.612812e-01 1.045285e-01
      vertex 4.993148e-01 -8.648385e-01 5.233596e-02
      vertex 5.869797e-01 -8.079083e-01 5.233596e-02
    endloop
  endfacet
  facet normal 0.000000e+00 0.000000e+00 1.000000e+00
    outer loop
      vertex 5.845653e-01 -8.045851e-01 1.045285e-01
      vertex 5.869797e-01 -8.079083e-01 5.233596e-02
      vertex 6.682136e-01 -7.421264e-01 5.233596e-02
    endloop
  endfacet
  facet normal 0.000000e+00 0.000000e+00 1.000000e+00
    outer loop
      vertex 6.654650e-01 -7.390738e-01 1.045285e-01
      vertex 6.682136e-01 -7.421264e-01 5.233596e-02
      vertex 7.421264e-01 -6.682136e-01 5.233596e-02
    endloop
  endfacet
  facet normal 0.000000e+00 0.000000e+00 1.000000e+00
    outer loop
      vertex 7.390738e-01 -6.654650e-01 1.045285e-01
      vertex 7.421264e-01 -6.682136e-01 5.233596e-02
      vertex 8.079083e-01 -5.869797e-01 5.233596e-02
    endloop
  endfacet
  facet normal 0.000000e+00 0.000000e+00 1.000000e+00
    outer loop
      vertex 8.045851e-01 -5.845653e-01 1.045285e-01
      vertex 8.079083e-01 -5.869797e-01 5.233596e-02
      vertex 8.648385e-01 -4.993148e-01 5.233596e-02
    endloop
  endfacet
  facet normal 0.000000e+00 0.000000e+00 1.000000e+00
    outer loop
      vertex 8.612812e-01 -4.972609e-01 1.045285e-01
      vertex 8.648385e-01 -4.993148e-01 5.233596e-02
      vertex 9.122935e-01 -4.061792e-01 5.233596e-02
    endloop
  endfacet
  facet normal 0.000000e+00 0.000000e+00 1.000000e+00
    outer loop
      vertex 9.085410e-01 -4.045085e-01 1.045285e-01
      vertex 9.122935e-01 -4.061792e-01 5.233596e-02
      vertex 9.497531e-01 -3.085935e-01 5.233596e-02
    endloop
  endfacet
  facet normal 0.000000e+00 0.000000e+00 1.000000e+00
    outer loop
      vertex 9.458465e-01 -3.073242e-01 1.045285e-01
      vertex 9.497531e-01 -3.085935e-01 5.233596e-02
      vertex 9.768071e-01 -2.076268e-01 5.233596e-02
    endloop
  endfacet
  facet normal 0.000000e+00 0.000000e+00 1.000000e+00
    outer loop
      vertex 9.727892e-01 -2.067727e-01 1.045285e-01
      vertex 9.768071e-01 -2.076268e-01 5.233596e-02
      vertex 9.931589e-01 -1.043852e-01 5.233596e-02
    endloop
  endfacet
  facet normal 0.000000e+00 0.000000e+00 1.000000e+00
    outer loop
      vertex 9.890738e-01 -1.039558e-01 1.045285e-01
      vertex 9.931589e-01 -1.043852e-01 5.233596e-02
      vertex 9.986295e-01 -1.131555e-15 5.233596e-02
    endloop
  endfacet
  facet normal 0.000000e+00 0.000000e+00 1.000000e+00
    outer loop
      vertex 9.986295e-01 0.000000e+00 5.233596e-02
      vertex 1.000000e+00 0.000000e+00 2.832769e-16
      vertex 9.945219e-01 1.045285e-01 2.832769e-16
    endloop
  endfacet
  facet normal 0.000000e+00 0.000000e+00 1.000000e+00
    outer loop
      vertex 9.931589e-01 1.043852e-01 5.233596e-02
      vertex 9.945219e-01 1.045285e-01 2.832769e-16
      vertex 9.781476e-01 2.079117e-01 2.832769e-16
    endloop
  endfacet
  facet normal 0.000000e+00 0.000000e+00 1.000000e+00
    outer loop
      vertex 9.768071e-01 2.076268e-01 5.233596e-02
      vertex 9.781476e-01 2.079117e-01 2.832769e-16
      vertex 9.510565e-01 3.090170e-01 2.832769e-16
    endloop
  endfacet
  facet normal 0.000000e+00 0.000000e+00 1.000000e+00
    outer loop
      vertex 9.497531e-01 3.085935e-01 5.233596e-02
      vertex 9.510565e-01 3.090170e-01 2.832769e-16
      vertex 9.135455e-01 4.067366e-01 2.832769e-16
    endloop
  endfacet
  facet normal 0.000000e+00 0.000000e+00 1.000000e+00
    outer loop
      vertex 9.122935e-01 4.061792e-01 5.233596e-02
      vertex 9.135455e-01 4.067366e-01 2.832769e-16
      vertex 8.660254e-01 5.000000e-01 2.832769e-16
    endloop
  endfacet
  facet normal 0.000000e+00 0.000000e+00 1.000000e+00
    outer loop
      vertex 8.648385e-01 4.993148e-01 5.233596e-02
      vertex 8.660254e-01 5.000000e-01 2.832769e-16
      vertex 8.090170e-01 5.877853e-01 2.832769e-16
    endloop
  endfacet
  facet normal 0.000000e+00 0.000000e+00 1.000000e+00
    outer loop
      vertex 8.079083e-01 5.869797e-01 5.233596e-02
      vertex 8.090170e-01 5.877853e-01 2.832769e-16
      vertex 7.431448e-01 6.691306e-01 2.832769e-16
    endloop
  endfacet
  facet normal 0.000000e+00 0.000000e+00 1.000000e+00
    outer loop
      vertex 7.421264e-01 6.682136e-01 5.233596e-02
      vertex 7.431448e-01 6.691306e-01 2.832769e-16
      vertex 6.691306e-01 7.431448e-01 2.832769e-16
    endloop
  endfacet
  facet normal 0.000000e+00 0.000000e+00 1.000000e+00
    outer loop
      vertex 6.682136e-01 7.421264e-01 5.233596e-02
      vertex 6.691306e-01 7.431448e-01 2.832769e-16
      vertex 5.877853e-01 8.090170e-01 2.832769e-16
    endloop
  endfacet
  facet normal 0.000000e+00 0.000000e+00 1.000000e+00
    outer loop
      vertex 5.869797e-01 8.079083e-01 5.233596e-02
      vertex 5.877853e-01 8.090170e-01 2.832769e-16
      vertex 5.000000e-01 8.660254e-01 2.832769e-16
    endloop
  endfacet
  facet normal 0.000000e+00 0.000000e+00 1.000000e+00
    outer loop
      vertex 4.993148e-01 8.648385e-01 5.233596e-02
      vertex 5.000000e-01 8.660254e-01 2.832769e-16
      vertex 4.067366e-01 9.135455e-01 2.832769e-16
    endloop
  endfacet
  facet normal 0.000000e+00 0.000000e+00 1.000000e+00
    outer loop
      vertex 4.061792e-01 9.122935e-01 5.233596e-02
      vertex 4.067366e-01 9.135455e-01 2.832769e-16
      vertex 3.090170e-01 9.510565e-01 2.832769e-16
    endloop
  endfacet
  facet normal 0.000000e+00 0.000000e+00 1.000000e+00
    outer loop
      vertex 3.085935e-01 9.497531e-01 5.233596e-02
      vertex 3.090170e-01 9.510565e-01 2.832769e-16
      vertex 2.079117e-01 9.781476e-01 2.832769e-16
    endloop
  endfacet
  facet normal 0.000000e+00 0.000000e+00 1.000000e+00
    outer loop
      vertex 2.076268e-01 9.768071e-01 5.233596e-02
      vertex 2.079117e-01 9.781476e-01 2.832769e-16
      vertex 1.045285e-01 9.945219e-01 2.832769e-16
    endloop
  endfacet
  facet normal 0.000000e+00 0.000000e+00 1.000000e+00
    outer loop
      vertex 1.043852e-01 9.931589e-01 5.233596e-02
      vertex 1.045285e-01 9.945219e-01 2.832769e-16
      vertex 2.832769e-16 1.000000e+00 2.832769e-16
    endloop
  endfacet
  facet normal 0.000000e+00 0.000000e+00 1.000000e+00
    outer loop
      vertex 2.828887e-16 9.986295e-01 5.233596e-02
      vertex 2.832769e-16 1.000000e+00 2.832769e-16
      vertex -1.045285e-01 9.945219e-01 2.832769e-16
    endloop
  endfacet
  facet normal 0.000000e+00 0.000000e+00 1.000000e+00
    outer loop
      vertex -1.043852e-01 9.931589e-01 5.233596e-02
      vertex -1.045285e-01 9.945219e-01 2.832769e-16
      vertex -2.079117e-01 9.781476e-01 2.832769e-16
    endloop
  endfacet
  facet normal 0.000000e+00 0.000000e+00 1.000000e+00
    outer loop
      vertex -2.076268e-01 9.768071e-01 5.233596e-02
      vertex -2.079117e-01 9.781476e-01 2.832769e-16
      vertex -3.090170e-01 9.510565e-01 2.832769e-16
    endloop
  endfacet
  facet normal 0.000000e+00 0.000000e+00 1.000000e+00
    outer loop
      vertex -3.085935e-01 9.497531e-01 5.233596e-02
      vertex -3.090170e-01 9.510565e-01 2.832769e-16
      vertex -4.067366e-01 9.135455e-01 2.832769e-16
    endloop
  endfacet
  facet normal 0.000000e+00 0.000000e+00 1.000000e+00
    outer loop
      vertex -4.061792e-01 9.122935e-01 5.233596e-02
      vertex -4.067366e-01 9.135455e-01 2.832769e-16
      vertex -5.000000e-01 8.660254e-01 2.832769e-16
    endloop
  endfacet
  facet normal 0.000000e+00 0.000000e+00 1.000000e+00
    outer loop
      vertex -4.993148e-01 8.648385e-01 5.233596e-02
      vertex -5.000000e-01 8.660254e-01 2.832769e-16
      vertex -5.877853e-01 8.090170e-01 2.832769e-16
    endloop
  endfacet
  facet normal 0.000000e+00 0.000000e+00 1.000000e+00
    outer loop
      vertex -5.869797e-01 8.079083e-01 5.233596e-02
      vertex -5.877853e-01 8.090170e-01 2.832769e-16
      vertex -6.691306e-01 7.431448e-01 2.832769e-16
    endloop
  endfacet
  facet normal 0.000000e+00 0.000000e+00 1.000000e+00
    outer loop
      vertex -6.682136e-01 7.421264e-01 5.233596e-02
      vertex -6.691306e-01 7.431448e-01 2.832769e-16
      vertex -7.431448e-01 6.691306e-01 2.832769e-16
    endloop
  endfacet
  facet normal 0.000000e+00 0.000000e+00 1.000000e+00
    outer loop
      vertex -7.421264e-01 6.682136e-01 5.233596e-02
      vertex -7.431448e-01 6.691306e-01 2.832769e-16
      vertex -8.090170e-01 5.877853e-01 2.832769e-16
    endloop
  endfacet
  facet normal 0.000000e+00 0.000000e+00 1.000000e+00
    outer loop
      vertex -8.079083e-01 5.869797e-01 5.233596e-02
      vertex -8.090170e-01 5.877853e-01 2.832769e-16
      vertex -8.660254e-01 5.000000e-01 2.832769e-16
    endloop
  endfacet
  facet normal 0.000000e+00 0.000000e+00 1.000000e+00
    outer loop
      vertex -8.648385e-01 4.993148e-01 5.233596e-02
      vertex -8.660254e-01 5.000000e-01 2.832769e-16
      vertex -9.135455e-01 4.067366e-01 2.832769e-16
    endloop
  endfacet
  facet normal 0.000000e+00 0.000000e+00 1.000000e+00
    outer loop
      vertex -9.122935e-01 4.061792e-01 5.233596e-02
      vertex -9.135455e-01 4.067366e-01 2.832769e-16
      vertex -9.510565e-01 3.090170e-01 2.832769e-16
    endloop
  endfacet
  facet normal 0.000000e+00 0.000000e+00 1.000000e+00
    outer loop
      vertex -9.497531e-01 3.085935e-01 5.233596e-02
      vertex -9.510565e-01 3.090170e-01 2.832769e-16
      vertex -9.781476e-01 2.079117e-01 2.832769e-16
    endloop
  endfacet
  facet normal 0.000000e+00 0.000000e+00 1.000000e+00
    outer loop
      vertex -9.768071e-01 2.076268e-01 5.233596e-02
      vertex -9.781476e-01 2.079117e-01 2.832769e-16
      vertex -9.945219e-01 1.045285e-01 2.832769e-16
    endloop
  endfacet
  facet normal 0.000000e+00 0.000000e+00 1.000000e+00
    outer loop
      vertex -9.931589e-01 1.043852e-01 5.233596e-02
      vertex -9.945219e-01 1.045285e-01 2.832769e-16
      vertex -1.000000e+00 5.665539e-16 2.832769e-16
    endloop
  endfacet
  facet normal 0.000000e+00 0.000000e+00 1.000000e+00
    outer loop
      vertex -9.986295e-01 5.657774e-16 5.233596e-02
      vertex -1.000000e+00 5.665539e-16 2.832769e-16
      vertex -9.945219e-01 -1.045285e-01 2.832769e-16
    endloop
  endfacet
  facet normal 0.000000e+00 0.000000e+00 1.000000e+00
    outer loop
      vertex -9.931589e-01 -1.043852e-01 5.233596e-02
      vertex -9.945219e-01 -1.045285e-01 2.832769e-16
      vertex -9.781476e-01 -2.079117e-01 2.832769e-16
    endloop
  endfacet
  facet normal 0.000000e+00 0.000000e+00 1.000000e+00
    outer loop
      vertex -9.768071e-01 -2.076268e-01 5.233596e-02
      vertex -9.781476e-01 -2.079117e-01 2.832769e-16
      vertex -9.510565e-01 -3.090170e-01 2.832769e-16
    endloop
  endfacet
  facet normal 0.000000e+00 0.000000e+00 1.000000e+00
    outer loop
      vertex -9.497531e-01 -3.085935e-01 5.233596e-02
      vertex -9.510565e-01 -3.090170e-01 2.832769e-16
      vertex -9.135455e-01 -4.067366e-01 2.832769e-16
    endloop
  endfacet
  facet normal 0.000000e+00 0.000000e+00 1.000000e+00
    outer loop
      vertex -9.122935e-01 -4.061792e-01 5.233596e-02
      vertex -9.135455e-01 -4.067366e-01 2.832769e-16
      vertex -8.660254e-01 -5.000000e-01 2.832769e-16
    endloop
  endfacet
  facet normal 0.000000e+00 0.000000e+00 1.000000e+00
    outer loop
      vertex -8.648385e-01 -4.993148e-01 5.233596e-02
      vertex -8.660254e-01 -5.000000e-01 2.832769e-16
      vertex -8.090170e-01 -5.877853e-01 2.832769e-16
    endloop
  endfacet
  facet normal 0.000000e+00 0.000000e+00 1.000000e+00
    outer loop
      vertex -8.079083e-01 -5.869797e-01 5.233596e-02
      vertex -8.090170e-01 -5.877853e-01 2.832769e-16
      vertex -7.431448e-01 -6.691306e-01 2.832769e-16
    endloop
  endfacet
  facet normal 0.000000e+00 0.000000e+00 1.000000e+00
    outer loop
      vertex -7.421264e-01 -6.682136e-01 5.233596e-02
      vertex -7.431448e-01 -6.691306e-01 2.832769e-16
      vertex -6.691306e-01 -7.431448e-01 2.832769e-16
    endloop
  endfacet
  facet normal 0.000000e+00 0.000000e+00 1.000000e+00
    outer loop
      vertex -6.682136e-01 -7.421264e-01 5.233596e-02
      vertex -6.691306e-01 -7.431448e-01 2.832769e-16
      vertex -5.877853e-01 -8.090170e-01 2.832769e-16
    endloop
  endfacet
  facet normal 0.000000e+00 0.000000e+00 1.000000e+00
    outer loop
      vertex -5.869797e-01 -8.079083e-01 5.233596e-02
      vertex -5.877853e-01 -8.090170e-01 2.832769e-16
      vertex -5.000000e-01 -8.660254e-01 2.832769e-16
    endloop
  endfacet
  facet normal 0.000000e+00 0.000000e+00 1.000000e+00
    outer loop
      vertex -4.993148e-01 -8.648385e-01 5.233596e-02
      vertex -5.000000e-01 -8.660254e-01 2.832769e-16
      vertex -4.067366e-01 -9.135455e-01 2.832769e-16
    endloop
  endfacet
  facet normal 0.000000e+00 0.000000e+00 1.000000e+00
    outer loop
      vertex -4.061792e-01 -9.122935e-01 5.233596e-02
      vertex -4.067366e-01 -9.135455e-01 2.832769e-16
      vertex -3.090170e-01 -9.510565e-01 2.832769e-16
    endloop
  endfacet
  facet normal 0.000000e+00 0.000000e+00 1.000000e+00
    outer loop
      vertex -3.085935e-01 -9.497531e-01 5.233596e-02
      vertex -3.090170e-01 -9.510565e-01 2.832769e-16
      vertex -2.079117e-01 -9.781476e-01 2.832769e-16
    endloop
  endfacet
  facet normal 0.000000e+00 0.000000e+00 1.000000e+00
    outer loop
      vertex -2.076268e-01 -9.768071e-01 5.233596e-02
      vertex -2.079117e-01 -9.781476e-01 2.832769e-16
      vertex -1.045285e-01 -9.945219e-01 2.832769e-16
    endloop
  endfacet
  facet normal 0.000000e+00 0.000000e+00 1.000000e+00
    outer loop
      vertex -1.043852e-01 -9.931589e-01 5.233596e-02
      vertex -1.045285e-01 -9.945219e-01 2.832769e-16
      vertex -1.836970e-16 -1.000000e+00 2.832769e-16
    endloop
  endfacet
  facet normal 0.000000e+00 0.000000e+00 1.000000e+00
    outer loop
      vertex -1.834453e-16 -9.986295e-01 5.233596e-02
      vertex -1.836970e-16 -1.000000e+00 2.832769e-16
      vertex 1.045285e-01 -9.945219e-01 2.832769e-16
    endloop
  endfacet
  facet normal 0.000000e+00 0.000000e+00 1.000000e+00
    outer loop
      vertex 1.043852e-01 -9.931589e-01 5.233596e-02
      vertex 1.045285e-01 -9.945219e-01 2.832769e-16
      vertex 2.079117e-01 -9.781476e-01 2.832769e-16
    endloop
  endfacet
  facet normal 0.000000e+00 0.000000e+00 1.000000e+00
    outer loop
      vertex 2.076268e-01 -9.768071e-01 5.233596e-02
      vertex 2.079117e-01 -9.781476e-01 2.832769e-16
      vertex 3.090170e-01 -9.510565e-01 2.832769e-16
    endloop
  endfacet
  facet normal 0.000000e+00 0.000000e+00 1.000000e+00
    outer loop
      vertex 3.085935e-01 -9.497531e-01 5.233596e-02
      vertex 3.090170e-01 -9.510565e-01 2.832769e-16
      vertex 4.067366e-01 -9.135455e-01 2.832769e-16
    endloop
  endfacet
  facet normal 0.000000e+00 0.000000e+00 1.000000e+00
    outer loop
      vertex 4.061792e-01 -9.122935e-01 5.233596e-02
      vertex 4.067366e-01 -9.135455e-01 2.832769e-16
      vertex 5.000000e-01 -8.660254e-01 2.832769e-16
    endloop
  endfacet
  facet normal 0.000000e+00 0.000000e+00 1.000000e+00
    outer loop
      vertex 4.993148e-01 -8.648385e-01 5.233596e-02
      vertex 5.000000e-01 -8.660254e-01 2.832769e-16
      vertex 5.877853e-01 -8.090170e-01 2.832769e-16
    endloop
  endfacet
  facet normal 0.000000e+00 0.000000e+00 1.000000e+00
    outer loop
      vertex 5.869797e-01 -8.079083e-01 5.233596e-02
      vertex 5.877853e-01 -8.090170e-01 2.832769e-16
      vertex 6.691306e-01 -7.431448e-01 2.832769e-16
    endloop
  endfacet
  facet normal 0.000000e+00 0.000000e+00 1.000000e+00
    outer loop
      vertex 6.682136e-01 -7.421264e-01 5.233596e-02
      vertex 6.691306e-01 -7.431448e-01 2.832769e-16
      vertex 7.431448e-01 -6.691306e-01 2.832769e-16
    endloop
  endfacet
  facet normal 0.000000e+00 0.000000e+00 1.000000e+00
    outer loop
      vertex 7.421264e-01 -6.682136e-01 5.233596e-02
      vertex 7.431448e-01 -6.691306e-01 2.832769e-16
      vertex 8.090170e-01 -5.877853e-01 2.832769e-16
    endloop
  endfacet
  facet normal 0.000000e+00 0.000000e+00 1.000000e+00
    outer loop
      vertex 8.079083e-01 -5.869797e-01 5.233596e-02
      vertex 8.090170e-01 -5.877853e-01 2.832769e-16
      vertex 8.660254e-01 -5.000000e-01 2.832769e-16
    endloop
  endfacet
  facet normal 0.000000e+00 0.000000e+00 1.000000e+00
    outer loop
      vertex 8.648385e-01 -4.993148e-01 5.233596e-02
      vertex 8.660254e-01 -5.000000e-01 2.832769e-16
      vertex 9.135455e-01 -4.067366e-01 2.832769e-16
    endloop
  endfacet
  facet normal 0.000000e+00 0.000000e+00 1.000000e+00
    outer loop
      vertex 9.122935e-01 -4.061792e-01 5.233596e-02
      vertex 9.135455e-01 -4.067366e-01 2.832769e-16
      vertex 9.510565e-01 -3.090170e-01 2.832769e-16
    endloop
  endfacet
  facet normal 0.000000e+00 0.000000e+00 1.000000e+00
    outer loop
      vertex 9.497531e-01 -3.085935e-01 5.233596e-02
      vertex 9.510565e-01 -3.090170e-01 2.832769e-16
      vertex 9.781476e-01 -2.079117e-01 2.832769e-16
    endloop
  endfacet
  facet normal 0.000000e+00 0.000000e+00 1.000000e+00
    outer loop
      vertex 9.768071e-01 -2.076268e-01 5.233596e-02
      vertex 9.781476e-01 -2.079117e-01 2.832769e-16
      vertex 9.945219e-01 -1.045285e-01 2.832769e-16
    endloop
  endfacet
  facet normal 0.000000e+00 0.000000e+00 1.000000e+00
    outer loop
      vertex 9.931589e-01 -1.043852e-01 5.233596e-02
      vertex 9.945219e-01 -1.045285e-01 2.832769e-16
      vertex 1.000000e+00 -1.133108e-15 2.832769e-16
    endloop
  endfacet
  facet normal 0.000000e+00 0.000000e+00 1.000000e+00
    outer loop
      vertex 1.000000e+00 0.000000e+00 2.832769e-16
      vertex 9.986295e-01 0.000000e+00 -5.233596e-02
      vertex 9.931589e-01 1.043852e-01 -5.233596e-02
    endloop
  endfacet
  facet normal 0.000000e+00 0.000000e+00 1.000000e+00
    outer loop
      vertex 9.945219e-01 1.045285e-01 2.832769e-16
      vertex 9.931589e-01 1.043852e-01 -5.233596e-02
      vertex 9.768071e-01 2.076268e-01 -5.233596e-02
    endloop
  endfacet
  facet normal 0.000000e+00 0.000000e+00 1.000000e+00
    outer loop
      vertex 9.781476e-01 2.079117e-01 2.832769e-16
      vertex 9.768071e-01 2.076268e-01 -5.233596e-02
      vertex 9.497531e-01 3.085935e-01 -5.233596e-02
    endloop
  endfacet
  facet normal 0.000000e+00 0.000000e+00 1.000000e+00
    outer loop
      vertex 9.510565e-01 3.090170e-01 2.832769e-16
      vertex 9.497531e-01 3.085935e-01 -5.233596e-02
      vertex 9.122935e-01 4.061792e-01 -5.233596e-02
    endloop
  endfacet
  facet normal 0.000000e+00 0.000000e+00 1.000000e+00
    outer loop
      vertex 9.135455e-01 4.067366e-01 2.832769e-16
      vertex 9.122935e-01 4.061792e-01 -5.233596e-02
      vertex 8.648385e-01 4.993148e-01 -5.233596e-02
    endloop
  endfacet
  facet normal 0.000000e+00 0.000000e+00 1.000000e+00
    outer loop
      vertex 8.660254e-01 5.000000e-01 2.832769e-16
      vertex 8.648385e-01 4.993148e-01 -5.233596e-02
      vertex 8.079083e-01 5.869797e-01 -5.233596e-02
    endloop
  endfacet
  facet normal 0.000000e+00 0.000000e+00 1.000000e+00
    outer loop
      vertex 8.090170e-01 5.877853e-01 2.832769e-16
      vertex 8.079083e-01 5.869797e-01 -5.233596e-02
      vertex 7.421264e-01 6.682136e-01 -5.233596e-02
    endloop
  endfacet
  facet normal 0.000000e+00 0.000000e+00 1.000000e+00
    outer loop
      vertex 7.431448e-01 6.691306e-01 2.832769e-16
      vertex 7.421264e-01 6.682136e-01 -5.233596e-02
      vertex 6.682136e-01 7.421264e-01 -5.233596e-02
    endloop
  endfacet
  facet normal 0.000000e+00 0.000000e+00 1.000000e+00
    outer loop
      vertex 6.691306e-01 7.431448e-01 2.832769e-16
      vertex 6.682136e-01 7.421264e-01 -5.233596e-02
      vertex 5.869797e-01 8.079083e-01 -5.233596e-02
    endloop
  endfacet
  facet normal 0.000000e+00 0.000000e+00 1.000000e+00
    outer loop
      vertex 5.877853e-01 8.090170e-01 2.832769e-16
      vertex 5.869797e-01 8.079083e-01 -5.233596e-02
      vertex 4.993148e-01 8.648385e-01 -5.233596e-02
    endloop
  endfacet
  facet normal 0.000000e+00 0.000000e+00 1.000000e+00
    outer loop
      vertex 5.000000e-01 8.660254e-01 2.832769e-16
      vertex 4.993148e-01 8.648385e-01 -5.233596e-02
      vertex 4.061792e-01 9.122935e-01 -5.233596e-02
    endloop
  endfacet
  facet normal 0.000000e+00 0.000000e+00 1.000000e+00
    outer loop
      vertex 4.067366e-01 9.135455e-01 2.832769e-16
      vertex 4.061792e-01 9.122935e-01 -5.233596e-02
      vertex 3.085935e-01 9.497531e-01 -5.233596e-02
    endloop
  endfacet
  facet normal 0.000000e+00 0.000000e+00 1.000000e+00
    outer loop
      vertex 3.090170e-01 9.510565e-01 2.832769e-16
      vertex 3.085935e-01 9.497531e-01 -5.233596e-02
      vertex 2.076268e-01 9.768071e-01 -5.233596e-02
    endloop
  endfacet
  facet normal 0.000000e+00 0.000000e+00 1.000000e+00
    outer loop
      vertex 2.079117e-01 9.781476e-01 2.832769e-16
      vertex 2.076268e-01 9.768071e-01 -5.233596e-02
      vertex 1.043852e-01 9.931589e-01 -5.233596e-02
    endloop
  endfacet
  facet normal 0.000000e+00 0.000000e+00 1.000000e+00
    outer loop
      vertex 1.045285e-01 9.945219e-01 2.832769e-16
      vertex 1.043852e-01 9.931589e-01 -5.233596e-02
      vertex 2.828887e-16 9.986295e-01 -5.233596e-02
    endloop
  endfacet
  facet normal 0.000000e+00 0.000000e+00 1.000000e+00
    outer loop
      vertex 2.832769e-16 1.000000e+00 2.832769e-16
      vertex 2.828887e-16 9.986295e-01 -5.233596e-02
      vertex -1.043852e-01 9.931589e-01 -5.233596e-02
    endloop
  endfacet
  facet normal 0.000000e+00 0.000000e+00 1.000000e+00
    outer loop
      vertex -1.045285e-01 9.945219e-01 2.832769e-16
      vertex -1.043852e-01 9.931589e-01 -5.233596e-02
      vertex -2.076268e-01 9.768071e-01 -5.233596e-02
    endloop
  endfacet
  facet normal 0.000000e+00 0.000000e+00 1.000000e+00
    outer loop
      vertex -2.079117e-01 9.781476e-01 2.832769e-16
      vertex -2.076268e-01 9.768071e-01 -5.233596e-02
      vertex -3.085935e-01 9.497531e-01 -5.233596e-02
    endloop
  endfacet
  facet normal 0.000000e+00 0.000000e+00 1.000000e+00
    outer loop
      vertex -3.090170e-01 9.510565e-01 2.832769e-16
      vertex -3.085935e-01 9.497531e-01 -5.233596e-02
      vertex -4.061792e-01 9.122935e-01 -5.233596e-02
    endloop
  endfacet
  facet normal 0.000000e+00 0.000000e+00 1.000000e+00
    outer loop
      vertex -4.067366e-01 9.135455e-01 2.832769e-16
      vertex -4.061792e-01 9.122935e-01 -5.233596e-02
      vertex -4.993148e-01 8.648385e-01 -5.233596e-02
    endloop
  endfacet
  facet normal 0.000000e+00 0.000000e+00 1.000000e+00
    outer loop
      vertex -5.000000e-01 8.660254e-01 2.832769e-16
      vertex -4.993148e-01 8.648385e-01 -5.233596e-02
      vertex -5.869797e-01 8.079083e-01 -5.233596e-02
    endloop
  endfacet
  facet normal 0.000000e+00 0.000000e+00 1.000000e+00
    outer loop
      vertex -5.877853e-01 8.090170e-01 2.832769e-16
      vertex -5.869797e-01 8.079083e-01 -5.233596e-02
      vertex -6.682136e-01 7.421264e-01 -5.233596e-02
    endloop
  endfacet
  facet normal 0.000000e+00 0.000000e+00 1.000000e+00
    outer loop
      vertex -6.691306e-01 7.431448e-01 2.832769e-16
      vertex -6.682136e-01 7.421264e-01 -5.233596e-02
      vertex -7.421264e-01 6.682136e-01 -5.233596e-02
    endloop
  endfacet
  facet normal 0.000000e+00 0.000000e+00 1.000000e+00
    outer loop
      vertex -7.431448e-01 6.691306e-01 2.832769e-16
      vertex -7.421264e-01 6.682136e-01 -5.233596e-02
      vertex -8.079083e-01 5.869797e-01 -5.233596e-02
    endloop
  endfacet
  facet normal 0.000000e+00 0.000000e+00 1.000000e+00
    outer loop
      vertex -8.090170e-01 5.877853e-01 2.832769e-16
      vertex -8.079083e-01 5.869797e-01 -5.233596e-02
      vertex -8.648385e-01 4.993148e-01 -5.233596e-02
    endloop
  endfacet
  facet normal 0.000000e+00 0.000000e+00 1.000000e+00
    outer loop
      vertex -8.660254e-01 5.000000e-01 2.832769e-16
      vertex -8.648385e-01 4.993148e-01 -5.233596e-02
      vertex -9.122935e-01 4.061792e-01 -5.233596e-02
    endloop
  endfacet
  facet normal 0.000000e+00 0.000000e+00 1.000000e+00
    outer loop
      vertex -9.135455e-01 4.067366e-01 2.832769e-16
      vertex -9.122935e-01 4.061792e-01 -5.233596e-02
      vertex -9.497531e-01 3.085935e-01 -5.233596e-02
    endloop
  endfacet
  facet normal 0.000000e+00 0.000000e+00 1.000000e+00
    outer loop
      vertex -9.510565e-01 3.090170e-01 2.832769e-16
      vertex -9.497531e-01 3.085935e-01 -5.233596e-02
      vertex -9.768071e-01 2.076268e-01 -5.233596e-02
    endloop
  endfacet
  facet normal 0.000000e+00 0.000000e+00 1.000000e+00
    outer loop
      vertex -9.781476e-01 2.079117e-01 2.832769e-16
      vertex -9.768071e-01 2.076268e-01 -5.233596e-02
      vertex -9.931589e-01 1.043852e-01 -5.233596e-02
    endloop
  endfacet
  facet normal 0.000000e+00 0.000000e+00 1.000000e+00
    outer loop
      vertex -9.945219e-01 1.045285e-01 2.832769e-16
      vertex -9.931589e-01 1.043852e-01 -5.233596e-02
      vertex -9.986295e-01 5.657774e-16 -5.233596e-02
    endloop
  endfacet
  facet normal 0.000000e+00 0.000000e+00 1.000000e+00
    outer loop
      vertex -1.000000e+00 5.665539e-16 2.832769e-16
      vertex -9.986295e-01 5.657774e-16 -5.233596e-02
      vertex -9.931589e-01 -1.043852e-01 -5.233596e-02
    endloop
  endfacet
  facet normal 0.000000e+00 0.000000e+00 1.000000e+00
    outer loop
      vertex -9.945219e-01 -1.045285e-01 2.832769e-16
      vertex -9.931589e-01 -1.043852e-01 -5.233596e-02
      vertex -9.768071e-01 -2.076268e-01 -5.233596e-02
    endloop
  endfacet
  facet normal 0.000000e+00 0.000000e+00 1.000000e+00
    outer loop
      vertex -9.781476e-01 -2.079117e-01 2.832769e-16
      vertex -9.768071e-01 -2.076268e-01 -5.233596e-02
      vertex -9.497531e-01 -3.085935e-01 -5.233596e-02
    endloop
  endfacet
  facet normal 0.000000e+00 0.000000e+00 1.000000e+00
    outer loop
      vertex -9.510565e-01 -3.090170e-01 2.832769e-16
      vertex -9.497531e-01 -3.085935e-01 -5.233596e-02
      vertex -9.122935e-01 -4.061792e-01 -5.233596e-02
    endloop
  endfacet
  facet normal 0.000000e+00 0.000000e+00 1.000000e+00
    outer loop
      vertex -9.135455e-01 -4.067366e-01 2.832769e-16
      vertex -9.122935e-01 -4.061792e-01 -5.233596e-02
      vertex -8.648385e-01 -4.993148e-01 -5.233596e-02
    endloop
  endfacet
  facet normal 0.000000e+00 0.000000e+00 1.000000e+00
    outer loop
      vertex -8.660254e-01 -5.000000e-01 2.832769e-16
      vertex -8.648385e-01 -4.993148e-01 -5.233596e-02
      vertex -8.079083e-01 -5.869797e-01 -5.233596e-02
    endloop
  endfacet
  facet normal 0.000000e+00 0.000000e+00 1.000000e+00
    outer loop
      vertex -8.090170e-01 -5.877853e-01 2.832769e-16
      vertex -8.079083e-01 -5.869797e-01 -5.233596e-02
      vertex -7.421264e-01 -6.682136e-01 -5.233596e-02
    endloop
  endfacet
  facet normal 0.000000e+00 0.000000e+00 1.000000e+00
    outer loop
      vertex -7.431448e-01 -6.691306e-01 2.832769e-16
      vertex -7.421264e-01 -6.682136e-01 -5.233596e-02
      vertex -6.682136e-01 -7.421264e-01 -5.233596e-02
    endloop
  endfacet
  facet normal 0.000000e+00 0.000000e+00 1.000000e+00
    outer loop
      vertex -6.691306e-01 -7.431448e-01 2.832769e-16
      vertex -6.682136e-01 -7.421264e-01 -5.233596e-02
      vertex -5.869797e-01 -8.079083e-01 -5.233596e-02
    endloop
  endfacet
  facet normal 0.000000e+00 0.000000e+00 1.000000e+00
    outer loop
      vertex -5.877853e-01 -8.090170e-01 2.832769e-16
      vertex -5.869797e-01 -8.079083e-01 -5.233596e-02
      vertex -4.993148e-01 -8.648385e-01 -5.233596e-02
    endloop
  endfacet
  facet normal 0.000000e+00 0.000000e+00 1.000000e+00
    outer loop
      vertex -5.000000e-01 -8.660254e-01 2.832769e-16
      vertex -4.993148e-01 -8.648385e-01 -5.233596e-02
      vertex -4.061792e-01 -9.122935e-01 -5.233596e-02
    endloop
  endfacet
  facet normal 0.000000e+00 0.000000e+00 1.000000e+00
    outer loop
      vertex -4.067366e-01 -9.135455e-01 2.832769e-16
      vertex -4.061792e-01 -9.122935e-01 -5.233596e-02
      vertex -3.085935e-01 -9.497531e-01 -5.233596e-02
    endloop
  endfacet
  facet normal 0.000000e+00 0.000000e+00 1.000000e+00
    outer loop
      vertex -3.090170e-01 -9.510565e-01 2.832769e-16
      vertex -3.085935e-01 -9.497531e-01 -5.233596e-02
      vertex -2.076268e-01 -9.768071e-01 -5.233596e-02
    endloop
  endfacet
  facet normal 0.000000e+00 0.000000e+00 1.000000e+00
    outer loop
      vertex -2.079117e-01 -9.781476e-01 2.832769e-16
      vertex -2.076268e-01 -9.768071e-01 -5.233596e-02
      vertex -1.043852e-01 -9.931589e-01 -5.233596e-02
    endloop
  endfacet
  facet normal 0.000000e+00 0.000000e+00 1.000000e+00
    outer loop
      vertex -1.045285e-01 -9.945219e-01 2.832769e-16
      vertex -1.043852e-01 -9.931589e-01 -5.233596e-02
      vertex -1.834453e-16 -9.986295e-01 -5.233596e-02
    endloop
  endfacet
  facet normal 0.000000e+00 0.000000e+00 1.000000e+00
    outer loop
      vertex -1.836970e-16 -1.000000e+00 2.832769e-16
      vertex -1.834453e-16 -9.986295e-01 -5.233596e-02
      vertex 1.043852e-01 -9.931589e-01 -5.233596e-02
    endloop
  endfacet
  facet normal 0.000000e+00 0.000000e+00 1.000000e+00
    outer loop
      vertex 1.045285e-01 -9.945219e-01 2.832769e-16
      vertex 1.043852e-01 -9.931589e-01 -5.233596e-02
      vertex 2.076268e-01 -9.768071e-01 -5.233596e-02
    endloop
  endfacet
  facet normal 0.000000e+00 0.000000e+00 1.000000e+00
    outer loop
      vertex 2.079117e-01 -9.781476e-01 2.832769e-16
      vertex 2.076268e-01 -9.768071e-01 -5.233596e-02
      vertex 3.085935e-01 -9.497531e-01 -5.233596e-02
    endloop
  endfacet
  facet normal 0.000000e+00 0.000000e+00 1.000000e+00
    outer loop
      vertex 3.090170e-01 -9.510565e-01 2.832769e-16
      vertex 3.085935e-01 -9.497531e-01 -5.233596e-02
      vertex 4.061792e-01 -9.122935e-01 -5.233596e-02
    endloop
  endfacet
  facet normal 0.000000e+00 0.000000e+00 1.000000e+00
    outer loop
      vertex 4.067366e-01 -9.135455e-01 2.832769e-16
      vertex 4.061792e-01 -9.122935e-01 -5.233596e-02
      vertex 4.993148e-01 -8.648385e-01 -5.233596e-02
    endloop
  endfacet
  facet normal 0.000000e+00 0.000000e+00 1.000000e+00
    outer loop
      vertex 5.000000e-01 -8.660254e-01 2.832769e-16
      vertex 4.993148e-01 -8.648385e-01 -5.233596e-02
      vertex 5.869797e-01 -8.079083e-01 -5.233596e-02
    endloop
  endfacet
  facet normal 0.000000e+00 0.000000e+00 1.000000e+00
    outer loop
      vertex 5.877853e-01 -8.090170e-01 2.832769e-16
      vertex 5.869797e-01 -8.079083e-01 -5.233596e-02
      vertex 6.682136e-01 -7.421264e-01 -5.233596e-02
    endloop
  endfacet
  facet normal 0.000000e+00 0.000000e+00 1.000000e+00
    outer loop
      vertex 6.691306e-01 -7.431448e-01 2.832769e-16
      vertex 6.682136e-01 -7.421264e-01 -5.233596e-02
      vertex 7.421264e-01 -6.682136e-01 -5.233596e-02
    endloop
  endfacet
  facet normal 0.000000e+00 0.000000e+00 1.000000e+00
    outer loop
      vertex 7.431448e-01 -6.691306e-01 2.832769e-16
      vertex 7.421264e-01 -6.682136e-01 -5.233596e-02
      vertex 8.079083e-01 -5.869797e-01 -5.233596e-02
    endloop
  endfacet
  facet normal 0.000000e+00 0.000000e+00 1.000000e+00
    outer loop
      vertex 8.090170e-01 -5.877853e-01 2.832769e-16
      vertex 8.079083e-01 -5.869797e-01 -5.233596e-02
      vertex 8.648385e-01 -4.993148e-01 -5.233596e-02
    endloop
  endfacet
  facet normal 0.000000e+00 0.000000e+00 1.000000e+00
    outer loop
      vertex 8.660254e-01 -5.000000e-01 2.832769e-16
      vertex 8.648385e-01 -4.993148e-01 -5.233596e-02
      vertex 9.122935e-01 -4.061792e-01 -5.233596e-02
    endloop
  endfacet
  facet normal 0.000000e+00 0.000000e+00 1.000000e+00
    outer loop
      vertex 9.135455e-01 -4.067366e-01 2.832769e-16
      vertex 9.122935e-01 -4.061792e-01 -5.233596e-02
      vertex 9.497531e-01 -3.085935e-01 -5.233596e-02
    endloop
  endfacet
  facet normal 0.000000e+00 0.000000e+00 1.000000e+00
    outer loop
      vertex 9.510565e-01 -3.090170e-01 2.832769e-16
      vertex 9.497531e-01 -3.085935e-01 -5.233596e-02
      vertex 9.768071e-01 -2.076268e-01 -5.233596e-02
    endloop
  endfacet
  facet normal 0.000000e+00 0.000000e+00 1.000000e+00
    outer loop
      vertex 9.781476e-01 -2.079117e-01 2.832769e-16
      vertex 9.768071e-01 -2.076268e-01 -5.233596e-02
      vertex 9.931589e-01 -1.043852e-01 -5.233596e-02
    endloop
  endfacet
  facet normal 0.000000e+00 0.000000e+00 1.000000e+00
    outer loop
      vertex 9.945219e-01 -1.045285e-01 2.832769e-16
      vertex 9.931589e-01 -1.043852e-01 -5.233596e-02
      vertex 9.986295e-01 -1.131555e-15 -5.233596e-02
    endloop
  endfacet
  facet normal 0.000000e+00 0.000000e+00 1.000000e+00
    outer loop
      vertex 9.986295e-01 0.000000e+00 -5.233596e-02
      vertex 9.945219e-01 0.000000e+00 -1.045285e-01
      vertex 9.890738e-01 1.039558e-01 -1.045285e-01
    endloop
  endfacet
  facet normal 0.000000e+00 0.000000e+00 1.000000e+00
    outer loop
      vertex 9.931589e-01 1.043852e-01 -5.233596e-02
      vertex 9.890738e-01 1.039558e-01 -1.045285e-01
      vertex 9.727892e-01 2.067727e-01 -1.045285e-01
    endloop
  endfacet
  facet normal 0.000000e+00 0.000000e+00 1.000000e+00
    outer loop
      vertex 9.768071e-01 2.076268e-01 -5.233596e-02
      vertex 9.727892e-01 2.067727e-01 -1.045285e-01
      vertex 9.458465e-01 3.073242e-01 -1.045285e-01
    endloop
  endfacet
  facet normal 0.000000e+00 0.000000e+00 1.000000e+00
    outer loop
      vertex 9.497531e-01 3.085935e-01 -5.233596e-02
      vertex 9.458465e-01 3.073242e-01 -1.045285e-01
      vertex 9.085410e-01 4.045085e-01 -1.045285e-01
    endloop
  endfacet
  facet normal 0.000000e+00 0.000000e+00 1.000000e+00
    outer loop
      vertex 9.122935e-01 4.061792e-01 -5.233596e-02
      vertex 9.085410e-01 4.045085e-01 -1.045285e-01
      vertex 8.612812e-01 4.972609e-01 -1.045285e-01
    endloop
  endfacet
  facet normal 0.000000e+00 0.000000e+00 1.000000e+00
    outer loop
      vertex 8.648385e-01 4.993148e-01 -5.233596e-02
      vertex 8.612812e-01 4.972609e-01 -1.045285e-01
      vertex 8.045851e-01 5.845653e-01 -1.045285e-01
    endloop
  endfacet
  facet normal 0.000000e+00 0.000000e+00 1.000000e+00
    outer loop
      vertex 8.079083e-01 5.869797e-01 -5.233596e-02
      vertex 8.045851e-01 5.845653e-01 -1.045285e-01
      vertex 7.390738e-01 6.654650e-01 -1.045285e-01
    endloop
  endfacet
  facet normal 0.000000e+00 0.000000e+00 1.000000e+00
    outer loop
      vertex 7.421264e-01 6.682136e-01 -5.233596e-02
      vertex 7.390738e-01 6.654650e-01 -1.045285e-01
      vertex 6.654650e-01 7.390738e-01 -1.045285e-01
    endloop
  endfacet
  facet normal 0.000000e+00 0.000000e+00 1.000000e+00
    outer loop
      vertex 6.682136e-01 7.421264e-01 -5.233596e-02
      vertex 6.654650e-01 7.390738e-01 -1.045285e-01
      vertex 5.845653e-01 8.045851e-01 -1.045285e-01
    endloop
  endfacet
  facet normal 0.000000e+00 0.000000e+00 1.000000e+00
    outer loop
      vertex 5.869797e-01 8.079083e-01 -5.233596e-02
      vertex 5.845653e-01 8.045851e-01 -1.045285e-01
      vertex 4.972609e-01 8.612812e-01 -1.045285e-01
    endloop
  endfacet
  facet normal 0.000000e+00 0.000000e+00 1.000000e+00
    outer loop
      vertex 4.993148e-01 8.648385e-01 -5.233596e-02
      vertex 4.972609e-01 8.612812e-01 -1.045285e-01
      vertex 4.045085e-01 9.085410e-01 -1.045285e-01
    endloop
  endfacet
  facet normal 0.000000e+00 0.000000e+00 1.000000e+00
    outer loop
      vertex 4.061792e-01 9.122935e-01 -5.233596e-02
      vertex 4.045085e-01 9.085410e-01 -1.045285e-01
      vertex 3.073242e-01 9.458465e-01 -1.045285e-01
    endloop
  endfacet
  facet normal 0.000000e+00 0.000000e+00 1.000000e+00
    outer loop
      vertex 3.085935e-01 9.497531e-01 -5.233596e-02
      vertex 3.073242e-01 9.458465e-01 -1.045285e-01
      vertex 2.067727e-01 9.727892e-01 -1.045285e-01
    endloop
  endfacet
  facet normal 0.000000e+00 0.000000e+00 1.000000e+00
    outer loop
      vertex 2.076268e-01 9.768071e-01 -5.233596e-02
      vertex 2.067727e-01 9.727892e-01 -1.045285e-01
      vertex 1.039558e-01 9.890738e-01 -1.045285e-01
    endloop
  endfacet
  facet normal 0.000000e+00 0.000000e+00 1.000000e+00
    outer loop
      vertex 1.043852e-01 9.931589e-01 -5.233596e-02
      vertex 1.039558e-01 9.890738e-01 -1.045285e-01
      vertex 2.817251e-16 9.945219e-01 -1.045285e-01
    endloop
  endfacet
  facet normal 0.000000e+00 0.000000e+00 1.000000e+00
    outer loop
      vertex 2.828887e-16 9.986295e-01 -5.233596e-02
      vertex 2.817251e-16 9.945219e-01 -1.045285e-01
      vertex -1.039558e-01 9.890738e-01 -1.045285e-01
    endloop
  endfacet
  facet normal 0.000000e+00 0.000000e+00 1.000000e+00
    outer loop
      vertex -1.043852e-01 9.931589e-01 -5.233596e-02
      vertex -1.039558e-01 9.890738e-01 -1.045285e-01
      vertex -2.067727e-01 9.727892e-01 -1.045285e-01
    endloop
  endfacet
  facet normal 0.000000e+00 0.000000e+00 1.000000e+00
    outer loop
      vertex -2.076268e-01 9.768071e-01 -5.233596e-02
      vertex -2.067727e-01 9.727892e-01 -1.045285e-01
      vertex -3.073242e-01 9.458465e-01 -1.045285e-01
    endloop
  endfacet
  facet normal 0.000000e+00 0.000000e+00 1.000000e+00
    outer loop
      vertex -3.085935e-01 9.497531e-01 -5.233596e-02
      vertex -3.073242e-01 9.458465e-01 -1.045285e-01
      vertex -4.045085e-01 9.085410e-01 -1.045285e-01
    endloop
  endfacet
  facet normal 0.000000e+00 0.000000e+00 1.000000e+00
    outer loop
      vertex -4.061792e-01 9.122935e-01 -5.233596e-02
      vertex -4.045085e-01 9.085410e-01 -1.045285e-01
      vertex -4.972609e-01 8.612812e-01 -1.045285e-01
    endloop
  endfacet
  facet normal 0.000000e+00 0.000000e+00 1.000000e+00
    outer loop
      vertex -4.993148e-01 8.648385e-01 -5.233596e-02
      vertex -4.972609e-01 8.612812e-01 -1.045285e-01
      vertex -5.845653e-01 8.045851e-01 -1.045285e-01
    endloop
  endfacet
  facet normal 0.000000e+00 0.000000e+00 1.000000e+00
    outer loop
      vertex -5.869797e-01 8.079083e-01 -5.233596e-02
      vertex -5.845653e-01 8.045851e-01 -1.045285e-01
      vertex -6.654650e-01 7.390738e-01 -1.045285e-01
    endloop
  endfacet
  facet normal 0.000000e+00 0.000000e+00 1.000000e+00
    outer loop
      vertex -6.682136e-01 7.421264e-01 -5.233596e-02
      vertex -6.654650e-01 7.390738e-01 -1.045285e-01
      vertex -7.390738e-01 6.654650e-01 -1.045285e-01
    endloop
  endfacet
  facet normal 0.000000e+00 0.000000e+00 1.000000e+00
    outer loop
      vertex -7.421264e-01 6.682136e-01 -5.233596e-02
      vertex -7.390738e-01 6.654650e-01 -1.045285e-01
      vertex -8.045851e-01 5.845653e-01 -1.045285e-01
    endloop
  endfacet
  facet normal 0.000000e+00 0.000000e+00 1.000000e+00
    outer loop
      vertex -8.079083e-01 5.869797e-01 -5.233596e-02
      vertex -8.045851e-01 5.845653e-01 -1.045285e-01
      vertex -8.612812e-01 4.972609e-01 -1.045285e-01
    endloop
  endfacet
  facet normal 0.000000e+00 0.000000e+00 1.000000e+00
    outer loop
      vertex -8.648385e-01 4.993148e-01 -5.233596e-02
      vertex -8.612812e-01 4.972609e-01 -1.045285e-01
      vertex -9.085410e-01 4.045085e-01 -1.045285e-01
    endloop
  endfacet
  facet normal 0.000000e+00 0.000000e+00 1.000000e+00
    outer loop
      vertex -9.122935e-01 4.061792e-01 -5.233596e-02
      vertex -9.085410e-01 4.045085e-01 -1.045285e-01
      vertex -9.458465e-01 3.073242e-01 -1.045285e-01
    endloop
  endfacet
  facet normal 0.000000e+00 0.000000e+00 1.000000e+00
    outer loop
      vertex -9.497531e-01 3.085935e-01 -5.233596e-02
      vertex -9.458465e-01 3.073242e-01 -1.045285e-01
      vertex -9.727892e-01 2.067727e-01 -1.045285e-01
    endloop
  endfacet
  facet normal 0.000000e+00 0.000000e+00 1.000000e+00
    outer loop
      vertex -9.768071e-01 2.076268e-01 -5.233596e-02
      vertex -9.727892e-01 2.067727e-01 -1.045285e-01
      vertex -9.890738e-01 1.039558e-01 -1.045285e-01
    endloop
  endfacet
  facet normal 0.000000e+00 0.000000e+00 1.000000e+00
    outer loop
      vertex -9.931589e-01 1.043852e-01 -5.233596e-02
      vertex -9.890738e-01 1.039558e-01 -1.045285e-01
      vertex -9.945219e-01 5.634502e-16 -1.045285e-01
    endloop
  endfacet
  facet normal 0.000000e+00 0.000000e+00 1.000000e+00
    outer loop
      vertex -9.986295e-01 5.657774e-16 -5.233596e-02
      vertex -9.945219e-01 5.634502e-16 -1.045285e-01
      vertex -9.890738e-01 -1.039558e-01 -1.045285e-01
    endloop
  endfacet
  facet normal 0.000000e+00 0.000000e+00 1.000000e+00
    outer loop
      vertex -9.931589e-01 -1.043852e-01 -5.233596e-02
      vertex -9.890738e-01 -1.039558e-01 -1.045285e-01
      vertex -9.727892e-01 -2.067727e-01 -1.045285e-01
    endloop
  endfacet
  facet normal 0.000000e+00 0.000000e+00 1.000000e+00
    outer loop
      vertex -9.768071e-01 -2.076268e-01 -5.233596e-02
      vertex -9.727892e-01 -2.067727e-01 -1.045285e-01
      vertex -9.458465e-01 -3.073242e-01 -1.045285e-01
    endloop
  endfacet
  facet normal 0.000000e+00 0.000000e+00 1.000000e+00
    outer loop
      vertex -9.497531e-01 -3.085935e-01 -5.233596e-02
      vertex -9.458465e-01 -3.073242e-01 -1.045285e-01
      vertex -9.085410e-01 -4.045085e-01 -1.045285e-01
    endloop
  endfacet
  facet normal 0.000000e+00 0.000000e+00 1.000000e+00
    outer loop
      vertex -9.122935e-01 -4.061792e-01 -5.233596e-02
      vertex -9.085410e-01 -4.045085e-01 -1.045285e-01
      vertex -8.612812e-01 -4.972609e-01 -1.045285e-01
    endloop
  endfacet
  facet normal 0.000000e+00 0.000000e+00 1.000000e+00
    outer loop
      vertex -8.648385e-01 -4.993148e-01 -5.233596e-02
      vertex -8.612812e-01 -4.972609e-01 -1.045285e-01
      vertex -8.045851e-01 -5.845653e-01 -1.045285e-01
    endloop
  endfacet
  facet normal 0.000000e+00 0.000000e+00 1.000000e+00
    outer loop
      vertex -8.079083e-01 -5.869797e-01 -5.233596e-02
      vertex -8.045851e-01 -5.845653e-01 -1.045285e-01
      vertex -7.390738e-01 -6.654650e-01 -1.045285e-01
    endloop
  endfacet
  facet normal 0.000000e+00 0.000000e+00 1.000000e+00
    outer loop
      vertex -7.421264e-01 -6.682136e-01 -5.233596e-02
      vertex -7.390738e-01 -6.654650e-01 -1.045285e-01
      vertex -6.654650e-01 -7.390738e-01 -1.045285e-01
    endloop
  endfacet
  facet normal 0.000000e+00 0.000000e+00 1.000000e+00
    outer loop
      vertex -6.682136e-01 -7.421264e-01 -5.233596e-02
      vertex -6.654650e-01 -7.390738e-01 -1.045285e-01
      vertex -5.845653e-01 -8.045851e-01 -1.045285e-01
    endloop
  endfacet
  facet normal 0.000000e+00 0.000000e+00 1.000000e+00
    outer loop
      vertex -5.869797e-01 -8.079083e-01 -5.233596e-02
      vertex -5.845653e-01 -8.045851e-01 -1.045285e-01
      vertex -4.972609e-01 -8.612812e-01 -1.045285e-01
    endloop
  endfacet
  facet normal 0.000000e+00 0.000000e+00 1.000000e+00
    outer loop
      vertex -4.993148e-01 -8.648385e-01 -5.233596e-02
      vertex -4.972609e-01 -8.612812e-01 -1.045285e-01
      vertex -4.045085e-01 -9.085410e-01 -1.045285e-01
    endloop
  endfacet
  facet normal 0.000000e+00 0.000000e+00 1.000000e+00
    outer loop
      vertex -4.061792e-01 -9.122935e-01 -5.233596e-02
      vertex -4.045085e-01 -9.085410e-01 -1.045285e-01
      vertex -3.073242e-01 -9.458465e-01 -1.045285e-01
    endloop
  endfacet
  facet normal 0.000000e+00 0.000000e+00 1.000000e+00
    outer loop
      vertex -3.085935e-01 -9.497531e-01 -5.233596e-02
      vertex -3.073242e-01 -9.458465e-01 -1.045285e-01
      vertex -2.067727e-01 -9.727892e-01 -1.045285e-01
    endloop
  endfacet
  facet normal 0.000000e+00 0.000000e+00 1.000000e+00
    outer loop
      vertex -2.076268e-01 -9.768071e-01 -5.233596e-02
      vertex -2.067727e-01 -9.727892e-01 -1.045285e-01
      vertex -1.039558e-01 -9.890738e-01 -1.045285e-01
    endloop
  endfacet
  facet normal 0.000000e+00 0.000000e+00 1.000000e+00
    outer loop
      vertex -1.043852e-01 -9.931589e-01 -5.233596e-02
      vertex -1.039558e-01 -9.890738e-01 -1.045285e-01
      vertex -1.826907e-16 -9.945219e-01 -1.045285e-01
    endloop
  endfacet
  facet normal 0.000000e+00 0.000000e+00 1.000000e+00
    outer loop
      vertex -1.834453e-16 -9.986295e-01 -5.233596e-02
      vertex -1.826907e-16 -9.945219e-01 -1.045285e-01
      vertex 1.039558e-01 -9.890738e-01 -1.045285e-01
    endloop
  endfacet
  facet normal 0.000000e+00 0.000000e+00 1.000000e+00
    outer loop
      vertex 1.043852e-01 -9.931589e-01 -5.233596e-02
      vertex 1.039558e-01 -9.890738e-01 -1.045285e-01
      vertex 2.067727e-01 -9.727892e-01 -1.045285e-01
    endloop
  endfacet
  facet normal 0.000000e+00 0.000000e+00 1.000000e+00
    outer loop
      vertex 2.076268e-01 -9.768071e-01 -5.233596e-02
      vertex 2.067727e-01 -9.727892e-01 -1.045285e-01
      vertex 3.073242e-01 -9.458465e-01 -1.045285e-01
    endloop
  endfacet
  facet normal 0.000000e+00 0.000000e+00 1.000000e+00
    outer loop
      vertex 3.085935e-01 -9.497531e-01 -5.233596e-02
      vertex 3.073242e-01 -9.458465e-01 -1.045285e-01
      vertex 4.045085e-01 -9.085410e-01 -1.045285e-01
    endloop
  endfacet
  facet normal 0.000000e+00 0.000000e+00 1.000000e+00
    outer loop
      vertex 4.061792e-01 -9.122935e-01 -5.233596e-02
      vertex 4.045085e-01 -9.085410e-01 -1.045285e-01
      vertex 4.972609e-01 -8.612812e-01 -1.045285e-01
    endloop
  endfacet
  facet normal 0.000000e+00 0.000000e+00 1.000000e+00
    outer loop
      vertex 4.993148e-01 -8.648385e-01 -5.233596e-02
      vertex 4.972609e-01 -8.612812e-01 -1.045285e-01
      vertex 5.845653e-01 -8.045851e-01 -1.045285e-01
    endloop
  endfacet
  facet normal 0.000000e+00 0.000000e+00 1.000000e+00
    outer loop
      vertex 5.869797e-01 -8.079083e-01 -5.233596e-02
      vertex 5.845653e-01 -8.045851e-01 -1.045285e-01
      vertex 6.654650e-01 -7.390738e-01 -1.045285e-01
    endloop
  endfacet
  facet normal 0.000000e+00 0.000000e+00 1.000000e+00
    outer loop
      vertex 6.682136e-01 -7.421264e-01 -5.233596e-02
      vertex 6.654650e-01 -7.390738e-01 -1.045285e-01
      vertex 7.390738e-01 -6.654650e-01 -1.045285e-01
    endloop
  endfacet
  facet normal 0.000000e+00 0.000000e+00 1.000000e+00
    outer loop
      vertex 7.421264e-01 -6.682136e-01 -5.233596e-02
      vertex 7.390738e-01 -6.654650e-01 -1.045285e-01
      vertex 8.045851e-01 -5.845653e-01 -1.045285e-01
    endloop
  endfacet
  facet normal 0.000000e+00 0.000000e+00 1.000000e+00
    outer loop
      vertex 8.079083e-01 -5.869797e-01 -5.233596e-02
      vertex 8.045851e-01 -5.845653e-01 -1.045285e-01
      vertex 8.612812e-01 -4.972609e-01 -1.045285e-01
    endloop
  endfacet
  facet normal 0.000000e+00 0.000000e+00 1.000000e+00
    outer loop
      vertex 8.648385e-01 -4.993148e-01 -5.233596e-02
      vertex 8.612812e-01 -4.972609e-01 -1.045285e-01
      vertex 9.085410e-01 -4.045085e-01 -1.045285e-01
    endloop
  endfacet
  facet normal 0.000000e+00 0.000000e+00 1.000000e+00
    outer loop
      vertex 9.122935e-01 -4.061792e-01 -5.233596e-02
      vertex 9.085410e-01 -4.045085e-01 -1.045285e-01
      vertex 9.458465e-01 -3.073242e-01 -1.045285e-01
    endloop
  endfacet
  facet normal 0.000000e+00 0.000000e+00 1.000000e+00
    outer loop
      vertex 9.497531e-01 -3.085935e-01 -5.233596e-02
      vertex 9.458465e-01 -3.073242e-01 -1.045285e-01
      vertex 9.727892e-01 -2.067727e-01 -1.045285e-01
    endloop
  endfacet
  facet normal 0.000000e+00 0.000000e+00 1.000000e+00
    outer loop
      vertex 9.768071e-01 -2.076268e-01 -5.233596e-02
      vertex 9.727892e-01 -2.067727e-01 -1.045285e-01
      vertex 9.890738e-01 -1.039558e-01 -1.045285e-01
    endloop
  endfacet
  facet normal 0.000000e+00 0.000000e+00 1.000000e+00
    outer loop
      vertex 9.931589e-01 -1.043852e-01 -5.233596e-02
      vertex 9.890738e-01 -1.039558e-01 -1.045285e-01
      vertex 9.945219e-01 -1.126900e-15 -1.045285e-01
    endloop
  endfacet
  facet normal 0.000000e+00 0.000000e+00 1.000000e+00
    outer loop
      vertex 9.945219e-01 0.000000e+00 -1.045285e-01
      vertex 9.876883e-01 0.000000e+00 -1.564345e-01
      vertex 9.822777e-01 1.032415e-01 -1.564345e-01
    endloop
  endfacet
  facet normal 0.000000e+00 0.000000e+00 1.000000e+00
    outer loop
      vertex 9.890738e-01 1.039558e-01 -1.045285e-01
      vertex 9.822777e-01 1.032415e-01 -1.564345e-01
      vertex 9.661050e-01 2.053520e-01 -1.564345e-01
    endloop
  endfacet
  facet normal 0.000000e+00 0.000000e+00 1.000000e+00
    outer loop
      vertex 9.727892e-01 2.067727e-01 -1.045285e-01
      vertex 9.661050e-01 2.053520e-01 -1.564345e-01
      vertex 9.393474e-01 3.052125e-01 -1.564345e-01
    endloop
  endfacet
  facet normal 0.000000e+00 0.000000e+00 1.000000e+00
    outer loop
      vertex 9.458465e-01 3.073242e-01 -1.045285e-01
      vertex 9.393474e-01 3.052125e-01 -1.564345e-01
      vertex 9.022982e-01 4.017290e-01 -1.564345e-01
    endloop
  endfacet
  facet normal 0.000000e+00 0.000000e+00 1.000000e+00
    outer loop
      vertex 9.085410e-01 4.045085e-01 -1.045285e-01
      vertex 9.022982e-01 4.017290e-01 -1.564345e-01
      vertex 8.553632e-01 4.938442e-01 -1.564345e-01
    endloop
  endfacet
  facet normal 0.000000e+00 0.000000e+00 1.000000e+00
    outer loop
      vertex 8.612812e-01 4.972609e-01 -1.045285e-01
      vertex 8.553632e-01 4.938442e-01 -1.564345e-01
      vertex 7.990567e-01 5.805486e-01 -1.564345e-01
    endloop
  endfacet
  facet normal 0.000000e+00 0.000000e+00 1.000000e+00
    outer loop
      vertex 8.045851e-01 5.845653e-01 -1.045285e-01
      vertex 7.990567e-01 5.805486e-01 -1.564345e-01
      vertex 7.339955e-01 6.608925e-01 -1.564345e-01
    endloop
  endfacet
  facet normal 0.000000e+00 0.000000e+00 1.000000e+00
    outer loop
      vertex 7.390738e-01 6.654650e-01 -1.045285e-01
      vertex 7.339955e-01 6.608925e-01 -1.564345e-01
      vertex 6.608925e-01 7.339955e-01 -1.564345e-01
    endloop
  endfacet
  facet normal 0.000000e+00 0.000000e+00 1.000000e+00
    outer loop
      vertex 6.654650e-01 7.390738e-01 -1.045285e-01
      vertex 6.608925e-01 7.339955e-01 -1.564345e-01
      vertex 5.805486e-01 7.990567e-01 -1.564345e-01
    endloop
  endfacet
  facet normal 0.000000e+00 0.000000e+00 1.000000e+00
    outer loop
      vertex 5.845653e-01 8.045851e-01 -1.045285e-01
      vertex 5.805486e-01 7.990567e-01 -1.564345e-01
      vertex 4.938442e-01 8.553632e-01 -1.564345e-01
    endloop
  endfacet
  facet normal 0.000000e+00 0.000000e+00 1.000000e+00
    outer loop
      vertex 4.972609e-01 8.612812e-01 -1.045285e-01
      vertex 4.938442e-01 8.553632e-01 -1.564345e-01
      vertex 4.017290e-01 9.022982e-01 -1.564345e-01
    endloop
  endfacet
  facet normal 0.000000e+00 0.000000e+00 1.000000e+00
    outer loop
      vertex 4.045085e-01 9.085410e-01 -1.045285e-01
      vertex 4.017290e-01 9.022982e-01 -1.564345e-01
      vertex 3.052125e-01 9.393474e-01 -1.564345e-01
    endloop
  endfacet
  facet normal 0.000000e+00 0.000000e+00 1.000000e+00
    outer loop
      vertex 3.073242e-01 9.458465e-01 -1.045285e-01
      vertex 3.052125e-01 9.393474e-01 -1.564345e-01
      vertex 2.053520e-01 9.661050e-01 -1.564345e-01
    endloop
  endfacet
  facet normal 0.000000e+00 0.000000e+00 1.000000e+00
    outer loop
      vertex 2.067727e-01 9.727892e-01 -1.045285e-01
      vertex 2.053520e-01 9.661050e-01 -1.564345e-01
      vertex 1.032415e-01 9.822777e-01 -1.564345e-01
    endloop
  endfacet
  facet normal 0.000000e+00 0.000000e+00 1.000000e+00
    outer loop
      vertex 1.039558e-01 9.890738e-01 -1.045285e-01
      vertex 1.032415e-01 9.822777e-01 -1.564345e-01
      vertex 2.797893e-16 9.876883e-01 -1.564345e-01
    endloop
  endfacet
  facet normal 0.000000e+00 0.000000e+00 1.000000e+00
    outer loop
      vertex 2.817251e-16 9.945219e-01 -1.045285e-01
      vertex 2.797893e-16 9.876883e-01 -1.564345e-01
      vertex -1.032415e-01 9.822777e-01 -1.564345e-01
    endloop
  endfacet
  facet normal 0.000000e+00 0.000000e+00 1.000000e+00
    outer loop
      vertex -1.039558e-01 9.890738e-01 -1.045285e-01
      vertex -1.032415e-01 9.822777e-01 -1.564345e-01
      vertex -2.053520e-01 9.661050e-01 -1.564345e-01
    endloop
  endfacet
  facet normal 0.000000e+00 0.000000e+00 1.000000e+00
    outer loop
      vertex -2.067727e-01 9.727892e-01 -1.045285e-01
      vertex -2.053520e-01 9.661050e-01 -1.564345e-01
      vertex -3.052125e-01 9.393474e-01 -1.564345e-01
    endloop
  endfacet
  facet normal 0.000000e+00 0.000000e+00 1.000000e+00
    outer loop
      vertex -3.073242e-01 9.458465e-01 -1.045285e-01
      vertex -3.052125e-01 9.393474e-01 -1.564345e-01
      vertex -4.017290e-01 9.022982e-01 -1.564345e-01
    endloop
  endfacet
  facet normal 0.000000e+00 0.000000e+00 1.000000e+00
    outer loop
      vertex -4.045085e-01 9.085410e-01 -1.045285e-01
      vertex -4.017290e-01 9.022982e-01 -1.564345e-01
      vertex -4.938442e-01 8.553632e-01 -1.564345e-01
    endloop
  endfacet
  facet normal 0.000000e+00 0.000000e+00 1.000000e+00
    outer loop
      vertex -4.972609e-01 8.612812e-01 -1.045285e-01
      vertex -4.938442e-01 8.553632e-01 -1.564345e-01
      vertex -5.805486e-01 7.990567e-01 -1.564345e-01
    endloop
  endfacet
  facet normal 0.000000e+00 0.000000e+00 1.000000e+00
    outer loop
      vertex -5.845653e-01 8.045851e-01 -1.045285e-01
      vertex -5.805486e-01 7.990567e-01 -1.564345e-01
      vertex -6.608925e-01 7.339955e-01 -1.564345e-01
    endloop
  endfacet
  facet normal 0.000000e+00 0.000000e+00 1.000000e+00
    outer loop
      vertex -6.654650e-01 7.390738e-01 -1.045285e-01
      vertex -6.608925e-01 7.339955e-01 -1.564345e-01
      vertex -7.339955e-01 6.608925e-01 -1.564345e-01
    endloop
  endfacet
  facet normal 0.000000e+00 0.000000e+00 1.000000e+00
    outer loop
      vertex -7.390738e-01 6.654650e-01 -1.045285e-01
      vertex -7.339955e-01 6.608925e-01 -1.564345e-01
      vertex -7.990567e-01 5.805486e-01 -1.564345e-01
    endloop
  endfacet
  facet normal 0.000000e+00 0.000000e+00 1.000000e+00
    outer loop
      vertex -8.045851e-01 5.845653e-01 -1.045285e-01
      vertex -7.990567e-01 5.805486e-01 -1.564345e-01
      vertex -8.553632e-01 4.938442e-01 -1.564345e-01
    endloop
  endfacet
  facet normal 0.000000e+00 0.000000e+00 1.000000e+00
    outer loop
      vertex -8.612812e-01 4.972609e-01 -1.045285e-01
      vertex -8.553632e-01 4.938442e-01 -1.564345e-01
      vertex -9.022982e-01 4.017290e-01 -1.564345e-01
    endloop
  endfacet
  facet normal 0.000000e+00 0.000000e+00 1.000000e+00
    outer loop
      vertex -9.085410e-01 4.045085e-01 -1.045285e-01
      vertex -9.022982e-01 4.017290e-01 -1.564345e-01
      vertex -9.393474e-01 3.052125e-01 -1.564345e-01
    endloop
  endfacet
  facet normal 0.000000e+00 0.000000e+00 1.000000e+00
    outer loop
      vertex -9.458465e-01 3.073242e-01 -1.045285e-01
      vertex -9.393474e-01 3.052125e-01 -1.564345e-01
      vertex -9.661050e-01 2.053520e-01 -1.564345e-01
    endloop
  endfacet
  facet normal 0.000000e+00 0.000000e+00 1.000000e+00
    outer loop
      vertex -9.727892e-01 2.067727e-01 -1.045285e-01
      vertex -9.661050e-01 2.053520e-01 -1.564345e-01
      vertex -9.822777e-01 1.032415e-01 -1.564345e-01
    endloop
  endfacet
  facet normal 0.000000e+00 0.000000e+00 1.000000e+00
    outer loop
      vertex -9.890738e-01 1.039558e-01 -1.045285e-01
      vertex -9.822777e-01 1.032415e-01 -1.564345e-01
      vertex -9.876883e-01 5.595787e-16 -1.564345e-01
    endloop
  endfacet
  facet normal 0.000000e+00 0.000000e+00 1.000000e+00
    outer loop
      vertex -9.945219e-01 5.634502e-16 -1.045285e-01
      vertex -9.876883e-01 5.595787e-16 -1.564345e-01
      vertex -9.822777e-01 -1.032415e-01 -1.564345e-01
    endloop
  endfacet
  facet normal 0.000000e+00 0.000000e+00 1.000000e+00
    outer loop
      vertex -9.890738e-01 -1.039558e-01 -1.045285e-01
      vertex -9.822777e-01 -1.032415e-01 -1.564345e-01
      vertex -9.661050e-01 -2.053520e-01 -1.564345e-01
    endloop
  endfacet
  facet normal 0.000000e+00 0.000000e+00 1.000000e+00
    outer loop
      vertex -9.727892e-01 -2.067727e-01 -1.045285e-01
      vertex -9.661050e-01 -2.053520e-01 -1.564345e-01
      vertex -9.393474e-01 -3.052125e-01 -1.564345e-01
    endloop
  endfacet
  facet normal 0.000000e+00 0.000000e+00 1.000000e+00
    outer loop
      vertex -9.458465e-01 -3.073242e-01 -1.045285e-01
      vertex -9.393474e-01 -3.052125e-01 -1.564345e-01
      vertex -9.022982e-01 -4.017290e-01 -1.564345e-01
    endloop
  endfacet
  facet normal 0.000000e+00 0.000000e+00 1.000000e+00
    outer loop
      vertex -9.085410e-01 -4.045085e-01 -1.045285e-01
      vertex -9.022982e-01 -4.017290e-01 -1.564345e-01
      vertex -8.553632e-01 -4.938442e-01 -1.564345e-01
    endloop
  endfacet
  facet normal 0.000000e+00 0.000000e+00 1.000000e+00
    outer loop
      vertex -8.612812e-01 -4.972609e-01 -1.045285e-01
      vertex -8.553632e-01 -4.938442e-01 -1.564345e-01
      vertex -7.990567e-01 -5.805486e-01 -1.564345e-01
    endloop
  endfacet
  facet normal 0.000000e+00 0.000000e+00 1.000000e+00
    outer loop
      vertex -8.045851e-01 -5.845653e-01 -1.045285e-01
      vertex -7.990567e-01 -5.805486e-01 -1.564345e-01
      vertex -7.339955e-01 -6.608925e-01 -1.564345e-01
    endloop
  endfacet
  facet normal 0.000000e+00 0.000000e+00 1.000000e+00
    outer loop
      vertex -7.390738e-01 -6.654650e-01 -1.045285e-01
      vertex -7.339955e-01 -6.608925e-01 -1.564345e-01
      vertex -6.608925e-01 -7.339955e-01 -1.564345e-01
    endloop
  endfacet
  facet normal 0.000000e+00 0.000000e+00 1.000000e+00
    outer loop
      vertex -6.654650e-01 -7.390738e-01 -1.045285e-01
      vertex -6.608925e-01 -7.339955e-01 -1.564345e-01
      vertex -5.805486e-01 -7.990567e-01 -1.564345e-01
    endloop
  endfacet
  facet normal 0.000000e+00 0.000000e+00 1.000000e+00
    outer loop
      vertex -5.845653e-01 -8.045851e-01 -1.045285e-01
      vertex -5.805486e-01 -7.990567e-01 -1.564345e-01
      vertex -4.938442e-01 -8.553632e-01 -1.564345e-01
    endloop
  endfacet
  facet normal 0.000000e+00 0.000000e+00 1.000000e+00
    outer loop
      vertex -4.972609e-01 -8.612812e-01 -1.045285e-01
      vertex -4.938442e-01 -8.553632e-01 -1.564345e-01
      vertex -4.017290e-01 -9.022982e-01 -1.564345e-01
    endloop
  endfacet
  facet normal 0.000000e+00 0.000000e+00 1.000000e+00
    outer loop
      vertex -4.045085e-01 -9.085410e-01 -1.045285e-01
      vertex -4.017290e-01 -9.022982e-01 -1.564345e-01
      vertex -3.052125e-01 -9.393474e-01 -1.564345e-01
    endloop
  endfacet
  facet normal 0.000000e+00 0.000000e+00 1.000000e+00
    outer loop
      vertex -3.073242e-01 -9.458465e-01 -1.045285e-01
      vertex -3.052125e-01 -9.393474e-01 -1.564345e-01
      vertex -2.053520e-01 -9.661050e-01 -1.564345e-01
    endloop
  endfacet
  facet normal 0.000000e+00 0.000000e+00 1.000000e+00
    outer loop
      vertex -2.067727e-01 -9.727892e-01 -1.045285e-01
      vertex -2.053520e-01 -9.661050e-01 -1.564345e-01
      vertex -1.032415e-01 -9.822777e-01 -1.564345e-01
    endloop
  endfacet
  facet normal 0.000000e+00 0.000000e+00 1.000000e+00
    outer loop
      vertex -1.039558e-01 -9.890738e-01 -1.045285e-01
      vertex -1.032415e-01 -9.822777e-01 -1.564345e-01
      vertex -1.814354e-16 -9.876883e-01 -1.564345e-01
    endloop
  endfacet
  facet normal 0.000000e+00 0.000000e+00 1.000000e+00
    outer loop
      vertex -1.826907e-16 -9.945219e-01 -1.045285e-01
      vertex -1.814354e-16 -9.876883e-01 -1.564345e-01
      vertex 1.032415e-01 -9.822777e-01 -1.564345e-01
    endloop
  endfacet
  facet normal 0.000000e+00 0.000000e+00 1.000000e+00
    outer loop
      vertex 1.039558e-01 -9.890738e-01 -1.045285e-01
      vertex 1.032415e-01 -9.822777e-01 -1.564345e-01
      vertex 2.053520e-01 -9.661050e-01 -1.564345e-01
    endloop
  endfacet
  facet normal 0.000000e+00 0.000000e+00 1.000000e+00
    outer loop
      vertex 2.067727e-01 -9.727892e-01 -1.045285e-01
      vertex 2.053520e-01 -9.661050e-01 -1.564345e-01
      vertex 3.052125e-01 -9.393474e-01 -1.564345e-01
    endloop
  endfacet
  facet normal 0.000000e+00 0.000000e+00 1.000000e+00
    outer loop
      vertex 3.073242e-01 -9.458465e-01 -1.045285e-01
      vertex 3.052125e-01 -9.393474e-01 -1.564345e-01
      vertex 4.017290e-01 -9.022982e-01 -1.564345e-01
    endloop
  endfacet
  facet normal 0.000000e+00 0.000000e+00 1.000000e+00
    outer loop
      vertex 4.045085e-01 -9.085410e-01 -1.045285e-01
      vertex 4.017290e-01 -9.022982e-01 -1.564345e-01
      vertex 4.938442e-01 -8.553632e-01 -1.564345e-01
    endloop
  endfacet
  facet normal 0.000000e+00 0.000000e+00 1.000000e+00
    outer loop
      vertex 4.972609e-01 -8.612812e-01 -1.045285e-01
      vertex 4.938442e-01 -8.553632e-01 -1.564345e-01
      vertex 5.805486e-01 -7.990567e-01 -1.564345e-01
    endloop
  endfacet
  facet normal 0.000000e+00 0.000000e+00 1.000000e+00
    outer loop
      vertex 5.845653e-01 -8.045851e-01 -1.045285e-01
      vertex 5.805486e-01 -7.990567e-01 -1.564345e-01
      vertex 6.608925e-01 -7.339955e-01 -1.564345e-01
    endloop
  endfacet
  facet normal 0.000000e+00 0.000000e+00 1.000000e+00
    outer loop
      vertex 6.654650e-01 -7.390738e-01 -1.045285e-01
      vertex 6.608925e-01 -7.339955e-01 -1.564345e-01
      vertex 7.339955e-01 -6.608925e-01 -1.564345e-01
    endloop
  endfacet
  facet normal 0.000000e+00 0.000000e+00 1.000000e+00
    outer loop
      vertex 7.390738e-01 -6.654650e-01 -1.045285e-01
      vertex 7.339955e-01 -6.608925e-01 -1.564345e-01
      vertex 7.990567e-01 -5.805486e-01 -1.564345e-01
    endloop
  endfacet
  facet normal 0.000000e+00 0.000000e+00 1.000000e+00
    outer loop
      vertex 8.045851e-01 -5.845653e-01 -1.045285e-01
      vertex 7.990567e-01 -5.805486e-01 -1.564345e-01
      vertex 8.553632e-01 -4.938442e-01 -1.564345e-01
    endloop
  endfacet
  facet normal 0.000000e+00 0.000000e+00 1.000000e+00
    outer loop
      vertex 8.612812e-01 -4.972609e-01 -1.045285e-01
      vertex 8.553632e-01 -4.938442e-01 -1.564345e-01
      vertex 9.022982e-01 -4.017290e-01 -1.564345e-01
    endloop
  endfacet
  facet normal 0.000000e+00 0.000000e+00 1.000000e+00
    outer loop
      vertex 9.085410e-01 -4.045085e-01 -1.045285e-01
      vertex 9.022982e-01 -4.017290e-01 -1.564345e-01
      vertex 9.393474e-01 -3.052125e-01 -1.564345e-01
    endloop
  endfacet
  facet normal 0.000000e+00 0.000000e+00 1.000000e+00
    outer loop
      vertex 9.458465e-01 -3.073242e-01 -1.045285e-01
      vertex 9.393474e-01 -3.052125e-01 -1.564345e-01
      vertex 9.661050e-01 -2.053520e-01 -1.564345e-01
    endloop
  endfacet
  facet normal 0.000000e+00 0.000000e+00 1.000000e+00
    outer loop
      vertex 9.727892e-01 -2.067727e-01 -1.045285e-01
      vertex 9.661050e-01 -2.053520e-01 -1.564345e-01
      vertex 9.822777e-01 -1.032415e-01 -1.564345e-01
    endloop
  endfacet
  facet normal 0.000000e+00 0.000000e+00 1.000000e+00
    outer loop
      vertex 9.890738e-01 -1.039558e-01 -1.045285e-01
      vertex 9.822777e-01 -1.032415e-01 -1.564345e-01
      vertex 9.876883e-01 -1.119157e-15 -1.564345e-01
    endloop
  endfacet
  facet normal 0.000000e+00 0.000000e+00 1.000000e+00
    outer loop
      vertex 9.876883e-01 0.000000e+00 -1.564345e-01
      vertex 9.781476e-01 0.000000e+00 -2.079117e-01
      vertex 9.727892e-01 1.022443e-01 -2.079117e-01
    endloop
  endfacet
  facet normal 0.000000e+00 0.000000e+00 1.000000e+00
    outer loop
      vertex 9.822777e-01 1.032415e-01 -1.564345e-01
      vertex 9.727892e-01 1.022443e-01 -2.079117e-01
      vertex 9.567727e-01 2.033683e-01 -2.079117e-01
    endloop
  endfacet
  facet normal 0.000000e+00 0.000000e+00 1.000000e+00
    outer loop
      vertex 9.661050e-01 2.053520e-01 -1.564345e-01
      vertex 9.567727e-01 2.033683e-01 -2.079117e-01
      vertex 9.302736e-01 3.022642e-01 -2.079117e-01
    endloop
  endfacet
  facet normal 0.000000e+00 0.000000e+00 1.000000e+00
    outer loop
      vertex 9.393474e-01 3.052125e-01 -1.564345e-01
      vertex 9.302736e-01 3.022642e-01 -2.079117e-01
      vertex 8.935823e-01 3.978485e-01 -2.079117e-01
    endloop
  endfacet
  facet normal 0.000000e+00 0.000000e+00 1.000000e+00
    outer loop
      vertex 9.022982e-01 4.017290e-01 -1.564345e-01
      vertex 8.935823e-01 3.978485e-01 -2.079117e-01
      vertex 8.471007e-01 4.890738e-01 -2.079117e-01
    endloop
  endfacet
  facet normal 0.000000e+00 0.000000e+00 1.000000e+00
    outer loop
      vertex 8.553632e-01 4.938442e-01 -1.564345e-01
      vertex 8.471007e-01 4.890738e-01 -2.079117e-01
      vertex 7.913380e-01 5.749407e-01 -2.079117e-01
    endloop
  endfacet
  facet normal 0.000000e+00 0.000000e+00 1.000000e+00
    outer loop
      vertex 7.990567e-01 5.805486e-01 -1.564345e-01
      vertex 7.913380e-01 5.749407e-01 -2.079117e-01
      vertex 7.269053e-01 6.545085e-01 -2.079117e-01
    endloop
  endfacet
  facet normal 0.000000e+00 0.000000e+00 1.000000e+00
    outer loop
      vertex 7.339955e-01 6.608925e-01 -1.564345e-01
      vertex 7.269053e-01 6.545085e-01 -2.079117e-01
      vertex 6.545085e-01 7.269053e-01 -2.079117e-01
    endloop
  endfacet
  facet normal 0.000000e+00 0.000000e+00 1.000000e+00
    outer loop
      vertex 6.608925e-01 7.339955e-01 -1.564345e-01
      vertex 6.545085e-01 7.269053e-01 -2.079117e-01
      vertex 5.749407e-01 7.913380e-01 -2.079117e-01
    endloop
  endfacet
  facet normal 0.000000e+00 0.000000e+00 1.000000e+00
    outer loop
      vertex 5.805486e-01 7.990567e-01 -1.564345e-01
      vertex 5.749407e-01 7.913380e-01 -2.079117e-01
      vertex 4.890738e-01 8.471007e-01 -2.079117e-01
    endloop
  endfacet
  facet normal 0.000000e+00 0.000000e+00 1.000000e+00
    outer loop
      vertex 4.938442e-01 8.553632e-01 -1.564345e-01
      vertex 4.890738e-01 8.471007e-01 -2.079117e-01
      vertex 3.978485e-01 8.935823e-01 -2.079117e-01
    endloop
  endfacet
  facet normal 0.000000e+00 0.000000e+00 1.000000e+00
    outer loop
      vertex 4.017290e-01 9.022982e-01 -1.564345e-01
      vertex 3.978485e-01 8.935823e-01 -2.079117e-01
      vertex 3.022642e-01 9.302736e-01 -2.079117e-01
    endloop
  endfacet
  facet normal 0.000000e+00 0.000000e+00 1.000000e+00
    outer loop
      vertex 3.052125e-01 9.393474e-01 -1.564345e-01
      vertex 3.022642e-01 9.302736e-01 -2.079117e-01
      vertex 2.033683e-01 9.567727e-01 -2.079117e-01
    endloop
  endfacet
  facet normal 0.000000e+00 0.000000e+00 1.000000e+00
    outer loop
      vertex 2.053520e-01 9.661050e-01 -1.564345e-01
      vertex 2.033683e-01 9.567727e-01 -2.079117e-01
      vertex 1.022443e-01 9.727892e-01 -2.079117e-01
    endloop
  endfacet
  facet normal 0.000000e+00 0.000000e+00 1.000000e+00
    outer loop
      vertex 1.032415e-01 9.822777e-01 -1.564345e-01
      vertex 1.022443e-01 9.727892e-01 -2.079117e-01
      vertex 2.770867e-16 9.781476e-01 -2.079117e-01
    endloop
  endfacet
  facet normal 0.000000e+00 0.000000e+00 1.000000e+00
    outer loop
      vertex 2.797893e-16 9.876883e-01 -1.564345e-01
      vertex 2.770867e-16 9.781476e-01 -2.079117e-01
      vertex -1.022443e-01 9.727892e-01 -2.079117e-01
    endloop
  endfacet
  facet normal 0.000000e+00 0.000000e+00 1.000000e+00
    outer loop
      vertex -1.032415e-01 9.822777e-01 -1.564345e-01
      vertex -1.022443e-01 9.727892e-01 -2.079117e-01
      vertex -2.033683e-01 9.567727e-01 -2.079117e-01
    endloop
  endfacet
  facet normal 0.000000e+00 0.000000e+00 1.000000e+00
    outer loop
      vertex -2.053520e-01 9.661050e-01 -1.564345e-01
      vertex -2.033683e-01 9.567727e-01 -2.079117e-01
      vertex -3.022642e-01 9.302736e-01 -2.079117e-01
    endloop
  endfacet
  facet normal 0.000000e+00 0.000000e+00 1.000000e+00
    outer loop
      vertex -3.052125e-01 9.393474e-01 -1.564345e-01
      vertex -3.022642e-01 9.302736e-01 -2.079117e-01
      vertex -3.978485e-01 8.935823e-01 -2.079117e-01
    endloop
  endfacet
  facet normal 0.000000e+00 0.000000e+00 1.000000e+00
    outer loop
      vertex -4.017290e-01 9.022982e-01 -1.564345e-01
      vertex -3.978485e-01 8.935823e-01 -2.079117e-01
      vertex -4.890738e-01 8.471007e-01 -2.079117e-01
    endloop
  endfacet
  facet normal 0.000000e+00 0.000000e+00 1.000000e+00
    outer loop
      vertex -4.938442e-01 8.553632e-01 -1.564345e-01
      vertex -4.890738e-01 8.471007e-01 -2.079117e-01
      vertex -5.749407e-01 7.913380e-01 -2.079117e-01
    endloop
  endfacet
  facet normal 0.000000e+00 0.000000e+00 1.000000e+00
    outer loop
      vertex -5.805486e-01 7.990567e-01 -1.564345e-01
      vertex -5.749407e-01 7.913380e-01 -2.079117e-01
      vertex -6.545085e-01 7.269053e-01 -2.079117e-01
    endloop
  endfacet
  facet normal 0.000000e+00 0.000000e+00 1.000000e+00
    outer loop
      vertex -6.608925e-01 7.339955e-01 -1.564345e-01
      vertex -6.545085e-01 7.269053e-01 -2.079117e-01
      vertex -7.269053e-01 6.545085e-01 -2.079117e-01
    endloop
  endfacet
  facet normal 0.000000e+00 0.000000e+00 1.000000e+00
    outer loop
      vertex -7.339955e-01 6.608925e-01 -1.564345e-01
      vertex -7.269053e-01 6.545085e-01 -2.079117e-01
      vertex -7.913380e-01 5.749407e-01 -2.079117e-01
    endloop
  endfacet
  facet normal 0.000000e+00 0.000000e+00 1.000000e+00
    outer loop
      vertex -7.990567e-01 5.805486e-01 -1.564345e-01
      vertex -7.913380e-01 5.749407e-01 -2.079117e-01
      vertex -8.471007e-01 4.890738e-01 -2.079117e-01
    endloop
  endfacet
  facet normal 0.000000e+00 0.000000e+00 1.000000e+00
    outer loop
      vertex -8.553632e-01 4.938442e-01 -1.564345e-01
      vertex -8.471007e-01 4.890738e-01 -2.079117e-01
      vertex -8.935823e-01 3.978485e-01 -2.079117e-01
    endloop
  endfacet
  facet normal 0.000000e+00 0.000000e+00 1.000000e+00
    outer loop
      vertex -9.022982e-01 4.017290e-01 -1.564345e-01
      vertex -8.935823e-01 3.978485e-01 -2.079117e-01
      vertex -9.302736e-01 3.022642e-01 -2.079117e-01
    endloop
  endfacet
  facet normal 0.000000e+00 0.000000e+00 1.000000e+00
    outer loop
      vertex -9.393474e-01 3.052125e-01 -1.564345e-01
      vertex -9.302736e-01 3.022642e-01 -2.079117e-01
      vertex -9.567727e-01 2.033683e-01 -2.079117e-01
    endloop
  endfacet
  facet normal 0.000000e+00 0.000000e+00 1.000000e+00
    outer loop
      vertex -9.661050e-01 2.053520e-01 -1.564345e-01
      vertex -9.567727e-01 2.033683e-01 -2.079117e-01
      vertex -9.727892e-01 1.022443e-01 -2.079117e-01
    endloop
  endfacet
  facet normal 0.000000e+00 0.000000e+00 1.000000e+00
    outer loop
      vertex -9.822777e-01 1.032415e-01 -1.564345e-01
      vertex -9.727892e-01 1.022443e-01 -2.079117e-01
      vertex -9.781476e-01 5.541733e-16 -2.079117e-01
    endloop
  endfacet
  facet normal 0.000000e+00 0.000000e+00 1.000000e+00
    outer loop
      vertex -9.876883e-01 5.595787e-16 -1.564345e-01
      vertex -9.781476e-01 5.541733e-16 -2.079117e-01
      vertex -9.727892e-01 -1.022443e-01 -2.079117e-01
    endloop
  endfacet
  facet normal 0.000000e+00 0.000000e+00 1.000000e+00
    outer loop
      vertex -9.822777e-01 -1.032415e-01 -1.564345e-01
      vertex -9.727892e-01 -1.022443e-01 -2.079117e-01
      vertex -9.567727e-01 -2.033683e-01 -2.079117e-01
    endloop
  endfacet
  facet normal 0.000000e+00 0.000000e+00 1.000000e+00
    outer loop
      vertex -9.661050e-01 -2.053520e-01 -1.564345e-01
      vertex -9.567727e-01 -2.033683e-01 -2.079117e-01
      vertex -9.302736e-01 -3.022642e-01 -2.079117e-01
    endloop
  endfacet
  facet normal 0.000000e+00 0.000000e+00 1.000000e+00
    outer loop
      vertex -9.393474e-01 -3.052125e-01 -1.564345e-01
      vertex -9.302736e-01 -3.022642e-01 -2.079117e-01
      vertex -8.935823e-01 -3.978485e-01 -2.079117e-01
    endloop
  endfacet
  facet normal 0.000000e+00 0.000000e+00 1.000000e+00
    outer loop
      vertex -9.022982e-01 -4.017290e-01 -1.564345e-01
      vertex -8.935823e-01 -3.978485e-01 -2.079117e-01
      vertex -8.471007e-01 -4.890738e-01 -2.079117e-01
    endloop
  endfacet
  facet normal 0.000000e+00 0.000000e+00 1.000000e+00
    outer loop
      vertex -8.553632e-01 -4.938442e-01 -1.564345e-01
      vertex -8.471007e-01 -4.890738e-01 -2.079117e-01
      vertex -7.913380e-01 -5.749407e-01 -2.079117e-01
    endloop
  endfacet
  facet normal 0.000000e+00 0.000000e+00 1.000000e+00
    outer loop
      vertex -7.990567e-01 -5.805486e-01 -1.564345e-01
      vertex -7.913380e-01 -5.749407e-01 -2.079117e-01
      vertex -7.269053e-01 -6.545085e-01 -2.079117e-01
    endloop
  endfacet
  facet normal 0.000000e+00 0.000000e+00 1.000000e+00
    outer loop
      vertex -7.339955e-01 -6.608925e-01 -1.564345e-01
      vertex -7.269053e-01 -6.545085e-01 -2.079117e-01
      vertex -6.545085e-01 -7.269053e-01 -2.079117e-01
    endloop
  endfacet
  facet normal 0.000000e+00 0.000000e+00 1.000000e+00
    outer loop
      vertex -6.608925e-01 -7.339955e-01 -1.564345e-01
      vertex -6.545085e-01 -7.269053e-01 -2.079117e-01
      vertex -5.749407e-01 -7.913380e-01 -2.079117e-01
    endloop
  endfacet
  facet normal 0.000000e+00 0.000000e+00 1.000000e+00
    outer loop
      vertex -5.805486e-01 -7.990567e-01 -1.564345e-01
      vertex -5.749407e-01 -7.913380e-01 -2.079117e-01
      vertex -4.890738e-01 -8.471007e-01 -2.079117e-01
    endloop
  endfacet
  facet normal 0.000000e+00 0.000000e+00 1.000000e+00
    outer loop
      vertex -4.938442e-01 -8.553632e-01 -1.564345e-01
      vertex -4.890738e-01 -8.471007e-01 -2.079117e-01
      vertex -3.978485e-01 -8.935823e-01 -2.079117e-01
    endloop
  endfacet
  facet normal 0.000000e+00 0.000000e+00 1.000000e+00
    outer loop
      vertex -4.017290e-01 -9.022982e-01 -1.564345e-01
      vertex -3.978485e-01 -8.935823e-01 -2.079117e-01
      vertex -3.022642e-01 -9.302736e-01 -2.079117e-01
    endloop
  endfacet
  facet normal 0.000000e+00 0.000000e+00 1.000000e+00
    outer loop
      vertex -3.052125e-01 -9.393474e-01 -1.564345e-01
      vertex -3.022642e-01 -9.302736e-01 -2.079117e-01
      vertex -2.033683e-01 -9.567727e-01 -2.079117e-01
    endloop
  endfacet
  facet normal 0.000000e+00 0.000000e+00 1.000000e+00
    outer loop
      vertex -2.053520e-01 -9.661050e-01 -1.564345e-01
      vertex -2.033683e-01 -9.567727e-01 -2.079117e-01
      vertex -1.022443e-01 -9.727892e-01 -2.079117e-01
    endloop
  endfacet
  facet normal 0.000000e+00 0.000000e+00 1.000000e+00
    outer loop
      vertex -1.032415e-01 -9.822777e-01 -1.564345e-01
      vertex -1.022443e-01 -9.727892e-01 -2.079117e-01
      vertex -1.796828e-16 -9.781476e-01 -2.079117e-01
    endloop
  endfacet
  facet normal 0.000000e+00 0.000000e+00 1.000000e+00
    outer loop
      vertex -1.814354e-16 -9.876883e-01 -1.564345e-01
      vertex -1.796828e-16 -9.781476e-01 -2.079117e-01
      vertex 1.022443e-01 -9.727892e-01 -2.079117e-01
    endloop
  endfacet
  facet normal 0.000000e+00 0.000000e+00 1.000000e+00
    outer loop
      vertex 1.032415e-01 -9.822777e-01 -1.564345e-01
      vertex 1.022443e-01 -9.727892e-01 -2.079117e-01
      vertex 2.033683e-01 -9.567727e-01 -2.079117e-01
    endloop
  endfacet
  facet normal 0.000000e+00 0.000000e+00 1.000000e+00
    outer loop
      vertex 2.053520e-01 -9.661050e-01 -1.564345e-01
      vertex 2.033683e-01 -9.567727e-01 -2.079117e-01
      vertex 3.022642e-01 -9.302736e-01 -2.079117e-01
    endloop
  endfacet
  facet normal 0.000000e+00 0.000000e+00 1.000000e+00
    outer loop
      vertex 3.052125e-01 -9.393474e-01 -1.564345e-01
      vertex 3.022642e-01 -9.302736e-01 -2.079117e-01
      vertex 3.978485e-01 -8.935823e-01 -2.079117e-01
    endloop
  endfacet
  facet normal 0.000000e+00 0.000000e+00 1.000000e+00
    outer loop
      vertex 4.017290e-01 -9.022982e-01 -1.564345e-01
      vertex 3.978485e-01 -8.935823e-01 -2.079117e-01
      vertex 4.890738e-01 -8.471007e-01 -2.079117e-01
    endloop
  endfacet
  facet normal 0.000000e+00 0.000000e+00 1.000000e+00
    outer loop
      vertex 4.938442e-01 -8.553632e-01 -1.564345e-01
      vertex 4.890738e-01 -8.471007e-01 -2.079117e-01
      vertex 5.749407e-01 -7.913380e-01 -2.079117e-01
    endloop
  endfacet
  facet normal 0.000000e+00 0.000000e+00 1.000000e+00
    outer loop
      vertex 5.805486e-01 -7.990567e-01 -1.564345e-01
      vertex 5.749407e-01 -7.913380e-01 -2.079117e-01
      vertex 6.545085e-01 -7.269053e-01 -2.079117e-01
    endloop
  endfacet
  facet normal 0.000000e+00 0.000000e+00 1.000000e+00
    outer loop
      vertex 6.608925e-01 -7.339955e-01 -1.564345e-01
      vertex 6.545085e-01 -7.269053e-01 -2.079117e-01
      vertex 7.269053e-01 -6.545085e-01 -2.079117e-01
    endloop
  endfacet
  facet normal 0.000000e+00 0.000000e+00 1.000000e+00
    outer loop
      vertex 7.339955e-01 -6.608925e-01 -1.564345e-01
      vertex 7.269053e-01 -6.545085e-01 -2.079117e-01
      vertex 7.913380e-01 -5.749407e-01 -2.079117e-01
    endloop
  endfacet
  facet normal 0.000000e+00 0.000000e+00 1.000000e+00
    outer loop
      vertex 7.990567e-01 -5.805486e-01 -1.564345e-01
      vertex 7.913380e-01 -5.749407e-01 -2.079117e-01
      vertex 8.471007e-01 -4.890738e-01 -2.079117e-01
    endloop
  endfacet
  facet normal 0.000000e+00 0.000000e+00 1.000000e+00
    outer loop
      vertex 8.553632e-01 -4.938442e-01 -1.564345e-01
      vertex 8.471007e-01 -4.890738e-01 -2.079117e-01
      vertex 8.935823e-01 -3.978485e-01 -2.079117e-01
    endloop
  endfacet
  facet normal 0.000000e+00 0.000000e+00 1.000000e+00
    outer loop
      vertex 9.022982e-01 -4.017290e-01 -1.564345e-01
      vertex 8.935823e-01 -3.978485e-01 -2.079117e-01
      vertex 9.302736e-01 -3.022642e-01 -2.079117e-01
    endloop
  endfacet
  facet normal 0.000000e+00 0.000000e+00 1.000000e+00
    outer loop
      vertex 9.393474e-01 -3.052125e-01 -1.564345e-01
      vertex 9.302736e-01 -3.022642e-01 -2.079117e-01
      vertex 9.567727e-01 -2.033683e-01 -2.079117e-01
    endloop
  endfacet
  facet normal 0.000000e+00 0.000000e+00 1.000000e+00
    outer loop
      vertex 9.661050e-01 -2.053520e-01 -1.564345e-01
      vertex 9.567727e-01 -2.033683e-01 -2.079117e-01
      vertex 9.727892e-01 -1.022443e-01 -2.079117e-01
    endloop
  endfacet
  facet normal 0.000000e+00 0.000000e+00 1.000000e+00
    outer loop
      vertex 9.822777e-01 -1.032415e-01 -1.564345e-01
      vertex 9.727892e-01 -1.022443e-01 -2.079117e-01
      vertex 9.781476e-01 -1.108347e-15 -2.079117e-01
    endloop
  endfacet
  facet normal 0.000000e+00 0.000000e+00 1.000000e+00
    outer loop
      vertex 9.781476e-01 0.000000e+00 -2.079117e-01
      vertex 9.659258e-01 0.000000e+00 -2.588190e-01
      vertex 9.606344e-01 1.009667e-01 -2.588190e-01
    endloop
  endfacet
  facet normal 0.000000e+00 0.000000e+00 1.000000e+00
    outer loop
      vertex 9.727892e-01 1.022443e-01 -2.079117e-01
      vertex 9.606344e-01 1.009667e-01 -2.588190e-01
      vertex 9.448180e-01 2.008273e-01 -2.588190e-01
    endloop
  endfacet
  facet normal 0.000000e+00 0.000000e+00 1.000000e+00
    outer loop
      vertex 9.567727e-01 2.033683e-01 -2.079117e-01
      vertex 9.448180e-01 2.008273e-01 -2.588190e-01
      vertex 9.186501e-01 2.984875e-01 -2.588190e-01
    endloop
  endfacet
  facet normal 0.000000e+00 0.000000e+00 1.000000e+00
    outer loop
      vertex 9.302736e-01 3.022642e-01 -2.079117e-01
      vertex 9.186501e-01 2.984875e-01 -2.588190e-01
      vertex 8.824172e-01 3.928774e-01 -2.588190e-01
    endloop
  endfacet
  facet normal 0.000000e+00 0.000000e+00 1.000000e+00
    outer loop
      vertex 8.935823e-01 3.978485e-01 -2.079117e-01
      vertex 8.824172e-01 3.928774e-01 -2.588190e-01
      vertex 8.365163e-01 4.829629e-01 -2.588190e-01
    endloop
  endfacet
  facet normal 0.000000e+00 0.000000e+00 1.000000e+00
    outer loop
      vertex 8.471007e-01 4.890738e-01 -2.079117e-01
      vertex 8.365163e-01 4.829629e-01 -2.588190e-01
      vertex 7.814504e-01 5.677570e-01 -2.588190e-01
    endloop
  endfacet
  facet normal 0.000000e+00 0.000000e+00 1.000000e+00
    outer loop
      vertex 7.913380e-01 5.749407e-01 -2.079117e-01
      vertex 7.814504e-01 5.677570e-01 -2.588190e-01
      vertex 7.178228e-01 6.463305e-01 -2.588190e-01
    endloop
  endfacet
  facet normal 0.000000e+00 0.000000e+00 1.000000e+00
    outer loop
      vertex 7.269053e-01 6.545085e-01 -2.079117e-01
      vertex 7.178228e-01 6.463305e-01 -2.588190e-01
      vertex 6.463305e-01 7.178228e-01 -2.588190e-01
    endloop
  endfacet
  facet normal 0.000000e+00 0.000000e+00 1.000000e+00
    outer loop
      vertex 6.545085e-01 7.269053e-01 -2.079117e-01
      vertex 6.463305e-01 7.178228e-01 -2.588190e-01
      vertex 5.677570e-01 7.814504e-01 -2.588190e-01
    endloop
  endfacet
  facet normal 0.000000e+00 0.000000e+00 1.000000e+00
    outer loop
      vertex 5.749407e-01 7.913380e-01 -2.079117e-01
      vertex 5.677570e-01 7.814504e-01 -2.588190e-01
      vertex 4.829629e-01 8.365163e-01 -2.588190e-01
    endloop
  endfacet
  facet normal 0.000000e+00 0.000000e+00 1.000000e+00
    outer loop
      vertex 4.890738e-01 8.471007e-01 -2.079117e-01
      vertex 4.829629e-01 8.365163e-01 -2.588190e-01
      vertex 3.928774e-01 8.824172e-01 -2.588190e-01
    endloop
  endfacet
  facet normal 0.000000e+00 0.000000e+00 1.000000e+00
    outer loop
      vertex 3.978485e-01 8.935823e-01 -2.079117e-01
      vertex 3.928774e-01 8.824172e-01 -2.588190e-01
      vertex 2.984875e-01 9.186501e-01 -2.588190e-01
    endloop
  endfacet
  facet normal 0.000000e+00 0.000000e+00 1.000000e+00
    outer loop
      vertex 3.022642e-01 9.302736e-01 -2.079117e-01
      vertex 2.984875e-01 9.186501e-01 -2.588190e-01
      vertex 2.008273e-01 9.448180e-01 -2.588190e-01
    endloop
  endfacet
  facet normal 0.000000e+00 0.000000e+00 1.000000e+00
    outer loop
      vertex 2.033683e-01 9.567727e-01 -2.079117e-01
      vertex 2.008273e-01 9.448180e-01 -2.588190e-01
      vertex 1.009667e-01 9.606344e-01 -2.588190e-01
    endloop
  endfacet
  facet normal 0.000000e+00 0.000000e+00 1.000000e+00
    outer loop
      vertex 1.022443e-01 9.727892e-01 -2.079117e-01
      vertex 1.009667e-01 9.606344e-01 -2.588190e-01
      vertex 2.736245e-16 9.659258e-01 -2.588190e-01
    endloop
  endfacet
  facet normal 0.000000e+00 0.000000e+00 1.000000e+00
    outer loop
      vertex 2.770867e-16 9.781476e-01 -2.079117e-01
      vertex 2.736245e-16 9.659258e-01 -2.588190e-01
      vertex -1.009667e-01 9.606344e-01 -2.588190e-01
    endloop
  endfacet
  facet normal 0.000000e+00 0.000000e+00 1.000000e+00
    outer loop
      vertex -1.022443e-01 9.727892e-01 -2.079117e-01
      vertex -1.009667e-01 9.606344e-01 -2.588190e-01
      vertex -2.008273e-01 9.448180e-01 -2.588190e-01
    endloop
  endfacet
  facet normal 0.000000e+00 0.000000e+00 1.000000e+00
    outer loop
      vertex -2.033683e-01 9.567727e-01 -2.079117e-01
      vertex -2.008273e-01 9.448180e-01 -2.588190e-01
      vertex -2.984875e-01 9.186501e-01 -2.588190e-01
    endloop
  endfacet
  facet normal 0.000000e+00 0.000000e+00 1.000000e+00
    outer loop
      vertex -3.022642e-01 9.302736e-01 -2.079117e-01
      vertex -2.984875e-01 9.186501e-01 -2.588190e-01
      vertex -3.928774e-01 8.824172e-01 -2.588190e-01
    endloop
  endfacet
  facet normal 0.000000e+00 0.000000e+00 1.000000e+00
    outer loop
      vertex -3.978485e-01 8.935823e-01 -2.079117e-01
      vertex -3.928774e-01 8.824172e-01 -2.588190e-01
      vertex -4.829629e-01 8.365163e-01 -2.588190e-01
    endloop
  endfacet
  facet normal 0.000000e+00 0.000000e+00 1.000000e+00
    outer loop
      vertex -4.890738e-01 8.471007e-01 -2.079117e-01
      vertex -4.829629e-01 8.365163e-01 -2.588190e-01
      vertex -5.677570e-01 7.814504e-01 -2.588190e-01
    endloop
  endfacet
  facet normal 0.000000e+00 0.000000e+00 1.000000e+00
    outer loop
      vertex -5.749407e-01 7.913380e-01 -2.079117e-01
      vertex -5.677570e-01 7.814504e-01 -2.588190e-01
      vertex -6.463305e-01 7.178228e-01 -2.588190e-01
    endloop
  endfacet
  facet normal 0.000000e+00 0.000000e+00 1.000000e+00
    outer loop
      vertex -6.545085e-01 7.269053e-01 -2.079117e-01
      vertex -6.463305e-01 7.178228e-01 -2.588190e-01
      vertex -7.178228e-01 6.463305e-01 -2.588190e-01
    endloop
  endfacet
  facet normal 0.000000e+00 0.000000e+00 1.000000e+00
    outer loop
      vertex -7.269053e-01 6.545085e-01 -2.079117e-01
      vertex -7.178228e-01 6.463305e-01 -2.588190e-01
      vertex -7.814504e-01 5.677570e-01 -2.588190e-01
    endloop
  endfacet
  facet normal 0.000000e+00 0.000000e+00 1.000000e+00
    outer loop
      vertex -7.913380e-01 5.749407e-01 -2.079117e-01
      vertex -7.814504e-01 5.677570e-01 -2.588190e-01
      vertex -8.365163e-01 4.829629e-01 -2.588190e-01
    endloop
  endfacet
  facet normal 0.000000e+00 0.000000e+00 1.000000e+00
    outer loop
      vertex -8.471007e-01 4.890738e-01 -2.079117e-01
      vertex -8.365163e-01 4.829629e-01 -2.588190e-01
      vertex -8.824172e-01 3.928774e-01 -2.588190e-01
    endloop
  endfacet
  facet normal 0.000000e+00 0.000000e+00 1.000000e+00
    outer loop
      vertex -8.935823e-01 3.978485e-01 -2.079117e-01
      vertex -8.824172e-01 3.928774e-01 -2.588190e-01
      vertex -9.186501e-01 2.984875e-01 -2.588190e-01
    endloop
  endfacet
  facet normal 0.000000e+00 0.000000e+00 1.000000e+00
    outer loop
      vertex -9.302736e-01 3.022642e-01 -2.079117e-01
      vertex -9.186501e-01 2.984875e-01 -2.588190e-01
      vertex -9.448180e-01 2.008273e-01 -2.588190e-01
    endloop
  endfacet
  facet normal 0.000000e+00 0.000000e+00 1.000000e+00
    outer loop
      vertex -9.567727e-01 2.033683e-01 -2.079117e-01
      vertex -9.448180e-01 2.008273e-01 -2.588190e-01
      vertex -9.606344e-01 1.009667e-01 -2.588190e-01
    endloop
  endfacet
  facet normal 0.000000e+00 0.000000e+00 1.000000e+00
    outer loop
      vertex -9.727892e-01 1.022443e-01 -2.079117e-01
      vertex -9.606344e-01 1.009667e-01 -2.588190e-01
      vertex -9.659258e-01 5.472490e-16 -2.588190e-01
    endloop
  endfacet
  facet normal 0.000000e+00 0.000000e+00 1.000000e+00
    outer loop
      vertex -9.781476e-01 5.541733e-16 -2.079117e-01
      vertex -9.659258e-01 5.472490e-16 -2.588190e-01
      vertex -9.606344e-01 -1.009667e-01 -2.588190e-01
    endloop
  endfacet
  facet normal 0.000000e+00 0.000000e+00 1.000000e+00
    outer loop
      vertex -9.727892e-01 -1.022443e-01 -2.079117e-01
      vertex -9.606344e-01 -1.009667e-01 -2.588190e-01
      vertex -9.448180e-01 -2.008273e-01 -2.588190e-01
    endloop
  endfacet
  facet normal 0.000000e+00 0.000000e+00 1.000000e+00
    outer loop
      vertex -9.567727e-01 -2.033683e-01 -2.079117e-01
      vertex -9.448180e-01 -2.008273e-01 -2.588190e-01
      vertex -9.186501e-01 -2.984875e-01 -2.588190e-01
    endloop
  endfacet
  facet normal 0.000000e+00 0.000000e+00 1.000000e+00
    outer loop
      vertex -9.302736e-01 -3.022642e-01 -2.079117e-01
      vertex -9.186501e-01 -2.984875e-01 -2.588190e-01
      vertex -8.824172e-01 -3.928774e-01 -2.588190e-01
    endloop
  endfacet
  facet normal 0.000000e+00 0.000000e+00 1.000000e+00
    outer loop
      vertex -8.935823e-01 -3.978485e-01 -2.079117e-01
      vertex -8.824172e-01 -3.928774e-01 -2.588190e-01
      vertex -8.365163e-01 -4.829629e-01 -2.588190e-01
    endloop
  endfacet
  facet normal 0.000000e+00 0.000000e+00 1.000000e+00
    outer loop
      vertex -8.471007e-01 -4.890738e-01 -2.079117e-01
      vertex -8.365163e-01 -4.829629e-01 -2.588190e-01
      vertex -7.814504e-01 -5.677570e-01 -2.588190e-01
    endloop
  endfacet
  facet normal 0.000000e+00 0.000000e+00 1.000000e+00
    outer loop
      vertex -7.913380e-01 -5.749407e-01 -2.079117e-01
      vertex -7.814504e-01 -5.677570e-01 -2.588190e-01
      vertex -7.178228e-01 -6.463305e-01 -2.588190e-01
    endloop
  endfacet
  facet normal 0.000000e+00 0.000000e+00 1.000000e+00
    outer loop
      vertex -7.269053e-01 -6.545085e-01 -2.079117e-01
      vertex -7.178228e-01 -6.463305e-01 -2.588190e-01
      vertex -6.463305e-01 -7.178228e-01 -2.588190e-01
    endloop
  endfacet
  facet normal 0.000000e+00 0.000000e+00 1.000000e+00
    outer loop
      vertex -6.545085e-01 -7.269053e-01 -2.079117e-01
      vertex -6.463305e-01 -7.178228e-01 -2.588190e-01
      vertex -5.677570e-01 -7.814504e-01 -2.588190e-01
    endloop
  endfacet
  facet normal 0.000000e+00 0.000000e+00 1.000000e+00
    outer loop
      vertex -5.749407e-01 -7.913380e-01 -2.079117e-01
      vertex -5.677570e-01 -7.814504e-01 -2.588190e-01
      vertex -4.829629e-01 -8.365163e-01 -2.588190e-01
    endloop
  endfacet
  facet normal 0.000000e+00 0.000000e+00 1.000000e+00
    outer loop
      vertex -4.890738e-01 -8.471007e-01 -2.079117e-01
      vertex -4.829629e-01 -8.365163e-01 -2.588190e-01
      vertex -3.928774e-01 -8.824172e-01 -2.588190e-01
    endloop
  endfacet
  facet normal 0.000000e+00 0.000000e+00 1.000000e+00
    outer loop
      vertex -3.978485e-01 -8.935823e-01 -2.079117e-01
      vertex -3.928774e-01 -8.824172e-01 -2.588190e-01
      vertex -2.984875e-01 -9.186501e-01 -2.588190e-01
    endloop
  endfacet
  facet normal 0.000000e+00 0.000000e+00 1.000000e+00
    outer loop
      vertex -3.022642e-01 -9.302736e-01 -2.079117e-01
      vertex -2.984875e-01 -9.186501e-01 -2.588190e-01
      vertex -2.008273e-01 -9.448180e-01 -2.588190e-01
    endloop
  endfacet
  facet normal 0.000000e+00 0.000000e+00 1.000000e+00
    outer loop
      vertex -2.033683e-01 -9.567727e-01 -2.079117e-01
      vertex -2.008273e-01 -9.448180e-01 -2.588190e-01
      vertex -1.009667e-01 -9.606344e-01 -2.588190e-01
    endloop
  endfacet
  facet normal 0.000000e+00 0.000000e+00 1.000000e+00
    outer loop
      vertex -1.022443e-01 -9.727892e-01 -2.079117e-01
      vertex -1.009667e-01 -9.606344e-01 -2.588190e-01
      vertex -1.774377e-16 -9.659258e-01 -2.588190e-01
    endloop
  endfacet
  facet normal 0.000000e+00 0.000000e+00 1.000000e+00
    outer loop
      vertex -1.796828e-16 -9.781476e-01 -2.079117e-01
      vertex -1.774377e-16 -9.659258e-01 -2.588190e-01
      vertex 1.009667e-01 -9.606344e-01 -2.588190e-01
    endloop
  endfacet
  facet normal 0.000000e+00 0.000000e+00 1.000000e+00
    outer loop
      vertex 1.022443e-01 -9.727892e-01 -2.079117e-01
      vertex 1.009667e-01 -9.606344e-01 -2.588190e-01
      vertex 2.008273e-01 -9.448180e-01 -2.588190e-01
    endloop
  endfacet
  facet normal 0.000000e+00 0.000000e+00 1.000000e+00
    outer loop
      vertex 2.033683e-01 -9.567727e-01 -2.079117e-01
      vertex 2.008273e-01 -9.448180e-01 -2.588190e-01
      vertex 2.984875e-01 -9.186501e-01 -2.588190e-01
    endloop
  endfacet
  facet normal 0.000000e+00 0.000000e+00 1.000000e+00
    outer loop
      vertex 3.022642e-01 -9.302736e-01 -2.079117e-01
      vertex 2.984875e-01 -9.186501e-01 -2.588190e-01
      vertex 3.928774e-01 -8.824172e-01 -2.588190e-01
    endloop
  endfacet
  facet normal 0.000000e+00 0.000000e+00 1.000000e+00
    outer loop
      vertex 3.978485e-01 -8.935823e-01 -2.079117e-01
      vertex 3.928774e-01 -8.824172e-01 -2.588190e-01
      vertex 4.829629e-01 -8.365163e-01 -2.588190e-01
    endloop
  endfacet
  facet normal 0.000000e+00 0.000000e+00 1.000000e+00
    outer loop
      vertex 4.890738e-01 -8.471007e-01 -2.079117e-01
      vertex 4.829629e-01 -8.365163e-01 -2.588190e-01
      vertex 5.677570e-01 -7.814504e-01 -2.588190e-01
    endloop
  endfacet
  facet normal 0.000000e+00 0.000000e+00 1.000000e+00
    outer loop
      vertex 5.749407e-01 -7.913380e-01 -2.079117e-01
      vertex 5.677570e-01 -7.814504e-01 -2.588190e-01
      vertex 6.463305e-01 -7.178228e-01 -2.588190e-01
    endloop
  endfacet
  facet normal 0.000000e+00 0.000000e+00 1.000000e+00
    outer loop
      vertex 6.545085e-01 -7.269053e-01 -2.079117e-01
      vertex 6.463305e-01 -7.178228e-01 -2.588190e-01
      vertex 7.178228e-01 -6.463305e-01 -2.588190e-01
    endloop
  endfacet
  facet normal 0.000000e+00 0.000000e+00 1.000000e+00
    outer loop
      vertex 7.269053e-01 -6.545085e-01 -2.079117e-01
      vertex 7.178228e-01 -6.463305e-01 -2.588190e-01
      vertex 7.814504e-01 -5.677570e-01 -2.588190e-01
    endloop
  endfacet
  facet normal 0.000000e+00 0.000000e+00 1.000000e+00
    outer loop
      vertex 7.913380e-01 -5.749407e-01 -2.079117e-01
      vertex 7.814504e-01 -5.677570e-01 -2.588190e-01
      vertex 8.365163e-01 -4.829629e-01 -2.588190e-01
    endloop
  endfacet
  facet normal 0.000000e+00 0.000000e+00 1.000000e+00
    outer loop
      vertex 8.471007e-01 -4.890738e-01 -2.079117e-01
      vertex 8.365163e-01 -4.829629e-01 -2.588190e-01
      vertex 8.824172e-01 -3.928774e-01 -2.588190e-01
    endloop
  endfacet
  facet normal 0.000000e+00 0.000000e+00 1.000000e+00
    outer loop
      vertex 8.935823e-01 -3.978485e-01 -2.079117e-01
      vertex 8.824172e-01 -3.928774e-01 -2.588190e-01
      vertex 9.186501e-01 -2.984875e-01 -2.588190e-01
    endloop
  endfacet
  facet normal 0.000000e+00 0.000000e+00 1.000000e+00
    outer loop
      vertex 9.302736e-01 -3.022642e-01 -2.079117e-01
      vertex 9.186501e-01 -2.984875e-01 -2.588190e-01
      vertex 9.448180e-01 -2.008273e-01 -2.588190e-01
    endloop
  endfacet
  facet normal 0.000000e+00 0.000000e+00 1.000000e+00
    outer loop
      vertex 9.567727e-01 -2.033683e-01 -2.079117e-01
      vertex 9.448180e-01 -2.008273e-01 -2.588190e-01
      vertex 9.606344e-01 -1.009667e-01 -2.588190e-01
    endloop
  endfacet
  facet normal 0.000000e+00 0.000000e+00 1.000000e+00
    outer loop
      vertex 9.727892e-01 -1.022443e-01 -2.079117e-01
      vertex 9.606344e-01 -1.009667e-01 -2.588190e-01
      vertex 9.659258e-01 -1.094498e-15 -2.588190e-01
    endloop
  endfacet
  facet normal 0.000000e+00 0.000000e+00 1.000000e+00
    outer loop
      vertex 9.659258e-01 0.000000e+00 -2.588190e-01
      vertex 9.510565e-01 0.000000e+00 -3.090170e-01
      vertex 9.458465e-01 9.941248e-02 -3.090170e-01
    endloop
  endfacet
  facet normal 0.000000e+00 0.000000e+00 1.000000e+00
    outer loop
      vertex 9.606344e-01 1.009667e-01 -2.588190e-01
      vertex 9.458465e-01 9.941248e-02 -3.090170e-01
      vertex 9.302736e-01 1.977358e-01 -3.090170e-01
    endloop
  endfacet
  facet normal 0.000000e+00 0.000000e+00 1.000000e+00
    outer loop
      vertex 9.448180e-01 2.008273e-01 -2.588190e-01
      vertex 9.302736e-01 1.977358e-01 -3.090170e-01
      vertex 9.045085e-01 2.938926e-01 -3.090170e-01
    endloop
  endfacet
  facet normal 0.000000e+00 0.000000e+00 1.000000e+00
    outer loop
      vertex 9.186501e-01 2.984875e-01 -2.588190e-01
      vertex 9.045085e-01 2.938926e-01 -3.090170e-01
      vertex 8.688334e-01 3.868295e-01 -3.090170e-01
    endloop
  endfacet
  facet normal 0.000000e+00 0.000000e+00 1.000000e+00
    outer loop
      vertex 8.824172e-01 3.928774e-01 -2.588190e-01
      vertex 8.688334e-01 3.868295e-01 -3.090170e-01
      vertex 8.236391e-01 4.755283e-01 -3.090170e-01
    endloop
  endfacet
  facet normal 0.000000e+00 0.000000e+00 1.000000e+00
    outer loop
      vertex 8.365163e-01 4.829629e-01 -2.588190e-01
      vertex 8.236391e-01 4.755283e-01 -3.090170e-01
      vertex 7.694209e-01 5.590170e-01 -3.090170e-01
    endloop
  endfacet
  facet normal 0.000000e+00 0.000000e+00 1.000000e+00
    outer loop
      vertex 7.814504e-01 5.677570e-01 -2.588190e-01
      vertex 7.694209e-01 5.590170e-01 -3.090170e-01
      vertex 7.067727e-01 6.363810e-01 -3.090170e-01
    endloop
  endfacet
  facet normal 0.000000e+00 0.000000e+00 1.000000e+00
    outer loop
      vertex 7.178228e-01 6.463305e-01 -2.588190e-01
      vertex 7.067727e-01 6.363810e-01 -3.090170e-01
      vertex 6.363810e-01 7.067727e-01 -3.090170e-01
    endloop
  endfacet
  facet normal 0.000000e+00 0.000000e+00 1.000000e+00
    outer loop
      vertex 6.463305e-01 7.178228e-01 -2.588190e-01
      vertex 6.363810e-01 7.067727e-01 -3.090170e-01
      vertex 5.590170e-01 7.694209e-01 -3.090170e-01
    endloop
  endfacet
  facet normal 0.000000e+00 0.000000e+00 1.000000e+00
    outer loop
      vertex 5.677570e-01 7.814504e-01 -2.588190e-01
      vertex 5.590170e-01 7.694209e-01 -3.090170e-01
      vertex 4.755283e-01 8.236391e-01 -3.090170e-01
    endloop
  endfacet
  facet normal 0.000000e+00 0.000000e+00 1.000000e+00
    outer loop
      vertex 4.829629e-01 8.365163e-01 -2.588190e-01
      vertex 4.755283e-01 8.236391e-01 -3.090170e-01
      vertex 3.868295e-01 8.688334e-01 -3.090170e-01
    endloop
  endfacet
  facet normal 0.000000e+00 0.000000e+00 1.000000e+00
    outer loop
      vertex 3.928774e-01 8.824172e-01 -2.588190e-01
      vertex 3.868295e-01 8.688334e-01 -3.090170e-01
      vertex 2.938926e-01 9.045085e-01 -3.090170e-01
    endloop
  endfacet
  facet normal 0.000000e+00 0.000000e+00 1.000000e+00
    outer loop
      vertex 2.984875e-01 9.186501e-01 -2.588190e-01
      vertex 2.938926e-01 9.045085e-01 -3.090170e-01
      vertex 1.977358e-01 9.302736e-01 -3.090170e-01
    endloop
  endfacet
  facet normal 0.000000e+00 0.000000e+00 1.000000e+00
    outer loop
      vertex 2.008273e-01 9.448180e-01 -2.588190e-01
      vertex 1.977358e-01 9.302736e-01 -3.090170e-01
      vertex 9.941248e-02 9.458465e-01 -3.090170e-01
    endloop
  endfacet
  facet normal 0.000000e+00 0.000000e+00 1.000000e+00
    outer loop
      vertex 1.009667e-01 9.606344e-01 -2.588190e-01
      vertex 9.941248e-02 9.458465e-01 -3.090170e-01
      vertex 2.694124e-16 9.510565e-01 -3.090170e-01
    endloop
  endfacet
  facet normal 0.000000e+00 0.000000e+00 1.000000e+00
    outer loop
      vertex 2.736245e-16 9.659258e-01 -2.588190e-01
      vertex 2.694124e-16 9.510565e-01 -3.090170e-01
      vertex -9.941248e-02 9.458465e-01 -3.090170e-01
    endloop
  endfacet
  facet normal 0.000000e+00 0.000000e+00 1.000000e+00
    outer loop
      vertex -1.009667e-01 9.606344e-01 -2.588190e-01
      vertex -9.941248e-02 9.458465e-01 -3.090170e-01
      vertex -1.977358e-01 9.302736e-01 -3.090170e-01
    endloop
  endfacet
  facet normal 0.000000e+00 0.000000e+00 1.000000e+00
    outer loop
      vertex -2.008273e-01 9.448180e-01 -2.588190e-01
      vertex -1.977358e-01 9.302736e-01 -3.090170e-01
      vertex -2.938926e-01 9.045085e-01 -3.090170e-01
    endloop
  endfacet
  facet normal 0.000000e+00 0.000000e+00 1.000000e+00
    outer loop
      vertex -2.984875e-01 9.186501e-01 -2.588190e-01
      vertex -2.938926e-01 9.045085e-01 -3.090170e-01
      vertex -3.868295e-01 8.688334e-01 -3.090170e-01
    endloop
  endfacet
  facet normal 0.000000e+00 0.000000e+00 1.000000e+00
    outer loop
      vertex -3.928774e-01 8.824172e-01 -2.588190e-01
      vertex -3.868295e-01 8.688334e-01 -3.090170e-01
      vertex -4.755283e-01 8.236391e-01 -3.090170e-01
    endloop
  endfacet
  facet normal 0.000000e+00 0.000000e+00 1.000000e+00
    outer loop
      vertex -4.829629e-01 8.365163e-01 -2.588190e-01
      vertex -4.755283e-01 8.236391e-01 -3.090170e-01
      vertex -5.590170e-01 7.694209e-01 -3.090170e-01
    endloop
  endfacet
  facet normal 0.000000e+00 0.000000e+00 1.000000e+00
    outer loop
      vertex -5.677570e-01 7.814504e-01 -2.588190e-01
      vertex -5.590170e-01 7.694209e-01 -3.090170e-01
      vertex -6.363810e-01 7.067727e-01 -3.090170e-01
    endloop
  endfacet
  facet normal 0.000000e+00 0.000000e+00 1.000000e+00
    outer loop
      vertex -6.463305e-01 7.178228e-01 -2.588190e-01
      vertex -6.363810e-01 7.067727e-01 -3.090170e-01
      vertex -7.067727e-01 6.363810e-01 -3.090170e-01
    endloop
  endfacet
  facet normal 0.000000e+00 0.000000e+00 1.000000e+00
    outer loop
      vertex -7.178228e-01 6.463305e-01 -2.588190e-01
      vertex -7.067727e-01 6.363810e-01 -3.090170e-01
      vertex -7.694209e-01 5.590170e-01 -3.090170e-01
    endloop
  endfacet
  facet normal 0.000000e+00 0.000000e+00 1.000000e+00
    outer loop
      vertex -7.814504e-01 5.677570e-01 -2.588190e-01
      vertex -7.694209e-01 5.590170e-01 -3.090170e-01
      vertex -8.236391e-01 4.755283e-01 -3.090170e-01
    endloop
  endfacet
  facet normal 0.000000e+00 0.000000e+00 1.000000e+00
    outer loop
      vertex -8.365163e-01 4.829629e-01 -2.588190e-01
      vertex -8.236391e-01 4.755283e-01 -3.090170e-01
      vertex -8.688334e-01 3.868295e-01 -3.090170e-01
    endloop
  endfacet
  facet normal 0.000000e+00 0.000000e+00 1.000000e+00
    outer loop
      vertex -8.824172e-01 3.928774e-01 -2.588190e-01
      vertex -8.688334e-01 3.868295e-01 -3.090170e-01
      vertex -9.045085e-01 2.938926e-01 -3.090170e-01
    endloop
  endfacet
  facet normal 0.000000e+00 0.000000e+00 1.000000e+00
    outer loop
      vertex -9.186501e-01 2.984875e-01 -2.588190e-01
      vertex -9.045085e-01 2.938926e-01 -3.090170e-01
      vertex -9.302736e-01 1.977358e-01 -3.090170e-01
    endloop
  endfacet
  facet normal 0.000000e+00 0.000000e+00 1.000000e+00
    outer loop
      vertex -9.448180e-01 2.008273e-01 -2.588190e-01
      vertex -9.302736e-01 1.977358e-01 -3.090170e-01
      vertex -9.458465e-01 9.941248e-02 -3.090170e-01
    endloop
  endfacet
  facet normal 0.000000e+00 0.000000e+00 1.000000e+00
    outer loop
      vertex -9.606344e-01 1.009667e-01 -2.588190e-01
      vertex -9.458465e-01 9.941248e-02 -3.090170e-01
      vertex -9.510565e-01 5.388248e-16 -3.090170e-01
    endloop
  endfacet
  facet normal 0.000000e+00 0.000000e+00 1.000000e+00
    outer loop
      vertex -9.659258e-01 5.472490e-16 -2.588190e-01
      vertex -9.510565e-01 5.388248e-16 -3.090170e-01
      vertex -9.458465e-01 -9.941248e-02 -3.090170e-01
    endloop
  endfacet
  facet normal 0.000000e+00 0.000000e+00 1.000000e+00
    outer loop
      vertex -9.606344e-01 -1.009667e-01 -2.588190e-01
      vertex -9.458465e-01 -9.941248e-02 -3.090170e-01
      vertex -9.302736e-01 -1.977358e-01 -3.090170e-01
    endloop
  endfacet
  facet normal 0.000000e+00 0.000000e+00 1.000000e+00
    outer loop
      vertex -9.448180e-01 -2.008273e-01 -2.588190e-01
      vertex -9.302736e-01 -1.977358e-01 -3.090170e-01
      vertex -9.045085e-01 -2.938926e-01 -3.090170e-01
    endloop
  endfacet
  facet normal 0.000000e+00 0.000000e+00 1.000000e+00
    outer loop
      vertex -9.186501e-01 -2.984875e-01 -2.588190e-01
      vertex -9.045085e-01 -2.938926e-01 -3.090170e-01
      vertex -8.688334e-01 -3.868295e-01 -3.090170e-01
    endloop
  endfacet
  facet normal 0.000000e+00 0.000000e+00 1.000000e+00
    outer loop
      vertex -8.824172e-01 -3.928774e-01 -2.588190e-01
      vertex -8.688334e-01 -3.868295e-01 -3.090170e-01
      vertex -8.236391e-01 -4.755283e-01 -3.090170e-01
    endloop
  endfacet
  facet normal 0.000000e+00 0.000000e+00 1.000000e+00
    outer loop
      vertex -8.365163e-01 -4.829629e-01 -2.588190e-01
      vertex -8.236391e-01 -4.755283e-01 -3.090170e-01
      vertex -7.694209e-01 -5.590170e-01 -3.090170e-01
    endloop
  endfacet
  facet normal 0.000000e+00 0.000000e+00 1.000000e+00
    outer loop
      vertex -7.814504e-01 -5.677570e-01 -2.588190e-01
      vertex -7.694209e-01 -5.590170e-01 -3.090170e-01
      vertex -7.067727e-01 -6.363810e-01 -3.090170e-01
    endloop
  endfacet
  facet normal 0.000000e+00 0.000000e+00 1.000000e+00
    outer loop
      vertex -7.178228e-01 -6.463305e-01 -2.588190e-01
      vertex -7.067727e-01 -6.363810e-01 -3.090170e-01
      vertex -6.363810e-01 -7.067727e-01 -3.090170e-01
    endloop
  endfacet
  facet normal 0.000000e+00 0.000000e+00 1.000000e+00
    outer loop
      vertex -6.463305e-01 -7.178228e-01 -2.588190e-01
      vertex -6.363810e-01 -7.067727e-01 -3.090170e-01
      vertex -5.590170e-01 -7.694209e-01 -3.090170e-01
    endloop
  endfacet
  facet normal 0.000000e+00 0.000000e+00 1.000000e+00
    outer loop
      vertex -5.677570e-01 -7.814504e-01 -2.588190e-01
      vertex -5.590170e-01 -7.694209e-01 -3.090170e-01
      vertex -4.755283e-01 -8.236391e-01 -3.090170e-01
    endloop
  endfacet
  facet normal 0.000000e+00 0.000000e+00 1.000000e+00
    outer loop
      vertex -4.829629e-01 -8.365163e-01 -2.588190e-01
      vertex -4.755283e-01 -8.236391e-01 -3.090170e-01
      vertex -3.868295e-01 -8.688334e-01 -3.090170e-01
    endloop
  endfacet
  facet normal 0.000000e+00 0.000000e+00 1.000000e+00
    outer loop
      vertex -3.928774e-01 -8.824172e-01 -2.588190e-01
      vertex -3.868295e-01 -8.688334e-01 -3.090170e-01
      vertex -2.938926e-01 -9.045085e-01 -3.090170e-01
    endloop
  endfacet
  facet normal 0.000000e+00 0.000000e+00 1.000000e+00
    outer loop
      vertex -2.984875e-01 -9.186501e-01 -2.588190e-01
      vertex -2.938926e-01 -9.045085e-01 -3.090170e-01
      vertex -1.977358e-01 -9.302736e-01 -3.090170e-01
    endloop
  endfacet
  facet normal 0.000000e+00 0.000000e+00 1.000000e+00
    outer loop
      vertex -2.008273e-01 -9.448180e-01 -2.588190e-01
      vertex -1.977358e-01 -9.302736e-01 -3.090170e-01
      vertex -9.941248e-02 -9.458465e-01 -3.090170e-01
    endloop
  endfacet
  facet normal 0.000000e+00 0.000000e+00 1.000000e+00
    outer loop
      vertex -1.009667e-01 -9.606344e-01 -2.588190e-01
      vertex -9.941248e-02 -9.458465e-01 -3.090170e-01
      vertex -1.747062e-16 -9.510565e-01 -3.090170e-01
    endloop
  endfacet
  facet normal 0.000000e+00 0.000000e+00 1.000000e+00
    outer loop
      vertex -1.774377e-16 -9.659258e-01 -2.588190e-01
      vertex -1.747062e-16 -9.510565e-01 -3.090170e-01
      vertex 9.941248e-02 -9.458465e-01 -3.090170e-01
    endloop
  endfacet
  facet normal 0.000000e+00 0.000000e+00 1.000000e+00
    outer loop
      vertex 1.009667e-01 -9.606344e-01 -2.588190e-01
      vertex 9.941248e-02 -9.458465e-01 -3.090170e-01
      vertex 1.977358e-01 -9.302736e-01 -3.090170e-01
    endloop
  endfacet
  facet normal 0.000000e+00 0.000000e+00 1.000000e+00
    outer loop
      vertex 2.008273e-01 -9.448180e-01 -2.588190e-01
      vertex 1.977358e-01 -9.302736e-01 -3.090170e-01
      vertex 2.938926e-01 -9.045085e-01 -3.090170e-01
    endloop
  endfacet
  facet normal 0.000000e+00 0.000000e+00 1.000000e+00
    outer loop
      vertex 2.984875e-01 -9.186501e-01 -2.588190e-01
      vertex 2.938926e-01 -9.045085e-01 -3.090170e-01
      vertex 3.868295e-01 -8.688334e-01 -3.090170e-01
    endloop
  endfacet
  facet normal 0.000000e+00 0.000000e+00 1.000000e+00
    outer loop
      vertex 3.928774e-01 -8.824172e-01 -2.588190e-01
      vertex 3.868295e-01 -8.688334e-01 -3.090170e-01
      vertex 4.755283e-01 -8.236391e-01 -3.090170e-01
    endloop
  endfacet
  facet normal 0.000000e+00 0.000000e+00 1.000000e+00
    outer loop
      vertex 4.829629e-01 -8.365163e-01 -2.588190e-01
      vertex 4.755283e-01 -8.236391e-01 -3.090170e-01
      vertex 5.590170e-01 -7.694209e-01 -3.090170e-01
    endloop
  endfacet
  facet normal 0.000000e+00 0.000000e+00 1.000000e+00
    outer loop
      vertex 5.677570e-01 -7.814504e-01 -2.588190e-01
      vertex 5.590170e-01 -7.694209e-01 -3.090170e-01
      vertex 6.363810e-01 -7.067727e-01 -3.090170e-01
    endloop
  endfacet
  facet normal 0.000000e+00 0.000000e+00 1.000000e+00
    outer loop
      vertex 6.463305e-01 -7.178228e-01 -2.588190e-01
      vertex 6.363810e-01 -7.067727e-01 -3.090170e-01
      vertex 7.067727e-01 -6.363810e-01 -3.090170e-01
    endloop
  endfacet
  facet normal 0.000000e+00 0.000000e+00 1.000000e+00
    outer loop
      vertex 7.178228e-01 -6.463305e-01 -2.588190e-01
      vertex 7.067727e-01 -6.363810e-01 -3.090170e-01
      vertex 7.694209e-01 -5.590170e-01 -3.090170e-01
    endloop
  endfacet
  facet normal 0.000000e+00 0.000000e+00 1.000000e+00
    outer loop
      vertex 7.814504e-01 -5.677570e-01 -2.588190e-01
      vertex 7.694209e-01 -5.590170e-01 -3.090170e-01
      vertex 8.236391e-01 -4.755283e-01 -3.090170e-01
    endloop
  endfacet
  facet normal 0.000000e+00 0.000000e+00 1.000000e+00
    outer loop
      vertex 8.365163e-01 -4.829629e-01 -2.588190e-01
      vertex 8.236391e-01 -4.755283e-01 -3.090170e-01
      vertex 8.688334e-01 -3.868295e-01 -3.090170e-01
    endloop
  endfacet
  facet normal 0.000000e+00 0.000000e+00 1.000000e+00
    outer loop
      vertex 8.824172e-01 -3.928774e-01 -2.588190e-01
      vertex 8.688334e-01 -3.868295e-01 -3.090170e-01
      vertex 9.045085e-01 -2.938926e-01 -3.090170e-01
    endloop
  endfacet
  facet normal 0.000000e+00 0.000000e+00 1.000000e+00
    outer loop
      vertex 9.186501e-01 -2.984875e-01 -2.588190e-01
      vertex 9.045085e-01 -2.938926e-01 -3.090170e-01
      vertex 9.302736e-01 -1.977358e-01 -3.090170e-01
    endloop
  endfacet
  facet normal 0.000000e+00 0.000000e+00 1.000000e+00
    outer loop
      vertex 9.448180e-01 -2.008273e-01 -2.588190e-01
      vertex 9.302736e-01 -1.977358e-01 -3.090170e-01
      vertex 9.458465e-01 -9.941248e-02 -3.090170e-01
    endloop
  endfacet
  facet normal 0.000000e+00 0.000000e+00 1.000000e+00
    outer loop
      vertex 9.606344e-01 -1.009667e-01 -2.588190e-01
      vertex 9.458465e-01 -9.941248e-02 -3.090170e-01
      vertex 9.510565e-01 -1.077650e-15 -3.090170e-01
    endloop
  endfacet
  facet normal 0.000000e+00 0.000000e+00 1.000000e+00
    outer loop
      vertex 9.510565e-01 0.000000e+00 -3.090170e-01
      vertex 9.335804e-01 0.000000e+00 -3.583679e-01
      vertex 9.284662e-01 9.758573e-02 -3.583679e-01
    endloop
  endfacet
  facet normal 0.000000e+00 0.000000e+00 1.000000e+00
    outer loop
      vertex 9.458465e-01 9.941248e-02 -3.090170e-01
      vertex 9.284662e-01 9.758573e-02 -3.583679e-01
      vertex 9.131795e-01 1.941023e-01 -3.583679e-01
    endloop
  endfacet
  facet normal 0.000000e+00 0.000000e+00 1.000000e+00
    outer loop
      vertex 9.302736e-01 1.977358e-01 -3.090170e-01
      vertex 9.131795e-01 1.941023e-01 -3.583679e-01
      vertex 8.878877e-01 2.884922e-01 -3.583679e-01
    endloop
  endfacet
  facet normal 0.000000e+00 0.000000e+00 1.000000e+00
    outer loop
      vertex 9.045085e-01 2.938926e-01 -3.090170e-01
      vertex 8.878877e-01 2.884922e-01 -3.583679e-01
      vertex 8.528682e-01 3.797214e-01 -3.583679e-01
    endloop
  endfacet
  facet normal 0.000000e+00 0.000000e+00 1.000000e+00
    outer loop
      vertex 8.688334e-01 3.868295e-01 -3.090170e-01
      vertex 8.528682e-01 3.797214e-01 -3.583679e-01
      vertex 8.085044e-01 4.667902e-01 -3.583679e-01
    endloop
  endfacet
  facet normal 0.000000e+00 0.000000e+00 1.000000e+00
    outer loop
      vertex 8.236391e-01 4.755283e-01 -3.090170e-01
      vertex 8.085044e-01 4.667902e-01 -3.583679e-01
      vertex 7.552824e-01 5.487448e-01 -3.583679e-01
    endloop
  endfacet
  facet normal 0.000000e+00 0.000000e+00 1.000000e+00
    outer loop
      vertex 7.694209e-01 5.590170e-01 -3.090170e-01
      vertex 7.552824e-01 5.487448e-01 -3.583679e-01
      vertex 6.937855e-01 6.246872e-01 -3.583679e-01
    endloop
  endfacet
  facet normal 0.000000e+00 0.000000e+00 1.000000e+00
    outer loop
      vertex 7.067727e-01 6.363810e-01 -3.090170e-01
      vertex 6.937855e-01 6.246872e-01 -3.583679e-01
      vertex 6.246872e-01 6.937855e-01 -3.583679e-01
    endloop
  endfacet
  facet normal 0.000000e+00 0.000000e+00 1.000000e+00
    outer loop
      vertex 6.363810e-01 7.067727e-01 -3.090170e-01
      vertex 6.246872e-01 6.937855e-01 -3.583679e-01
      vertex 5.487448e-01 7.552824e-01 -3.583679e-01
    endloop
  endfacet
  facet normal 0.000000e+00 0.000000e+00 1.000000e+00
    outer loop
      vertex 5.590170e-01 7.694209e-01 -3.090170e-01
      vertex 5.487448e-01 7.552824e-01 -3.583679e-01
      vertex 4.667902e-01 8.085044e-01 -3.583679e-01
    endloop
  endfacet
  facet normal 0.000000e+00 0.000000e+00 1.000000e+00
    outer loop
      vertex 4.755283e-01 8.236391e-01 -3.090170e-01
      vertex 4.667902e-01 8.085044e-01 -3.583679e-01
      vertex 3.797214e-01 8.528682e-01 -3.583679e-01
    endloop
  endfacet
  facet normal 0.000000e+00 0.000000e+00 1.000000e+00
    outer loop
      vertex 3.868295e-01 8.688334e-01 -3.090170e-01
      vertex 3.797214e-01 8.528682e-01 -3.583679e-01
      vertex 2.884922e-01 8.878877e-01 -3.583679e-01
    endloop
  endfacet
  facet normal 0.000000e+00 0.000000e+00 1.000000e+00
    outer loop
      vertex 2.938926e-01 9.045085e-01 -3.090170e-01
      vertex 2.884922e-01 8.878877e-01 -3.583679e-01
      vertex 1.941023e-01 9.131795e-01 -3.583679e-01
    endloop
  endfacet
  facet normal 0.000000e+00 0.000000e+00 1.000000e+00
    outer loop
      vertex 1.977358e-01 9.302736e-01 -3.090170e-01
      vertex 1.941023e-01 9.131795e-01 -3.583679e-01
      vertex 9.758573e-02 9.284662e-01 -3.583679e-01
    endloop
  endfacet
  facet normal 0.000000e+00 0.000000e+00 1.000000e+00
    outer loop
      vertex 9.941248e-02 9.458465e-01 -3.090170e-01
      vertex 9.758573e-02 9.284662e-01 -3.583679e-01
      vertex 2.644618e-16 9.335804e-01 -3.583679e-01
    endloop
  endfacet
  facet normal 0.000000e+00 0.000000e+00 1.000000e+00
    outer loop
      vertex 2.694124e-16 9.510565e-01 -3.090170e-01
      vertex 2.644618e-16 9.335804e-01 -3.583679e-01
      vertex -9.758573e-02 9.284662e-01 -3.583679e-01
    endloop
  endfacet
  facet normal 0.000000e+00 0.000000e+00 1.000000e+00
    outer loop
      vertex -9.941248e-02 9.458465e-01 -3.090170e-01
      vertex -9.758573e-02 9.284662e-01 -3.583679e-01
      vertex -1.941023e-01 9.131795e-01 -3.583679e-01
    endloop
  endfacet
  facet normal 0.000000e+00 0.000000e+00 1.000000e+00
    outer loop
      vertex -1.977358e-01 9.302736e-01 -3.090170e-01
      vertex -1.941023e-01 9.131795e-01 -3.583679e-01
      vertex -2.884922e-01 8.878877e-01 -3.583679e-01
    endloop
  endfacet
  facet normal 0.000000e+00 0.000000e+00 1.000000e+00
    outer loop
      vertex -2.938926e-01 9.045085e-01 -3.090170e-01
      vertex -2.884922e-01 8.878877e-01 -3.583679e-01
      vertex -3.797214e-01 8.528682e-01 -3.583679e-01
    endloop
  endfacet
  facet normal 0.000000e+00 0.000000e+00 1.000000e+00
    outer loop
      vertex -3.868295e-01 8.688334e-01 -3.090170e-01
      vertex -3.797214e-01 8.528682e-01 -3.583679e-01
      vertex -4.667902e-01 8.085044e-01 -3.583679e-01
    endloop
  endfacet
  facet normal 0.000000e+00 0.000000e+00 1.000000e+00
    outer loop
      vertex -4.755283e-01 8.236391e-01 -3.090170e-01
      vertex -4.667902e-01 8.085044e-01 -3.583679e-01
      vertex -5.487448e-01 7.552824e-01 -3.583679e-01
    endloop
  endfacet
  facet normal 0.000000e+00 0.000000e+00 1.000000e+00
    outer loop
      vertex -5.590170e-01 7.694209e-01 -3.090170e-01
      vertex -5.487448e-01 7.552824e-01 -3.583679e-01
      vertex -6.246872e-01 6.937855e-01 -3.583679e-01
    endloop
  endfacet
  facet normal 0.000000e+00 0.000000e+00 1.000000e+00
    outer loop
      vertex -6.363810e-01 7.067727e-01 -3.090170e-01
      vertex -6.246872e-01 6.937855e-01 -3.583679e-01
      vertex -6.937855e-01 6.246872e-01 -3.583679e-01
    endloop
  endfacet
  facet normal 0.000000e+00 0.000000e+00 1.000000e+00
    outer loop
      vertex -7.067727e-01 6.363810e-01 -3.090170e-01
      vertex -6.937855e-01 6.246872e-01 -3.583679e-01
      vertex -7.552824e-01 5.487448e-01 -3.583679e-01
    endloop
  endfacet
  facet normal 0.000000e+00 0.000000e+00 1.000000e+00
    outer loop
      vertex -7.694209e-01 5.590170e-01 -3.090170e-01
      vertex -7.552824e-01 5.487448e-01 -3.583679e-01
      vertex -8.085044e-01 4.667902e-01 -3.583679e-01
    endloop
  endfacet
  facet normal 0.000000e+00 0.000000e+00 1.000000e+00
    outer loop
      vertex -8.236391e-01 4.755283e-01 -3.090170e-01
      vertex -8.085044e-01 4.667902e-01 -3.583679e-01
      vertex -8.528682e-01 3.797214e-01 -3.583679e-01
    endloop
  endfacet
  facet normal 0.000000e+00 0.000000e+00 1.000000e+00
    outer loop
      vertex -8.688334e-01 3.868295e-01 -3.090170e-01
      vertex -8.528682e-01 3.797214e-01 -3.583679e-01
      vertex -8.878877e-01 2.884922e-01 -3.583679e-01
    endloop
  endfacet
  facet normal 0.000000e+00 0.000000e+00 1.000000e+00
    outer loop
      vertex -9.045085e-01 2.938926e-01 -3.090170e-01
      vertex -8.878877e-01 2.884922e-01 -3.583679e-01
      vertex -9.131795e-01 1.941023e-01 -3.583679e-01
    endloop
  endfacet
  facet normal 0.000000e+00 0.000000e+00 1.000000e+00
    outer loop
      vertex -9.302736e-01 1.977358e-01 -3.090170e-01
      vertex -9.131795e-01 1.941023e-01 -3.583679e-01
      vertex -9.284662e-01 9.758573e-02 -3.583679e-01
    endloop
  endfacet
  facet normal 0.000000e+00 0.000000e+00 1.000000e+00
    outer loop
      vertex -9.458465e-01 9.941248e-02 -3.090170e-01
      vertex -9.284662e-01 9.758573e-02 -3.583679e-01
      vertex -9.335804e-01 5.289236e-16 -3.583679e-01
    endloop
  endfacet
  facet normal 0.000000e+00 0.000000e+00 1.000000e+00
    outer loop
      vertex -9.510565e-01 5.388248e-16 -3.090170e-01
      vertex -9.335804e-01 5.289236e-16 -3.583679e-01
      vertex -9.284662e-01 -9.758573e-02 -3.583679e-01
    endloop
  endfacet
  facet normal 0.000000e+00 0.000000e+00 1.000000e+00
    outer loop
      vertex -9.458465e-01 -9.941248e-02 -3.090170e-01
      vertex -9.284662e-01 -9.758573e-02 -3.583679e-01
      vertex -9.131795e-01 -1.941023e-01 -3.583679e-01
    endloop
  endfacet
  facet normal 0.000000e+00 0.000000e+00 1.000000e+00
    outer loop
      vertex -9.302736e-01 -1.977358e-01 -3.090170e-01
      vertex -9.131795e-01 -1.941023e-01 -3.583679e-01
      vertex -8.878877e-01 -2.884922e-01 -3.583679e-01
    endloop
  endfacet
  facet normal 0.000000e+00 0.000000e+00 1.000000e+00
    outer loop
      vertex -9.045085e-01 -2.938926e-01 -3.090170e-01
      vertex -8.878877e-01 -2.884922e-01 -3.583679e-01
      vertex -8.528682e-01 -3.797214e-01 -3.583679e-01
    endloop
  endfacet
  facet normal 0.000000e+00 0.000000e+00 1.000000e+00
    outer loop
      vertex -8.688334e-01 -3.868295e-01 -3.090170e-01
      vertex -8.528682e-01 -3.797214e-01 -3.583679e-01
      vertex -8.085044e-01 -4.667902e-01 -3.583679e-01
    endloop
  endfacet
  facet normal 0.000000e+00 0.000000e+00 1.000000e+00
    outer loop
      vertex -8.236391e-01 -4.755283e-01 -3.090170e-01
      vertex -8.085044e-01 -4.667902e-01 -3.583679e-01
      vertex -7.552824e-01 -5.487448e-01 -3.583679e-01
    endloop
  endfacet
  facet normal 0.000000e+00 0.000000e+00 1.000000e+00
    outer loop
      vertex -7.694209e-01 -5.590170e-01 -3.090170e-01
      vertex -7.552824e-01 -5.487448e-01 -3.583679e-01
      vertex -6.937855e-01 -6.246872e-01 -3.583679e-01
    endloop
  endfacet
  facet normal 0.000000e+00 0.000000e+00 1.000000e+00
    outer loop
      vertex -7.067727e-01 -6.363810e-01 -3.090170e-01
      vertex -6.937855e-01 -6.246872e-01 -3.583679e-01
      vertex -6.246872e-01 -6.937855e-01 -3.583679e-01
    endloop
  endfacet
  facet normal 0.000000e+00 0.000000e+00 1.000000e+00
    outer loop
      vertex -6.363810e-01 -7.067727e-01 -3.090170e-01
      vertex -6.246872e-01 -6.937855e-01 -3.583679e-01
      vertex -5.487448e-01 -7.552824e-01 -3.583679e-01
    endloop
  endfacet
  facet normal 0.000000e+00 0.000000e+00 1.000000e+00
    outer loop
      vertex -5.590170e-01 -7.694209e-01 -3.090170e-01
      vertex -5.487448e-01 -7.552824e-01 -3.583679e-01
      vertex -4.667902e-01 -8.085044e-01 -3.583679e-01
    endloop
  endfacet
  facet normal 0.000000e+00 0.000000e+00 1.000000e+00
    outer loop
      vertex -4.755283e-01 -8.236391e-01 -3.090170e-01
      vertex -4.667902e-01 -8.085044e-01 -3.583679e-01
      vertex -3.797214e-01 -8.528682e-01 -3.583679e-01
    endloop
  endfacet
  facet normal 0.000000e+00 0.000000e+00 1.000000e+00
    outer loop
      vertex -3.868295e-01 -8.688334e-01 -3.090170e-01
      vertex -3.797214e-01 -8.528682e-01 -3.583679e-01
      vertex -2.884922e-01 -8.878877e-01 -3.583679e-01
    endloop
  endfacet
  facet normal 0.000000e+00 0.000000e+00 1.000000e+00
    outer loop
      vertex -2.938926e-01 -9.045085e-01 -3.090170e-01
      vertex -2.884922e-01 -8.878877e-01 -3.583679e-01
      vertex -1.941023e-01 -9.131795e-01 -3.583679e-01
    endloop
  endfacet
  facet normal 0.000000e+00 0.000000e+00 1.000000e+00
    outer loop
      vertex -1.977358e-01 -9.302736e-01 -3.090170e-01
      vertex -1.941023e-01 -9.131795e-01 -3.583679e-01
      vertex -9.758573e-02 -9.284662e-01 -3.583679e-01
    endloop
  endfacet
  facet normal 0.000000e+00 0.000000e+00 1.000000e+00
    outer loop
      vertex -9.941248e-02 -9.458465e-01 -3.090170e-01
      vertex -9.758573e-02 -9.284662e-01 -3.583679e-01
      vertex -1.714959e-16 -9.335804e-01 -3.583679e-01
    endloop
  endfacet
  facet normal 0.000000e+00 0.000000e+00 1.000000e+00
    outer loop
      vertex -1.747062e-16 -9.510565e-01 -3.090170e-01
      vertex -1.714959e-16 -9.335804e-01 -3.583679e-01
      vertex 9.758573e-02 -9.284662e-01 -3.583679e-01
    endloop
  endfacet
  facet normal 0.000000e+00 0.000000e+00 1.000000e+00
    outer loop
      vertex 9.941248e-02 -9.458465e-01 -3.090170e-01
      vertex 9.758573e-02 -9.284662e-01 -3.583679e-01
      vertex 1.941023e-01 -9.131795e-01 -3.583679e-01
    endloop
  endfacet
  facet normal 0.000000e+00 0.000000e+00 1.000000e+00
    outer loop
      vertex 1.977358e-01 -9.302736e-01 -3.090170e-01
      vertex 1.941023e-01 -9.131795e-01 -3.583679e-01
      vertex 2.884922e-01 -8.878877e-01 -3.583679e-01
    endloop
  endfacet
  facet normal 0.000000e+00 0.000000e+00 1.000000e+00
    outer loop
      vertex 2.938926e-01 -9.045085e-01 -3.090170e-01
      vertex 2.884922e-01 -8.878877e-01 -3.583679e-01
      vertex 3.797214e-01 -8.528682e-01 -3.583679e-01
    endloop
  endfacet
  facet normal 0.000000e+00 0.000000e+00 1.000000e+00
    outer loop
      vertex 3.868295e-01 -8.688334e-01 -3.090170e-01
      vertex 3.797214e-01 -8.528682e-01 -3.583679e-01
      vertex 4.667902e-01 -8.085044e-01 -3.583679e-01
    endloop
  endfacet
  facet normal 0.000000e+00 0.000000e+00 1.000000e+00
    outer loop
      vertex 4.755283e-01 -8.236391e-01 -3.090170e-01
      vertex 4.667902e-01 -8.085044e-01 -3.583679e-01
      vertex 5.487448e-01 -7.552824e-01 -3.583679e-01
    endloop
  endfacet
  facet normal 0.000000e+00 0.000000e+00 1.000000e+00
    outer loop
      vertex 5.590170e-01 -7.694209e-01 -3.090170e-01
      vertex 5.487448e-01 -7.552824e-01 -3.583679e-01
      vertex 6.246872e-01 -6.937855e-01 -3.583679e-01
    endloop
  endfacet
  facet normal 0.000000e+00 0.000000e+00 1.000000e+00
    outer loop
      vertex 6.363810e-01 -7.067727e-01 -3.090170e-01
      vertex 6.246872e-01 -6.937855e-01 -3.583679e-01
      vertex 6.937855e-01 -6.246872e-01 -3.583679e-01
    endloop
  endfacet
  facet normal 0.000000e+00 0.000000e+00 1.000000e+00
    outer loop
      vertex 7.067727e-01 -6.363810e-01 -3.090170e-01
      vertex 6.937855e-01 -6.246872e-01 -3.583679e-01
      vertex 7.552824e-01 -5.487448e-01 -3.583679e-01
    endloop
  endfacet
  facet normal 0.000000e+00 0.000000e+00 1.000000e+00
    outer loop
      vertex 7.694209e-01 -5.590170e-01 -3.090170e-01
      vertex 7.552824e-01 -5.487448e-01 -3.583679e-01
      vertex 8.085044e-01 -4.667902e-01 -3.583679e-01
    endloop
  endfacet
  facet normal 0.000000e+00 0.000000e+00 1.000000e+00
    outer loop
      vertex 8.236391e-01 -4.755283e-01 -3.090170e-01
      vertex 8.085044e-01 -4.667902e-01 -3.583679e-01
      vertex 8.528682e-01 -3.797214e-01 -3.583679e-01
    endloop
  endfacet
  facet normal 0.000000e+00 0.000000e+00 1.000000e+00
    outer loop
      vertex 8.688334e-01 -3.868295e-01 -3.090170e-01
      vertex 8.528682e-01 -3.797214e-01 -3.583679e-01
      vertex 8.878877e-01 -2.884922e-01 -3.583679e-01
    endloop
  endfacet
  facet normal 0.000000e+00 0.000000e+00 1.000000e+00
    outer loop
      vertex 9.045085e-01 -2.938926e-01 -3.090170e-01
      vertex 8.878877e-01 -2.884922e-01 -3.583679e-01
      vertex 9.131795e-01 -1.941023e-01 -3.583679e-01
    endloop
  endfacet
  facet normal 0.000000e+00 0.000000e+00 1.000000e+00
    outer loop
      vertex 9.302736e-01 -1.977358e-01 -3.090170e-01
      vertex 9.131795e-01 -1.941023e-01 -3.583679e-01
      vertex 9.284662e-01 -9.758573e-02 -3.583679e-01
    endloop
  endfacet
  facet normal 0.000000e+00 0.000000e+00 1.000000e+00
    outer loop
      vertex 9.458465e-01 -9.941248e-02 -3.090170e-01
      vertex 9.284662e-01 -9.758573e-02 -3.583679e-01
      vertex 9.335804e-01 -1.057847e-15 -3.583679e-01
    endloop
  endfacet
  facet normal 0.000000e+00 0.000000e+00 1.000000e+00
    outer loop
      vertex 9.335804e-01 0.000000e+00 -3.583679e-01
      vertex 9.135455e-01 0.000000e+00 -4.067366e-01
      vertex 9.085410e-01 9.549150e-02 -4.067366e-01
    endloop
  endfacet
  facet normal 0.000000e+00 0.000000e+00 1.000000e+00
    outer loop
      vertex 9.284662e-01 9.758573e-02 -3.583679e-01
      vertex 9.085410e-01 9.549150e-02 -4.067366e-01
      vertex 8.935823e-01 1.899368e-01 -4.067366e-01
    endloop
  endfacet
  facet normal 0.000000e+00 0.000000e+00 1.000000e+00
    outer loop
      vertex 9.131795e-01 1.941023e-01 -3.583679e-01
      vertex 8.935823e-01 1.899368e-01 -4.067366e-01
      vertex 8.688334e-01 2.823011e-01 -4.067366e-01
    endloop
  endfacet
  facet normal 0.000000e+00 0.000000e+00 1.000000e+00
    outer loop
      vertex 8.878877e-01 2.884922e-01 -3.583679e-01
      vertex 8.688334e-01 2.823011e-01 -4.067366e-01
      vertex 8.345653e-01 3.715724e-01 -4.067366e-01
    endloop
  endfacet
  facet normal 0.000000e+00 0.000000e+00 1.000000e+00
    outer loop
      vertex 8.528682e-01 3.797214e-01 -3.583679e-01
      vertex 8.345653e-01 3.715724e-01 -4.067366e-01
      vertex 7.911536e-01 4.567727e-01 -4.067366e-01
    endloop
  endfacet
  facet normal 0.000000e+00 0.000000e+00 1.000000e+00
    outer loop
      vertex 8.085044e-01 4.667902e-01 -3.583679e-01
      vertex 7.911536e-01 4.567727e-01 -4.067366e-01
      vertex 7.390738e-01 5.369685e-01 -4.067366e-01
    endloop
  endfacet
  facet normal 0.000000e+00 0.000000e+00 1.000000e+00
    outer loop
      vertex 7.552824e-01 5.487448e-01 -3.583679e-01
      vertex 7.390738e-01 5.369685e-01 -4.067366e-01
      vertex 6.788966e-01 6.112812e-01 -4.067366e-01
    endloop
  endfacet
  facet normal 0.000000e+00 0.000000e+00 1.000000e+00
    outer loop
      vertex 6.937855e-01 6.246872e-01 -3.583679e-01
      vertex 6.788966e-01 6.112812e-01 -4.067366e-01
      vertex 6.112812e-01 6.788966e-01 -4.067366e-01
    endloop
  endfacet
  facet normal 0.000000e+00 0.000000e+00 1.000000e+00
    outer loop
      vertex 6.246872e-01 6.937855e-01 -3.583679e-01
      vertex 6.112812e-01 6.788966e-01 -4.067366e-01
      vertex 5.369685e-01 7.390738e-01 -4.067366e-01
    endloop
  endfacet
  facet normal 0.000000e+00 0.000000e+00 1.000000e+00
    outer loop
      vertex 5.487448e-01 7.552824e-01 -3.583679e-01
      vertex 5.369685e-01 7.390738e-01 -4.067366e-01
      vertex 4.567727e-01 7.911536e-01 -4.067366e-01
    endloop
  endfacet
  facet normal 0.000000e+00 0.000000e+00 1.000000e+00
    outer loop
      vertex 4.667902e-01 8.085044e-01 -3.583679e-01
      vertex 4.567727e-01 7.911536e-01 -4.067366e-01
      vertex 3.715724e-01 8.345653e-01 -4.067366e-01
    endloop
  endfacet
  facet normal 0.000000e+00 0.000000e+00 1.000000e+00
    outer loop
      vertex 3.797214e-01 8.528682e-01 -3.583679e-01
      vertex 3.715724e-01 8.345653e-01 -4.067366e-01
      vertex 2.823011e-01 8.688334e-01 -4.067366e-01
    endloop
  endfacet
  facet normal 0.000000e+00 0.000000e+00 1.000000e+00
    outer loop
      vertex 2.884922e-01 8.878877e-01 -3.583679e-01
      vertex 2.823011e-01 8.688334e-01 -4.067366e-01
      vertex 1.899368e-01 8.935823e-01 -4.067366e-01
    endloop
  endfacet
  facet normal 0.000000e+00 0.000000e+00 1.000000e+00
    outer loop
      vertex 1.941023e-01 9.131795e-01 -3.583679e-01
      vertex 1.899368e-01 8.935823e-01 -4.067366e-01
      vertex 9.549150e-02 9.085410e-01 -4.067366e-01
    endloop
  endfacet
  facet normal 0.000000e+00 0.000000e+00 1.000000e+00
    outer loop
      vertex 9.758573e-02 9.284662e-01 -3.583679e-01
      vertex 9.549150e-02 9.085410e-01 -4.067366e-01
      vertex 2.587864e-16 9.135455e-01 -4.067366e-01
    endloop
  endfacet
  facet normal 0.000000e+00 0.000000e+00 1.000000e+00
    outer loop
      vertex 2.644618e-16 9.335804e-01 -3.583679e-01
      vertex 2.587864e-16 9.135455e-01 -4.067366e-01
      vertex -9.549150e-02 9.085410e-01 -4.067366e-01
    endloop
  endfacet
  facet normal 0.000000e+00 0.000000e+00 1.000000e+00
    outer loop
      vertex -9.758573e-02 9.284662e-01 -3.583679e-01
      vertex -9.549150e-02 9.085410e-01 -4.067366e-01
      vertex -1.899368e-01 8.935823e-01 -4.067366e-01
    endloop
  endfacet
  facet normal 0.000000e+00 0.000000e+00 1.000000e+00
    outer loop
      vertex -1.941023e-01 9.131795e-01 -3.583679e-01
      vertex -1.899368e-01 8.935823e-01 -4.067366e-01
      vertex -2.823011e-01 8.688334e-01 -4.067366e-01
    endloop
  endfacet
  facet normal 0.000000e+00 0.000000e+00 1.000000e+00
    outer loop
      vertex -2.884922e-01 8.878877e-01 -3.583679e-01
      vertex -2.823011e-01 8.688334e-01 -4.067366e-01
      vertex -3.715724e-01 8.345653e-01 -4.067366e-01
    endloop
  endfacet
  facet normal 0.000000e+00 0.000000e+00 1.000000e+00
    outer loop
      vertex -3.797214e-01 8.528682e-01 -3.583679e-01
      vertex -3.715724e-01 8.345653e-01 -4.067366e-01
      vertex -4.567727e-01 7.911536e-01 -4.067366e-01
    endloop
  endfacet
  facet normal 0.000000e+00 0.000000e+00 1.000000e+00
    outer loop
      vertex -4.667902e-01 8.085044e-01 -3.583679e-01
      vertex -4.567727e-01 7.911536e-01 -4.067366e-01
      vertex -5.369685e-01 7.390738e-01 -4.067366e-01
    endloop
  endfacet
  facet normal 0.000000e+00 0.000000e+00 1.000000e+00
    outer loop
      vertex -5.487448e-01 7.552824e-01 -3.583679e-01
      vertex -5.369685e-01 7.390738e-01 -4.067366e-01
      vertex -6.112812e-01 6.788966e-01 -4.067366e-01
    endloop
  endfacet
  facet normal 0.000000e+00 0.000000e+00 1.000000e+00
    outer loop
      vertex -6.246872e-01 6.937855e-01 -3.583679e-01
      vertex -6.112812e-01 6.788966e-01 -4.067366e-01
      vertex -6.788966e-01 6.112812e-01 -4.067366e-01
    endloop
  endfacet
  facet normal 0.000000e+00 0.000000e+00 1.000000e+00
    outer loop
      vertex -6.937855e-01 6.246872e-01 -3.583679e-01
      vertex -6.788966e-01 6.112812e-01 -4.067366e-01
      vertex -7.390738e-01 5.369685e-01 -4.067366e-01
    endloop
  endfacet
  facet normal 0.000000e+00 0.000000e+00 1.000000e+00
    outer loop
      vertex -7.552824e-01 5.487448e-01 -3.583679e-01
      vertex -7.390738e-01 5.369685e-01 -4.067366e-01
      vertex -7.911536e-01 4.567727e-01 -4.067366e-01
    endloop
  endfacet
  facet normal 0.000000e+00 0.000000e+00 1.000000e+00
    outer loop
      vertex -8.085044e-01 4.667902e-01 -3.583679e-01
      vertex -7.911536e-01 4.567727e-01 -4.067366e-01
      vertex -8.345653e-01 3.715724e-01 -4.067366e-01
    endloop
  endfacet
  facet normal 0.000000e+00 0.000000e+00 1.000000e+00
    outer loop
      vertex -8.528682e-01 3.797214e-01 -3.583679e-01
      vertex -8.345653e-01 3.715724e-01 -4.067366e-01
      vertex -8.688334e-01 2.823011e-01 -4.067366e-01
    endloop
  endfacet
  facet normal 0.000000e+00 0.000000e+00 1.000000e+00
    outer loop
      vertex -8.878877e-01 2.884922e-01 -3.583679e-01
      vertex -8.688334e-01 2.823011e-01 -4.067366e-01
      vertex -8.935823e-01 1.899368e-01 -4.067366e-01
    endloop
  endfacet
  facet normal 0.000000e+00 0.000000e+00 1.000000e+00
    outer loop
      vertex -9.131795e-01 1.941023e-01 -3.583679e-01
      vertex -8.935823e-01 1.899368e-01 -4.067366e-01
      vertex -9.085410e-01 9.549150e-02 -4.067366e-01
    endloop
  endfacet
  facet normal 0.000000e+00 0.000000e+00 1.000000e+00
    outer loop
      vertex -9.284662e-01 9.758573e-02 -3.583679e-01
      vertex -9.085410e-01 9.549150e-02 -4.067366e-01
      vertex -9.135455e-01 5.175727e-16 -4.067366e-01
    endloop
  endfacet
  facet normal 0.000000e+00 0.000000e+00 1.000000e+00
    outer loop
      vertex -9.335804e-01 5.289236e-16 -3.583679e-01
      vertex -9.135455e-01 5.175727e-16 -4.067366e-01
      vertex -9.085410e-01 -9.549150e-02 -4.067366e-01
    endloop
  endfacet
  facet normal 0.000000e+00 0.000000e+00 1.000000e+00
    outer loop
      vertex -9.284662e-01 -9.758573e-02 -3.583679e-01
      vertex -9.085410e-01 -9.549150e-02 -4.067366e-01
      vertex -8.935823e-01 -1.899368e-01 -4.067366e-01
    endloop
  endfacet
  facet normal 0.000000e+00 0.000000e+00 1.000000e+00
    outer loop
      vertex -9.131795e-01 -1.941023e-01 -3.583679e-01
      vertex -8.935823e-01 -1.899368e-01 -4.067366e-01
      vertex -8.688334e-01 -2.823011e-01 -4.067366e-01
    endloop
  endfacet
  facet normal 0.000000e+00 0.000000e+00 1.000000e+00
    outer loop
      vertex -8.878877e-01 -2.884922e-01 -3.583679e-01
      vertex -8.688334e-01 -2.823011e-01 -4.067366e-01
      vertex -8.345653e-01 -3.715724e-01 -4.067366e-01
    endloop
  endfacet
  facet normal 0.000000e+00 0.000000e+00 1.000000e+00
    outer loop
      vertex -8.528682e-01 -3.797214e-01 -3.583679e-01
      vertex -8.345653e-01 -3.715724e-01 -4.067366e-01
      vertex -7.911536e-01 -4.567727e-01 -4.067366e-01
    endloop
  endfacet
  facet normal 0.000000e+00 0.000000e+00 1.000000e+00
    outer loop
      vertex -8.085044e-01 -4.667902e-01 -3.583679e-01
      vertex -7.911536e-01 -4.567727e-01 -4.067366e-01
      vertex -7.390738e-01 -5.369685e-01 -4.067366e-01
    endloop
  endfacet
  facet normal 0.000000e+00 0.000000e+00 1.000000e+00
    outer loop
      vertex -7.552824e-01 -5.487448e-01 -3.583679e-01
      vertex -7.390738e-01 -5.369685e-01 -4.067366e-01
      vertex -6.788966e-01 -6.112812e-01 -4.067366e-01
    endloop
  endfacet
  facet normal 0.000000e+00 0.000000e+00 1.000000e+00
    outer loop
      vertex -6.937855e-01 -6.246872e-01 -3.583679e-01
      vertex -6.788966e-01 -6.112812e-01 -4.067366e-01
      vertex -6.112812e-01 -6.788966e-01 -4.067366e-01
    endloop
  endfacet
  facet normal 0.000000e+00 0.000000e+00 1.000000e+00
    outer loop
      vertex -6.246872e-01 -6.937855e-01 -3.583679e-01
      vertex -6.112812e-01 -6.788966e-01 -4.067366e-01
      vertex -5.369685e-01 -7.390738e-01 -4.067366e-01
    endloop
  endfacet
  facet normal 0.000000e+00 0.000000e+00 1.000000e+00
    outer loop
      vertex -5.487448e-01 -7.552824e-01 -3.583679e-01
      vertex -5.369685e-01 -7.390738e-01 -4.067366e-01
      vertex -4.567727e-01 -7.911536e-01 -4.067366e-01
    endloop
  endfacet
  facet normal 0.000000e+00 0.000000e+00 1.000000e+00
    outer loop
      vertex -4.667902e-01 -8.085044e-01 -3.583679e-01
      vertex -4.567727e-01 -7.911536e-01 -4.067366e-01
      vertex -3.715724e-01 -8.345653e-01 -4.067366e-01
    endloop
  endfacet
  facet normal 0.000000e+00 0.000000e+00 1.000000e+00
    outer loop
      vertex -3.797214e-01 -8.528682e-01 -3.583679e-01
      vertex -3.715724e-01 -8.345653e-01 -4.067366e-01
      vertex -2.823011e-01 -8.688334e-01 -4.067366e-01
    endloop
  endfacet
  facet normal 0.000000e+00 0.000000e+00 1.000000e+00
    outer loop
      vertex -2.884922e-01 -8.878877e-01 -3.583679e-01
      vertex -2.823011e-01 -8.688334e-01 -4.067366e-01
      vertex -1.899368e-01 -8.935823e-01 -4.067366e-01
    endloop
  endfacet
  facet normal 0.000000e+00 0.000000e+00 1.000000e+00
    outer loop
      vertex -1.941023e-01 -9.131795e-01 -3.583679e-01
      vertex -1.899368e-01 -8.935823e-01 -4.067366e-01
      vertex -9.549150e-02 -9.085410e-01 -4.067366e-01
    endloop
  endfacet
  facet normal 0.000000e+00 0.000000e+00 1.000000e+00
    outer loop
      vertex -9.758573e-02 -9.284662e-01 -3.583679e-01
      vertex -9.549150e-02 -9.085410e-01 -4.067366e-01
      vertex -1.678156e-16 -9.135455e-01 -4.067366e-01
    endloop
  endfacet
  facet normal 0.000000e+00 0.000000e+00 1.000000e+00
    outer loop
      vertex -1.714959e-16 -9.335804e-01 -3.583679e-01
      vertex -1.678156e-16 -9.135455e-01 -4.067366e-01
      vertex 9.549150e-02 -9.085410e-01 -4.067366e-01
    endloop
  endfacet
  facet normal 0.000000e+00 0.000000e+00 1.000000e+00
    outer loop
      vertex 9.758573e-02 -9.284662e-01 -3.583679e-01
      vertex 9.549150e-02 -9.085410e-01 -4.067366e-01
      vertex 1.899368e-01 -8.935823e-01 -4.067366e-01
    endloop
  endfacet
  facet normal 0.000000e+00 0.000000e+00 1.000000e+00
    outer loop
      vertex 1.941023e-01 -9.131795e-01 -3.583679e-01
      vertex 1.899368e-01 -8.935823e-01 -4.067366e-01
      vertex 2.823011e-01 -8.688334e-01 -4.067366e-01
    endloop
  endfacet
  facet normal 0.000000e+00 0.000000e+00 1.000000e+00
    outer loop
      vertex 2.884922e-01 -8.878877e-01 -3.583679e-01
      vertex 2.823011e-01 -8.688334e-01 -4.067366e-01
      vertex 3.715724e-01 -8.345653e-01 -4.067366e-01
    endloop
  endfacet
  facet normal 0.000000e+00 0.000000e+00 1.000000e+00
    outer loop
      vertex 3.797214e-01 -8.528682e-01 -3.583679e-01
      vertex 3.715724e-01 -8.345653e-01 -4.067366e-01
      vertex 4.567727e-01 -7.911536e-01 -4.067366e-01
    endloop
  endfacet
  facet normal 0.000000e+00 0.000000e+00 1.000000e+00
    outer loop
      vertex 4.667902e-01 -8.085044e-01 -3.583679e-01
      vertex 4.567727e-01 -7.911536e-01 -4.067366e-01
      vertex 5.369685e-01 -7.390738e-01 -4.067366e-01
    endloop
  endfacet
  facet normal 0.000000e+00 0.000000e+00 1.000000e+00
    outer loop
      vertex 5.487448e-01 -7.552824e-01 -3.583679e-01
      vertex 5.369685e-01 -7.390738e-01 -4.067366e-01
      vertex 6.112812e-01 -6.788966e-01 -4.067366e-01
    endloop
  endfacet
  facet normal 0.000000e+00 0.000000e+00 1.000000e+00
    outer loop
      vertex 6.246872e-01 -6.937855e-01 -3.583679e-01
      vertex 6.112812e-01 -6.788966e-01 -4.067366e-01
      vertex 6.788966e-01 -6.112812e-01 -4.067366e-01
    endloop
  endfacet
  facet normal 0.000000e+00 0.000000e+00 1.000000e+00
    outer loop
      vertex 6.937855e-01 -6.246872e-01 -3.583679e-01
      vertex 6.788966e-01 -6.112812e-01 -4.067366e-01
      vertex 7.390738e-01 -5.369685e-01 -4.067366e-01
    endloop
  endfacet
  facet normal 0.000000e+00 0.000000e+00 1.000000e+00
    outer loop
      vertex 7.552824e-01 -5.487448e-01 -3.583679e-01
      vertex 7.390738e-01 -5.369685e-01 -4.067366e-01
      vertex 7.911536e-01 -4.567727e-01 -4.067366e-01
    endloop
  endfacet
  facet normal 0.000000e+00 0.000000e+00 1.000000e+00
    outer loop
      vertex 8.085044e-01 -4.667902e-01 -3.583679e-01
      vertex 7.911536e-01 -4.567727e-01 -4.067366e-01
      vertex 8.345653e-01 -3.715724e-01 -4.067366e-01
    endloop
  endfacet
  facet normal 0.000000e+00 0.000000e+00 1.000000e+00
    outer loop
      vertex 8.528682e-01 -3.797214e-01 -3.583679e-01
      vertex 8.345653e-01 -3.715724e-01 -4.067366e-01
      vertex 8.688334e-01 -2.823011e-01 -4.067366e-01
    endloop
  endfacet
  facet normal 0.000000e+00 0.000000e+00 1.000000e+00
    outer loop
      vertex 8.878877e-01 -2.884922e-01 -3.583679e-01
      vertex 8.688334e-01 -2.823011e-01 -4.067366e-01
      vertex 8.935823e-01 -1.899368e-01 -4.067366e-01
    endloop
  endfacet
  facet normal 0.000000e+00 0.000000e+00 1.000000e+00
    outer loop
      vertex 9.131795e-01 -1.941023e-01 -3.583679e-01
      vertex 8.935823e-01 -1.899368e-01 -4.067366e-01
      vertex 9.085410e-01 -9.549150e-02 -4.067366e-01
    endloop
  endfacet
  facet normal 0.000000e+00 0.000000e+00 1.000000e+00
    outer loop
      vertex 9.284662e-01 -9.758573e-02 -3.583679e-01
      vertex 9.085410e-01 -9.549150e-02 -4.067366e-01
      vertex 9.135455e-01 -1.035145e-15 -4.067366e-01
    endloop
  endfacet
  facet normal 0.000000e+00 0.000000e+00 1.000000e+00
    outer loop
      vertex 9.135455e-01 0.000000e+00 -4.067366e-01
      vertex 8.910065e-01 0.000000e+00 -4.539905e-01
      vertex 8.861255e-01 9.313554e-02 -4.539905e-01
    endloop
  endfacet
  facet normal 0.000000e+00 0.000000e+00 1.000000e+00
    outer loop
      vertex 9.085410e-01 9.549150e-02 -4.067366e-01
      vertex 8.861255e-01 9.313554e-02 -4.539905e-01
      vertex 8.715359e-01 1.852507e-01 -4.539905e-01
    endloop
  endfacet
  facet normal 0.000000e+00 0.000000e+00 1.000000e+00
    outer loop
      vertex 8.935823e-01 1.899368e-01 -4.067366e-01
      vertex 8.715359e-01 1.852507e-01 -4.539905e-01
      vertex 8.473976e-01 2.753362e-01 -4.539905e-01
    endloop
  endfacet
  facet normal 0.000000e+00 0.000000e+00 1.000000e+00
    outer loop
      vertex 8.688334e-01 2.823011e-01 -4.067366e-01
      vertex 8.473976e-01 2.753362e-01 -4.539905e-01
      vertex 8.139750e-01 3.624050e-01 -4.539905e-01
    endloop
  endfacet
  facet normal 0.000000e+00 0.000000e+00 1.000000e+00
    outer loop
      vertex 8.345653e-01 3.715724e-01 -4.067366e-01
      vertex 8.139750e-01 3.624050e-01 -4.539905e-01
      vertex 7.716343e-01 4.455033e-01 -4.539905e-01
    endloop
  endfacet
  facet normal 0.000000e+00 0.000000e+00 1.000000e+00
    outer loop
      vertex 7.911536e-01 4.567727e-01 -4.067366e-01
      vertex 7.716343e-01 4.455033e-01 -4.539905e-01
      vertex 7.208394e-01 5.237205e-01 -4.539905e-01
    endloop
  endfacet
  facet normal 0.000000e+00 0.000000e+00 1.000000e+00
    outer loop
      vertex 7.390738e-01 5.369685e-01 -4.067366e-01
      vertex 7.208394e-01 5.237205e-01 -4.539905e-01
      vertex 6.621469e-01 5.961997e-01 -4.539905e-01
    endloop
  endfacet
  facet normal 0.000000e+00 0.000000e+00 1.000000e+00
    outer loop
      vertex 6.788966e-01 6.112812e-01 -4.067366e-01
      vertex 6.621469e-01 5.961997e-01 -4.539905e-01
      vertex 5.961997e-01 6.621469e-01 -4.539905e-01
    endloop
  endfacet
  facet normal 0.000000e+00 0.000000e+00 1.000000e+00
    outer loop
      vertex 6.112812e-01 6.788966e-01 -4.067366e-01
      vertex 5.961997e-01 6.621469e-01 -4.539905e-01
      vertex 5.237205e-01 7.208394e-01 -4.539905e-01
    endloop
  endfacet
  facet normal 0.000000e+00 0.000000e+00 1.000000e+00
    outer loop
      vertex 5.369685e-01 7.390738e-01 -4.067366e-01
      vertex 5.237205e-01 7.208394e-01 -4.539905e-01
      vertex 4.455033e-01 7.716343e-01 -4.539905e-01
    endloop
  endfacet
  facet normal 0.000000e+00 0.000000e+00 1.000000e+00
    outer loop
      vertex 4.567727e-01 7.911536e-01 -4.067366e-01
      vertex 4.455033e-01 7.716343e-01 -4.539905e-01
      vertex 3.624050e-01 8.139750e-01 -4.539905e-01
    endloop
  endfacet
  facet normal 0.000000e+00 0.000000e+00 1.000000e+00
    outer loop
      vertex 3.715724e-01 8.345653e-01 -4.067366e-01
      vertex 3.624050e-01 8.139750e-01 -4.539905e-01
      vertex 2.753362e-01 8.473976e-01 -4.539905e-01
    endloop
  endfacet
  facet normal 0.000000e+00 0.000000e+00 1.000000e+00
    outer loop
      vertex 2.823011e-01 8.688334e-01 -4.067366e-01
      vertex 2.753362e-01 8.473976e-01 -4.539905e-01
      vertex 1.852507e-01 8.715359e-01 -4.539905e-01
    endloop
  endfacet
  facet normal 0.000000e+00 0.000000e+00 1.000000e+00
    outer loop
      vertex 1.899368e-01 8.935823e-01 -4.067366e-01
      vertex 1.852507e-01 8.715359e-01 -4.539905e-01
      vertex 9.313554e-02 8.861255e-01 -4.539905e-01
    endloop
  endfacet
  facet normal 0.000000e+00 0.000000e+00 1.000000e+00
    outer loop
      vertex 9.549150e-02 9.085410e-01 -4.067366e-01
      vertex 9.313554e-02 8.861255e-01 -4.539905e-01
      vertex 2.524016e-16 8.910065e-01 -4.539905e-01
    endloop
  endfacet
  facet normal 0.000000e+00 0.000000e+00 1.000000e+00
    outer loop
      vertex 2.587864e-16 9.135455e-01 -4.067366e-01
      vertex 2.524016e-16 8.910065e-01 -4.539905e-01
      vertex -9.313554e-02 8.861255e-01 -4.539905e-01
    endloop
  endfacet
  facet normal 0.000000e+00 0.000000e+00 1.000000e+00
    outer loop
      vertex -9.549150e-02 9.085410e-01 -4.067366e-01
      vertex -9.313554e-02 8.861255e-01 -4.539905e-01
      vertex -1.852507e-01 8.715359e-01 -4.539905e-01
    endloop
  endfacet
  facet normal 0.000000e+00 0.000000e+00 1.000000e+00
    outer loop
      vertex -1.899368e-01 8.935823e-01 -4.067366e-01
      vertex -1.852507e-01 8.715359e-01 -4.539905e-01
      vertex -2.753362e-01 8.473976e-01 -4.539905e-01
    endloop
  endfacet
  facet normal 0.000000e+00 0.000000e+00 1.000000e+00
    outer loop
      vertex -2.823011e-01 8.688334e-01 -4.067366e-01
      vertex -2.753362e-01 8.473976e-01 -4.539905e-01
      vertex -3.624050e-01 8.139750e-01 -4.539905e-01
    endloop
  endfacet
  facet normal 0.000000e+00 0.000000e+00 1.000000e+00
    outer loop
      vertex -3.715724e-01 8.345653e-01 -4.067366e-01
      vertex -3.624050e-01 8.139750e-01 -4.539905e-01
      vertex -4.455033e-01 7.716343e-01 -4.539905e-01
    endloop
  endfacet
  facet normal 0.000000e+00 0.000000e+00 1.000000e+00
    outer loop
      vertex -4.567727e-01 7.911536e-01 -4.067366e-01
      vertex -4.455033e-01 7.716343e-01 -4.539905e-01
      vertex -5.237205e-01 7.208394e-01 -4.539905e-01
    endloop
  endfacet
  facet normal 0.000000e+00 0.000000e+00 1.000000e+00
    outer loop
      vertex -5.369685e-01 7.390738e-01 -4.067366e-01
      vertex -5.237205e-01 7.208394e-01 -4.539905e-01
      vertex -5.961997e-01 6.621469e-01 -4.539905e-01
    endloop
  endfacet
  facet normal 0.000000e+00 0.000000e+00 1.000000e+00
    outer loop
      vertex -6.112812e-01 6.788966e-01 -4.067366e-01
      vertex -5.961997e-01 6.621469e-01 -4.539905e-01
      vertex -6.621469e-01 5.961997e-01 -4.539905e-01
    endloop
  endfacet
  facet normal 0.000000e+00 0.000000e+00 1.000000e+00
    outer loop
      vertex -6.788966e-01 6.112812e-01 -4.067366e-01
      vertex -6.621469e-01 5.961997e-01 -4.539905e-01
      vertex -7.208394e-01 5.237205e-01 -4.539905e-01
    endloop
  endfacet
  facet normal 0.000000e+00 0.000000e+00 1.000000e+00
    outer loop
      vertex -7.390738e-01 5.369685e-01 -4.067366e-01
      vertex -7.208394e-01 5.237205e-01 -4.539905e-01
      vertex -7.716343e-01 4.455033e-01 -4.539905e-01
    endloop
  endfacet
  facet normal 0.000000e+00 0.000000e+00 1.000000e+00
    outer loop
      vertex -7.911536e-01 4.567727e-01 -4.067366e-01
      vertex -7.716343e-01 4.455033e-01 -4.539905e-01
      vertex -8.139750e-01 3.624050e-01 -4.539905e-01
    endloop
  endfacet
  facet normal 0.000000e+00 0.000000e+00 1.000000e+00
    outer loop
      vertex -8.345653e-01 3.715724e-01 -4.067366e-01
      vertex -8.139750e-01 3.624050e-01 -4.539905e-01
      vertex -8.473976e-01 2.753362e-01 -4.539905e-01
    endloop
  endfacet
  facet normal 0.000000e+00 0.000000e+00 1.000000e+00
    outer loop
      vertex -8.688334e-01 2.823011e-01 -4.067366e-01
      vertex -8.473976e-01 2.753362e-01 -4.539905e-01
      vertex -8.715359e-01 1.852507e-01 -4.539905e-01
    endloop
  endfacet
  facet normal 0.000000e+00 0.000000e+00 1.000000e+00
    outer loop
      vertex -8.935823e-01 1.899368e-01 -4.067366e-01
      vertex -8.715359e-01 1.852507e-01 -4.539905e-01
      vertex -8.861255e-01 9.313554e-02 -4.539905e-01
    endloop
  endfacet
  facet normal 0.000000e+00 0.000000e+00 1.000000e+00
    outer loop
      vertex -9.085410e-01 9.549150e-02 -4.067366e-01
      vertex -8.861255e-01 9.313554e-02 -4.539905e-01
      vertex -8.910065e-01 5.048032e-16 -4.539905e-01
    endloop
  endfacet
  facet normal 0.000000e+00 0.000000e+00 1.000000e+00
    outer loop
      vertex -9.135455e-01 5.175727e-16 -4.067366e-01
      vertex -8.910065e-01 5.048032e-16 -4.539905e-01
      vertex -8.861255e-01 -9.313554e-02 -4.539905e-01
    endloop
  endfacet
  facet normal 0.000000e+00 0.000000e+00 1.000000e+00
    outer loop
      vertex -9.085410e-01 -9.549150e-02 -4.067366e-01
      vertex -8.861255e-01 -9.313554e-02 -4.539905e-01
      vertex -8.715359e-01 -1.852507e-01 -4.539905e-01
    endloop
  endfacet
  facet normal 0.000000e+00 0.000000e+00 1.000000e+00
    outer loop
      vertex -8.935823e-01 -1.899368e-01 -4.067366e-01
      vertex -8.715359e-01 -1.852507e-01 -4.539905e-01
      vertex -8.473976e-01 -2.753362e-01 -4.539905e-01
    endloop
  endfacet
  facet normal 0.000000e+00 0.000000e+00 1.000000e+00
    outer loop
      vertex -8.688334e-01 -2.823011e-01 -4.067366e-01
      vertex -8.473976e-01 -2.753362e-01 -4.539905e-01
      vertex -8.139750e-01 -3.624050e-01 -4.539905e-01
    endloop
  endfacet
  facet normal 0.000000e+00 0.000000e+00 1.000000e+00
    outer loop
      vertex -8.345653e-01 -3.715724e-01 -4.067366e-01
      vertex -8.139750e-01 -3.624050e-01 -4.539905e-01
      vertex -7.716343e-01 -4.455033e-01 -4.539905e-01
    endloop
  endfacet
  facet normal 0.000000e+00 0.000000e+00 1.000000e+00
    outer loop
      vertex -7.911536e-01 -4.567727e-01 -4.067366e-01
      vertex -7.716343e-01 -4.455033e-01 -4.539905e-01
      vertex -7.208394e-01 -5.237205e-01 -4.539905e-01
    endloop
  endfacet
  facet normal 0.000000e+00 0.000000e+00 1.000000e+00
    outer loop
      vertex -7.390738e-01 -5.369685e-01 -4.067366e-01
      vertex -7.208394e-01 -5.237205e-01 -4.539905e-01
      vertex -6.621469e-01 -5.961997e-01 -4.539905e-01
    endloop
  endfacet
  facet normal 0.000000e+00 0.000000e+00 1.000000e+00
    outer loop
      vertex -6.788966e-01 -6.112812e-01 -4.067366e-01
      vertex -6.621469e-01 -5.961997e-01 -4.539905e-01
      vertex -5.961997e-01 -6.621469e-01 -4.539905e-01
    endloop
  endfacet
  facet normal 0.000000e+00 0.000000e+00 1.000000e+00
    outer loop
      vertex -6.112812e-01 -6.788966e-01 -4.067366e-01
      vertex -5.961997e-01 -6.621469e-01 -4.539905e-01
      vertex -5.237205e-01 -7.208394e-01 -4.539905e-01
    endloop
  endfacet
  facet normal 0.000000e+00 0.000000e+00 1.000000e+00
    outer loop
      vertex -5.369685e-01 -7.390738e-01 -4.067366e-01
      vertex -5.237205e-01 -7.208394e-01 -4.539905e-01
      vertex -4.455033e-01 -7.716343e-01 -4.539905e-01
    endloop
  endfacet
  facet normal 0.000000e+00 0.000000e+00 1.000000e+00
    outer loop
      vertex -4.567727e-01 -7.911536e-01 -4.067366e-01
      vertex -4.455033e-01 -7.716343e-01 -4.539905e-01
      vertex -3.624050e-01 -8.139750e-01 -4.539905e-01
    endloop
  endfacet
  facet normal 0.000000e+00 0.000000e+00 1.000000e+00
    outer loop
      vertex -3.715724e-01 -8.345653e-01 -4.067366e-01
      vertex -3.624050e-01 -8.139750e-01 -4.539905e-01
      vertex -2.753362e-01 -8.473976e-01 -4.539905e-01
    endloop
  endfacet
  facet normal 0.000000e+00 0.000000e+00 1.000000e+00
    outer loop
      vertex -2.823011e-01 -8.688334e-01 -4.067366e-01
      vertex -2.753362e-01 -8.473976e-01 -4.539905e-01
      vertex -1.852507e-01 -8.715359e-01 -4.539905e-01
    endloop
  endfacet
  facet normal 0.000000e+00 0.000000e+00 1.000000e+00
    outer loop
      vertex -1.899368e-01 -8.935823e-01 -4.067366e-01
      vertex -1.852507e-01 -8.715359e-01 -4.539905e-01
      vertex -9.313554e-02 -8.861255e-01 -4.539905e-01
    endloop
  endfacet
  facet normal 0.000000e+00 0.000000e+00 1.000000e+00
    outer loop
      vertex -9.549150e-02 -9.085410e-01 -4.067366e-01
      vertex -9.313554e-02 -8.861255e-01 -4.539905e-01
      vertex -1.636752e-16 -8.910065e-01 -4.539905e-01
    endloop
  endfacet
  facet normal 0.000000e+00 0.000000e+00 1.000000e+00
    outer loop
      vertex -1.678156e-16 -9.135455e-01 -4.067366e-01
      vertex -1.636752e-16 -8.910065e-01 -4.539905e-01
      vertex 9.313554e-02 -8.861255e-01 -4.539905e-01
    endloop
  endfacet
  facet normal 0.000000e+00 0.000000e+00 1.000000e+00
    outer loop
      vertex 9.549150e-02 -9.085410e-01 -4.067366e-01
      vertex 9.313554e-02 -8.861255e-01 -4.539905e-01
      vertex 1.852507e-01 -8.715359e-01 -4.539905e-01
    endloop
  endfacet
  facet normal 0.000000e+00 0.000000e+00 1.000000e+00
    outer loop
      vertex 1.899368e-01 -8.935823e-01 -4.067366e-01
      vertex 1.852507e-01 -8.715359e-01 -4.539905e-01
      vertex 2.753362e-01 -8.473976e-01 -4.539905e-01
    endloop
  endfacet
  facet normal 0.000000e+00 0.000000e+00 1.000000e+00
    outer loop
      vertex 2.823011e-01 -8.688334e-01 -4.067366e-01
      vertex 2.753362e-01 -8.473976e-01 -4.539905e-01
      vertex 3.624050e-01 -8.139750e-01 -4.539905e-01
    endloop
  endfacet
  facet normal 0.000000e+00 0.000000e+00 1.000000e+00
    outer loop
      vertex 3.715724e-01 -8.345653e-01 -4.067366e-01
      vertex 3.624050e-01 -8.139750e-01 -4.539905e-01
      vertex 4.455033e-01 -7.716343e-01 -4.539905e-01
    endloop
  endfacet
  facet normal 0.000000e+00 0.000000e+00 1.000000e+00
    outer loop
      vertex 4.567727e-01 -7.911536e-01 -4.067366e-01
      vertex 4.455033e-01 -7.716343e-01 -4.539905e-01
      vertex 5.237205e-01 -7.208394e-01 -4.539905e-01
    endloop
  endfacet
  facet normal 0.000000e+00 0.000000e+00 1.000000e+00
    outer loop
      vertex 5.369685e-01 -7.390738e-01 -4.067366e-01
      vertex 5.237205e-01 -7.208394e-01 -4.539905e-01
      vertex 5.961997e-01 -6.621469e-01 -4.539905e-01
    endloop
  endfacet
  facet normal 0.000000e+00 0.000000e+00 1.000000e+00
    outer loop
      vertex 6.112812e-01 -6.788966e-01 -4.067366e-01
      vertex 5.961997e-01 -6.621469e-01 -4.539905e-01
      vertex 6.621469e-01 -5.961997e-01 -4.539905e-01
    endloop
  endfacet
  facet normal 0.000000e+00 0.000000e+00 1.000000e+00
    outer loop
      vertex 6.788966e-01 -6.112812e-01 -4.067366e-01
      vertex 6.621469e-01 -5.961997e-01 -4.539905e-01
      vertex 7.208394e-01 -5.237205e-01 -4.539905e-01
    endloop
  endfacet
  facet normal 0.000000e+00 0.000000e+00 1.000000e+00
    outer loop
      vertex 7.390738e-01 -5.369685e-01 -4.067366e-01
      vertex 7.208394e-01 -5.237205e-01 -4.539905e-01
      vertex 7.716343e-01 -4.455033e-01 -4.539905e-01
    endloop
  endfacet
  facet normal 0.000000e+00 0.000000e+00 1.000000e+00
    outer loop
      vertex 7.911536e-01 -4.567727e-01 -4.067366e-01
      vertex 7.716343e-01 -4.455033e-01 -4.539905e-01
      vertex 8.139750e-01 -3.624050e-01 -4.539905e-01
    endloop
  endfacet
  facet normal 0.000000e+00 0.000000e+00 1.000000e+00
    outer loop
      vertex 8.345653e-01 -3.715724e-01 -4.067366e-01
      vertex 8.139750e-01 -3.624050e-01 -4.539905e-01
      vertex 8.473976e-01 -2.753362e-01 -4.539905e-01
    endloop
  endfacet
  facet normal 0.000000e+00 0.000000e+00 1.000000e+00
    outer loop
      vertex 8.688334e-01 -2.823011e-01 -4.067366e-01
      vertex 8.473976e-01 -2.753362e-01 -4.539905e-01
      vertex 8.715359e-01 -1.852507e-01 -4.539905e-01
    endloop
  endfacet
  facet normal 0.000000e+00 0.000000e+00 1.000000e+00
    outer loop
      vertex 8.935823e-01 -1.899368e-01 -4.067366e-01
      vertex 8.715359e-01 -1.852507e-01 -4.539905e-01
      vertex 8.861255e-01 -9.313554e-02 -4.539905e-01
    endloop
  endfacet
  facet normal 0.000000e+00 0.000000e+00 1.000000e+00
    outer loop
      vertex 9.085410e-01 -9.549150e-02 -4.067366e-01
      vertex 8.861255e-01 -9.313554e-02 -4.539905e-01
      vertex 8.910065e-01 -1.009606e-15 -4.539905e-01
    endloop
  endfacet
  facet normal 0.000000e+00 0.000000e+00 1.000000e+00
    outer loop
      vertex 8.910065e-01 0.000000e+00 -4.539905e-01
      vertex 8.660254e-01 0.000000e+00 -5.000000e-01
      vertex 8.612812e-01 9.052430e-02 -5.000000e-01
    endloop
  endfacet
  facet normal 0.000000e+00 0.000000e+00 1.000000e+00
    outer loop
      vertex 8.861255e-01 9.313554e-02 -4.539905e-01
      vertex 8.612812e-01 9.052430e-02 -5.000000e-01
      vertex 8.471007e-01 1.800568e-01 -5.000000e-01
    endloop
  endfacet
  facet normal 0.000000e+00 0.000000e+00 1.000000e+00
    outer loop
      vertex 8.715359e-01 1.852507e-01 -4.539905e-01
      vertex 8.471007e-01 1.800568e-01 -5.000000e-01
      vertex 8.236391e-01 2.676166e-01 -5.000000e-01
    endloop
  endfacet
  facet normal 0.000000e+00 0.000000e+00 1.000000e+00
    outer loop
      vertex 8.473976e-01 2.753362e-01 -4.539905e-01
      vertex 8.236391e-01 2.676166e-01 -5.000000e-01
      vertex 7.911536e-01 3.522443e-01 -5.000000e-01
    endloop
  endfacet
  facet normal 0.000000e+00 0.000000e+00 1.000000e+00
    outer loop
      vertex 8.139750e-01 3.624050e-01 -4.539905e-01
      vertex 7.911536e-01 3.522443e-01 -5.000000e-01
      vertex 7.500000e-01 4.330127e-01 -5.000000e-01
    endloop
  endfacet
  facet normal 0.000000e+00 0.000000e+00 1.000000e+00
    outer loop
      vertex 7.716343e-01 4.455033e-01 -4.539905e-01
      vertex 7.500000e-01 4.330127e-01 -5.000000e-01
      vertex 7.006293e-01 5.090370e-01 -5.000000e-01
    endloop
  endfacet
  facet normal 0.000000e+00 0.000000e+00 1.000000e+00
    outer loop
      vertex 7.208394e-01 5.237205e-01 -4.539905e-01
      vertex 7.006293e-01 5.090370e-01 -5.000000e-01
      vertex 6.435823e-01 5.794841e-01 -5.000000e-01
    endloop
  endfacet
  facet normal 0.000000e+00 0.000000e+00 1.000000e+00
    outer loop
      vertex 6.621469e-01 5.961997e-01 -4.539905e-01
      vertex 6.435823e-01 5.794841e-01 -5.000000e-01
      vertex 5.794841e-01 6.435823e-01 -5.000000e-01
    endloop
  endfacet
  facet normal 0.000000e+00 0.000000e+00 1.000000e+00
    outer loop
      vertex 5.961997e-01 6.621469e-01 -4.539905e-01
      vertex 5.794841e-01 6.435823e-01 -5.000000e-01
      vertex 5.090370e-01 7.006293e-01 -5.000000e-01
    endloop
  endfacet
  facet normal 0.000000e+00 0.000000e+00 1.000000e+00
    outer loop
      vertex 5.237205e-01 7.208394e-01 -4.539905e-01
      vertex 5.090370e-01 7.006293e-01 -5.000000e-01
      vertex 4.330127e-01 7.500000e-01 -5.000000e-01
    endloop
  endfacet
  facet normal 0.000000e+00 0.000000e+00 1.000000e+00
    outer loop
      vertex 4.455033e-01 7.716343e-01 -4.539905e-01
      vertex 4.330127e-01 7.500000e-01 -5.000000e-01
      vertex 3.522443e-01 7.911536e-01 -5.000000e-01
    endloop
  endfacet
  facet normal 0.000000e+00 0.000000e+00 1.000000e+00
    outer loop
      vertex 3.624050e-01 8.139750e-01 -4.539905e-01
      vertex 3.522443e-01 7.911536e-01 -5.000000e-01
      vertex 2.676166e-01 8.236391e-01 -5.000000e-01
    endloop
  endfacet
  facet normal 0.000000e+00 0.000000e+00 1.000000e+00
    outer loop
      vertex 2.753362e-01 8.473976e-01 -4.539905e-01
      vertex 2.676166e-01 8.236391e-01 -5.000000e-01
      vertex 1.800568e-01 8.471007e-01 -5.000000e-01
    endloop
  endfacet
  facet normal 0.000000e+00 0.000000e+00 1.000000e+00
    outer loop
      vertex 1.852507e-01 8.715359e-01 -4.539905e-01
      vertex 1.800568e-01 8.471007e-01 -5.000000e-01
      vertex 9.052430e-02 8.612812e-01 -5.000000e-01
    endloop
  endfacet
  facet normal 0.000000e+00 0.000000e+00 1.000000e+00
    outer loop
      vertex 9.313554e-02 8.861255e-01 -4.539905e-01
      vertex 9.052430e-02 8.612812e-01 -5.000000e-01
      vertex 2.453250e-16 8.660254e-01 -5.000000e-01
    endloop
  endfacet
  facet normal 0.000000e+00 0.000000e+00 1.000000e+00
    outer loop
      vertex 2.524016e-16 8.910065e-01 -4.539905e-01
      vertex 2.453250e-16 8.660254e-01 -5.000000e-01
      vertex -9.052430e-02 8.612812e-01 -5.000000e-01
    endloop
  endfacet
  facet normal 0.000000e+00 0.000000e+00 1.000000e+00
    outer loop
      vertex -9.313554e-02 8.861255e-01 -4.539905e-01
      vertex -9.052430e-02 8.612812e-01 -5.000000e-01
      vertex -1.800568e-01 8.471007e-01 -5.000000e-01
    endloop
  endfacet
  facet normal 0.000000e+00 0.000000e+00 1.000000e+00
    outer loop
      vertex -1.852507e-01 8.715359e-01 -4.539905e-01
      vertex -1.800568e-01 8.471007e-01 -5.000000e-01
      vertex -2.676166e-01 8.236391e-01 -5.000000e-01
    endloop
  endfacet
  facet normal 0.000000e+00 0.000000e+00 1.000000e+00
    outer loop
      vertex -2.753362e-01 8.473976e-01 -4.539905e-01
      vertex -2.676166e-01 8.236391e-01 -5.000000e-01
      vertex -3.522443e-01 7.911536e-01 -5.000000e-01
    endloop
  endfacet
  facet normal 0.000000e+00 0.000000e+00 1.000000e+00
    outer loop
      vertex -3.624050e-01 8.139750e-01 -4.539905e-01
      vertex -3.522443e-01 7.911536e-01 -5.000000e-01
      vertex -4.330127e-01 7.500000e-01 -5.000000e-01
    endloop
  endfacet
  facet normal 0.000000e+00 0.000000e+00 1.000000e+00
    outer loop
      vertex -4.455033e-01 7.716343e-01 -4.539905e-01
      vertex -4.330127e-01 7.500000e-01 -5.000000e-01
      vertex -5.090370e-01 7.006293e-01 -5.000000e-01
    endloop
  endfacet
  facet normal 0.000000e+00 0.000000e+00 1.000000e+00
    outer loop
      vertex -5.237205e-01 7.208394e-01 -4.539905e-01
      vertex -5.090370e-01 7.006293e-01 -5.000000e-01
      vertex -5.794841e-01 6.435823e-01 -5.000000e-01
    endloop
  endfacet
  facet normal 0.000000e+00 0.000000e+00 1.000000e+00
    outer loop
      vertex -5.961997e-01 6.621469e-01 -4.539905e-01
      vertex -5.794841e-01 6.435823e-01 -5.000000e-01
      vertex -6.435823e-01 5.794841e-01 -5.000000e-01
    endloop
  endfacet
  facet normal 0.000000e+00 0.000000e+00 1.000000e+00
    outer loop
      vertex -6.621469e-01 5.961997e-01 -4.539905e-01
      vertex -6.435823e-01 5.794841e-01 -5.000000e-01
      vertex -7.006293e-01 5.090370e-01 -5.000000e-01
    endloop
  endfacet
  facet normal 0.000000e+00 0.000000e+00 1.000000e+00
    outer loop
      vertex -7.208394e-01 5.237205e-01 -4.539905e-01
      vertex -7.006293e-01 5.090370e-01 -5.000000e-01
      vertex -7.500000e-01 4.330127e-01 -5.000000e-01
    endloop
  endfacet
  facet normal 0.000000e+00 0.000000e+00 1.000000e+00
    outer loop
      vertex -7.716343e-01 4.455033e-01 -4.539905e-01
      vertex -7.500000e-01 4.330127e-01 -5.000000e-01
      vertex -7.911536e-01 3.522443e-01 -5.000000e-01
    endloop
  endfacet
  facet normal 0.000000e+00 0.000000e+00 1.000000e+00
    outer loop
      vertex -8.139750e-01 3.624050e-01 -4.539905e-01
      vertex -7.911536e-01 3.522443e-01 -5.000000e-01
      vertex -8.236391e-01 2.676166e-01 -5.000000e-01
    endloop
  endfacet
  facet normal 0.000000e+00 0.000000e+00 1.000000e+00
    outer loop
      vertex -8.473976e-01 2.753362e-01 -4.539905e-01
      vertex -8.236391e-01 2.676166e-01 -5.000000e-01
      vertex -8.471007e-01 1.800568e-01 -5.000000e-01
    endloop
  endfacet
  facet normal 0.000000e+00 0.000000e+00 1.000000e+00
    outer loop
      vertex -8.715359e-01 1.852507e-01 -4.539905e-01
      vertex -8.471007e-01 1.800568e-01 -5.000000e-01
      vertex -8.612812e-01 9.052430e-02 -5.000000e-01
    endloop
  endfacet
  facet normal 0.000000e+00 0.000000e+00 1.000000e+00
    outer loop
      vertex -8.861255e-01 9.313554e-02 -4.539905e-01
      vertex -8.612812e-01 9.052430e-02 -5.000000e-01
      vertex -8.660254e-01 4.906501e-16 -5.000000e-01
    endloop
  endfacet
  facet normal 0.000000e+00 0.000000e+00 1.000000e+00
    outer loop
      vertex -8.910065e-01 5.048032e-16 -4.539905e-01
      vertex -8.660254e-01 4.906501e-16 -5.000000e-01
      vertex -8.612812e-01 -9.052430e-02 -5.000000e-01
    endloop
  endfacet
  facet normal 0.000000e+00 0.000000e+00 1.000000e+00
    outer loop
      vertex -8.861255e-01 -9.313554e-02 -4.539905e-01
      vertex -8.612812e-01 -9.052430e-02 -5.000000e-01
      vertex -8.471007e-01 -1.800568e-01 -5.000000e-01
    endloop
  endfacet
  facet normal 0.000000e+00 0.000000e+00 1.000000e+00
    outer loop
      vertex -8.715359e-01 -1.852507e-01 -4.539905e-01
      vertex -8.471007e-01 -1.800568e-01 -5.000000e-01
      vertex -8.236391e-01 -2.676166e-01 -5.000000e-01
    endloop
  endfacet
  facet normal 0.000000e+00 0.000000e+00 1.000000e+00
    outer loop
      vertex -8.473976e-01 -2.753362e-01 -4.539905e-01
      vertex -8.236391e-01 -2.676166e-01 -5.000000e-01
      vertex -7.911536e-01 -3.522443e-01 -5.000000e-01
    endloop
  endfacet
  facet normal 0.000000e+00 0.000000e+00 1.000000e+00
    outer loop
      vertex -8.139750e-01 -3.624050e-01 -4.539905e-01
      vertex -7.911536e-01 -3.522443e-01 -5.000000e-01
      vertex -7.500000e-01 -4.330127e-01 -5.000000e-01
    endloop
  endfacet
  facet normal 0.000000e+00 0.000000e+00 1.000000e+00
    outer loop
      vertex -7.716343e-01 -4.455033e-01 -4.539905e-01
      vertex -7.500000e-01 -4.330127e-01 -5.000000e-01
      vertex -7.006293e-01 -5.090370e-01 -5.000000e-01
    endloop
  endfacet
  facet normal 0.000000e+00 0.000000e+00 1.000000e+00
    outer loop
      vertex -7.208394e-01 -5.237205e-01 -4.539905e-01
      vertex -7.006293e-01 -5.090370e-01 -5.000000e-01
      vertex -6.435823e-01 -5.794841e-01 -5.000000e-01
    endloop
  endfacet
  facet normal 0.000000e+00 0.000000e+00 1.000000e+00
    outer loop
      vertex -6.621469e-01 -5.961997e-01 -4.539905e-01
      vertex -6.435823e-01 -5.794841e-01 -5.000000e-01
      vertex -5.794841e-01 -6.435823e-01 -5.000000e-01
    endloop
  endfacet
  facet normal 0.000000e+00 0.000000e+00 1.000000e+00
    outer loop
      vertex -5.961997e-01 -6.621469e-01 -4.539905e-01
      vertex -5.794841e-01 -6.435823e-01 -5.000000e-01
      vertex -5.090370e-01 -7.006293e-01 -5.000000e-01
    endloop
  endfacet
  facet normal 0.000000e+00 0.000000e+00 1.000000e+00
    outer loop
      vertex -5.237205e-01 -7.208394e-01 -4.539905e-01
      vertex -5.090370e-01 -7.006293e-01 -5.000000e-01
      vertex -4.330127e-01 -7.500000e-01 -5.000000e-01
    endloop
  endfacet
  facet normal 0.000000e+00 0.000000e+00 1.000000e+00
    outer loop
      vertex -4.455033e-01 -7.716343e-01 -4.539905e-01
      vertex -4.330127e-01 -7.500000e-01 -5.000000e-01
      vertex -3.522443e-01 -7.911536e-01 -5.000000e-01
    endloop
  endfacet
  facet normal 0.000000e+00 0.000000e+00 1.000000e+00
    outer loop
      vertex -3.624050e-01 -8.139750e-01 -4.539905e-01
      vertex -3.522443e-01 -7.911536e-01 -5.000000e-01
      vertex -2.676166e-01 -8.236391e-01 -5.000000e-01
    endloop
  endfacet
  facet normal 0.000000e+00 0.000000e+00 1.000000e+00
    outer loop
      vertex -2.753362e-01 -8.473976e-01 -4.539905e-01
      vertex -2.676166e-01 -8.236391e-01 -5.000000e-01
      vertex -1.800568e-01 -8.471007e-01 -5.000000e-01
    endloop
  endfacet
  facet normal 0.000000e+00 0.000000e+00 1.000000e+00
    outer loop
      vertex -1.852507e-01 -8.715359e-01 -4.539905e-01
      vertex -1.800568e-01 -8.471007e-01 -5.000000e-01
      vertex -9.052430e-02 -8.612812e-01 -5.000000e-01
    endloop
  endfacet
  facet normal 0.000000e+00 0.000000e+00 1.000000e+00
    outer loop
      vertex -9.313554e-02 -8.861255e-01 -4.539905e-01
      vertex -9.052430e-02 -8.612812e-01 -5.000000e-01
      vertex -1.590863e-16 -8.660254e-01 -5.000000e-01
    endloop
  endfacet
  facet normal 0.000000e+00 0.000000e+00 1.000000e+00
    outer loop
      vertex -1.636752e-16 -8.910065e-01 -4.539905e-01
      vertex -1.590863e-16 -8.660254e-01 -5.000000e-01
      vertex 9.052430e-02 -8.612812e-01 -5.000000e-01
    endloop
  endfacet
  facet normal 0.000000e+00 0.000000e+00 1.000000e+00
    outer loop
      vertex 9.313554e-02 -8.861255e-01 -4.539905e-01
      vertex 9.052430e-02 -8.612812e-01 -5.000000e-01
      vertex 1.800568e-01 -8.471007e-01 -5.000000e-01
    endloop
  endfacet
  facet normal 0.000000e+00 0.000000e+00 1.000000e+00
    outer loop
      vertex 1.852507e-01 -8.715359e-01 -4.539905e-01
      vertex 1.800568e-01 -8.471007e-01 -5.000000e-01
      vertex 2.676166e-01 -8.236391e-01 -5.000000e-01
    endloop
  endfacet
  facet normal 0.000000e+00 0.000000e+00 1.000000e+00
    outer loop
      vertex 2.753362e-01 -8.473976e-01 -4.539905e-01
      vertex 2.676166e-01 -8.236391e-01 -5.000000e-01
      vertex 3.522443e-01 -7.911536e-01 -5.000000e-01
    endloop
  endfacet
  facet normal 0.000000e+00 0.000000e+00 1.000000e+00
    outer loop
      vertex 3.624050e-01 -8.139750e-01 -4.539905e-01
      vertex 3.522443e-01 -7.911536e-01 -5.000000e-01
      vertex 4.330127e-01 -7.500000e-01 -5.000000e-01
    endloop
  endfacet
  facet normal 0.000000e+00 0.000000e+00 1.000000e+00
    outer loop
      vertex 4.455033e-01 -7.716343e-01 -4.539905e-01
      vertex 4.330127e-01 -7.500000e-01 -5.000000e-01
      vertex 5.090370e-01 -7.006293e-01 -5.000000e-01
    endloop
  endfacet
  facet normal 0.000000e+00 0.000000e+00 1.000000e+00
    outer loop
      vertex 5.237205e-01 -7.208394e-01 -4.539905e-01
      vertex 5.090370e-01 -7.006293e-01 -5.000000e-01
      vertex 5.794841e-01 -6.435823e-01 -5.000000e-01
    endloop
  endfacet
  facet normal 0.000000e+00 0.000000e+00 1.000000e+00
    outer loop
      vertex 5.961997e-01 -6.621469e-01 -4.539905e-01
      vertex 5.794841e-01 -6.435823e-01 -5.000000e-01
      vertex 6.435823e-01 -5.794841e-01 -5.000000e-01
    endloop
  endfacet
  facet normal 0.000000e+00 0.000000e+00 1.000000e+00
    outer loop
      vertex 6.621469e-01 -5.961997e-01 -4.539905e-01
      vertex 6.435823e-01 -5.794841e-01 -5.000000e-01
      vertex 7.006293e-01 -5.090370e-01 -5.000000e-01
    endloop
  endfacet
  facet normal 0.000000e+00 0.000000e+00 1.000000e+00
    outer loop
      vertex 7.208394e-01 -5.237205e-01 -4.539905e-01
      vertex 7.006293e-01 -5.090370e-01 -5.000000e-01
      vertex 7.500000e-01 -4.330127e-01 -5.000000e-01
    endloop
  endfacet
  facet normal 0.000000e+00 0.000000e+00 1.000000e+00
    outer loop
      vertex 7.716343e-01 -4.455033e-01 -4.539905e-01
      vertex 7.500000e-01 -4.330127e-01 -5.000000e-01
      vertex 7.911536e-01 -3.522443e-01 -5.000000e-01
    endloop
  endfacet
  facet normal 0.000000e+00 0.000000e+00 1.000000e+00
    outer loop
      vertex 8.139750e-01 -3.624050e-01 -4.539905e-01
      vertex 7.911536e-01 -3.522443e-01 -5.000000e-01
      vertex 8.236391e-01 -2.676166e-01 -5.000000e-01
    endloop
  endfacet
  facet normal 0.000000e+00 0.000000e+00 1.000000e+00
    outer loop
      vertex 8.473976e-01 -2.753362e-01 -4.539905e-01
      vertex 8.236391e-01 -2.676166e-01 -5.000000e-01
      vertex 8.471007e-01 -1.800568e-01 -5.000000e-01
    endloop
  endfacet
  facet normal 0.000000e+00 0.000000e+00 1.000000e+00
    outer loop
      vertex 8.715359e-01 -1.852507e-01 -4.539905e-01
      vertex 8.471007e-01 -1.800568e-01 -5.000000e-01
      vertex 8.612812e-01 -9.052430e-02 -5.000000e-01
    endloop
  endfacet
  facet normal 0.000000e+00 0.000000e+00 1.000000e+00
    outer loop
      vertex 8.861255e-01 -9.313554e-02 -4.539905e-01
      vertex 8.612812e-01 -9.052430e-02 -5.000000e-01
      vertex 8.660254e-01 -9.813001e-16 -5.000000e-01
    endloop
  endfacet
  facet normal 0.000000e+00 0.000000e+00 1.000000e+00
    outer loop
      vertex 8.660254e-01 0.000000e+00 -5.000000e-01
      vertex 8.386706e-01 0.000000e+00 -5.446390e-01
      vertex 8.340762e-01 8.766495e-02 -5.446390e-01
    endloop
  endfacet
  facet normal 0.000000e+00 0.000000e+00 1.000000e+00
    outer loop
      vertex 8.612812e-01 9.052430e-02 -5.000000e-01
      vertex 8.340762e-01 8.766495e-02 -5.446390e-01
      vertex 8.203436e-01 1.743694e-01 -5.446390e-01
    endloop
  endfacet
  facet normal 0.000000e+00 0.000000e+00 1.000000e+00
    outer loop
      vertex 8.471007e-01 1.800568e-01 -5.000000e-01
      vertex 8.203436e-01 1.743694e-01 -5.446390e-01
      vertex 7.976231e-01 2.591635e-01 -5.446390e-01
    endloop
  endfacet
  facet normal 0.000000e+00 0.000000e+00 1.000000e+00
    outer loop
      vertex 8.236391e-01 2.676166e-01 -5.000000e-01
      vertex 7.976231e-01 2.591635e-01 -5.446390e-01
      vertex 7.661637e-01 3.411181e-01 -5.446390e-01
    endloop
  endfacet
  facet normal 0.000000e+00 0.000000e+00 1.000000e+00
    outer loop
      vertex 7.911536e-01 3.522443e-01 -5.000000e-01
      vertex 7.661637e-01 3.411181e-01 -5.446390e-01
      vertex 7.263100e-01 4.193353e-01 -5.446390e-01
    endloop
  endfacet
  facet normal 0.000000e+00 0.000000e+00 1.000000e+00
    outer loop
      vertex 7.500000e-01 4.330127e-01 -5.000000e-01
      vertex 7.263100e-01 4.193353e-01 -5.446390e-01
      vertex 6.784987e-01 4.929582e-01 -5.446390e-01
    endloop
  endfacet
  facet normal 0.000000e+00 0.000000e+00 1.000000e+00
    outer loop
      vertex 7.006293e-01 5.090370e-01 -5.000000e-01
      vertex 6.784987e-01 4.929582e-01 -5.446390e-01
      vertex 6.232537e-01 5.611801e-01 -5.446390e-01
    endloop
  endfacet
  facet normal 0.000000e+00 0.000000e+00 1.000000e+00
    outer loop
      vertex 6.435823e-01 5.794841e-01 -5.000000e-01
      vertex 6.232537e-01 5.611801e-01 -5.446390e-01
      vertex 5.611801e-01 6.232537e-01 -5.446390e-01
    endloop
  endfacet
  facet normal 0.000000e+00 0.000000e+00 1.000000e+00
    outer loop
      vertex 5.794841e-01 6.435823e-01 -5.000000e-01
      vertex 5.611801e-01 6.232537e-01 -5.446390e-01
      vertex 4.929582e-01 6.784987e-01 -5.446390e-01
    endloop
  endfacet
  facet normal 0.000000e+00 0.000000e+00 1.000000e+00
    outer loop
      vertex 5.090370e-01 7.006293e-01 -5.000000e-01
      vertex 4.929582e-01 6.784987e-01 -5.446390e-01
      vertex 4.193353e-01 7.263100e-01 -5.446390e-01
    endloop
  endfacet
  facet normal 0.000000e+00 0.000000e+00 1.000000e+00
    outer loop
      vertex 4.330127e-01 7.500000e-01 -5.000000e-01
      vertex 4.193353e-01 7.263100e-01 -5.446390e-01
      vertex 3.411181e-01 7.661637e-01 -5.446390e-01
    endloop
  endfacet
  facet normal 0.000000e+00 0.000000e+00 1.000000e+00
    outer loop
      vertex 3.522443e-01 7.911536e-01 -5.000000e-01
      vertex 3.411181e-01 7.661637e-01 -5.446390e-01
      vertex 2.591635e-01 7.976231e-01 -5.446390e-01
    endloop
  endfacet
  facet normal 0.000000e+00 0.000000e+00 1.000000e+00
    outer loop
      vertex 2.676166e-01 8.236391e-01 -5.000000e-01
      vertex 2.591635e-01 7.976231e-01 -5.446390e-01
      vertex 1.743694e-01 8.203436e-01 -5.446390e-01
    endloop
  endfacet
  facet normal 0.000000e+00 0.000000e+00 1.000000e+00
    outer loop
      vertex 1.800568e-01 8.471007e-01 -5.000000e-01
      vertex 1.743694e-01 8.203436e-01 -5.446390e-01
      vertex 8.766495e-02 8.340762e-01 -5.446390e-01
    endloop
  endfacet
  facet normal 0.000000e+00 0.000000e+00 1.000000e+00
    outer loop
      vertex 9.052430e-02 8.612812e-01 -5.000000e-01
      vertex 8.766495e-02 8.340762e-01 -5.446390e-01
      vertex 2.375760e-16 8.386706e-01 -5.446390e-01
    endloop
  endfacet
  facet normal 0.000000e+00 0.000000e+00 1.000000e+00
    outer loop
      vertex 2.453250e-16 8.660254e-01 -5.000000e-01
      vertex 2.375760e-16 8.386706e-01 -5.446390e-01
      vertex -8.766495e-02 8.340762e-01 -5.446390e-01
    endloop
  endfacet
  facet normal 0.000000e+00 0.000000e+00 1.000000e+00
    outer loop
      vertex -9.052430e-02 8.612812e-01 -5.000000e-01
      vertex -8.766495e-02 8.340762e-01 -5.446390e-01
      vertex -1.743694e-01 8.203436e-01 -5.446390e-01
    endloop
  endfacet
  facet normal 0.000000e+00 0.000000e+00 1.000000e+00
    outer loop
      vertex -1.800568e-01 8.471007e-01 -5.000000e-01
      vertex -1.743694e-01 8.203436e-01 -5.446390e-01
      vertex -2.591635e-01 7.976231e-01 -5.446390e-01
    endloop
  endfacet
  facet normal 0.000000e+00 0.000000e+00 1.000000e+00
    outer loop
      vertex -2.676166e-01 8.236391e-01 -5.000000e-01
      vertex -2.591635e-01 7.976231e-01 -5.446390e-01
      vertex -3.411181e-01 7.661637e-01 -5.446390e-01
    endloop
  endfacet
  facet normal 0.000000e+00 0.000000e+00 1.000000e+00
    outer loop
      vertex -3.522443e-01 7.911536e-01 -5.000000e-01
      vertex -3.411181e-01 7.661637e-01 -5.446390e-01
      vertex -4.193353e-01 7.263100e-01 -5.446390e-01
    endloop
  endfacet
  facet normal 0.000000e+00 0.000000e+00 1.000000e+00
    outer loop
      vertex -4.330127e-01 7.500000e-01 -5.000000e-01
      vertex -4.193353e-01 7.263100e-01 -5.446390e-01
      vertex -4.929582e-01 6.784987e-01 -5.446390e-01
    endloop
  endfacet
  facet normal 0.000000e+00 0.000000e+00 1.000000e+00
    outer loop
      vertex -5.090370e-01 7.006293e-01 -5.000000e-01
      vertex -4.929582e-01 6.784987e-01 -5.446390e-01
      vertex -5.611801e-01 6.232537e-01 -5.446390e-01
    endloop
  endfacet
  facet normal 0.000000e+00 0.000000e+00 1.000000e+00
    outer loop
      vertex -5.794841e-01 6.435823e-01 -5.000000e-01
      vertex -5.611801e-01 6.232537e-01 -5.446390e-01
      vertex -6.232537e-01 5.611801e-01 -5.446390e-01
    endloop
  endfacet
  facet normal 0.000000e+00 0.000000e+00 1.000000e+00
    outer loop
      vertex -6.435823e-01 5.794841e-01 -5.000000e-01
      vertex -6.232537e-01 5.611801e-01 -5.446390e-01
      vertex -6.784987e-01 4.929582e-01 -5.446390e-01
    endloop
  endfacet
  facet normal 0.000000e+00 0.000000e+00 1.000000e+00
    outer loop
      vertex -7.006293e-01 5.090370e-01 -5.000000e-01
      vertex -6.784987e-01 4.929582e-01 -5.446390e-01
      vertex -7.263100e-01 4.193353e-01 -5.446390e-01
    endloop
  endfacet
  facet normal 0.000000e+00 0.000000e+00 1.000000e+00
    outer loop
      vertex -7.500000e-01 4.330127e-01 -5.000000e-01
      vertex -7.263100e-01 4.193353e-01 -5.446390e-01
      vertex -7.661637e-01 3.411181e-01 -5.446390e-01
    endloop
  endfacet
  facet normal 0.000000e+00 0.000000e+00 1.000000e+00
    outer loop
      vertex -7.911536e-01 3.522443e-01 -5.000000e-01
      vertex -7.661637e-01 3.411181e-01 -5.446390e-01
      vertex -7.976231e-01 2.591635e-01 -5.446390e-01
    endloop
  endfacet
  facet normal 0.000000e+00 0.000000e+00 1.000000e+00
    outer loop
      vertex -8.236391e-01 2.676166e-01 -5.000000e-01
      vertex -7.976231e-01 2.591635e-01 -5.446390e-01
      vertex -8.203436e-01 1.743694e-01 -5.446390e-01
    endloop
  endfacet
  facet normal 0.000000e+00 0.000000e+00 1.000000e+00
    outer loop
      vertex -8.471007e-01 1.800568e-01 -5.000000e-01
      vertex -8.203436e-01 1.743694e-01 -5.446390e-01
      vertex -8.340762e-01 8.766495e-02 -5.446390e-01
    endloop
  endfacet
  facet normal 0.000000e+00 0.000000e+00 1.000000e+00
    outer loop
      vertex -8.612812e-01 9.052430e-02 -5.000000e-01
      vertex -8.340762e-01 8.766495e-02 -5.446390e-01
      vertex -8.386706e-01 4.751521e-16 -5.446390e-01
    endloop
  endfacet
  facet normal 0.000000e+00 0.000000e+00 1.000000e+00
    outer loop
      vertex -8.660254e-01 4.906501e-16 -5.000000e-01
      vertex -8.386706e-01 4.751521e-16 -5.446390e-01
      vertex -8.340762e-01 -8.766495e-02 -5.446390e-01
    endloop
  endfacet
  facet normal 0.000000e+00 0.000000e+00 1.000000e+00
    outer loop
      vertex -8.612812e-01 -9.052430e-02 -5.000000e-01
      vertex -8.340762e-01 -8.766495e-02 -5.446390e-01
      vertex -8.203436e-01 -1.743694e-01 -5.446390e-01
    endloop
  endfacet
  facet normal 0.000000e+00 0.000000e+00 1.000000e+00
    outer loop
      vertex -8.471007e-01 -1.800568e-01 -5.000000e-01
      vertex -8.203436e-01 -1.743694e-01 -5.446390e-01
      vertex -7.976231e-01 -2.591635e-01 -5.446390e-01
    endloop
  endfacet
  facet normal 0.000000e+00 0.000000e+00 1.000000e+00
    outer loop
      vertex -8.236391e-01 -2.676166e-01 -5.000000e-01
      vertex -7.976231e-01 -2.591635e-01 -5.446390e-01
      vertex -7.661637e-01 -3.411181e-01 -5.446390e-01
    endloop
  endfacet
  facet normal 0.000000e+00 0.000000e+00 1.000000e+00
    outer loop
      vertex -7.911536e-01 -3.522443e-01 -5.000000e-01
      vertex -7.661637e-01 -3.411181e-01 -5.446390e-01
      vertex -7.263100e-01 -4.193353e-01 -5.446390e-01
    endloop
  endfacet
  facet normal 0.000000e+00 0.000000e+00 1.000000e+00
    outer loop
      vertex -7.500000e-01 -4.330127e-01 -5.000000e-01
      vertex -7.263100e-01 -4.193353e-01 -5.446390e-01
      vertex -6.784987e-01 -4.929582e-01 -5.446390e-01
    endloop
  endfacet
  facet normal 0.000000e+00 0.000000e+00 1.000000e+00
    outer loop
      vertex -7.006293e-01 -5.090370e-01 -5.000000e-01
      vertex -6.784987e-01 -4.929582e-01 -5.446390e-01
      vertex -6.232537e-01 -5.611801e-01 -5.446390e-01
    endloop
  endfacet
  facet normal 0.000000e+00 0.000000e+00 1.000000e+00
    outer loop
      vertex -6.435823e-01 -5.794841e-01 -5.000000e-01
      vertex -6.232537e-01 -5.611801e-01 -5.446390e-01
      vertex -5.611801e-01 -6.232537e-01 -5.446390e-01
    endloop
  endfacet
  facet normal 0.000000e+00 0.000000e+00 1.000000e+00
    outer loop
      vertex -5.794841e-01 -6.435823e-01 -5.000000e-01
      vertex -5.611801e-01 -6.232537e-01 -5.446390e-01
      vertex -4.929582e-01 -6.784987e-01 -5.446390e-01
    endloop
  endfacet
  facet normal 0.000000e+00 0.000000e+00 1.000000e+00
    outer loop
      vertex -5.090370e-01 -7.006293e-01 -5.000000e-01
      vertex -4.929582e-01 -6.784987e-01 -5.446390e-01
      vertex -4.193353e-01 -7.263100e-01 -5.446390e-01
    endloop
  endfacet
  facet normal 0.000000e+00 0.000000e+00 1.000000e+00
    outer loop
      vertex -4.330127e-01 -7.500000e-01 -5.000000e-01
      vertex -4.193353e-01 -7.263100e-01 -5.446390e-01
      vertex -3.411181e-01 -7.661637e-01 -5.446390e-01
    endloop
  endfacet
  facet normal 0.000000e+00 0.000000e+00 1.000000e+00
    outer loop
      vertex -3.522443e-01 -7.911536e-01 -5.000000e-01
      vertex -3.411181e-01 -7.661637e-01 -5.446390e-01
      vertex -2.591635e-01 -7.976231e-01 -5.446390e-01
    endloop
  endfacet
  facet normal 0.000000e+00 0.000000e+00 1.000000e+00
    outer loop
      vertex -2.676166e-01 -8.236391e-01 -5.000000e-01
      vertex -2.591635e-01 -7.976231e-01 -5.446390e-01
      vertex -1.743694e-01 -8.203436e-01 -5.446390e-01
    endloop
  endfacet
  facet normal 0.000000e+00 0.000000e+00 1.000000e+00
    outer loop
      vertex -1.800568e-01 -8.471007e-01 -5.000000e-01
      vertex -1.743694e-01 -8.203436e-01 -5.446390e-01
      vertex -8.766495e-02 -8.340762e-01 -5.446390e-01
    endloop
  endfacet
  facet normal 0.000000e+00 0.000000e+00 1.000000e+00
    outer loop
      vertex -9.052430e-02 -8.612812e-01 -5.000000e-01
      vertex -8.766495e-02 -8.340762e-01 -5.446390e-01
      vertex -1.540613e-16 -8.386706e-01 -5.446390e-01
    endloop
  endfacet
  facet normal 0.000000e+00 0.000000e+00 1.000000e+00
    outer loop
      vertex -1.590863e-16 -8.660254e-01 -5.000000e-01
      vertex -1.540613e-16 -8.386706e-01 -5.446390e-01
      vertex 8.766495e-02 -8.340762e-01 -5.446390e-01
    endloop
  endfacet
  facet normal 0.000000e+00 0.000000e+00 1.000000e+00
    outer loop
      vertex 9.052430e-02 -8.612812e-01 -5.000000e-01
      vertex 8.766495e-02 -8.340762e-01 -5.446390e-01
      vertex 1.743694e-01 -8.203436e-01 -5.446390e-01
    endloop
  endfacet
  facet normal 0.000000e+00 0.000000e+00 1.000000e+00
    outer loop
      vertex 1.800568e-01 -8.471007e-01 -5.000000e-01
      vertex 1.743694e-01 -8.203436e-01 -5.446390e-01
      vertex 2.591635e-01 -7.976231e-01 -5.446390e-01
    endloop
  endfacet
  facet normal 0.000000e+00 0.000000e+00 1.000000e+00
    outer loop
      vertex 2.676166e-01 -8.236391e-01 -5.000000e-01
      vertex 2.591635e-01 -7.976231e-01 -5.446390e-01
      vertex 3.411181e-01 -7.661637e-01 -5.446390e-01
    endloop
  endfacet
  facet normal 0.000000e+00 0.000000e+00 1.000000e+00
    outer loop
      vertex 3.522443e-01 -7.911536e-01 -5.000000e-01
      vertex 3.411181e-01 -7.661637e-01 -5.446390e-01
      vertex 4.193353e-01 -7.263100e-01 -5.446390e-01
    endloop
  endfacet
  facet normal 0.000000e+00 0.000000e+00 1.000000e+00
    outer loop
      vertex 4.330127e-01 -7.500000e-01 -5.000000e-01
      vertex 4.193353e-01 -7.263100e-01 -5.446390e-01
      vertex 4.929582e-01 -6.784987e-01 -5.446390e-01
    endloop
  endfacet
  facet normal 0.000000e+00 0.000000e+00 1.000000e+00
    outer loop
      vertex 5.090370e-01 -7.006293e-01 -5.000000e-01
      vertex 4.929582e-01 -6.784987e-01 -5.446390e-01
      vertex 5.611801e-01 -6.232537e-01 -5.446390e-01
    endloop
  endfacet
  facet normal 0.000000e+00 0.000000e+00 1.000000e+00
    outer loop
      vertex 5.794841e-01 -6.435823e-01 -5.000000e-01
      vertex 5.611801e-01 -6.232537e-01 -5.446390e-01
      vertex 6.232537e-01 -5.611801e-01 -5.446390e-01
    endloop
  endfacet
  facet normal 0.000000e+00 0.000000e+00 1.000000e+00
    outer loop
      vertex 6.435823e-01 -5.794841e-01 -5.000000e-01
      vertex 6.232537e-01 -5.611801e-01 -5.446390e-01
      vertex 6.784987e-01 -4.929582e-01 -5.446390e-01
    endloop
  endfacet
  facet normal 0.000000e+00 0.000000e+00 1.000000e+00
    outer loop
      vertex 7.006293e-01 -5.090370e-01 -5.000000e-01
      vertex 6.784987e-01 -4.929582e-01 -5.446390e-01
      vertex 7.263100e-01 -4.193353e-01 -5.446390e-01
    endloop
  endfacet
  facet normal 0.000000e+00 0.000000e+00 1.000000e+00
    outer loop
      vertex 7.500000e-01 -4.330127e-01 -5.000000e-01
      vertex 7.263100e-01 -4.193353e-01 -5.446390e-01
      vertex 7.661637e-01 -3.411181e-01 -5.446390e-01
    endloop
  endfacet
  facet normal 0.000000e+00 0.000000e+00 1.000000e+00
    outer loop
      vertex 7.911536e-01 -3.522443e-01 -5.000000e-01
      vertex 7.661637e-01 -3.411181e-01 -5.446390e-01
      vertex 7.976231e-01 -2.591635e-01 -5.446390e-01
    endloop
  endfacet
  facet normal 0.000000e+00 0.000000e+00 1.000000e+00
    outer loop
      vertex 8.236391e-01 -2.676166e-01 -5.000000e-01
      vertex 7.976231e-01 -2.591635e-01 -5.446390e-01
      vertex 8.203436e-01 -1.743694e-01 -5.446390e-01
    endloop
  endfacet
  facet normal 0.000000e+00 0.000000e+00 1.000000e+00
    outer loop
      vertex 8.471007e-01 -1.800568e-01 -5.000000e-01
      vertex 8.203436e-01 -1.743694e-01 -5.446390e-01
      vertex 8.340762e-01 -8.766495e-02 -5.446390e-01
    endloop
  endfacet
  facet normal 0.000000e+00 0.000000e+00 1.000000e+00
    outer loop
      vertex 8.612812e-01 -9.052430e-02 -5.000000e-01
      vertex 8.340762e-01 -8.766495e-02 -5.446390e-01
      vertex 8.386706e-01 -9.503041e-16 -5.446390e-01
    endloop
  endfacet
  facet normal 0.000000e+00 0.000000e+00 1.000000e+00
    outer loop
      vertex 8.386706e-01 0.000000e+00 -5.446390e-01
      vertex 8.090170e-01 0.000000e+00 -5.877853e-01
      vertex 8.045851e-01 8.456530e-02 -5.877853e-01
    endloop
  endfacet
  facet normal 0.000000e+00 0.000000e+00 1.000000e+00
    outer loop
      vertex 8.340762e-01 8.766495e-02 -5.446390e-01
      vertex 8.045851e-01 8.456530e-02 -5.877853e-01
      vertex 7.913380e-01 1.682041e-01 -5.877853e-01
    endloop
  endfacet
  facet normal 0.000000e+00 0.000000e+00 1.000000e+00
    outer loop
      vertex 8.203436e-01 1.743694e-01 -5.446390e-01
      vertex 7.913380e-01 1.682041e-01 -5.877853e-01
      vertex 7.694209e-01 2.500000e-01 -5.877853e-01
    endloop
  endfacet
  facet normal 0.000000e+00 0.000000e+00 1.000000e+00
    outer loop
      vertex 7.976231e-01 2.591635e-01 -5.446390e-01
      vertex 7.694209e-01 2.500000e-01 -5.877853e-01
      vertex 7.390738e-01 3.290569e-01 -5.877853e-01
    endloop
  endfacet
  facet normal 0.000000e+00 0.000000e+00 1.000000e+00
    outer loop
      vertex 7.661637e-01 3.411181e-01 -5.446390e-01
      vertex 7.390738e-01 3.290569e-01 -5.877853e-01
      vertex 7.006293e-01 4.045085e-01 -5.877853e-01
    endloop
  endfacet
  facet normal 0.000000e+00 0.000000e+00 1.000000e+00
    outer loop
      vertex 7.263100e-01 4.193353e-01 -5.446390e-01
      vertex 7.006293e-01 4.045085e-01 -5.877853e-01
      vertex 6.545085e-01 4.755283e-01 -5.877853e-01
    endloop
  endfacet
  facet normal 0.000000e+00 0.000000e+00 1.000000e+00
    outer loop
      vertex 6.784987e-01 4.929582e-01 -5.446390e-01
      vertex 6.545085e-01 4.755283e-01 -5.877853e-01
      vertex 6.012168e-01 5.413380e-01 -5.877853e-01
    endloop
  endfacet
  facet normal 0.000000e+00 0.000000e+00 1.000000e+00
    outer loop
      vertex 6.232537e-01 5.611801e-01 -5.446390e-01
      vertex 6.012168e-01 5.413380e-01 -5.877853e-01
      vertex 5.413380e-01 6.012168e-01 -5.877853e-01
    endloop
  endfacet
  facet normal 0.000000e+00 0.000000e+00 1.000000e+00
    outer loop
      vertex 5.611801e-01 6.232537e-01 -5.446390e-01
      vertex 5.413380e-01 6.012168e-01 -5.877853e-01
      vertex 4.755283e-01 6.545085e-01 -5.877853e-01
    endloop
  endfacet
  facet normal 0.000000e+00 0.000000e+00 1.000000e+00
    outer loop
      vertex 4.929582e-01 6.784987e-01 -5.446390e-01
      vertex 4.755283e-01 6.545085e-01 -5.877853e-01
      vertex 4.045085e-01 7.006293e-01 -5.877853e-01
    endloop
  endfacet
  facet normal 0.000000e+00 0.000000e+00 1.000000e+00
    outer loop
      vertex 4.193353e-01 7.263100e-01 -5.446390e-01
      vertex 4.045085e-01 7.006293e-01 -5.877853e-01
      vertex 3.290569e-01 7.390738e-01 -5.877853e-01
    endloop
  endfacet
  facet normal 0.000000e+00 0.000000e+00 1.000000e+00
    outer loop
      vertex 3.411181e-01 7.661637e-01 -5.446390e-01
      vertex 3.290569e-01 7.390738e-01 -5.877853e-01
      vertex 2.500000e-01 7.694209e-01 -5.877853e-01
    endloop
  endfacet
  facet normal 0.000000e+00 0.000000e+00 1.000000e+00
    outer loop
      vertex 2.591635e-01 7.976231e-01 -5.446390e-01
      vertex 2.500000e-01 7.694209e-01 -5.877853e-01
      vertex 1.682041e-01 7.913380e-01 -5.877853e-01
    endloop
  endfacet
  facet normal 0.000000e+00 0.000000e+00 1.000000e+00
    outer loop
      vertex 1.743694e-01 8.203436e-01 -5.446390e-01
      vertex 1.682041e-01 7.913380e-01 -5.877853e-01
      vertex 8.456530e-02 8.045851e-01 -5.877853e-01
    endloop
  endfacet
  facet normal 0.000000e+00 0.000000e+00 1.000000e+00
    outer loop
      vertex 8.766495e-02 8.340762e-01 -5.446390e-01
      vertex 8.456530e-02 8.045851e-01 -5.877853e-01
      vertex 2.291759e-16 8.090170e-01 -5.877853e-01
    endloop
  endfacet
  facet normal 0.000000e+00 0.000000e+00 1.000000e+00
    outer loop
      vertex 2.375760e-16 8.386706e-01 -5.446390e-01
      vertex 2.291759e-16 8.090170e-01 -5.877853e-01
      vertex -8.456530e-02 8.045851e-01 -5.877853e-01
    endloop
  endfacet
  facet normal 0.000000e+00 0.000000e+00 1.000000e+00
    outer loop
      vertex -8.766495e-02 8.340762e-01 -5.446390e-01
      vertex -8.456530e-02 8.045851e-01 -5.877853e-01
      vertex -1.682041e-01 7.913380e-01 -5.877853e-01
    endloop
  endfacet
  facet normal 0.000000e+00 0.000000e+00 1.000000e+00
    outer loop
      vertex -1.743694e-01 8.203436e-01 -5.446390e-01
      vertex -1.682041e-01 7.913380e-01 -5.877853e-01
      vertex -2.500000e-01 7.694209e-01 -5.877853e-01
    endloop
  endfacet
  facet normal 0.000000e+00 0.000000e+00 1.000000e+00
    outer loop
      vertex -2.591635e-01 7.976231e-01 -5.446390e-01
      vertex -2.500000e-01 7.694209e-01 -5.877853e-01
      vertex -3.290569e-01 7.390738e-01 -5.877853e-01
    endloop
  endfacet
  facet normal 0.000000e+00 0.000000e+00 1.000000e+00
    outer loop
      vertex -3.411181e-01 7.661637e-01 -5.446390e-01
      vertex -3.290569e-01 7.390738e-01 -5.877853e-01
      vertex -4.045085e-01 7.006293e-01 -5.877853e-01
    endloop
  endfacet
  facet normal 0.000000e+00 0.000000e+00 1.000000e+00
    outer loop
      vertex -4.193353e-01 7.263100e-01 -5.446390e-01
      vertex -4.045085e-01 7.006293e-01 -5.877853e-01
      vertex -4.755283e-01 6.545085e-01 -5.877853e-01
    endloop
  endfacet
  facet normal 0.000000e+00 0.000000e+00 1.000000e+00
    outer loop
      vertex -4.929582e-01 6.784987e-01 -5.446390e-01
      vertex -4.755283e-01 6.545085e-01 -5.877853e-01
      vertex -5.413380e-01 6.012168e-01 -5.877853e-01
    endloop
  endfacet
  facet normal 0.000000e+00 0.000000e+00 1.000000e+00
    outer loop
      vertex -5.611801e-01 6.232537e-01 -5.446390e-01
      vertex -5.413380e-01 6.012168e-01 -5.877853e-01
      vertex -6.012168e-01 5.413380e-01 -5.877853e-01
    endloop
  endfacet
  facet normal 0.000000e+00 0.000000e+00 1.000000e+00
    outer loop
      vertex -6.232537e-01 5.611801e-01 -5.446390e-01
      vertex -6.012168e-01 5.413380e-01 -5.877853e-01
      vertex -6.545085e-01 4.755283e-01 -5.877853e-01
    endloop
  endfacet
  facet normal 0.000000e+00 0.000000e+00 1.000000e+00
    outer loop
      vertex -6.784987e-01 4.929582e-01 -5.446390e-01
      vertex -6.545085e-01 4.755283e-01 -5.877853e-01
      vertex -7.006293e-01 4.045085e-01 -5.877853e-01
    endloop
  endfacet
  facet normal 0.000000e+00 0.000000e+00 1.000000e+00
    outer loop
      vertex -7.263100e-01 4.193353e-01 -5.446390e-01
      vertex -7.006293e-01 4.045085e-01 -5.877853e-01
      vertex -7.390738e-01 3.290569e-01 -5.877853e-01
    endloop
  endfacet
  facet normal 0.000000e+00 0.000000e+00 1.000000e+00
    outer loop
      vertex -7.661637e-01 3.411181e-01 -5.446390e-01
      vertex -7.390738e-01 3.290569e-01 -5.877853e-01
      vertex -7.694209e-01 2.500000e-01 -5.877853e-01
    endloop
  endfacet
  facet normal 0.000000e+00 0.000000e+00 1.000000e+00
    outer loop
      vertex -7.976231e-01 2.591635e-01 -5.446390e-01
      vertex -7.694209e-01 2.500000e-01 -5.877853e-01
      vertex -7.913380e-01 1.682041e-01 -5.877853e-01
    endloop
  endfacet
  facet normal 0.000000e+00 0.000000e+00 1.000000e+00
    outer loop
      vertex -8.203436e-01 1.743694e-01 -5.446390e-01
      vertex -7.913380e-01 1.682041e-01 -5.877853e-01
      vertex -8.045851e-01 8.456530e-02 -5.877853e-01
    endloop
  endfacet
  facet normal 0.000000e+00 0.000000e+00 1.000000e+00
    outer loop
      vertex -8.340762e-01 8.766495e-02 -5.446390e-01
      vertex -8.045851e-01 8.456530e-02 -5.877853e-01
      vertex -8.090170e-01 4.583517e-16 -5.877853e-01
    endloop
  endfacet
  facet normal 0.000000e+00 0.000000e+00 1.000000e+00
    outer loop
      vertex -8.386706e-01 4.751521e-16 -5.446390e-01
      vertex -8.090170e-01 4.583517e-16 -5.877853e-01
      vertex -8.045851e-01 -8.456530e-02 -5.877853e-01
    endloop
  endfacet
  facet normal 0.000000e+00 0.000000e+00 1.000000e+00
    outer loop
      vertex -8.340762e-01 -8.766495e-02 -5.446390e-01
      vertex -8.045851e-01 -8.456530e-02 -5.877853e-01
      vertex -7.913380e-01 -1.682041e-01 -5.877853e-01
    endloop
  endfacet
  facet normal 0.000000e+00 0.000000e+00 1.000000e+00
    outer loop
      vertex -8.203436e-01 -1.743694e-01 -5.446390e-01
      vertex -7.913380e-01 -1.682041e-01 -5.877853e-01
      vertex -7.694209e-01 -2.500000e-01 -5.877853e-01
    endloop
  endfacet
  facet normal 0.000000e+00 0.000000e+00 1.000000e+00
    outer loop
      vertex -7.976231e-01 -2.591635e-01 -5.446390e-01
      vertex -7.694209e-01 -2.500000e-01 -5.877853e-01
      vertex -7.390738e-01 -3.290569e-01 -5.877853e-01
    endloop
  endfacet
  facet normal 0.000000e+00 0.000000e+00 1.000000e+00
    outer loop
      vertex -7.661637e-01 -3.411181e-01 -5.446390e-01
      vertex -7.390738e-01 -3.290569e-01 -5.877853e-01
      vertex -7.006293e-01 -4.045085e-01 -5.877853e-01
    endloop
  endfacet
  facet normal 0.000000e+00 0.000000e+00 1.000000e+00
    outer loop
      vertex -7.263100e-01 -4.193353e-01 -5.446390e-01
      vertex -7.006293e-01 -4.045085e-01 -5.877853e-01
      vertex -6.545085e-01 -4.755283e-01 -5.877853e-01
    endloop
  endfacet
  facet normal 0.000000e+00 0.000000e+00 1.000000e+00
    outer loop
      vertex -6.784987e-01 -4.929582e-01 -5.446390e-01
      vertex -6.545085e-01 -4.755283e-01 -5.877853e-01
      vertex -6.012168e-01 -5.413380e-01 -5.877853e-01
    endloop
  endfacet
  facet normal 0.000000e+00 0.000000e+00 1.000000e+00
    outer loop
      vertex -6.232537e-01 -5.611801e-01 -5.446390e-01
      vertex -6.012168e-01 -5.413380e-01 -5.877853e-01
      vertex -5.413380e-01 -6.012168e-01 -5.877853e-01
    endloop
  endfacet
  facet normal 0.000000e+00 0.000000e+00 1.000000e+00
    outer loop
      vertex -5.611801e-01 -6.232537e-01 -5.446390e-01
      vertex -5.413380e-01 -6.012168e-01 -5.877853e-01
      vertex -4.755283e-01 -6.545085e-01 -5.877853e-01
    endloop
  endfacet
  facet normal 0.000000e+00 0.000000e+00 1.000000e+00
    outer loop
      vertex -4.929582e-01 -6.784987e-01 -5.446390e-01
      vertex -4.755283e-01 -6.545085e-01 -5.877853e-01
      vertex -4.045085e-01 -7.006293e-01 -5.877853e-01
    endloop
  endfacet
  facet normal 0.000000e+00 0.000000e+00 1.000000e+00
    outer loop
      vertex -4.193353e-01 -7.263100e-01 -5.446390e-01
      vertex -4.045085e-01 -7.006293e-01 -5.877853e-01
      vertex -3.290569e-01 -7.390738e-01 -5.877853e-01
    endloop
  endfacet
  facet normal 0.000000e+00 0.000000e+00 1.000000e+00
    outer loop
      vertex -3.411181e-01 -7.661637e-01 -5.446390e-01
      vertex -3.290569e-01 -7.390738e-01 -5.877853e-01
      vertex -2.500000e-01 -7.694209e-01 -5.877853e-01
    endloop
  endfacet
  facet normal 0.000000e+00 0.000000e+00 1.000000e+00
    outer loop
      vertex -2.591635e-01 -7.976231e-01 -5.446390e-01
      vertex -2.500000e-01 -7.694209e-01 -5.877853e-01
      vertex -1.682041e-01 -7.913380e-01 -5.877853e-01
    endloop
  endfacet
  facet normal 0.000000e+00 0.000000e+00 1.000000e+00
    outer loop
      vertex -1.743694e-01 -8.203436e-01 -5.446390e-01
      vertex -1.682041e-01 -7.913380e-01 -5.877853e-01
      vertex -8.456530e-02 -8.045851e-01 -5.877853e-01
    endloop
  endfacet
  facet normal 0.000000e+00 0.000000e+00 1.000000e+00
    outer loop
      vertex -8.766495e-02 -8.340762e-01 -5.446390e-01
      vertex -8.456530e-02 -8.045851e-01 -5.877853e-01
      vertex -1.486140e-16 -8.090170e-01 -5.877853e-01
    endloop
  endfacet
  facet normal 0.000000e+00 0.000000e+00 1.000000e+00
    outer loop
      vertex -1.540613e-16 -8.386706e-01 -5.446390e-01
      vertex -1.486140e-16 -8.090170e-01 -5.877853e-01
      vertex 8.456530e-02 -8.045851e-01 -5.877853e-01
    endloop
  endfacet
  facet normal 0.000000e+00 0.000000e+00 1.000000e+00
    outer loop
      vertex 8.766495e-02 -8.340762e-01 -5.446390e-01
      vertex 8.456530e-02 -8.045851e-01 -5.877853e-01
      vertex 1.682041e-01 -7.913380e-01 -5.877853e-01
    endloop
  endfacet
  facet normal 0.000000e+00 0.000000e+00 1.000000e+00
    outer loop
      vertex 1.743694e-01 -8.203436e-01 -5.446390e-01
      vertex 1.682041e-01 -7.913380e-01 -5.877853e-01
      vertex 2.500000e-01 -7.694209e-01 -5.877853e-01
    endloop
  endfacet
  facet normal 0.000000e+00 0.000000e+00 1.000000e+00
    outer loop
      vertex 2.591635e-01 -7.976231e-01 -5.446390e-01
      vertex 2.500000e-01 -7.694209e-01 -5.877853e-01
      vertex 3.290569e-01 -7.390738e-01 -5.877853e-01
    endloop
  endfacet
  facet normal 0.000000e+00 0.000000e+00 1.000000e+00
    outer loop
      vertex 3.411181e-01 -7.661637e-01 -5.446390e-01
      vertex 3.290569e-01 -7.390738e-01 -5.877853e-01
      vertex 4.045085e-01 -7.006293e-01 -5.877853e-01
    endloop
  endfacet
  facet normal 0.000000e+00 0.000000e+00 1.000000e+00
    outer loop
      vertex 4.193353e-01 -7.263100e-01 -5.446390e-01
      vertex 4.045085e-01 -7.006293e-01 -5.877853e-01
      vertex 4.755283e-01 -6.545085e-01 -5.877853e-01
    endloop
  endfacet
  facet normal 0.000000e+00 0.000000e+00 1.000000e+00
    outer loop
      vertex 4.929582e-01 -6.784987e-01 -5.446390e-01
      vertex 4.755283e-01 -6.545085e-01 -5.877853e-01
      vertex 5.413380e-01 -6.012168e-01 -5.877853e-01
    endloop
  endfacet
  facet normal 0.000000e+00 0.000000e+00 1.000000e+00
    outer loop
      vertex 5.611801e-01 -6.232537e-01 -5.446390e-01
      vertex 5.413380e-01 -6.012168e-01 -5.877853e-01
      vertex 6.012168e-01 -5.413380e-01 -5.877853e-01
    endloop
  endfacet
  facet normal 0.000000e+00 0.000000e+00 1.000000e+00
    outer loop
      vertex 6.232537e-01 -5.611801e-01 -5.446390e-01
      vertex 6.012168e-01 -5.413380e-01 -5.877853e-01
      vertex 6.545085e-01 -4.755283e-01 -5.877853e-01
    endloop
  endfacet
  facet normal 0.000000e+00 0.000000e+00 1.000000e+00
    outer loop
      vertex 6.784987e-01 -4.929582e-01 -5.446390e-01
      vertex 6.545085e-01 -4.755283e-01 -5.877853e-01
      vertex 7.006293e-01 -4.045085e-01 -5.877853e-01
    endloop
  endfacet
  facet normal 0.000000e+00 0.000000e+00 1.000000e+00
    outer loop
      vertex 7.263100e-01 -4.193353e-01 -5.446390e-01
      vertex 7.006293e-01 -4.045085e-01 -5.877853e-01
      vertex 7.390738e-01 -3.290569e-01 -5.877853e-01
    endloop
  endfacet
  facet normal 0.000000e+00 0.000000e+00 1.000000e+00
    outer loop
      vertex 7.661637e-01 -3.411181e-01 -5.446390e-01
      vertex 7.390738e-01 -3.290569e-01 -5.877853e-01
      vertex 7.694209e-01 -2.500000e-01 -5.877853e-01
    endloop
  endfacet
  facet normal 0.000000e+00 0.000000e+00 1.000000e+00
    outer loop
      vertex 7.976231e-01 -2.591635e-01 -5.446390e-01
      vertex 7.694209e-01 -2.500000e-01 -5.877853e-01
      vertex 7.913380e-01 -1.682041e-01 -5.877853e-01
    endloop
  endfacet
  facet normal 0.000000e+00 0.000000e+00 1.000000e+00
    outer loop
      vertex 8.203436e-01 -1.743694e-01 -5.446390e-01
      vertex 7.913380e-01 -1.682041e-01 -5.877853e-01
      vertex 8.045851e-01 -8.456530e-02 -5.877853e-01
    endloop
  endfacet
  facet normal 0.000000e+00 0.000000e+00 1.000000e+00
    outer loop
      vertex 8.340762e-01 -8.766495e-02 -5.446390e-01
      vertex 8.045851e-01 -8.456530e-02 -5.877853e-01
      vertex 8.090170e-01 -9.167035e-16 -5.877853e-01
    endloop
  endfacet
  facet normal 0.000000e+00 0.000000e+00 1.000000e+00
    outer loop
      vertex 8.090170e-01 0.000000e+00 -5.877853e-01
      vertex 7.771460e-01 0.000000e+00 -6.293204e-01
      vertex 7.728887e-01 8.123387e-02 -6.293204e-01
    endloop
  endfacet
  facet normal 0.000000e+00 0.000000e+00 1.000000e+00
    outer loop
      vertex 8.045851e-01 8.456530e-02 -5.877853e-01
      vertex 7.728887e-01 8.123387e-02 -6.293204e-01
      vertex 7.601635e-01 1.615777e-01 -6.293204e-01
    endloop
  endfacet
  facet normal 0.000000e+00 0.000000e+00 1.000000e+00
    outer loop
      vertex 7.913380e-01 1.682041e-01 -5.877853e-01
      vertex 7.601635e-01 1.615777e-01 -6.293204e-01
      vertex 7.391097e-01 2.401513e-01 -6.293204e-01
    endloop
  endfacet
  facet normal 0.000000e+00 0.000000e+00 1.000000e+00
    outer loop
      vertex 7.694209e-01 2.500000e-01 -5.877853e-01
      vertex 7.391097e-01 2.401513e-01 -6.293204e-01
      vertex 7.099582e-01 3.160937e-01 -6.293204e-01
    endloop
  endfacet
  facet normal 0.000000e+00 0.000000e+00 1.000000e+00
    outer loop
      vertex 7.390738e-01 3.290569e-01 -5.877853e-01
      vertex 7.099582e-01 3.160937e-01 -6.293204e-01
      vertex 6.730281e-01 3.885730e-01 -6.293204e-01
    endloop
  endfacet
  facet normal 0.000000e+00 0.000000e+00 1.000000e+00
    outer loop
      vertex 7.006293e-01 4.045085e-01 -5.877853e-01
      vertex 6.730281e-01 3.885730e-01 -6.293204e-01
      vertex 6.287243e-01 4.567949e-01 -6.293204e-01
    endloop
  endfacet
  facet normal 0.000000e+00 0.000000e+00 1.000000e+00
    outer loop
      vertex 6.545085e-01 4.755283e-01 -5.877853e-01
      vertex 6.287243e-01 4.567949e-01 -6.293204e-01
      vertex 5.775320e-01 5.200121e-01 -6.293204e-01
    endloop
  endfacet
  facet normal 0.000000e+00 0.000000e+00 1.000000e+00
    outer loop
      vertex 6.012168e-01 5.413380e-01 -5.877853e-01
      vertex 5.775320e-01 5.200121e-01 -6.293204e-01
      vertex 5.200121e-01 5.775320e-01 -6.293204e-01
    endloop
  endfacet
  facet normal 0.000000e+00 0.000000e+00 1.000000e+00
    outer loop
      vertex 5.413380e-01 6.012168e-01 -5.877853e-01
      vertex 5.200121e-01 5.775320e-01 -6.293204e-01
      vertex 4.567949e-01 6.287243e-01 -6.293204e-01
    endloop
  endfacet
  facet normal 0.000000e+00 0.000000e+00 1.000000e+00
    outer loop
      vertex 4.755283e-01 6.545085e-01 -5.877853e-01
      vertex 4.567949e-01 6.287243e-01 -6.293204e-01
      vertex 3.885730e-01 6.730281e-01 -6.293204e-01
    endloop
  endfacet
  facet normal 0.000000e+00 0.000000e+00 1.000000e+00
    outer loop
      vertex 4.045085e-01 7.006293e-01 -5.877853e-01
      vertex 3.885730e-01 6.730281e-01 -6.293204e-01
      vertex 3.160937e-01 7.099582e-01 -6.293204e-01
    endloop
  endfacet
  facet normal 0.000000e+00 0.000000e+00 1.000000e+00
    outer loop
      vertex 3.290569e-01 7.390738e-01 -5.877853e-01
      vertex 3.160937e-01 7.099582e-01 -6.293204e-01
      vertex 2.401513e-01 7.391097e-01 -6.293204e-01
    endloop
  endfacet
  facet normal 0.000000e+00 0.000000e+00 1.000000e+00
    outer loop
      vertex 2.500000e-01 7.694209e-01 -5.877853e-01
      vertex 2.401513e-01 7.391097e-01 -6.293204e-01
      vertex 1.615777e-01 7.601635e-01 -6.293204e-01
    endloop
  endfacet
  facet normal 0.000000e+00 0.000000e+00 1.000000e+00
    outer loop
      vertex 1.682041e-01 7.913380e-01 -5.877853e-01
      vertex 1.615777e-01 7.601635e-01 -6.293204e-01
      vertex 8.123387e-02 7.728887e-01 -6.293204e-01
    endloop
  endfacet
  facet normal 0.000000e+00 0.000000e+00 1.000000e+00
    outer loop
      vertex 8.456530e-02 8.045851e-01 -5.877853e-01
      vertex 8.123387e-02 7.728887e-01 -6.293204e-01
      vertex 2.201475e-16 7.771460e-01 -6.293204e-01
    endloop
  endfacet
  facet normal 0.000000e+00 0.000000e+00 1.000000e+00
    outer loop
      vertex 2.291759e-16 8.090170e-01 -5.877853e-01
      vertex 2.201475e-16 7.771460e-01 -6.293204e-01
      vertex -8.123387e-02 7.728887e-01 -6.293204e-01
    endloop
  endfacet
  facet normal 0.000000e+00 0.000000e+00 1.000000e+00
    outer loop
      vertex -8.456530e-02 8.045851e-01 -5.877853e-01
      vertex -8.123387e-02 7.728887e-01 -6.293204e-01
      vertex -1.615777e-01 7.601635e-01 -6.293204e-01
    endloop
  endfacet
  facet normal 0.000000e+00 0.000000e+00 1.000000e+00
    outer loop
      vertex -1.682041e-01 7.913380e-01 -5.877853e-01
      vertex -1.615777e-01 7.601635e-01 -6.293204e-01
      vertex -2.401513e-01 7.391097e-01 -6.293204e-01
    endloop
  endfacet
  facet normal 0.000000e+00 0.000000e+00 1.000000e+00
    outer loop
      vertex -2.500000e-01 7.694209e-01 -5.877853e-01
      vertex -2.401513e-01 7.391097e-01 -6.293204e-01
      vertex -3.160937e-01 7.099582e-01 -6.293204e-01
    endloop
  endfacet
  facet normal 0.000000e+00 0.000000e+00 1.000000e+00
    outer loop
      vertex -3.290569e-01 7.390738e-01 -5.877853e-01
      vertex -3.160937e-01 7.099582e-01 -6.293204e-01
      vertex -3.885730e-01 6.730281e-01 -6.293204e-01
    endloop
  endfacet
  facet normal 0.000000e+00 0.000000e+00 1.000000e+00
    outer loop
      vertex -4.045085e-01 7.006293e-01 -5.877853e-01
      vertex -3.885730e-01 6.730281e-01 -6.293204e-01
      vertex -4.567949e-01 6.287243e-01 -6.293204e-01
    endloop
  endfacet
  facet normal 0.000000e+00 0.000000e+00 1.000000e+00
    outer loop
      vertex -4.755283e-01 6.545085e-01 -5.877853e-01
      vertex -4.567949e-01 6.287243e-01 -6.293204e-01
      vertex -5.200121e-01 5.775320e-01 -6.293204e-01
    endloop
  endfacet
  facet normal 0.000000e+00 0.000000e+00 1.000000e+00
    outer loop
      vertex -5.413380e-01 6.012168e-01 -5.877853e-01
      vertex -5.200121e-01 5.775320e-01 -6.293204e-01
      vertex -5.775320e-01 5.200121e-01 -6.293204e-01
    endloop
  endfacet
  facet normal 0.000000e+00 0.000000e+00 1.000000e+00
    outer loop
      vertex -6.012168e-01 5.413380e-01 -5.877853e-01
      vertex -5.775320e-01 5.200121e-01 -6.293204e-01
      vertex -6.287243e-01 4.567949e-01 -6.293204e-01
    endloop
  endfacet
  facet normal 0.000000e+00 0.000000e+00 1.000000e+00
    outer loop
      vertex -6.545085e-01 4.755283e-01 -5.877853e-01
      vertex -6.287243e-01 4.567949e-01 -6.293204e-01
      vertex -6.730281e-01 3.885730e-01 -6.293204e-01
    endloop
  endfacet
  facet normal 0.000000e+00 0.000000e+00 1.000000e+00
    outer loop
      vertex -7.006293e-01 4.045085e-01 -5.877853e-01
      vertex -6.730281e-01 3.885730e-01 -6.293204e-01
      vertex -7.099582e-01 3.160937e-01 -6.293204e-01
    endloop
  endfacet
  facet normal 0.000000e+00 0.000000e+00 1.000000e+00
    outer loop
      vertex -7.390738e-01 3.290569e-01 -5.877853e-01
      vertex -7.099582e-01 3.160937e-01 -6.293204e-01
      vertex -7.391097e-01 2.401513e-01 -6.293204e-01
    endloop
  endfacet
  facet normal 0.000000e+00 0.000000e+00 1.000000e+00
    outer loop
      vertex -7.694209e-01 2.500000e-01 -5.877853e-01
      vertex -7.391097e-01 2.401513e-01 -6.293204e-01
      vertex -7.601635e-01 1.615777e-01 -6.293204e-01
    endloop
  endfacet
  facet normal 0.000000e+00 0.000000e+00 1.000000e+00
    outer loop
      vertex -7.913380e-01 1.682041e-01 -5.877853e-01
      vertex -7.601635e-01 1.615777e-01 -6.293204e-01
      vertex -7.728887e-01 8.123387e-02 -6.293204e-01
    endloop
  endfacet
  facet normal 0.000000e+00 0.000000e+00 1.000000e+00
    outer loop
      vertex -8.045851e-01 8.456530e-02 -5.877853e-01
      vertex -7.728887e-01 8.123387e-02 -6.293204e-01
      vertex -7.771460e-01 4.402951e-16 -6.293204e-01
    endloop
  endfacet
  facet normal 0.000000e+00 0.000000e+00 1.000000e+00
    outer loop
      vertex -8.090170e-01 4.583517e-16 -5.877853e-01
      vertex -7.771460e-01 4.402951e-16 -6.293204e-01
      vertex -7.728887e-01 -8.123387e-02 -6.293204e-01
    endloop
  endfacet
  facet normal 0.000000e+00 0.000000e+00 1.000000e+00
    outer loop
      vertex -8.045851e-01 -8.456530e-02 -5.877853e-01
      vertex -7.728887e-01 -8.123387e-02 -6.293204e-01
      vertex -7.601635e-01 -1.615777e-01 -6.293204e-01
    endloop
  endfacet
  facet normal 0.000000e+00 0.000000e+00 1.000000e+00
    outer loop
      vertex -7.913380e-01 -1.682041e-01 -5.877853e-01
      vertex -7.601635e-01 -1.615777e-01 -6.293204e-01
      vertex -7.391097e-01 -2.401513e-01 -6.293204e-01
    endloop
  endfacet
  facet normal 0.000000e+00 0.000000e+00 1.000000e+00
    outer loop
      vertex -7.694209e-01 -2.500000e-01 -5.877853e-01
      vertex -7.391097e-01 -2.401513e-01 -6.293204e-01
      vertex -7.099582e-01 -3.160937e-01 -6.293204e-01
    endloop
  endfacet
  facet normal 0.000000e+00 0.000000e+00 1.000000e+00
    outer loop
      vertex -7.390738e-01 -3.290569e-01 -5.877853e-01
      vertex -7.099582e-01 -3.160937e-01 -6.293204e-01
      vertex -6.730281e-01 -3.885730e-01 -6.293204e-01
    endloop
  endfacet
  facet normal 0.000000e+00 0.000000e+00 1.000000e+00
    outer loop
      vertex -7.006293e-01 -4.045085e-01 -5.877853e-01
      vertex -6.730281e-01 -3.885730e-01 -6.293204e-01
      vertex -6.287243e-01 -4.567949e-01 -6.293204e-01
    endloop
  endfacet
  facet normal 0.000000e+00 0.000000e+00 1.000000e+00
    outer loop
      vertex -6.545085e-01 -4.755283e-01 -5.877853e-01
      vertex -6.287243e-01 -4.567949e-01 -6.293204e-01
      vertex -5.775320e-01 -5.200121e-01 -6.293204e-01
    endloop
  endfacet
  facet normal 0.000000e+00 0.000000e+00 1.000000e+00
    outer loop
      vertex -6.012168e-01 -5.413380e-01 -5.877853e-01
      vertex -5.775320e-01 -5.200121e-01 -6.293204e-01
      vertex -5.200121e-01 -5.775320e-01 -6.293204e-01
    endloop
  endfacet
  facet normal 0.000000e+00 0.000000e+00 1.000000e+00
    outer loop
      vertex -5.413380e-01 -6.012168e-01 -5.877853e-01
      vertex -5.200121e-01 -5.775320e-01 -6.293204e-01
      vertex -4.567949e-01 -6.287243e-01 -6.293204e-01
    endloop
  endfacet
  facet normal 0.000000e+00 0.000000e+00 1.000000e+00
    outer loop
      vertex -4.755283e-01 -6.545085e-01 -5.877853e-01
      vertex -4.567949e-01 -6.287243e-01 -6.293204e-01
      vertex -3.885730e-01 -6.730281e-01 -6.293204e-01
    endloop
  endfacet
  facet normal 0.000000e+00 0.000000e+00 1.000000e+00
    outer loop
      vertex -4.045085e-01 -7.006293e-01 -5.877853e-01
      vertex -3.885730e-01 -6.730281e-01 -6.293204e-01
      vertex -3.160937e-01 -7.099582e-01 -6.293204e-01
    endloop
  endfacet
  facet normal 0.000000e+00 0.000000e+00 1.000000e+00
    outer loop
      vertex -3.290569e-01 -7.390738e-01 -5.877853e-01
      vertex -3.160937e-01 -7.099582e-01 -6.293204e-01
      vertex -2.401513e-01 -7.391097e-01 -6.293204e-01
    endloop
  endfacet
  facet normal 0.000000e+00 0.000000e+00 1.000000e+00
    outer loop
      vertex -2.500000e-01 -7.694209e-01 -5.877853e-01
      vertex -2.401513e-01 -7.391097e-01 -6.293204e-01
      vertex -1.615777e-01 -7.601635e-01 -6.293204e-01
    endloop
  endfacet
  facet normal 0.000000e+00 0.000000e+00 1.000000e+00
    outer loop
      vertex -1.682041e-01 -7.913380e-01 -5.877853e-01
      vertex -1.615777e-01 -7.601635e-01 -6.293204e-01
      vertex -8.123387e-02 -7.728887e-01 -6.293204e-01
    endloop
  endfacet
  facet normal 0.000000e+00 0.000000e+00 1.000000e+00
    outer loop
      vertex -8.456530e-02 -8.045851e-01 -5.877853e-01
      vertex -8.123387e-02 -7.728887e-01 -6.293204e-01
      vertex -1.427594e-16 -7.771460e-01 -6.293204e-01
    endloop
  endfacet
  facet normal 0.000000e+00 0.000000e+00 1.000000e+00
    outer loop
      vertex -1.486140e-16 -8.090170e-01 -5.877853e-01
      vertex -1.427594e-16 -7.771460e-01 -6.293204e-01
      vertex 8.123387e-02 -7.728887e-01 -6.293204e-01
    endloop
  endfacet
  facet normal 0.000000e+00 0.000000e+00 1.000000e+00
    outer loop
      vertex 8.456530e-02 -8.045851e-01 -5.877853e-01
      vertex 8.123387e-02 -7.728887e-01 -6.293204e-01
      vertex 1.615777e-01 -7.601635e-01 -6.293204e-01
    endloop
  endfacet
  facet normal 0.000000e+00 0.000000e+00 1.000000e+00
    outer loop
      vertex 1.682041e-01 -7.913380e-01 -5.877853e-01
      vertex 1.615777e-01 -7.601635e-01 -6.293204e-01
      vertex 2.401513e-01 -7.391097e-01 -6.293204e-01
    endloop
  endfacet
  facet normal 0.000000e+00 0.000000e+00 1.000000e+00
    outer loop
      vertex 2.500000e-01 -7.694209e-01 -5.877853e-01
      vertex 2.401513e-01 -7.391097e-01 -6.293204e-01
      vertex 3.160937e-01 -7.099582e-01 -6.293204e-01
    endloop
  endfacet
  facet normal 0.000000e+00 0.000000e+00 1.000000e+00
    outer loop
      vertex 3.290569e-01 -7.390738e-01 -5.877853e-01
      vertex 3.160937e-01 -7.099582e-01 -6.293204e-01
      vertex 3.885730e-01 -6.730281e-01 -6.293204e-01
    endloop
  endfacet
  facet normal 0.000000e+00 0.000000e+00 1.000000e+00
    outer loop
      vertex 4.045085e-01 -7.006293e-01 -5.877853e-01
      vertex 3.885730e-01 -6.730281e-01 -6.293204e-01
      vertex 4.567949e-01 -6.287243e-01 -6.293204e-01
    endloop
  endfacet
  facet normal 0.000000e+00 0.000000e+00 1.000000e+00
    outer loop
      vertex 4.755283e-01 -6.545085e-01 -5.877853e-01
      vertex 4.567949e-01 -6.287243e-01 -6.293204e-01
      vertex 5.200121e-01 -5.775320e-01 -6.293204e-01
    endloop
  endfacet
  facet normal 0.000000e+00 0.000000e+00 1.000000e+00
    outer loop
      vertex 5.413380e-01 -6.012168e-01 -5.877853e-01
      vertex 5.200121e-01 -5.775320e-01 -6.293204e-01
      vertex 5.775320e-01 -5.200121e-01 -6.293204e-01
    endloop
  endfacet
  facet normal 0.000000e+00 0.000000e+00 1.000000e+00
    outer loop
      vertex 6.012168e-01 -5.413380e-01 -5.877853e-01
      vertex 5.775320e-01 -5.200121e-01 -6.293204e-01
      vertex 6.287243e-01 -4.567949e-01 -6.293204e-01
    endloop
  endfacet
  facet normal 0.000000e+00 0.000000e+00 1.000000e+00
    outer loop
      vertex 6.545085e-01 -4.755283e-01 -5.877853e-01
      vertex 6.287243e-01 -4.567949e-01 -6.293204e-01
      vertex 6.730281e-01 -3.885730e-01 -6.293204e-01
    endloop
  endfacet
  facet normal 0.000000e+00 0.000000e+00 1.000000e+00
    outer loop
      vertex 7.006293e-01 -4.045085e-01 -5.877853e-01
      vertex 6.730281e-01 -3.885730e-01 -6.293204e-01
      vertex 7.099582e-01 -3.160937e-01 -6.293204e-01
    endloop
  endfacet
  facet normal 0.000000e+00 0.000000e+00 1.000000e+00
    outer loop
      vertex 7.390738e-01 -3.290569e-01 -5.877853e-01
      vertex 7.099582e-01 -3.160937e-01 -6.293204e-01
      vertex 7.391097e-01 -2.401513e-01 -6.293204e-01
    endloop
  endfacet
  facet normal 0.000000e+00 0.000000e+00 1.000000e+00
    outer loop
      vertex 7.694209e-01 -2.500000e-01 -5.877853e-01
      vertex 7.391097e-01 -2.401513e-01 -6.293204e-01
      vertex 7.601635e-01 -1.615777e-01 -6.293204e-01
    endloop
  endfacet
  facet normal 0.000000e+00 0.000000e+00 1.000000e+00
    outer loop
      vertex 7.913380e-01 -1.682041e-01 -5.877853e-01
      vertex 7.601635e-01 -1.615777e-01 -6.293204e-01
      vertex 7.728887e-01 -8.123387e-02 -6.293204e-01
    endloop
  endfacet
  facet normal 0.000000e+00 0.000000e+00 1.000000e+00
    outer loop
      vertex 8.045851e-01 -8.456530e-02 -5.877853e-01
      vertex 7.728887e-01 -8.123387e-02 -6.293204e-01
      vertex 7.771460e-01 -8.805901e-16 -6.293204e-01
    endloop
  endfacet
  facet normal 0.000000e+00 0.000000e+00 1.000000e+00
    outer loop
      vertex 7.771460e-01 0.000000e+00 -6.293204e-01
      vertex 7.431448e-01 0.000000e+00 -6.691306e-01
      vertex 7.390738e-01 7.767979e-02 -6.691306e-01
    endloop
  endfacet
  facet normal 0.000000e+00 0.000000e+00 1.000000e+00
    outer loop
      vertex 7.728887e-01 8.123387e-02 -6.293204e-01
      vertex 7.390738e-01 7.767979e-02 -6.691306e-01
      vertex 7.269053e-01 1.545085e-01 -6.691306e-01
    endloop
  endfacet
  facet normal 0.000000e+00 0.000000e+00 1.000000e+00
    outer loop
      vertex 7.601635e-01 1.615777e-01 -6.293204e-01
      vertex 7.269053e-01 1.545085e-01 -6.691306e-01
      vertex 7.067727e-01 2.296444e-01 -6.691306e-01
    endloop
  endfacet
  facet normal 0.000000e+00 0.000000e+00 1.000000e+00
    outer loop
      vertex 7.391097e-01 2.401513e-01 -6.293204e-01
      vertex 7.067727e-01 2.296444e-01 -6.691306e-01
      vertex 6.788966e-01 3.022642e-01 -6.691306e-01
    endloop
  endfacet
  facet normal 0.000000e+00 0.000000e+00 1.000000e+00
    outer loop
      vertex 7.099582e-01 3.160937e-01 -6.293204e-01
      vertex 6.788966e-01 3.022642e-01 -6.691306e-01
      vertex 6.435823e-01 3.715724e-01 -6.691306e-01
    endloop
  endfacet
  facet normal 0.000000e+00 0.000000e+00 1.000000e+00
    outer loop
      vertex 6.730281e-01 3.885730e-01 -6.293204e-01
      vertex 6.435823e-01 3.715724e-01 -6.691306e-01
      vertex 6.012168e-01 4.368096e-01 -6.691306e-01
    endloop
  endfacet
  facet normal 0.000000e+00 0.000000e+00 1.000000e+00
    outer loop
      vertex 6.287243e-01 4.567949e-01 -6.293204e-01
      vertex 6.012168e-01 4.368096e-01 -6.691306e-01
      vertex 5.522642e-01 4.972609e-01 -6.691306e-01
    endloop
  endfacet
  facet normal 0.000000e+00 0.000000e+00 1.000000e+00
    outer loop
      vertex 5.775320e-01 5.200121e-01 -6.293204e-01
      vertex 5.522642e-01 4.972609e-01 -6.691306e-01
      vertex 4.972609e-01 5.522642e-01 -6.691306e-01
    endloop
  endfacet
  facet normal 0.000000e+00 0.000000e+00 1.000000e+00
    outer loop
      vertex 5.200121e-01 5.775320e-01 -6.293204e-01
      vertex 4.972609e-01 5.522642e-01 -6.691306e-01
      vertex 4.368096e-01 6.012168e-01 -6.691306e-01
    endloop
  endfacet
  facet normal 0.000000e+00 0.000000e+00 1.000000e+00
    outer loop
      vertex 4.567949e-01 6.287243e-01 -6.293204e-01
      vertex 4.368096e-01 6.012168e-01 -6.691306e-01
      vertex 3.715724e-01 6.435823e-01 -6.691306e-01
    endloop
  endfacet
  facet normal 0.000000e+00 0.000000e+00 1.000000e+00
    outer loop
      vertex 3.885730e-01 6.730281e-01 -6.293204e-01
      vertex 3.715724e-01 6.435823e-01 -6.691306e-01
      vertex 3.022642e-01 6.788966e-01 -6.691306e-01
    endloop
  endfacet
  facet normal 0.000000e+00 0.000000e+00 1.000000e+00
    outer loop
      vertex 3.160937e-01 7.099582e-01 -6.293204e-01
      vertex 3.022642e-01 6.788966e-01 -6.691306e-01
      vertex 2.296444e-01 7.067727e-01 -6.691306e-01
    endloop
  endfacet
  facet normal 0.000000e+00 0.000000e+00 1.000000e+00
    outer loop
      vertex 2.401513e-01 7.391097e-01 -6.293204e-01
      vertex 2.296444e-01 7.067727e-01 -6.691306e-01
      vertex 1.545085e-01 7.269053e-01 -6.691306e-01
    endloop
  endfacet
  facet normal 0.000000e+00 0.000000e+00 1.000000e+00
    outer loop
      vertex 1.615777e-01 7.601635e-01 -6.293204e-01
      vertex 1.545085e-01 7.269053e-01 -6.691306e-01
      vertex 7.767979e-02 7.390738e-01 -6.691306e-01
    endloop
  endfacet
  facet normal 0.000000e+00 0.000000e+00 1.000000e+00
    outer loop
      vertex 8.123387e-02 7.728887e-01 -6.293204e-01
      vertex 7.767979e-02 7.390738e-01 -6.691306e-01
      vertex 2.105158e-16 7.431448e-01 -6.691306e-01
    endloop
  endfacet
  facet normal 0.000000e+00 0.000000e+00 1.000000e+00
    outer loop
      vertex 2.201475e-16 7.771460e-01 -6.293204e-01
      vertex 2.105158e-16 7.431448e-01 -6.691306e-01
      vertex -7.767979e-02 7.390738e-01 -6.691306e-01
    endloop
  endfacet
  facet normal 0.000000e+00 0.000000e+00 1.000000e+00
    outer loop
      vertex -8.123387e-02 7.728887e-01 -6.293204e-01
      vertex -7.767979e-02 7.390738e-01 -6.691306e-01
      vertex -1.545085e-01 7.269053e-01 -6.691306e-01
    endloop
  endfacet
  facet normal 0.000000e+00 0.000000e+00 1.000000e+00
    outer loop
      vertex -1.615777e-01 7.601635e-01 -6.293204e-01
      vertex -1.545085e-01 7.269053e-01 -6.691306e-01
      vertex -2.296444e-01 7.067727e-01 -6.691306e-01
    endloop
  endfacet
  facet normal 0.000000e+00 0.000000e+00 1.000000e+00
    outer loop
      vertex -2.401513e-01 7.391097e-01 -6.293204e-01
      vertex -2.296444e-01 7.067727e-01 -6.691306e-01
      vertex -3.022642e-01 6.788966e-01 -6.691306e-01
    endloop
  endfacet
  facet normal 0.000000e+00 0.000000e+00 1.000000e+00
    outer loop
      vertex -3.160937e-01 7.099582e-01 -6.293204e-01
      vertex -3.022642e-01 6.788966e-01 -6.691306e-01
      vertex -3.715724e-01 6.435823e-01 -6.691306e-01
    endloop
  endfacet
  facet normal 0.000000e+00 0.000000e+00 1.000000e+00
    outer loop
      vertex -3.885730e-01 6.730281e-01 -6.293204e-01
      vertex -3.715724e-01 6.435823e-01 -6.691306e-01
      vertex -4.368096e-01 6.012168e-01 -6.691306e-01
    endloop
  endfacet
  facet normal 0.000000e+00 0.000000e+00 1.000000e+00
    outer loop
      vertex -4.567949e-01 6.287243e-01 -6.293204e-01
      vertex -4.368096e-01 6.012168e-01 -6.691306e-01
      vertex -4.972609e-01 5.522642e-01 -6.691306e-01
    endloop
  endfacet
  facet normal 0.000000e+00 0.000000e+00 1.000000e+00
    outer loop
      vertex -5.200121e-01 5.775320e-01 -6.293204e-01
      vertex -4.972609e-01 5.522642e-01 -6.691306e-01
      vertex -5.522642e-01 4.972609e-01 -6.691306e-01
    endloop
  endfacet
  facet normal 0.000000e+00 0.000000e+00 1.000000e+00
    outer loop
      vertex -5.775320e-01 5.200121e-01 -6.293204e-01
      vertex -5.522642e-01 4.972609e-01 -6.691306e-01
      vertex -6.012168e-01 4.368096e-01 -6.691306e-01
    endloop
  endfacet
  facet normal 0.000000e+00 0.000000e+00 1.000000e+00
    outer loop
      vertex -6.287243e-01 4.567949e-01 -6.293204e-01
      vertex -6.012168e-01 4.368096e-01 -6.691306e-01
      vertex -6.435823e-01 3.715724e-01 -6.691306e-01
    endloop
  endfacet
  facet normal 0.000000e+00 0.000000e+00 1.000000e+00
    outer loop
      vertex -6.730281e-01 3.885730e-01 -6.293204e-01
      vertex -6.435823e-01 3.715724e-01 -6.691306e-01
      vertex -6.788966e-01 3.022642e-01 -6.691306e-01
    endloop
  endfacet
  facet normal 0.000000e+00 0.000000e+00 1.000000e+00
    outer loop
      vertex -7.099582e-01 3.160937e-01 -6.293204e-01
      vertex -6.788966e-01 3.022642e-01 -6.691306e-01
      vertex -7.067727e-01 2.296444e-01 -6.691306e-01
    endloop
  endfacet
  facet normal 0.000000e+00 0.000000e+00 1.000000e+00
    outer loop
      vertex -7.391097e-01 2.401513e-01 -6.293204e-01
      vertex -7.067727e-01 2.296444e-01 -6.691306e-01
      vertex -7.269053e-01 1.545085e-01 -6.691306e-01
    endloop
  endfacet
  facet normal 0.000000e+00 0.000000e+00 1.000000e+00
    outer loop
      vertex -7.601635e-01 1.615777e-01 -6.293204e-01
      vertex -7.269053e-01 1.545085e-01 -6.691306e-01
      vertex -7.390738e-01 7.767979e-02 -6.691306e-01
    endloop
  endfacet
  facet normal 0.000000e+00 0.000000e+00 1.000000e+00
    outer loop
      vertex -7.728887e-01 8.123387e-02 -6.293204e-01
      vertex -7.390738e-01 7.767979e-02 -6.691306e-01
      vertex -7.431448e-01 4.210316e-16 -6.691306e-01
    endloop
  endfacet
  facet normal 0.000000e+00 0.000000e+00 1.000000e+00
    outer loop
      vertex -7.771460e-01 4.402951e-16 -6.293204e-01
      vertex -7.431448e-01 4.210316e-16 -6.691306e-01
      vertex -7.390738e-01 -7.767979e-02 -6.691306e-01
    endloop
  endfacet
  facet normal 0.000000e+00 0.000000e+00 1.000000e+00
    outer loop
      vertex -7.728887e-01 -8.123387e-02 -6.293204e-01
      vertex -7.390738e-01 -7.767979e-02 -6.691306e-01
      vertex -7.269053e-01 -1.545085e-01 -6.691306e-01
    endloop
  endfacet
  facet normal 0.000000e+00 0.000000e+00 1.000000e+00
    outer loop
      vertex -7.601635e-01 -1.615777e-01 -6.293204e-01
      vertex -7.269053e-01 -1.545085e-01 -6.691306e-01
      vertex -7.067727e-01 -2.296444e-01 -6.691306e-01
    endloop
  endfacet
  facet normal 0.000000e+00 0.000000e+00 1.000000e+00
    outer loop
      vertex -7.391097e-01 -2.401513e-01 -6.293204e-01
      vertex -7.067727e-01 -2.296444e-01 -6.691306e-01
      vertex -6.788966e-01 -3.022642e-01 -6.691306e-01
    endloop
  endfacet
  facet normal 0.000000e+00 0.000000e+00 1.000000e+00
    outer loop
      vertex -7.099582e-01 -3.160937e-01 -6.293204e-01
      vertex -6.788966e-01 -3.022642e-01 -6.691306e-01
      vertex -6.435823e-01 -3.715724e-01 -6.691306e-01
    endloop
  endfacet
  facet normal 0.000000e+00 0.000000e+00 1.000000e+00
    outer loop
      vertex -6.730281e-01 -3.885730e-01 -6.293204e-01
      vertex -6.435823e-01 -3.715724e-01 -6.691306e-01
      vertex -6.012168e-01 -4.368096e-01 -6.691306e-01
    endloop
  endfacet
  facet normal 0.000000e+00 0.000000e+00 1.000000e+00
    outer loop
      vertex -6.287243e-01 -4.567949e-01 -6.293204e-01
      vertex -6.012168e-01 -4.368096e-01 -6.691306e-01
      vertex -5.522642e-01 -4.972609e-01 -6.691306e-01
    endloop
  endfacet
  facet normal 0.000000e+00 0.000000e+00 1.000000e+00
    outer loop
      vertex -5.775320e-01 -5.200121e-01 -6.293204e-01
      vertex -5.522642e-01 -4.972609e-01 -6.691306e-01
      vertex -4.972609e-01 -5.522642e-01 -6.691306e-01
    endloop
  endfacet
  facet normal 0.000000e+00 0.000000e+00 1.000000e+00
    outer loop
      vertex -5.200121e-01 -5.775320e-01 -6.293204e-01
      vertex -4.972609e-01 -5.522642e-01 -6.691306e-01
      vertex -4.368096e-01 -6.012168e-01 -6.691306e-01
    endloop
  endfacet
  facet normal 0.000000e+00 0.000000e+00 1.000000e+00
    outer loop
      vertex -4.567949e-01 -6.287243e-01 -6.293204e-01
      vertex -4.368096e-01 -6.012168e-01 -6.691306e-01
      vertex -3.715724e-01 -6.435823e-01 -6.691306e-01
    endloop
  endfacet
  facet normal 0.000000e+00 0.000000e+00 1.000000e+00
    outer loop
      vertex -3.885730e-01 -6.730281e-01 -6.293204e-01
      vertex -3.715724e-01 -6.435823e-01 -6.691306e-01
      vertex -3.022642e-01 -6.788966e-01 -6.691306e-01
    endloop
  endfacet
  facet normal 0.000000e+00 0.000000e+00 1.000000e+00
    outer loop
      vertex -3.160937e-01 -7.099582e-01 -6.293204e-01
      vertex -3.022642e-01 -6.788966e-01 -6.691306e-01
      vertex -2.296444e-01 -7.067727e-01 -6.691306e-01
    endloop
  endfacet
  facet normal 0.000000e+00 0.000000e+00 1.000000e+00
    outer loop
      vertex -2.401513e-01 -7.391097e-01 -6.293204e-01
      vertex -2.296444e-01 -7.067727e-01 -6.691306e-01
      vertex -1.545085e-01 -7.269053e-01 -6.691306e-01
    endloop
  endfacet
  facet normal 0.000000e+00 0.000000e+00 1.000000e+00
    outer loop
      vertex -1.615777e-01 -7.601635e-01 -6.293204e-01
      vertex -1.545085e-01 -7.269053e-01 -6.691306e-01
      vertex -7.767979e-02 -7.390738e-01 -6.691306e-01
    endloop
  endfacet
  facet normal 0.000000e+00 0.000000e+00 1.000000e+00
    outer loop
      vertex -8.123387e-02 -7.728887e-01 -6.293204e-01
      vertex -7.767979e-02 -7.390738e-01 -6.691306e-01
      vertex -1.365135e-16 -7.431448e-01 -6.691306e-01
    endloop
  endfacet
  facet normal 0.000000e+00 0.000000e+00 1.000000e+00
    outer loop
      vertex -1.427594e-16 -7.771460e-01 -6.293204e-01
      vertex -1.365135e-16 -7.431448e-01 -6.691306e-01
      vertex 7.767979e-02 -7.390738e-01 -6.691306e-01
    endloop
  endfacet
  facet normal 0.000000e+00 0.000000e+00 1.000000e+00
    outer loop
      vertex 8.123387e-02 -7.728887e-01 -6.293204e-01
      vertex 7.767979e-02 -7.390738e-01 -6.691306e-01
      vertex 1.545085e-01 -7.269053e-01 -6.691306e-01
    endloop
  endfacet
  facet normal 0.000000e+00 0.000000e+00 1.000000e+00
    outer loop
      vertex 1.615777e-01 -7.601635e-01 -6.293204e-01
      vertex 1.545085e-01 -7.269053e-01 -6.691306e-01
      vertex 2.296444e-01 -7.067727e-01 -6.691306e-01
    endloop
  endfacet
  facet normal 0.000000e+00 0.000000e+00 1.000000e+00
    outer loop
      vertex 2.401513e-01 -7.391097e-01 -6.293204e-01
      vertex 2.296444e-01 -7.067727e-01 -6.691306e-01
      vertex 3.022642e-01 -6.788966e-01 -6.691306e-01
    endloop
  endfacet
  facet normal 0.000000e+00 0.000000e+00 1.000000e+00
    outer loop
      vertex 3.160937e-01 -7.099582e-01 -6.293204e-01
      vertex 3.022642e-01 -6.788966e-01 -6.691306e-01
      vertex 3.715724e-01 -6.435823e-01 -6.691306e-01
    endloop
  endfacet
  facet normal 0.000000e+00 0.000000e+00 1.000000e+00
    outer loop
      vertex 3.885730e-01 -6.730281e-01 -6.293204e-01
      vertex 3.715724e-01 -6.435823e-01 -6.691306e-01
      vertex 4.368096e-01 -6.012168e-01 -6.691306e-01
    endloop
  endfacet
  facet normal 0.000000e+00 0.000000e+00 1.000000e+00
    outer loop
      vertex 4.567949e-01 -6.287243e-01 -6.293204e-01
      vertex 4.368096e-01 -6.012168e-01 -6.691306e-01
      vertex 4.972609e-01 -5.522642e-01 -6.691306e-01
    endloop
  endfacet
  facet normal 0.000000e+00 0.000000e+00 1.000000e+00
    outer loop
      vertex 5.200121e-01 -5.775320e-01 -6.293204e-01
      vertex 4.972609e-01 -5.522642e-01 -6.691306e-01
      vertex 5.522642e-01 -4.972609e-01 -6.691306e-01
    endloop
  endfacet
  facet normal 0.000000e+00 0.000000e+00 1.000000e+00
    outer loop
      vertex 5.775320e-01 -5.200121e-01 -6.293204e-01
      vertex 5.522642e-01 -4.972609e-01 -6.691306e-01
      vertex 6.012168e-01 -4.368096e-01 -6.691306e-01
    endloop
  endfacet
  facet normal 0.000000e+00 0.000000e+00 1.000000e+00
    outer loop
      vertex 6.287243e-01 -4.567949e-01 -6.293204e-01
      vertex 6.012168e-01 -4.368096e-01 -6.691306e-01
      vertex 6.435823e-01 -3.715724e-01 -6.691306e-01
    endloop
  endfacet
  facet normal 0.000000e+00 0.000000e+00 1.000000e+00
    outer loop
      vertex 6.730281e-01 -3.885730e-01 -6.293204e-01
      vertex 6.435823e-01 -3.715724e-01 -6.691306e-01
      vertex 6.788966e-01 -3.022642e-01 -6.691306e-01
    endloop
  endfacet
  facet normal 0.000000e+00 0.000000e+00 1.000000e+00
    outer loop
      vertex 7.099582e-01 -3.160937e-01 -6.293204e-01
      vertex 6.788966e-01 -3.022642e-01 -6.691306e-01
      vertex 7.067727e-01 -2.296444e-01 -6.691306e-01
    endloop
  endfacet
  facet normal 0.000000e+00 0.000000e+00 1.000000e+00
    outer loop
      vertex 7.391097e-01 -2.401513e-01 -6.293204e-01
      vertex 7.067727e-01 -2.296444e-01 -6.691306e-01
      vertex 7.269053e-01 -1.545085e-01 -6.691306e-01
    endloop
  endfacet
  facet normal 0.000000e+00 0.000000e+00 1.000000e+00
    outer loop
      vertex 7.601635e-01 -1.615777e-01 -6.293204e-01
      vertex 7.269053e-01 -1.545085e-01 -6.691306e-01
      vertex 7.390738e-01 -7.767979e-02 -6.691306e-01
    endloop
  endfacet
  facet normal 0.000000e+00 0.000000e+00 1.000000e+00
    outer loop
      vertex 7.728887e-01 -8.123387e-02 -6.293204e-01
      vertex 7.390738e-01 -7.767979e-02 -6.691306e-01
      vertex 7.431448e-01 -8.420632e-16 -6.691306e-01
    endloop
  endfacet
  facet normal 0.000000e+00 0.000000e+00 1.000000e+00
    outer loop
      vertex 7.431448e-01 0.000000e+00 -6.691306e-01
      vertex 7.071068e-01 0.000000e+00 -7.071068e-01
      vertex 7.032332e-01 7.391279e-02 -7.071068e-01
    endloop
  endfacet
  facet normal 0.000000e+00 0.000000e+00 1.000000e+00
    outer loop
      vertex 7.390738e-01 7.767979e-02 -6.691306e-01
      vertex 7.032332e-01 7.391279e-02 -7.071068e-01
      vertex 6.916548e-01 1.470158e-01 -7.071068e-01
    endloop
  endfacet
  facet normal 0.000000e+00 0.000000e+00 1.000000e+00
    outer loop
      vertex 7.269053e-01 1.545085e-01 -6.691306e-01
      vertex 6.916548e-01 1.470158e-01 -7.071068e-01
      vertex 6.724985e-01 2.185080e-01 -7.071068e-01
    endloop
  endfacet
  facet normal 0.000000e+00 0.000000e+00 1.000000e+00
    outer loop
      vertex 7.067727e-01 2.296444e-01 -6.691306e-01
      vertex 6.724985e-01 2.185080e-01 -7.071068e-01
      vertex 6.459742e-01 2.876062e-01 -7.071068e-01
    endloop
  endfacet
  facet normal 0.000000e+00 0.000000e+00 1.000000e+00
    outer loop
      vertex 6.788966e-01 3.022642e-01 -6.691306e-01
      vertex 6.459742e-01 2.876062e-01 -7.071068e-01
      vertex 6.123724e-01 3.535534e-01 -7.071068e-01
    endloop
  endfacet
  facet normal 0.000000e+00 0.000000e+00 1.000000e+00
    outer loop
      vertex 6.435823e-01 3.715724e-01 -6.691306e-01
      vertex 6.123724e-01 3.535534e-01 -7.071068e-01
      vertex 5.720614e-01 4.156269e-01 -7.071068e-01
    endloop
  endfacet
  facet normal 0.000000e+00 0.000000e+00 1.000000e+00
    outer loop
      vertex 6.012168e-01 4.368096e-01 -6.691306e-01
      vertex 5.720614e-01 4.156269e-01 -7.071068e-01
      vertex 5.254827e-01 4.731468e-01 -7.071068e-01
    endloop
  endfacet
  facet normal 0.000000e+00 0.000000e+00 1.000000e+00
    outer loop
      vertex 5.522642e-01 4.972609e-01 -6.691306e-01
      vertex 5.254827e-01 4.731468e-01 -7.071068e-01
      vertex 4.731468e-01 5.254827e-01 -7.071068e-01
    endloop
  endfacet
  facet normal 0.000000e+00 0.000000e+00 1.000000e+00
    outer loop
      vertex 4.972609e-01 5.522642e-01 -6.691306e-01
      vertex 4.731468e-01 5.254827e-01 -7.071068e-01
      vertex 4.156269e-01 5.720614e-01 -7.071068e-01
    endloop
  endfacet
  facet normal 0.000000e+00 0.000000e+00 1.000000e+00
    outer loop
      vertex 4.368096e-01 6.012168e-01 -6.691306e-01
      vertex 4.156269e-01 5.720614e-01 -7.071068e-01
      vertex 3.535534e-01 6.123724e-01 -7.071068e-01
    endloop
  endfacet
  facet normal 0.000000e+00 0.000000e+00 1.000000e+00
    outer loop
      vertex 3.715724e-01 6.435823e-01 -6.691306e-01
      vertex 3.535534e-01 6.123724e-01 -7.071068e-01
      vertex 2.876062e-01 6.459742e-01 -7.071068e-01
    endloop
  endfacet
  facet normal 0.000000e+00 0.000000e+00 1.000000e+00
    outer loop
      vertex 3.022642e-01 6.788966e-01 -6.691306e-01
      vertex 2.876062e-01 6.459742e-01 -7.071068e-01
      vertex 2.185080e-01 6.724985e-01 -7.071068e-01
    endloop
  endfacet
  facet normal 0.000000e+00 0.000000e+00 1.000000e+00
    outer loop
      vertex 2.296444e-01 7.067727e-01 -6.691306e-01
      vertex 2.185080e-01 6.724985e-01 -7.071068e-01
      vertex 1.470158e-01 6.916548e-01 -7.071068e-01
    endloop
  endfacet
  facet normal 0.000000e+00 0.000000e+00 1.000000e+00
    outer loop
      vertex 1.545085e-01 7.269053e-01 -6.691306e-01
      vertex 1.470158e-01 6.916548e-01 -7.071068e-01
      vertex 7.391279e-02 7.032332e-01 -7.071068e-01
    endloop
  endfacet
  facet normal 0.000000e+00 0.000000e+00 1.000000e+00
    outer loop
      vertex 7.767979e-02 7.390738e-01 -6.691306e-01
      vertex 7.391279e-02 7.032332e-01 -7.071068e-01
      vertex 2.003070e-16 7.071068e-01 -7.071068e-01
    endloop
  endfacet
  facet normal 0.000000e+00 0.000000e+00 1.000000e+00
    outer loop
      vertex 2.105158e-16 7.431448e-01 -6.691306e-01
      vertex 2.003070e-16 7.071068e-01 -7.071068e-01
      vertex -7.391279e-02 7.032332e-01 -7.071068e-01
    endloop
  endfacet
  facet normal 0.000000e+00 0.000000e+00 1.000000e+00
    outer loop
      vertex -7.767979e-02 7.390738e-01 -6.691306e-01
      vertex -7.391279e-02 7.032332e-01 -7.071068e-01
      vertex -1.470158e-01 6.916548e-01 -7.071068e-01
    endloop
  endfacet
  facet normal 0.000000e+00 0.000000e+00 1.000000e+00
    outer loop
      vertex -1.545085e-01 7.269053e-01 -6.691306e-01
      vertex -1.470158e-01 6.916548e-01 -7.071068e-01
      vertex -2.185080e-01 6.724985e-01 -7.071068e-01
    endloop
  endfacet
  facet normal 0.000000e+00 0.000000e+00 1.000000e+00
    outer loop
      vertex -2.296444e-01 7.067727e-01 -6.691306e-01
      vertex -2.185080e-01 6.724985e-01 -7.071068e-01
      vertex -2.876062e-01 6.459742e-01 -7.071068e-01
    endloop
  endfacet
  facet normal 0.000000e+00 0.000000e+00 1.000000e+00
    outer loop
      vertex -3.022642e-01 6.788966e-01 -6.691306e-01
      vertex -2.876062e-01 6.459742e-01 -7.071068e-01
      vertex -3.535534e-01 6.123724e-01 -7.071068e-01
    endloop
  endfacet
  facet normal 0.000000e+00 0.000000e+00 1.000000e+00
    outer loop
      vertex -3.715724e-01 6.435823e-01 -6.691306e-01
      vertex -3.535534e-01 6.123724e-01 -7.071068e-01
      vertex -4.156269e-01 5.720614e-01 -7.071068e-01
    endloop
  endfacet
  facet normal 0.000000e+00 0.000000e+00 1.000000e+00
    outer loop
      vertex -4.368096e-01 6.012168e-01 -6.691306e-01
      vertex -4.156269e-01 5.720614e-01 -7.071068e-01
      vertex -4.731468e-01 5.254827e-01 -7.071068e-01
    endloop
  endfacet
  facet normal 0.000000e+00 0.000000e+00 1.000000e+00
    outer loop
      vertex -4.972609e-01 5.522642e-01 -6.691306e-01
      vertex -4.731468e-01 5.254827e-01 -7.071068e-01
      vertex -5.254827e-01 4.731468e-01 -7.071068e-01
    endloop
  endfacet
  facet normal 0.000000e+00 0.000000e+00 1.000000e+00
    outer loop
      vertex -5.522642e-01 4.972609e-01 -6.691306e-01
      vertex -5.254827e-01 4.731468e-01 -7.071068e-01
      vertex -5.720614e-01 4.156269e-01 -7.071068e-01
    endloop
  endfacet
  facet normal 0.000000e+00 0.000000e+00 1.000000e+00
    outer loop
      vertex -6.012168e-01 4.368096e-01 -6.691306e-01
      vertex -5.720614e-01 4.156269e-01 -7.071068e-01
      vertex -6.123724e-01 3.535534e-01 -7.071068e-01
    endloop
  endfacet
  facet normal 0.000000e+00 0.000000e+00 1.000000e+00
    outer loop
      vertex -6.435823e-01 3.715724e-01 -6.691306e-01
      vertex -6.123724e-01 3.535534e-01 -7.071068e-01
      vertex -6.459742e-01 2.876062e-01 -7.071068e-01
    endloop
  endfacet
  facet normal 0.000000e+00 0.000000e+00 1.000000e+00
    outer loop
      vertex -6.788966e-01 3.022642e-01 -6.691306e-01
      vertex -6.459742e-01 2.876062e-01 -7.071068e-01
      vertex -6.724985e-01 2.185080e-01 -7.071068e-01
    endloop
  endfacet
  facet normal 0.000000e+00 0.000000e+00 1.000000e+00
    outer loop
      vertex -7.067727e-01 2.296444e-01 -6.691306e-01
      vertex -6.724985e-01 2.185080e-01 -7.071068e-01
      vertex -6.916548e-01 1.470158e-01 -7.071068e-01
    endloop
  endfacet
  facet normal 0.000000e+00 0.000000e+00 1.000000e+00
    outer loop
      vertex -7.269053e-01 1.545085e-01 -6.691306e-01
      vertex -6.916548e-01 1.470158e-01 -7.071068e-01
      vertex -7.032332e-01 7.391279e-02 -7.071068e-01
    endloop
  endfacet
  facet normal 0.000000e+00 0.000000e+00 1.000000e+00
    outer loop
      vertex -7.390738e-01 7.767979e-02 -6.691306e-01
      vertex -7.032332e-01 7.391279e-02 -7.071068e-01
      vertex -7.071068e-01 4.006141e-16 -7.071068e-01
    endloop
  endfacet
  facet normal 0.000000e+00 0.000000e+00 1.000000e+00
    outer loop
      vertex -7.431448e-01 4.210316e-16 -6.691306e-01
      vertex -7.071068e-01 4.006141e-16 -7.071068e-01
      vertex -7.032332e-01 -7.391279e-02 -7.071068e-01
    endloop
  endfacet
  facet normal 0.000000e+00 0.000000e+00 1.000000e+00
    outer loop
      vertex -7.390738e-01 -7.767979e-02 -6.691306e-01
      vertex -7.032332e-01 -7.391279e-02 -7.071068e-01
      vertex -6.916548e-01 -1.470158e-01 -7.071068e-01
    endloop
  endfacet
  facet normal 0.000000e+00 0.000000e+00 1.000000e+00
    outer loop
      vertex -7.269053e-01 -1.545085e-01 -6.691306e-01
      vertex -6.916548e-01 -1.470158e-01 -7.071068e-01
      vertex -6.724985e-01 -2.185080e-01 -7.071068e-01
    endloop
  endfacet
  facet normal 0.000000e+00 0.000000e+00 1.000000e+00
    outer loop
      vertex -7.067727e-01 -2.296444e-01 -6.691306e-01
      vertex -6.724985e-01 -2.185080e-01 -7.071068e-01
      vertex -6.459742e-01 -2.876062e-01 -7.071068e-01
    endloop
  endfacet
  facet normal 0.000000e+00 0.000000e+00 1.000000e+00
    outer loop
      vertex -6.788966e-01 -3.022642e-01 -6.691306e-01
      vertex -6.459742e-01 -2.876062e-01 -7.071068e-01
      vertex -6.123724e-01 -3.535534e-01 -7.071068e-01
    endloop
  endfacet
  facet normal 0.000000e+00 0.000000e+00 1.000000e+00
    outer loop
      vertex -6.435823e-01 -3.715724e-01 -6.691306e-01
      vertex -6.123724e-01 -3.535534e-01 -7.071068e-01
      vertex -5.720614e-01 -4.156269e-01 -7.071068e-01
    endloop
  endfacet
  facet normal 0.000000e+00 0.000000e+00 1.000000e+00
    outer loop
      vertex -6.012168e-01 -4.368096e-01 -6.691306e-01
      vertex -5.720614e-01 -4.156269e-01 -7.071068e-01
      vertex -5.254827e-01 -4.731468e-01 -7.071068e-01
    endloop
  endfacet
  facet normal 0.000000e+00 0.000000e+00 1.000000e+00
    outer loop
      vertex -5.522642e-01 -4.972609e-01 -6.691306e-01
      vertex -5.254827e-01 -4.731468e-01 -7.071068e-01
      vertex -4.731468e-01 -5.254827e-01 -7.071068e-01
    endloop
  endfacet
  facet normal 0.000000e+00 0.000000e+00 1.000000e+00
    outer loop
      vertex -4.972609e-01 -5.522642e-01 -6.691306e-01
      vertex -4.731468e-01 -5.254827e-01 -7.071068e-01
      vertex -4.156269e-01 -5.720614e-01 -7.071068e-01
    endloop
  endfacet
  facet normal 0.000000e+00 0.000000e+00 1.000000e+00
    outer loop
      vertex -4.368096e-01 -6.012168e-01 -6.691306e-01
      vertex -4.156269e-01 -5.720614e-01 -7.071068e-01
      vertex -3.535534e-01 -6.123724e-01 -7.071068e-01
    endloop
  endfacet
  facet normal 0.000000e+00 0.000000e+00 1.000000e+00
    outer loop
      vertex -3.715724e-01 -6.435823e-01 -6.691306e-01
      vertex -3.535534e-01 -6.123724e-01 -7.071068e-01
      vertex -2.876062e-01 -6.459742e-01 -7.071068e-01
    endloop
  endfacet
  facet normal 0.000000e+00 0.000000e+00 1.000000e+00
    outer loop
      vertex -3.022642e-01 -6.788966e-01 -6.691306e-01
      vertex -2.876062e-01 -6.459742e-01 -7.071068e-01
      vertex -2.185080e-01 -6.724985e-01 -7.071068e-01
    endloop
  endfacet
  facet normal 0.000000e+00 0.000000e+00 1.000000e+00
    outer loop
      vertex -2.296444e-01 -7.067727e-01 -6.691306e-01
      vertex -2.185080e-01 -6.724985e-01 -7.071068e-01
      vertex -1.470158e-01 -6.916548e-01 -7.071068e-01
    endloop
  endfacet
  facet normal 0.000000e+00 0.000000e+00 1.000000e+00
    outer loop
      vertex -1.545085e-01 -7.269053e-01 -6.691306e-01
      vertex -1.470158e-01 -6.916548e-01 -7.071068e-01
      vertex -7.391279e-02 -7.032332e-01 -7.071068e-01
    endloop
  endfacet
  facet normal 0.000000e+00 0.000000e+00 1.000000e+00
    outer loop
      vertex -7.767979e-02 -7.390738e-01 -6.691306e-01
      vertex -7.391279e-02 -7.032332e-01 -7.071068e-01
      vertex -1.298934e-16 -7.071068e-01 -7.071068e-01
    endloop
  endfacet
  facet normal 0.000000e+00 0.000000e+00 1.000000e+00
    outer loop
      vertex -1.365135e-16 -7.431448e-01 -6.691306e-01
      vertex -1.298934e-16 -7.071068e-01 -7.071068e-01
      vertex 7.391279e-02 -7.032332e-01 -7.071068e-01
    endloop
  endfacet
  facet normal 0.000000e+00 0.000000e+00 1.000000e+00
    outer loop
      vertex 7.767979e-02 -7.390738e-01 -6.691306e-01
      vertex 7.391279e-02 -7.032332e-01 -7.071068e-01
      vertex 1.470158e-01 -6.916548e-01 -7.071068e-01
    endloop
  endfacet
  facet normal 0.000000e+00 0.000000e+00 1.000000e+00
    outer loop
      vertex 1.545085e-01 -7.269053e-01 -6.691306e-01
      vertex 1.470158e-01 -6.916548e-01 -7.071068e-01
      vertex 2.185080e-01 -6.724985e-01 -7.071068e-01
    endloop
  endfacet
  facet normal 0.000000e+00 0.000000e+00 1.000000e+00
    outer loop
      vertex 2.296444e-01 -7.067727e-01 -6.691306e-01
      vertex 2.185080e-01 -6.724985e-01 -7.071068e-01
      vertex 2.876062e-01 -6.459742e-01 -7.071068e-01
    endloop
  endfacet
  facet normal 0.000000e+00 0.000000e+00 1.000000e+00
    outer loop
      vertex 3.022642e-01 -6.788966e-01 -6.691306e-01
      vertex 2.876062e-01 -6.459742e-01 -7.071068e-01
      vertex 3.535534e-01 -6.123724e-01 -7.071068e-01
    endloop
  endfacet
  facet normal 0.000000e+00 0.000000e+00 1.000000e+00
    outer loop
      vertex 3.715724e-01 -6.435823e-01 -6.691306e-01
      vertex 3.535534e-01 -6.123724e-01 -7.071068e-01
      vertex 4.156269e-01 -5.720614e-01 -7.071068e-01
    endloop
  endfacet
  facet normal 0.000000e+00 0.000000e+00 1.000000e+00
    outer loop
      vertex 4.368096e-01 -6.012168e-01 -6.691306e-01
      vertex 4.156269e-01 -5.720614e-01 -7.071068e-01
      vertex 4.731468e-01 -5.254827e-01 -7.071068e-01
    endloop
  endfacet
  facet normal 0.000000e+00 0.000000e+00 1.000000e+00
    outer loop
      vertex 4.972609e-01 -5.522642e-01 -6.691306e-01
      vertex 4.731468e-01 -5.254827e-01 -7.071068e-01
      vertex 5.254827e-01 -4.731468e-01 -7.071068e-01
    endloop
  endfacet
  facet normal 0.000000e+00 0.000000e+00 1.000000e+00
    outer loop
      vertex 5.522642e-01 -4.972609e-01 -6.691306e-01
      vertex 5.254827e-01 -4.731468e-01 -7.071068e-01
      vertex 5.720614e-01 -4.156269e-01 -7.071068e-01
    endloop
  endfacet
  facet normal 0.000000e+00 0.000000e+00 1.000000e+00
    outer loop
      vertex 6.012168e-01 -4.368096e-01 -6.691306e-01
      vertex 5.720614e-01 -4.156269e-01 -7.071068e-01
      vertex 6.123724e-01 -3.535534e-01 -7.071068e-01
    endloop
  endfacet
  facet normal 0.000000e+00 0.000000e+00 1.000000e+00
    outer loop
      vertex 6.435823e-01 -3.715724e-01 -6.691306e-01
      vertex 6.123724e-01 -3.535534e-01 -7.071068e-01
      vertex 6.459742e-01 -2.876062e-01 -7.071068e-01
    endloop
  endfacet
  facet normal 0.000000e+00 0.000000e+00 1.000000e+00
    outer loop
      vertex 6.788966e-01 -3.022642e-01 -6.691306e-01
      vertex 6.459742e-01 -2.876062e-01 -7.071068e-01
      vertex 6.724985e-01 -2.185080e-01 -7.071068e-01
    endloop
  endfacet
  facet normal 0.000000e+00 0.000000e+00 1.000000e+00
    outer loop
      vertex 7.067727e-01 -2.296444e-01 -6.691306e-01
      vertex 6.724985e-01 -2.185080e-01 -7.071068e-01
      vertex 6.916548e-01 -1.470158e-01 -7.071068e-01
    endloop
  endfacet
  facet normal 0.000000e+00 0.000000e+00 1.000000e+00
    outer loop
      vertex 7.269053e-01 -1.545085e-01 -6.691306e-01
      vertex 6.916548e-01 -1.470158e-01 -7.071068e-01
      vertex 7.032332e-01 -7.391279e-02 -7.071068e-01
    endloop
  endfacet
  facet normal 0.000000e+00 0.000000e+00 1.000000e+00
    outer loop
      vertex 7.390738e-01 -7.767979e-02 -6.691306e-01
      vertex 7.032332e-01 -7.391279e-02 -7.071068e-01
      vertex 7.071068e-01 -8.012282e-16 -7.071068e-01
    endloop
  endfacet
  facet normal 0.000000e+00 0.000000e+00 1.000000e+00
    outer loop
      vertex 7.071068e-01 0.000000e+00 -7.071068e-01
      vertex 6.691306e-01 0.000000e+00 -7.431448e-01
      vertex 6.654650e-01 6.994319e-02 -7.431448e-01
    endloop
  endfacet
  facet normal 0.000000e+00 0.000000e+00 1.000000e+00
    outer loop
      vertex 7.032332e-01 7.391279e-02 -7.071068e-01
      vertex 6.654650e-01 6.994319e-02 -7.431448e-01
      vertex 6.545085e-01 1.391201e-01 -7.431448e-01
    endloop
  endfacet
  facet normal 0.000000e+00 0.000000e+00 1.000000e+00
    outer loop
      vertex 6.916548e-01 1.470158e-01 -7.071068e-01
      vertex 6.545085e-01 1.391201e-01 -7.431448e-01
      vertex 6.363810e-01 2.067727e-01 -7.431448e-01
    endloop
  endfacet
  facet normal 0.000000e+00 0.000000e+00 1.000000e+00
    outer loop
      vertex 6.724985e-01 2.185080e-01 -7.071068e-01
      vertex 6.363810e-01 2.067727e-01 -7.431448e-01
      vertex 6.112812e-01 2.721599e-01 -7.431448e-01
    endloop
  endfacet
  facet normal 0.000000e+00 0.000000e+00 1.000000e+00
    outer loop
      vertex 6.459742e-01 2.876062e-01 -7.071068e-01
      vertex 6.112812e-01 2.721599e-01 -7.431448e-01
      vertex 5.794841e-01 3.345653e-01 -7.431448e-01
    endloop
  endfacet
  facet normal 0.000000e+00 0.000000e+00 1.000000e+00
    outer loop
      vertex 6.123724e-01 3.535534e-01 -7.071068e-01
      vertex 5.794841e-01 3.345653e-01 -7.431448e-01
      vertex 5.413380e-01 3.933051e-01 -7.431448e-01
    endloop
  endfacet
  facet normal 0.000000e+00 0.000000e+00 1.000000e+00
    outer loop
      vertex 5.720614e-01 4.156269e-01 -7.071068e-01
      vertex 5.413380e-01 3.933051e-01 -7.431448e-01
      vertex 4.972609e-01 4.477358e-01 -7.431448e-01
    endloop
  endfacet
  facet normal 0.000000e+00 0.000000e+00 1.000000e+00
    outer loop
      vertex 5.254827e-01 4.731468e-01 -7.071068e-01
      vertex 4.972609e-01 4.477358e-01 -7.431448e-01
      vertex 4.477358e-01 4.972609e-01 -7.431448e-01
    endloop
  endfacet
  facet normal 0.000000e+00 0.000000e+00 1.000000e+00
    outer loop
      vertex 4.731468e-01 5.254827e-01 -7.071068e-01
      vertex 4.477358e-01 4.972609e-01 -7.431448e-01
      vertex 3.933051e-01 5.413380e-01 -7.431448e-01
    endloop
  endfacet
  facet normal 0.000000e+00 0.000000e+00 1.000000e+00
    outer loop
      vertex 4.156269e-01 5.720614e-01 -7.071068e-01
      vertex 3.933051e-01 5.413380e-01 -7.431448e-01
      vertex 3.345653e-01 5.794841e-01 -7.431448e-01
    endloop
  endfacet
  facet normal 0.000000e+00 0.000000e+00 1.000000e+00
    outer loop
      vertex 3.535534e-01 6.123724e-01 -7.071068e-01
      vertex 3.345653e-01 5.794841e-01 -7.431448e-01
      vertex 2.721599e-01 6.112812e-01 -7.431448e-01
    endloop
  endfacet
  facet normal 0.000000e+00 0.000000e+00 1.000000e+00
    outer loop
      vertex 2.876062e-01 6.459742e-01 -7.071068e-01
      vertex 2.721599e-01 6.112812e-01 -7.431448e-01
      vertex 2.067727e-01 6.363810e-01 -7.431448e-01
    endloop
  endfacet
  facet normal 0.000000e+00 0.000000e+00 1.000000e+00
    outer loop
      vertex 2.185080e-01 6.724985e-01 -7.071068e-01
      vertex 2.067727e-01 6.363810e-01 -7.431448e-01
      vertex 1.391201e-01 6.545085e-01 -7.431448e-01
    endloop
  endfacet
  facet normal 0.000000e+00 0.000000e+00 1.000000e+00
    outer loop
      vertex 1.470158e-01 6.916548e-01 -7.071068e-01
      vertex 1.391201e-01 6.545085e-01 -7.431448e-01
      vertex 6.994319e-02 6.654650e-01 -7.431448e-01
    endloop
  endfacet
  facet normal 0.000000e+00 0.000000e+00 1.000000e+00
    outer loop
      vertex 7.391279e-02 7.032332e-01 -7.071068e-01
      vertex 6.994319e-02 6.654650e-01 -7.431448e-01
      vertex 1.895493e-16 6.691306e-01 -7.431448e-01
    endloop
  endfacet
  facet normal 0.000000e+00 0.000000e+00 1.000000e+00
    outer loop
      vertex 2.003070e-16 7.071068e-01 -7.071068e-01
      vertex 1.895493e-16 6.691306e-01 -7.431448e-01
      vertex -6.994319e-02 6.654650e-01 -7.431448e-01
    endloop
  endfacet
  facet normal 0.000000e+00 0.000000e+00 1.000000e+00
    outer loop
      vertex -7.391279e-02 7.032332e-01 -7.071068e-01
      vertex -6.994319e-02 6.654650e-01 -7.431448e-01
      vertex -1.391201e-01 6.545085e-01 -7.431448e-01
    endloop
  endfacet
  facet normal 0.000000e+00 0.000000e+00 1.000000e+00
    outer loop
      vertex -1.470158e-01 6.916548e-01 -7.071068e-01
      vertex -1.391201e-01 6.545085e-01 -7.431448e-01
      vertex -2.067727e-01 6.363810e-01 -7.431448e-01
    endloop
  endfacet
  facet normal 0.000000e+00 0.000000e+00 1.000000e+00
    outer loop
      vertex -2.185080e-01 6.724985e-01 -7.071068e-01
      vertex -2.067727e-01 6.363810e-01 -7.431448e-01
      vertex -2.721599e-01 6.112812e-01 -7.431448e-01
    endloop
  endfacet
  facet normal 0.000000e+00 0.000000e+00 1.000000e+00
    outer loop
      vertex -2.876062e-01 6.459742e-01 -7.071068e-01
      vertex -2.721599e-01 6.112812e-01 -7.431448e-01
      vertex -3.345653e-01 5.794841e-01 -7.431448e-01
    endloop
  endfacet
  facet normal 0.000000e+00 0.000000e+00 1.000000e+00
    outer loop
      vertex -3.535534e-01 6.123724e-01 -7.071068e-01
      vertex -3.345653e-01 5.794841e-01 -7.431448e-01
      vertex -3.933051e-01 5.413380e-01 -7.431448e-01
    endloop
  endfacet
  facet normal 0.000000e+00 0.000000e+00 1.000000e+00
    outer loop
      vertex -4.156269e-01 5.720614e-01 -7.071068e-01
      vertex -3.933051e-01 5.413380e-01 -7.431448e-01
      vertex -4.477358e-01 4.972609e-01 -7.431448e-01
    endloop
  endfacet
  facet normal 0.000000e+00 0.000000e+00 1.000000e+00
    outer loop
      vertex -4.731468e-01 5.254827e-01 -7.071068e-01
      vertex -4.477358e-01 4.972609e-01 -7.431448e-01
      vertex -4.972609e-01 4.477358e-01 -7.431448e-01
    endloop
  endfacet
  facet normal 0.000000e+00 0.000000e+00 1.000000e+00
    outer loop
      vertex -5.254827e-01 4.731468e-01 -7.071068e-01
      vertex -4.972609e-01 4.477358e-01 -7.431448e-01
      vertex -5.413380e-01 3.933051e-01 -7.431448e-01
    endloop
  endfacet
  facet normal 0.000000e+00 0.000000e+00 1.000000e+00
    outer loop
      vertex -5.720614e-01 4.156269e-01 -7.071068e-01
      vertex -5.413380e-01 3.933051e-01 -7.431448e-01
      vertex -5.794841e-01 3.345653e-01 -7.431448e-01
    endloop
  endfacet
  facet normal 0.000000e+00 0.000000e+00 1.000000e+00
    outer loop
      vertex -6.123724e-01 3.535534e-01 -7.071068e-01
      vertex -5.794841e-01 3.345653e-01 -7.431448e-01
      vertex -6.112812e-01 2.721599e-01 -7.431448e-01
    endloop
  endfacet
  facet normal 0.000000e+00 0.000000e+00 1.000000e+00
    outer loop
      vertex -6.459742e-01 2.876062e-01 -7.071068e-01
      vertex -6.112812e-01 2.721599e-01 -7.431448e-01
      vertex -6.363810e-01 2.067727e-01 -7.431448e-01
    endloop
  endfacet
  facet normal 0.000000e+00 0.000000e+00 1.000000e+00
    outer loop
      vertex -6.724985e-01 2.185080e-01 -7.071068e-01
      vertex -6.363810e-01 2.067727e-01 -7.431448e-01
      vertex -6.545085e-01 1.391201e-01 -7.431448e-01
    endloop
  endfacet
  facet normal 0.000000e+00 0.000000e+00 1.000000e+00
    outer loop
      vertex -6.916548e-01 1.470158e-01 -7.071068e-01
      vertex -6.545085e-01 1.391201e-01 -7.431448e-01
      vertex -6.654650e-01 6.994319e-02 -7.431448e-01
    endloop
  endfacet
  facet normal 0.000000e+00 0.000000e+00 1.000000e+00
    outer loop
      vertex -7.032332e-01 7.391279e-02 -7.071068e-01
      vertex -6.654650e-01 6.994319e-02 -7.431448e-01
      vertex -6.691306e-01 3.790985e-16 -7.431448e-01
    endloop
  endfacet
  facet normal 0.000000e+00 0.000000e+00 1.000000e+00
    outer loop
      vertex -7.071068e-01 4.006141e-16 -7.071068e-01
      vertex -6.691306e-01 3.790985e-16 -7.431448e-01
      vertex -6.654650e-01 -6.994319e-02 -7.431448e-01
    endloop
  endfacet
  facet normal 0.000000e+00 0.000000e+00 1.000000e+00
    outer loop
      vertex -7.032332e-01 -7.391279e-02 -7.071068e-01
      vertex -6.654650e-01 -6.994319e-02 -7.431448e-01
      vertex -6.545085e-01 -1.391201e-01 -7.431448e-01
    endloop
  endfacet
  facet normal 0.000000e+00 0.000000e+00 1.000000e+00
    outer loop
      vertex -6.916548e-01 -1.470158e-01 -7.071068e-01
      vertex -6.545085e-01 -1.391201e-01 -7.431448e-01
      vertex -6.363810e-01 -2.067727e-01 -7.431448e-01
    endloop
  endfacet
  facet normal 0.000000e+00 0.000000e+00 1.000000e+00
    outer loop
      vertex -6.724985e-01 -2.185080e-01 -7.071068e-01
      vertex -6.363810e-01 -2.067727e-01 -7.431448e-01
      vertex -6.112812e-01 -2.721599e-01 -7.431448e-01
    endloop
  endfacet
  facet normal 0.000000e+00 0.000000e+00 1.000000e+00
    outer loop
      vertex -6.459742e-01 -2.876062e-01 -7.071068e-01
      vertex -6.112812e-01 -2.721599e-01 -7.431448e-01
      vertex -5.794841e-01 -3.345653e-01 -7.431448e-01
    endloop
  endfacet
  facet normal 0.000000e+00 0.000000e+00 1.000000e+00
    outer loop
      vertex -6.123724e-01 -3.535534e-01 -7.071068e-01
      vertex -5.794841e-01 -3.345653e-01 -7.431448e-01
      vertex -5.413380e-01 -3.933051e-01 -7.431448e-01
    endloop
  endfacet
  facet normal 0.000000e+00 0.000000e+00 1.000000e+00
    outer loop
      vertex -5.720614e-01 -4.156269e-01 -7.071068e-01
      vertex -5.413380e-01 -3.933051e-01 -7.431448e-01
      vertex -4.972609e-01 -4.477358e-01 -7.431448e-01
    endloop
  endfacet
  facet normal 0.000000e+00 0.000000e+00 1.000000e+00
    outer loop
      vertex -5.254827e-01 -4.731468e-01 -7.071068e-01
      vertex -4.972609e-01 -4.477358e-01 -7.431448e-01
      vertex -4.477358e-01 -4.972609e-01 -7.431448e-01
    endloop
  endfacet
  facet normal 0.000000e+00 0.000000e+00 1.000000e+00
    outer loop
      vertex -4.731468e-01 -5.254827e-01 -7.071068e-01
      vertex -4.477358e-01 -4.972609e-01 -7.431448e-01
      vertex -3.933051e-01 -5.413380e-01 -7.431448e-01
    endloop
  endfacet
  facet normal 0.000000e+00 0.000000e+00 1.000000e+00
    outer loop
      vertex -4.156269e-01 -5.720614e-01 -7.071068e-01
      vertex -3.933051e-01 -5.413380e-01 -7.431448e-01
      vertex -3.345653e-01 -5.794841e-01 -7.431448e-01
    endloop
  endfacet
  facet normal 0.000000e+00 0.000000e+00 1.000000e+00
    outer loop
      vertex -3.535534e-01 -6.123724e-01 -7.071068e-01
      vertex -3.345653e-01 -5.794841e-01 -7.431448e-01
      vertex -2.721599e-01 -6.112812e-01 -7.431448e-01
    endloop
  endfacet
  facet normal 0.000000e+00 0.000000e+00 1.000000e+00
    outer loop
      vertex -2.876062e-01 -6.459742e-01 -7.071068e-01
      vertex -2.721599e-01 -6.112812e-01 -7.431448e-01
      vertex -2.067727e-01 -6.363810e-01 -7.431448e-01
    endloop
  endfacet
  facet normal 0.000000e+00 0.000000e+00 1.000000e+00
    outer loop
      vertex -2.185080e-01 -6.724985e-01 -7.071068e-01
      vertex -2.067727e-01 -6.363810e-01 -7.431448e-01
      vertex -1.391201e-01 -6.545085e-01 -7.431448e-01
    endloop
  endfacet
  facet normal 0.000000e+00 0.000000e+00 1.000000e+00
    outer loop
      vertex -1.470158e-01 -6.916548e-01 -7.071068e-01
      vertex -1.391201e-01 -6.545085e-01 -7.431448e-01
      vertex -6.994319e-02 -6.654650e-01 -7.431448e-01
    endloop
  endfacet
  facet normal 0.000000e+00 0.000000e+00 1.000000e+00
    outer loop
      vertex -7.391279e-02 -7.032332e-01 -7.071068e-01
      vertex -6.994319e-02 -6.654650e-01 -7.431448e-01
      vertex -1.229173e-16 -6.691306e-01 -7.431448e-01
    endloop
  endfacet
  facet normal 0.000000e+00 0.000000e+00 1.000000e+00
    outer loop
      vertex -1.298934e-16 -7.071068e-01 -7.071068e-01
      vertex -1.229173e-16 -6.691306e-01 -7.431448e-01
      vertex 6.994319e-02 -6.654650e-01 -7.431448e-01
    endloop
  endfacet
  facet normal 0.000000e+00 0.000000e+00 1.000000e+00
    outer loop
      vertex 7.391279e-02 -7.032332e-01 -7.071068e-01
      vertex 6.994319e-02 -6.654650e-01 -7.431448e-01
      vertex 1.391201e-01 -6.545085e-01 -7.431448e-01
    endloop
  endfacet
  facet normal 0.000000e+00 0.000000e+00 1.000000e+00
    outer loop
      vertex 1.470158e-01 -6.916548e-01 -7.071068e-01
      vertex 1.391201e-01 -6.545085e-01 -7.431448e-01
      vertex 2.067727e-01 -6.363810e-01 -7.431448e-01
    endloop
  endfacet
  facet normal 0.000000e+00 0.000000e+00 1.000000e+00
    outer loop
      vertex 2.185080e-01 -6.724985e-01 -7.071068e-01
      vertex 2.067727e-01 -6.363810e-01 -7.431448e-01
      vertex 2.721599e-01 -6.112812e-01 -7.431448e-01
    endloop
  endfacet
  facet normal 0.000000e+00 0.000000e+00 1.000000e+00
    outer loop
      vertex 2.876062e-01 -6.459742e-01 -7.071068e-01
      vertex 2.721599e-01 -6.112812e-01 -7.431448e-01
      vertex 3.345653e-01 -5.794841e-01 -7.431448e-01
    endloop
  endfacet
  facet normal 0.000000e+00 0.000000e+00 1.000000e+00
    outer loop
      vertex 3.535534e-01 -6.123724e-01 -7.071068e-01
      vertex 3.345653e-01 -5.794841e-01 -7.431448e-01
      vertex 3.933051e-01 -5.413380e-01 -7.431448e-01
    endloop
  endfacet
  facet normal 0.000000e+00 0.000000e+00 1.000000e+00
    outer loop
      vertex 4.156269e-01 -5.720614e-01 -7.071068e-01
      vertex 3.933051e-01 -5.413380e-01 -7.431448e-01
      vertex 4.477358e-01 -4.972609e-01 -7.431448e-01
    endloop
  endfacet
  facet normal 0.000000e+00 0.000000e+00 1.000000e+00
    outer loop
      vertex 4.731468e-01 -5.254827e-01 -7.071068e-01
      vertex 4.477358e-01 -4.972609e-01 -7.431448e-01
      vertex 4.972609e-01 -4.477358e-01 -7.431448e-01
    endloop
  endfacet
  facet normal 0.000000e+00 0.000000e+00 1.000000e+00
    outer loop
      vertex 5.254827e-01 -4.731468e-01 -7.071068e-01
      vertex 4.972609e-01 -4.477358e-01 -7.431448e-01
      vertex 5.413380e-01 -3.933051e-01 -7.431448e-01
    endloop
  endfacet
  facet normal 0.000000e+00 0.000000e+00 1.000000e+00
    outer loop
      vertex 5.720614e-01 -4.156269e-01 -7.071068e-01
      vertex 5.413380e-01 -3.933051e-01 -7.431448e-01
      vertex 5.794841e-01 -3.345653e-01 -7.431448e-01
    endloop
  endfacet
  facet normal 0.000000e+00 0.000000e+00 1.000000e+00
    outer loop
      vertex 6.123724e-01 -3.535534e-01 -7.071068e-01
      vertex 5.794841e-01 -3.345653e-01 -7.431448e-01
      vertex 6.112812e-01 -2.721599e-01 -7.431448e-01
    endloop
  endfacet
  facet normal 0.000000e+00 0.000000e+00 1.000000e+00
    outer loop
      vertex 6.459742e-01 -2.876062e-01 -7.071068e-01
      vertex 6.112812e-01 -2.721599e-01 -7.431448e-01
      vertex 6.363810e-01 -2.067727e-01 -7.431448e-01
    endloop
  endfacet
  facet normal 0.000000e+00 0.000000e+00 1.000000e+00
    outer loop
      vertex 6.724985e-01 -2.185080e-01 -7.071068e-01
      vertex 6.363810e-01 -2.067727e-01 -7.431448e-01
      vertex 6.545085e-01 -1.391201e-01 -7.431448e-01
    endloop
  endfacet
  facet normal 0.000000e+00 0.000000e+00 1.000000e+00
    outer loop
      vertex 6.916548e-01 -1.470158e-01 -7.071068e-01
      vertex 6.545085e-01 -1.391201e-01 -7.431448e-01
      vertex 6.654650e-01 -6.994319e-02 -7.431448e-01
    endloop
  endfacet
  facet normal 0.000000e+00 0.000000e+00 1.000000e+00
    outer loop
      vertex 7.032332e-01 -7.391279e-02 -7.071068e-01
      vertex 6.654650e-01 -6.994319e-02 -7.431448e-01
      vertex 6.691306e-01 -7.581971e-16 -7.431448e-01
    endloop
  endfacet
  facet normal 0.000000e+00 0.000000e+00 1.000000e+00
    outer loop
      vertex 6.691306e-01 0.000000e+00 -7.431448e-01
      vertex 6.293204e-01 0.000000e+00 -7.771460e-01
      vertex 6.258729e-01 6.578189e-02 -7.771460e-01
    endloop
  endfacet
  facet normal 0.000000e+00 0.000000e+00 1.000000e+00
    outer loop
      vertex 6.654650e-01 6.994319e-02 -7.431448e-01
      vertex 6.258729e-01 6.578189e-02 -7.771460e-01
      vertex 6.155682e-01 1.308431e-01 -7.771460e-01
    endloop
  endfacet
  facet normal 0.000000e+00 0.000000e+00 1.000000e+00
    outer loop
      vertex 6.545085e-01 1.391201e-01 -7.431448e-01
      vertex 6.155682e-01 1.308431e-01 -7.771460e-01
      vertex 5.985193e-01 1.944707e-01 -7.771460e-01
    endloop
  endfacet
  facet normal 0.000000e+00 0.000000e+00 1.000000e+00
    outer loop
      vertex 6.363810e-01 2.067727e-01 -7.431448e-01
      vertex 5.985193e-01 1.944707e-01 -7.771460e-01
      vertex 5.749128e-01 2.559677e-01 -7.771460e-01
    endloop
  endfacet
  facet normal 0.000000e+00 0.000000e+00 1.000000e+00
    outer loop
      vertex 6.112812e-01 2.721599e-01 -7.431448e-01
      vertex 5.749128e-01 2.559677e-01 -7.771460e-01
      vertex 5.450074e-01 3.146602e-01 -7.771460e-01
    endloop
  endfacet
  facet normal 0.000000e+00 0.000000e+00 1.000000e+00
    outer loop
      vertex 5.794841e-01 3.345653e-01 -7.431448e-01
      vertex 5.450074e-01 3.146602e-01 -7.771460e-01
      vertex 5.091309e-01 3.699052e-01 -7.771460e-01
    endloop
  endfacet
  facet normal 0.000000e+00 0.000000e+00 1.000000e+00
    outer loop
      vertex 5.413380e-01 3.933051e-01 -7.431448e-01
      vertex 5.091309e-01 3.699052e-01 -7.771460e-01
      vertex 4.676762e-01 4.210975e-01 -7.771460e-01
    endloop
  endfacet
  facet normal 0.000000e+00 0.000000e+00 1.000000e+00
    outer loop
      vertex 4.972609e-01 4.477358e-01 -7.431448e-01
      vertex 4.676762e-01 4.210975e-01 -7.771460e-01
      vertex 4.210975e-01 4.676762e-01 -7.771460e-01
    endloop
  endfacet
  facet normal 0.000000e+00 0.000000e+00 1.000000e+00
    outer loop
      vertex 4.477358e-01 4.972609e-01 -7.431448e-01
      vertex 4.210975e-01 4.676762e-01 -7.771460e-01
      vertex 3.699052e-01 5.091309e-01 -7.771460e-01
    endloop
  endfacet
  facet normal 0.000000e+00 0.000000e+00 1.000000e+00
    outer loop
      vertex 3.933051e-01 5.413380e-01 -7.431448e-01
      vertex 3.699052e-01 5.091309e-01 -7.771460e-01
      vertex 3.146602e-01 5.450074e-01 -7.771460e-01
    endloop
  endfacet
  facet normal 0.000000e+00 0.000000e+00 1.000000e+00
    outer loop
      vertex 3.345653e-01 5.794841e-01 -7.431448e-01
      vertex 3.146602e-01 5.450074e-01 -7.771460e-01
      vertex 2.559677e-01 5.749128e-01 -7.771460e-01
    endloop
  endfacet
  facet normal 0.000000e+00 0.000000e+00 1.000000e+00
    outer loop
      vertex 2.721599e-01 6.112812e-01 -7.431448e-01
      vertex 2.559677e-01 5.749128e-01 -7.771460e-01
      vertex 1.944707e-01 5.985193e-01 -7.771460e-01
    endloop
  endfacet
  facet normal 0.000000e+00 0.000000e+00 1.000000e+00
    outer loop
      vertex 2.067727e-01 6.363810e-01 -7.431448e-01
      vertex 1.944707e-01 5.985193e-01 -7.771460e-01
      vertex 1.308431e-01 6.155682e-01 -7.771460e-01
    endloop
  endfacet
  facet normal 0.000000e+00 0.000000e+00 1.000000e+00
    outer loop
      vertex 1.391201e-01 6.545085e-01 -7.431448e-01
      vertex 1.308431e-01 6.155682e-01 -7.771460e-01
      vertex 6.578189e-02 6.258729e-01 -7.771460e-01
    endloop
  endfacet
  facet normal 0.000000e+00 0.000000e+00 1.000000e+00
    outer loop
      vertex 6.994319e-02 6.654650e-01 -7.431448e-01
      vertex 6.578189e-02 6.258729e-01 -7.771460e-01
      vertex 1.782720e-16 6.293204e-01 -7.771460e-01
    endloop
  endfacet
  facet normal 0.000000e+00 0.000000e+00 1.000000e+00
    outer loop
      vertex 1.895493e-16 6.691306e-01 -7.431448e-01
      vertex 1.782720e-16 6.293204e-01 -7.771460e-01
      vertex -6.578189e-02 6.258729e-01 -7.771460e-01
    endloop
  endfacet
  facet normal 0.000000e+00 0.000000e+00 1.000000e+00
    outer loop
      vertex -6.994319e-02 6.654650e-01 -7.431448e-01
      vertex -6.578189e-02 6.258729e-01 -7.771460e-01
      vertex -1.308431e-01 6.155682e-01 -7.771460e-01
    endloop
  endfacet
  facet normal 0.000000e+00 0.000000e+00 1.000000e+00
    outer loop
      vertex -1.391201e-01 6.545085e-01 -7.431448e-01
      vertex -1.308431e-01 6.155682e-01 -7.771460e-01
      vertex -1.944707e-01 5.985193e-01 -7.771460e-01
    endloop
  endfacet
  facet normal 0.000000e+00 0.000000e+00 1.000000e+00
    outer loop
      vertex -2.067727e-01 6.363810e-01 -7.431448e-01
      vertex -1.944707e-01 5.985193e-01 -7.771460e-01
      vertex -2.559677e-01 5.749128e-01 -7.771460e-01
    endloop
  endfacet
  facet normal 0.000000e+00 0.000000e+00 1.000000e+00
    outer loop
      vertex -2.721599e-01 6.112812e-01 -7.431448e-01
      vertex -2.559677e-01 5.749128e-01 -7.771460e-01
      vertex -3.146602e-01 5.450074e-01 -7.771460e-01
    endloop
  endfacet
  facet normal 0.000000e+00 0.000000e+00 1.000000e+00
    outer loop
      vertex -3.345653e-01 5.794841e-01 -7.431448e-01
      vertex -3.146602e-01 5.450074e-01 -7.771460e-01
      vertex -3.699052e-01 5.091309e-01 -7.771460e-01
    endloop
  endfacet
  facet normal 0.000000e+00 0.000000e+00 1.000000e+00
    outer loop
      vertex -3.933051e-01 5.413380e-01 -7.431448e-01
      vertex -3.699052e-01 5.091309e-01 -7.771460e-01
      vertex -4.210975e-01 4.676762e-01 -7.771460e-01
    endloop
  endfacet
  facet normal 0.000000e+00 0.000000e+00 1.000000e+00
    outer loop
      vertex -4.477358e-01 4.972609e-01 -7.431448e-01
      vertex -4.210975e-01 4.676762e-01 -7.771460e-01
      vertex -4.676762e-01 4.210975e-01 -7.771460e-01
    endloop
  endfacet
  facet normal 0.000000e+00 0.000000e+00 1.000000e+00
    outer loop
      vertex -4.972609e-01 4.477358e-01 -7.431448e-01
      vertex -4.676762e-01 4.210975e-01 -7.771460e-01
      vertex -5.091309e-01 3.699052e-01 -7.771460e-01
    endloop
  endfacet
  facet normal 0.000000e+00 0.000000e+00 1.000000e+00
    outer loop
      vertex -5.413380e-01 3.933051e-01 -7.431448e-01
      vertex -5.091309e-01 3.699052e-01 -7.771460e-01
      vertex -5.450074e-01 3.146602e-01 -7.771460e-01
    endloop
  endfacet
  facet normal 0.000000e+00 0.000000e+00 1.000000e+00
    outer loop
      vertex -5.794841e-01 3.345653e-01 -7.431448e-01
      vertex -5.450074e-01 3.146602e-01 -7.771460e-01
      vertex -5.749128e-01 2.559677e-01 -7.771460e-01
    endloop
  endfacet
  facet normal 0.000000e+00 0.000000e+00 1.000000e+00
    outer loop
      vertex -6.112812e-01 2.721599e-01 -7.431448e-01
      vertex -5.749128e-01 2.559677e-01 -7.771460e-01
      vertex -5.985193e-01 1.944707e-01 -7.771460e-01
    endloop
  endfacet
  facet normal 0.000000e+00 0.000000e+00 1.000000e+00
    outer loop
      vertex -6.363810e-01 2.067727e-01 -7.431448e-01
      vertex -5.985193e-01 1.944707e-01 -7.771460e-01
      vertex -6.155682e-01 1.308431e-01 -7.771460e-01
    endloop
  endfacet
  facet normal 0.000000e+00 0.000000e+00 1.000000e+00
    outer loop
      vertex -6.545085e-01 1.391201e-01 -7.431448e-01
      vertex -6.155682e-01 1.308431e-01 -7.771460e-01
      vertex -6.258729e-01 6.578189e-02 -7.771460e-01
    endloop
  endfacet
  facet normal 0.000000e+00 0.000000e+00 1.000000e+00
    outer loop
      vertex -6.654650e-01 6.994319e-02 -7.431448e-01
      vertex -6.258729e-01 6.578189e-02 -7.771460e-01
      vertex -6.293204e-01 3.565439e-16 -7.771460e-01
    endloop
  endfacet
  facet normal 0.000000e+00 0.000000e+00 1.000000e+00
    outer loop
      vertex -6.691306e-01 3.790985e-16 -7.431448e-01
      vertex -6.293204e-01 3.565439e-16 -7.771460e-01
      vertex -6.258729e-01 -6.578189e-02 -7.771460e-01
    endloop
  endfacet
  facet normal 0.000000e+00 0.000000e+00 1.000000e+00
    outer loop
      vertex -6.654650e-01 -6.994319e-02 -7.431448e-01
      vertex -6.258729e-01 -6.578189e-02 -7.771460e-01
      vertex -6.155682e-01 -1.308431e-01 -7.771460e-01
    endloop
  endfacet
  facet normal 0.000000e+00 0.000000e+00 1.000000e+00
    outer loop
      vertex -6.545085e-01 -1.391201e-01 -7.431448e-01
      vertex -6.155682e-01 -1.308431e-01 -7.771460e-01
      vertex -5.985193e-01 -1.944707e-01 -7.771460e-01
    endloop
  endfacet
  facet normal 0.000000e+00 0.000000e+00 1.000000e+00
    outer loop
      vertex -6.363810e-01 -2.067727e-01 -7.431448e-01
      vertex -5.985193e-01 -1.944707e-01 -7.771460e-01
      vertex -5.749128e-01 -2.559677e-01 -7.771460e-01
    endloop
  endfacet
  facet normal 0.000000e+00 0.000000e+00 1.000000e+00
    outer loop
      vertex -6.112812e-01 -2.721599e-01 -7.431448e-01
      vertex -5.749128e-01 -2.559677e-01 -7.771460e-01
      vertex -5.450074e-01 -3.146602e-01 -7.771460e-01
    endloop
  endfacet
  facet normal 0.000000e+00 0.000000e+00 1.000000e+00
    outer loop
      vertex -5.794841e-01 -3.345653e-01 -7.431448e-01
      vertex -5.450074e-01 -3.146602e-01 -7.771460e-01
      vertex -5.091309e-01 -3.699052e-01 -7.771460e-01
    endloop
  endfacet
  facet normal 0.000000e+00 0.000000e+00 1.000000e+00
    outer loop
      vertex -5.413380e-01 -3.933051e-01 -7.431448e-01
      vertex -5.091309e-01 -3.699052e-01 -7.771460e-01
      vertex -4.676762e-01 -4.210975e-01 -7.771460e-01
    endloop
  endfacet
  facet normal 0.000000e+00 0.000000e+00 1.000000e+00
    outer loop
      vertex -4.972609e-01 -4.477358e-01 -7.431448e-01
      vertex -4.676762e-01 -4.210975e-01 -7.771460e-01
      vertex -4.210975e-01 -4.676762e-01 -7.771460e-01
    endloop
  endfacet
  facet normal 0.000000e+00 0.000000e+00 1.000000e+00
    outer loop
      vertex -4.477358e-01 -4.972609e-01 -7.431448e-01
      vertex -4.210975e-01 -4.676762e-01 -7.771460e-01
      vertex -3.699052e-01 -5.091309e-01 -7.771460e-01
    endloop
  endfacet
  facet normal 0.000000e+00 0.000000e+00 1.000000e+00
    outer loop
      vertex -3.933051e-01 -5.413380e-01 -7.431448e-01
      vertex -3.699052e-01 -5.091309e-01 -7.771460e-01
      vertex -3.146602e-01 -5.450074e-01 -7.771460e-01
    endloop
  endfacet
  facet normal 0.000000e+00 0.000000e+00 1.000000e+00
    outer loop
      vertex -3.345653e-01 -5.794841e-01 -7.431448e-01
      vertex -3.146602e-01 -5.450074e-01 -7.771460e-01
      vertex -2.559677e-01 -5.749128e-01 -7.771460e-01
    endloop
  endfacet
  facet normal 0.000000e+00 0.000000e+00 1.000000e+00
    outer loop
      vertex -2.721599e-01 -6.112812e-01 -7.431448e-01
      vertex -2.559677e-01 -5.749128e-01 -7.771460e-01
      vertex -1.944707e-01 -5.985193e-01 -7.771460e-01
    endloop
  endfacet
  facet normal 0.000000e+00 0.000000e+00 1.000000e+00
    outer loop
      vertex -2.067727e-01 -6.363810e-01 -7.431448e-01
      vertex -1.944707e-01 -5.985193e-01 -7.771460e-01
      vertex -1.308431e-01 -6.155682e-01 -7.771460e-01
    endloop
  endfacet
  facet normal 0.000000e+00 0.000000e+00 1.000000e+00
    outer loop
      vertex -1.391201e-01 -6.545085e-01 -7.431448e-01
      vertex -1.308431e-01 -6.155682e-01 -7.771460e-01
      vertex -6.578189e-02 -6.258729e-01 -7.771460e-01
    endloop
  endfacet
  facet normal 0.000000e+00 0.000000e+00 1.000000e+00
    outer loop
      vertex -6.994319e-02 -6.654650e-01 -7.431448e-01
      vertex -6.578189e-02 -6.258729e-01 -7.771460e-01
      vertex -1.156043e-16 -6.293204e-01 -7.771460e-01
    endloop
  endfacet
  facet normal 0.000000e+00 0.000000e+00 1.000000e+00
    outer loop
      vertex -1.229173e-16 -6.691306e-01 -7.431448e-01
      vertex -1.156043e-16 -6.293204e-01 -7.771460e-01
      vertex 6.578189e-02 -6.258729e-01 -7.771460e-01
    endloop
  endfacet
  facet normal 0.000000e+00 0.000000e+00 1.000000e+00
    outer loop
      vertex 6.994319e-02 -6.654650e-01 -7.431448e-01
      vertex 6.578189e-02 -6.258729e-01 -7.771460e-01
      vertex 1.308431e-01 -6.155682e-01 -7.771460e-01
    endloop
  endfacet
  facet normal 0.000000e+00 0.000000e+00 1.000000e+00
    outer loop
      vertex 1.391201e-01 -6.545085e-01 -7.431448e-01
      vertex 1.308431e-01 -6.155682e-01 -7.771460e-01
      vertex 1.944707e-01 -5.985193e-01 -7.771460e-01
    endloop
  endfacet
  facet normal 0.000000e+00 0.000000e+00 1.000000e+00
    outer loop
      vertex 2.067727e-01 -6.363810e-01 -7.431448e-01
      vertex 1.944707e-01 -5.985193e-01 -7.771460e-01
      vertex 2.559677e-01 -5.749128e-01 -7.771460e-01
    endloop
  endfacet
  facet normal 0.000000e+00 0.000000e+00 1.000000e+00
    outer loop
      vertex 2.721599e-01 -6.112812e-01 -7.431448e-01
      vertex 2.559677e-01 -5.749128e-01 -7.771460e-01
      vertex 3.146602e-01 -5.450074e-01 -7.771460e-01
    endloop
  endfacet
  facet normal 0.000000e+00 0.000000e+00 1.000000e+00
    outer loop
      vertex 3.345653e-01 -5.794841e-01 -7.431448e-01
      vertex 3.146602e-01 -5.450074e-01 -7.771460e-01
      vertex 3.699052e-01 -5.091309e-01 -7.771460e-01
    endloop
  endfacet
  facet normal 0.000000e+00 0.000000e+00 1.000000e+00
    outer loop
      vertex 3.933051e-01 -5.413380e-01 -7.431448e-01
      vertex 3.699052e-01 -5.091309e-01 -7.771460e-01
      vertex 4.210975e-01 -4.676762e-01 -7.771460e-01
    endloop
  endfacet
  facet normal 0.000000e+00 0.000000e+00 1.000000e+00
    outer loop
      vertex 4.477358e-01 -4.972609e-01 -7.431448e-01
      vertex 4.210975e-01 -4.676762e-01 -7.771460e-01
      vertex 4.676762e-01 -4.210975e-01 -7.771460e-01
    endloop
  endfacet
  facet normal 0.000000e+00 0.000000e+00 1.000000e+00
    outer loop
      vertex 4.972609e-01 -4.477358e-01 -7.431448e-01
      vertex 4.676762e-01 -4.210975e-01 -7.771460e-01
      vertex 5.091309e-01 -3.699052e-01 -7.771460e-01
    endloop
  endfacet
  facet normal 0.000000e+00 0.000000e+00 1.000000e+00
    outer loop
      vertex 5.413380e-01 -3.933051e-01 -7.431448e-01
      vertex 5.091309e-01 -3.699052e-01 -7.771460e-01
      vertex 5.450074e-01 -3.146602e-01 -7.771460e-01
    endloop
  endfacet
  facet normal 0.000000e+00 0.000000e+00 1.000000e+00
    outer loop
      vertex 5.794841e-01 -3.345653e-01 -7.431448e-01
      vertex 5.450074e-01 -3.146602e-01 -7.771460e-01
      vertex 5.749128e-01 -2.559677e-01 -7.771460e-01
    endloop
  endfacet
  facet normal 0.000000e+00 0.000000e+00 1.000000e+00
    outer loop
      vertex 6.112812e-01 -2.721599e-01 -7.431448e-01
      vertex 5.749128e-01 -2.559677e-01 -7.771460e-01
      vertex 5.985193e-01 -1.944707e-01 -7.771460e-01
    endloop
  endfacet
  facet normal 0.000000e+00 0.000000e+00 1.000000e+00
    outer loop
      vertex 6.363810e-01 -2.067727e-01 -7.431448e-01
      vertex 5.985193e-01 -1.944707e-01 -7.771460e-01
      vertex 6.155682e-01 -1.308431e-01 -7.771460e-01
    endloop
  endfacet
  facet normal 0.000000e+00 0.000000e+00 1.000000e+00
    outer loop
      vertex 6.545085e-01 -1.391201e-01 -7.431448e-01
      vertex 6.155682e-01 -1.308431e-01 -7.771460e-01
      vertex 6.258729e-01 -6.578189e-02 -7.771460e-01
    endloop
  endfacet
  facet normal 0.000000e+00 0.000000e+00 1.000000e+00
    outer loop
      vertex 6.654650e-01 -6.994319e-02 -7.431448e-01
      vertex 6.258729e-01 -6.578189e-02 -7.771460e-01
      vertex 6.293204e-01 -7.130878e-16 -7.771460e-01
    endloop
  endfacet
  facet normal 0.000000e+00 0.000000e+00 1.000000e+00
    outer loop
      vertex 6.293204e-01 0.000000e+00 -7.771460e-01
      vertex 5.877853e-01 0.000000e+00 -8.090170e-01
      vertex 5.845653e-01 6.144029e-02 -8.090170e-01
    endloop
  endfacet
  facet normal 0.000000e+00 0.000000e+00 1.000000e+00
    outer loop
      vertex 6.258729e-01 6.578189e-02 -7.771460e-01
      vertex 5.845653e-01 6.144029e-02 -8.090170e-01
      vertex 5.749407e-01 1.222074e-01 -8.090170e-01
    endloop
  endfacet
  facet normal 0.000000e+00 0.000000e+00 1.000000e+00
    outer loop
      vertex 6.155682e-01 1.308431e-01 -7.771460e-01
      vertex 5.749407e-01 1.222074e-01 -8.090170e-01
      vertex 5.590170e-01 1.816356e-01 -8.090170e-01
    endloop
  endfacet
  facet normal 0.000000e+00 0.000000e+00 1.000000e+00
    outer loop
      vertex 5.985193e-01 1.944707e-01 -7.771460e-01
      vertex 5.590170e-01 1.816356e-01 -8.090170e-01
      vertex 5.369685e-01 2.390738e-01 -8.090170e-01
    endloop
  endfacet
  facet normal 0.000000e+00 0.000000e+00 1.000000e+00
    outer loop
      vertex 5.749128e-01 2.559677e-01 -7.771460e-01
      vertex 5.369685e-01 2.390738e-01 -8.090170e-01
      vertex 5.090370e-01 2.938926e-01 -8.090170e-01
    endloop
  endfacet
  facet normal 0.000000e+00 0.000000e+00 1.000000e+00
    outer loop
      vertex 5.450074e-01 3.146602e-01 -7.771460e-01
      vertex 5.090370e-01 2.938926e-01 -8.090170e-01
      vertex 4.755283e-01 3.454915e-01 -8.090170e-01
    endloop
  endfacet
  facet normal 0.000000e+00 0.000000e+00 1.000000e+00
    outer loop
      vertex 5.091309e-01 3.699052e-01 -7.771460e-01
      vertex 4.755283e-01 3.454915e-01 -8.090170e-01
      vertex 4.368096e-01 3.933051e-01 -8.090170e-01
    endloop
  endfacet
  facet normal 0.000000e+00 0.000000e+00 1.000000e+00
    outer loop
      vertex 4.676762e-01 4.210975e-01 -7.771460e-01
      vertex 4.368096e-01 3.933051e-01 -8.090170e-01
      vertex 3.933051e-01 4.368096e-01 -8.090170e-01
    endloop
  endfacet
  facet normal 0.000000e+00 0.000000e+00 1.000000e+00
    outer loop
      vertex 4.210975e-01 4.676762e-01 -7.771460e-01
      vertex 3.933051e-01 4.368096e-01 -8.090170e-01
      vertex 3.454915e-01 4.755283e-01 -8.090170e-01
    endloop
  endfacet
  facet normal 0.000000e+00 0.000000e+00 1.000000e+00
    outer loop
      vertex 3.699052e-01 5.091309e-01 -7.771460e-01
      vertex 3.454915e-01 4.755283e-01 -8.090170e-01
      vertex 2.938926e-01 5.090370e-01 -8.090170e-01
    endloop
  endfacet
  facet normal 0.000000e+00 0.000000e+00 1.000000e+00
    outer loop
      vertex 3.146602e-01 5.450074e-01 -7.771460e-01
      vertex 2.938926e-01 5.090370e-01 -8.090170e-01
      vertex 2.390738e-01 5.369685e-01 -8.090170e-01
    endloop
  endfacet
  facet normal 0.000000e+00 0.000000e+00 1.000000e+00
    outer loop
      vertex 2.559677e-01 5.749128e-01 -7.771460e-01
      vertex 2.390738e-01 5.369685e-01 -8.090170e-01
      vertex 1.816356e-01 5.590170e-01 -8.090170e-01
    endloop
  endfacet
  facet normal 0.000000e+00 0.000000e+00 1.000000e+00
    outer loop
      vertex 1.944707e-01 5.985193e-01 -7.771460e-01
      vertex 1.816356e-01 5.590170e-01 -8.090170e-01
      vertex 1.222074e-01 5.749407e-01 -8.090170e-01
    endloop
  endfacet
  facet normal 0.000000e+00 0.000000e+00 1.000000e+00
    outer loop
      vertex 1.308431e-01 6.155682e-01 -7.771460e-01
      vertex 1.222074e-01 5.749407e-01 -8.090170e-01
      vertex 6.144029e-02 5.845653e-01 -8.090170e-01
    endloop
  endfacet
  facet normal 0.000000e+00 0.000000e+00 1.000000e+00
    outer loop
      vertex 6.578189e-02 6.258729e-01 -7.771460e-01
      vertex 6.144029e-02 5.845653e-01 -8.090170e-01
      vertex 1.665060e-16 5.877853e-01 -8.090170e-01
    endloop
  endfacet
  facet normal 0.000000e+00 0.000000e+00 1.000000e+00
    outer loop
      vertex 1.782720e-16 6.293204e-01 -7.771460e-01
      vertex 1.665060e-16 5.877853e-01 -8.090170e-01
      vertex -6.144029e-02 5.845653e-01 -8.090170e-01
    endloop
  endfacet
  facet normal 0.000000e+00 0.000000e+00 1.000000e+00
    outer loop
      vertex -6.578189e-02 6.258729e-01 -7.771460e-01
      vertex -6.144029e-02 5.845653e-01 -8.090170e-01
      vertex -1.222074e-01 5.749407e-01 -8.090170e-01
    endloop
  endfacet
  facet normal 0.000000e+00 0.000000e+00 1.000000e+00
    outer loop
      vertex -1.308431e-01 6.155682e-01 -7.771460e-01
      vertex -1.222074e-01 5.749407e-01 -8.090170e-01
      vertex -1.816356e-01 5.590170e-01 -8.090170e-01
    endloop
  endfacet
  facet normal 0.000000e+00 0.000000e+00 1.000000e+00
    outer loop
      vertex -1.944707e-01 5.985193e-01 -7.771460e-01
      vertex -1.816356e-01 5.590170e-01 -8.090170e-01
      vertex -2.390738e-01 5.369685e-01 -8.090170e-01
    endloop
  endfacet
  facet normal 0.000000e+00 0.000000e+00 1.000000e+00
    outer loop
      vertex -2.559677e-01 5.749128e-01 -7.771460e-01
      vertex -2.390738e-01 5.369685e-01 -8.090170e-01
      vertex -2.938926e-01 5.090370e-01 -8.090170e-01
    endloop
  endfacet
  facet normal 0.000000e+00 0.000000e+00 1.000000e+00
    outer loop
      vertex -3.146602e-01 5.450074e-01 -7.771460e-01
      vertex -2.938926e-01 5.090370e-01 -8.090170e-01
      vertex -3.454915e-01 4.755283e-01 -8.090170e-01
    endloop
  endfacet
  facet normal 0.000000e+00 0.000000e+00 1.000000e+00
    outer loop
      vertex -3.699052e-01 5.091309e-01 -7.771460e-01
      vertex -3.454915e-01 4.755283e-01 -8.090170e-01
      vertex -3.933051e-01 4.368096e-01 -8.090170e-01
    endloop
  endfacet
  facet normal 0.000000e+00 0.000000e+00 1.000000e+00
    outer loop
      vertex -4.210975e-01 4.676762e-01 -7.771460e-01
      vertex -3.933051e-01 4.368096e-01 -8.090170e-01
      vertex -4.368096e-01 3.933051e-01 -8.090170e-01
    endloop
  endfacet
  facet normal 0.000000e+00 0.000000e+00 1.000000e+00
    outer loop
      vertex -4.676762e-01 4.210975e-01 -7.771460e-01
      vertex -4.368096e-01 3.933051e-01 -8.090170e-01
      vertex -4.755283e-01 3.454915e-01 -8.090170e-01
    endloop
  endfacet
  facet normal 0.000000e+00 0.000000e+00 1.000000e+00
    outer loop
      vertex -5.091309e-01 3.699052e-01 -7.771460e-01
      vertex -4.755283e-01 3.454915e-01 -8.090170e-01
      vertex -5.090370e-01 2.938926e-01 -8.090170e-01
    endloop
  endfacet
  facet normal 0.000000e+00 0.000000e+00 1.000000e+00
    outer loop
      vertex -5.450074e-01 3.146602e-01 -7.771460e-01
      vertex -5.090370e-01 2.938926e-01 -8.090170e-01
      vertex -5.369685e-01 2.390738e-01 -8.090170e-01
    endloop
  endfacet
  facet normal 0.000000e+00 0.000000e+00 1.000000e+00
    outer loop
      vertex -5.749128e-01 2.559677e-01 -7.771460e-01
      vertex -5.369685e-01 2.390738e-01 -8.090170e-01
      vertex -5.590170e-01 1.816356e-01 -8.090170e-01
    endloop
  endfacet
  facet normal 0.000000e+00 0.000000e+00 1.000000e+00
    outer loop
      vertex -5.985193e-01 1.944707e-01 -7.771460e-01
      vertex -5.590170e-01 1.816356e-01 -8.090170e-01
      vertex -5.749407e-01 1.222074e-01 -8.090170e-01
    endloop
  endfacet
  facet normal 0.000000e+00 0.000000e+00 1.000000e+00
    outer loop
      vertex -6.155682e-01 1.308431e-01 -7.771460e-01
      vertex -5.749407e-01 1.222074e-01 -8.090170e-01
      vertex -5.845653e-01 6.144029e-02 -8.090170e-01
    endloop
  endfacet
  facet normal 0.000000e+00 0.000000e+00 1.000000e+00
    outer loop
      vertex -6.258729e-01 6.578189e-02 -7.771460e-01
      vertex -5.845653e-01 6.144029e-02 -8.090170e-01
      vertex -5.877853e-01 3.330120e-16 -8.090170e-01
    endloop
  endfacet
  facet normal 0.000000e+00 0.000000e+00 1.000000e+00
    outer loop
      vertex -6.293204e-01 3.565439e-16 -7.771460e-01
      vertex -5.877853e-01 3.330120e-16 -8.090170e-01
      vertex -5.845653e-01 -6.144029e-02 -8.090170e-01
    endloop
  endfacet
  facet normal 0.000000e+00 0.000000e+00 1.000000e+00
    outer loop
      vertex -6.258729e-01 -6.578189e-02 -7.771460e-01
      vertex -5.845653e-01 -6.144029e-02 -8.090170e-01
      vertex -5.749407e-01 -1.222074e-01 -8.090170e-01
    endloop
  endfacet
  facet normal 0.000000e+00 0.000000e+00 1.000000e+00
    outer loop
      vertex -6.155682e-01 -1.308431e-01 -7.771460e-01
      vertex -5.749407e-01 -1.222074e-01 -8.090170e-01
      vertex -5.590170e-01 -1.816356e-01 -8.090170e-01
    endloop
  endfacet
  facet normal 0.000000e+00 0.000000e+00 1.000000e+00
    outer loop
      vertex -5.985193e-01 -1.944707e-01 -7.771460e-01
      vertex -5.590170e-01 -1.816356e-01 -8.090170e-01
      vertex -5.369685e-01 -2.390738e-01 -8.090170e-01
    endloop
  endfacet
  facet normal 0.000000e+00 0.000000e+00 1.000000e+00
    outer loop
      vertex -5.749128e-01 -2.559677e-01 -7.771460e-01
      vertex -5.369685e-01 -2.390738e-01 -8.090170e-01
      vertex -5.090370e-01 -2.938926e-01 -8.090170e-01
    endloop
  endfacet
  facet normal 0.000000e+00 0.000000e+00 1.000000e+00
    outer loop
      vertex -5.450074e-01 -3.146602e-01 -7.771460e-01
      vertex -5.090370e-01 -2.938926e-01 -8.090170e-01
      vertex -4.755283e-01 -3.454915e-01 -8.090170e-01
    endloop
  endfacet
  facet normal 0.000000e+00 0.000000e+00 1.000000e+00
    outer loop
      vertex -5.091309e-01 -3.699052e-01 -7.771460e-01
      vertex -4.755283e-01 -3.454915e-01 -8.090170e-01
      vertex -4.368096e-01 -3.933051e-01 -8.090170e-01
    endloop
  endfacet
  facet normal 0.000000e+00 0.000000e+00 1.000000e+00
    outer loop
      vertex -4.676762e-01 -4.210975e-01 -7.771460e-01
      vertex -4.368096e-01 -3.933051e-01 -8.090170e-01
      vertex -3.933051e-01 -4.368096e-01 -8.090170e-01
    endloop
  endfacet
  facet normal 0.000000e+00 0.000000e+00 1.000000e+00
    outer loop
      vertex -4.210975e-01 -4.676762e-01 -7.771460e-01
      vertex -3.933051e-01 -4.368096e-01 -8.090170e-01
      vertex -3.454915e-01 -4.755283e-01 -8.090170e-01
    endloop
  endfacet
  facet normal 0.000000e+00 0.000000e+00 1.000000e+00
    outer loop
      vertex -3.699052e-01 -5.091309e-01 -7.771460e-01
      vertex -3.454915e-01 -4.755283e-01 -8.090170e-01
      vertex -2.938926e-01 -5.090370e-01 -8.090170e-01
    endloop
  endfacet
  facet normal 0.000000e+00 0.000000e+00 1.000000e+00
    outer loop
      vertex -3.146602e-01 -5.450074e-01 -7.771460e-01
      vertex -2.938926e-01 -5.090370e-01 -8.090170e-01
      vertex -2.390738e-01 -5.369685e-01 -8.090170e-01
    endloop
  endfacet
  facet normal 0.000000e+00 0.000000e+00 1.000000e+00
    outer loop
      vertex -2.559677e-01 -5.749128e-01 -7.771460e-01
      vertex -2.390738e-01 -5.369685e-01 -8.090170e-01
      vertex -1.816356e-01 -5.590170e-01 -8.090170e-01
    endloop
  endfacet
  facet normal 0.000000e+00 0.000000e+00 1.000000e+00
    outer loop
      vertex -1.944707e-01 -5.985193e-01 -7.771460e-01
      vertex -1.816356e-01 -5.590170e-01 -8.090170e-01
      vertex -1.222074e-01 -5.749407e-01 -8.090170e-01
    endloop
  endfacet
  facet normal 0.000000e+00 0.000000e+00 1.000000e+00
    outer loop
      vertex -1.308431e-01 -6.155682e-01 -7.771460e-01
      vertex -1.222074e-01 -5.749407e-01 -8.090170e-01
      vertex -6.144029e-02 -5.845653e-01 -8.090170e-01
    endloop
  endfacet
  facet normal 0.000000e+00 0.000000e+00 1.000000e+00
    outer loop
      vertex -6.578189e-02 -6.258729e-01 -7.771460e-01
      vertex -6.144029e-02 -5.845653e-01 -8.090170e-01
      vertex -1.079744e-16 -5.877853e-01 -8.090170e-01
    endloop
  endfacet
  facet normal 0.000000e+00 0.000000e+00 1.000000e+00
    outer loop
      vertex -1.156043e-16 -6.293204e-01 -7.771460e-01
      vertex -1.079744e-16 -5.877853e-01 -8.090170e-01
      vertex 6.144029e-02 -5.845653e-01 -8.090170e-01
    endloop
  endfacet
  facet normal 0.000000e+00 0.000000e+00 1.000000e+00
    outer loop
      vertex 6.578189e-02 -6.258729e-01 -7.771460e-01
      vertex 6.144029e-02 -5.845653e-01 -8.090170e-01
      vertex 1.222074e-01 -5.749407e-01 -8.090170e-01
    endloop
  endfacet
  facet normal 0.000000e+00 0.000000e+00 1.000000e+00
    outer loop
      vertex 1.308431e-01 -6.155682e-01 -7.771460e-01
      vertex 1.222074e-01 -5.749407e-01 -8.090170e-01
      vertex 1.816356e-01 -5.590170e-01 -8.090170e-01
    endloop
  endfacet
  facet normal 0.000000e+00 0.000000e+00 1.000000e+00
    outer loop
      vertex 1.944707e-01 -5.985193e-01 -7.771460e-01
      vertex 1.816356e-01 -5.590170e-01 -8.090170e-01
      vertex 2.390738e-01 -5.369685e-01 -8.090170e-01
    endloop
  endfacet
  facet normal 0.000000e+00 0.000000e+00 1.000000e+00
    outer loop
      vertex 2.559677e-01 -5.749128e-01 -7.771460e-01
      vertex 2.390738e-01 -5.369685e-01 -8.090170e-01
      vertex 2.938926e-01 -5.090370e-01 -8.090170e-01
    endloop
  endfacet
  facet normal 0.000000e+00 0.000000e+00 1.000000e+00
    outer loop
      vertex 3.146602e-01 -5.450074e-01 -7.771460e-01
      vertex 2.938926e-01 -5.090370e-01 -8.090170e-01
      vertex 3.454915e-01 -4.755283e-01 -8.090170e-01
    endloop
  endfacet
  facet normal 0.000000e+00 0.000000e+00 1.000000e+00
    outer loop
      vertex 3.699052e-01 -5.091309e-01 -7.771460e-01
      vertex 3.454915e-01 -4.755283e-01 -8.090170e-01
      vertex 3.933051e-01 -4.368096e-01 -8.090170e-01
    endloop
  endfacet
  facet normal 0.000000e+00 0.000000e+00 1.000000e+00
    outer loop
      vertex 4.210975e-01 -4.676762e-01 -7.771460e-01
      vertex 3.933051e-01 -4.368096e-01 -8.090170e-01
      vertex 4.368096e-01 -3.933051e-01 -8.090170e-01
    endloop
  endfacet
  facet normal 0.000000e+00 0.000000e+00 1.000000e+00
    outer loop
      vertex 4.676762e-01 -4.210975e-01 -7.771460e-01
      vertex 4.368096e-01 -3.933051e-01 -8.090170e-01
      vertex 4.755283e-01 -3.454915e-01 -8.090170e-01
    endloop
  endfacet
  facet normal 0.000000e+00 0.000000e+00 1.000000e+00
    outer loop
      vertex 5.091309e-01 -3.699052e-01 -7.771460e-01
      vertex 4.755283e-01 -3.454915e-01 -8.090170e-01
      vertex 5.090370e-01 -2.938926e-01 -8.090170e-01
    endloop
  endfacet
  facet normal 0.000000e+00 0.000000e+00 1.000000e+00
    outer loop
      vertex 5.450074e-01 -3.146602e-01 -7.771460e-01
      vertex 5.090370e-01 -2.938926e-01 -8.090170e-01
      vertex 5.369685e-01 -2.390738e-01 -8.090170e-01
    endloop
  endfacet
  facet normal 0.000000e+00 0.000000e+00 1.000000e+00
    outer loop
      vertex 5.749128e-01 -2.559677e-01 -7.771460e-01
      vertex 5.369685e-01 -2.390738e-01 -8.090170e-01
      vertex 5.590170e-01 -1.816356e-01 -8.090170e-01
    endloop
  endfacet
  facet normal 0.000000e+00 0.000000e+00 1.000000e+00
    outer loop
      vertex 5.985193e-01 -1.944707e-01 -7.771460e-01
      vertex 5.590170e-01 -1.816356e-01 -8.090170e-01
      vertex 5.749407e-01 -1.222074e-01 -8.090170e-01
    endloop
  endfacet
  facet normal 0.000000e+00 0.000000e+00 1.000000e+00
    outer loop
      vertex 6.155682e-01 -1.308431e-01 -7.771460e-01
      vertex 5.749407e-01 -1.222074e-01 -8.090170e-01
      vertex 5.845653e-01 -6.144029e-02 -8.090170e-01
    endloop
  endfacet
  facet normal 0.000000e+00 0.000000e+00 1.000000e+00
    outer loop
      vertex 6.258729e-01 -6.578189e-02 -7.771460e-01
      vertex 5.845653e-01 -6.144029e-02 -8.090170e-01
      vertex 5.877853e-01 -6.660240e-16 -8.090170e-01
    endloop
  endfacet
  facet normal 0.000000e+00 0.000000e+00 1.000000e+00
    outer loop
      vertex 5.877853e-01 0.000000e+00 -8.090170e-01
      vertex 5.446390e-01 0.000000e+00 -8.386706e-01
      vertex 5.416554e-01 5.693028e-02 -8.386706e-01
    endloop
  endfacet
  facet normal 0.000000e+00 0.000000e+00 1.000000e+00
    outer loop
      vertex 5.845653e-01 6.144029e-02 -8.090170e-01
      vertex 5.416554e-01 5.693028e-02 -8.386706e-01
      vertex 5.327374e-01 1.132368e-01 -8.386706e-01
    endloop
  endfacet
  facet normal 0.000000e+00 0.000000e+00 1.000000e+00
    outer loop
      vertex 5.749407e-01 1.222074e-01 -8.090170e-01
      vertex 5.327374e-01 1.132368e-01 -8.386706e-01
      vertex 5.179825e-01 1.683027e-01 -8.386706e-01
    endloop
  endfacet
  facet normal 0.000000e+00 0.000000e+00 1.000000e+00
    outer loop
      vertex 5.590170e-01 1.816356e-01 -8.090170e-01
      vertex 5.179825e-01 1.683027e-01 -8.386706e-01
      vertex 4.975525e-01 2.215247e-01 -8.386706e-01
    endloop
  endfacet
  facet normal 0.000000e+00 0.000000e+00 1.000000e+00
    outer loop
      vertex 5.369685e-01 2.390738e-01 -8.090170e-01
      vertex 4.975525e-01 2.215247e-01 -8.386706e-01
      vertex 4.716712e-01 2.723195e-01 -8.386706e-01
    endloop
  endfacet
  facet normal 0.000000e+00 0.000000e+00 1.000000e+00
    outer loop
      vertex 5.090370e-01 2.938926e-01 -8.090170e-01
      vertex 4.716712e-01 2.723195e-01 -8.386706e-01
      vertex 4.406222e-01 3.201308e-01 -8.386706e-01
    endloop
  endfacet
  facet normal 0.000000e+00 0.000000e+00 1.000000e+00
    outer loop
      vertex 4.755283e-01 3.454915e-01 -8.090170e-01
      vertex 4.406222e-01 3.201308e-01 -8.386706e-01
      vertex 4.047457e-01 3.644346e-01 -8.386706e-01
    endloop
  endfacet
  facet normal 0.000000e+00 0.000000e+00 1.000000e+00
    outer loop
      vertex 4.368096e-01 3.933051e-01 -8.090170e-01
      vertex 4.047457e-01 3.644346e-01 -8.386706e-01
      vertex 3.644346e-01 4.047457e-01 -8.386706e-01
    endloop
  endfacet
  facet normal 0.000000e+00 0.000000e+00 1.000000e+00
    outer loop
      vertex 3.933051e-01 4.368096e-01 -8.090170e-01
      vertex 3.644346e-01 4.047457e-01 -8.386706e-01
      vertex 3.201308e-01 4.406222e-01 -8.386706e-01
    endloop
  endfacet
  facet normal 0.000000e+00 0.000000e+00 1.000000e+00
    outer loop
      vertex 3.454915e-01 4.755283e-01 -8.090170e-01
      vertex 3.201308e-01 4.406222e-01 -8.386706e-01
      vertex 2.723195e-01 4.716712e-01 -8.386706e-01
    endloop
  endfacet
  facet normal 0.000000e+00 0.000000e+00 1.000000e+00
    outer loop
      vertex 2.938926e-01 5.090370e-01 -8.090170e-01
      vertex 2.723195e-01 4.716712e-01 -8.386706e-01
      vertex 2.215247e-01 4.975525e-01 -8.386706e-01
    endloop
  endfacet
  facet normal 0.000000e+00 0.000000e+00 1.000000e+00
    outer loop
      vertex 2.390738e-01 5.369685e-01 -8.090170e-01
      vertex 2.215247e-01 4.975525e-01 -8.386706e-01
      vertex 1.683027e-01 5.179825e-01 -8.386706e-01
    endloop
  endfacet
  facet normal 0.000000e+00 0.000000e+00 1.000000e+00
    outer loop
      vertex 1.816356e-01 5.590170e-01 -8.090170e-01
      vertex 1.683027e-01 5.179825e-01 -8.386706e-01
      vertex 1.132368e-01 5.327374e-01 -8.386706e-01
    endloop
  endfacet
  facet normal 0.000000e+00 0.000000e+00 1.000000e+00
    outer loop
      vertex 1.222074e-01 5.749407e-01 -8.090170e-01
      vertex 1.132368e-01 5.327374e-01 -8.386706e-01
      vertex 5.693028e-02 5.416554e-01 -8.386706e-01
    endloop
  endfacet
  facet normal 0.000000e+00 0.000000e+00 1.000000e+00
    outer loop
      vertex 6.144029e-02 5.845653e-01 -8.090170e-01
      vertex 5.693028e-02 5.416554e-01 -8.386706e-01
      vertex 1.542837e-16 5.446390e-01 -8.386706e-01
    endloop
  endfacet
  facet normal 0.000000e+00 0.000000e+00 1.000000e+00
    outer loop
      vertex 1.665060e-16 5.877853e-01 -8.090170e-01
      vertex 1.542837e-16 5.446390e-01 -8.386706e-01
      vertex -5.693028e-02 5.416554e-01 -8.386706e-01
    endloop
  endfacet
  facet normal 0.000000e+00 0.000000e+00 1.000000e+00
    outer loop
      vertex -6.144029e-02 5.845653e-01 -8.090170e-01
      vertex -5.693028e-02 5.416554e-01 -8.386706e-01
      vertex -1.132368e-01 5.327374e-01 -8.386706e-01
    endloop
  endfacet
  facet normal 0.000000e+00 0.000000e+00 1.000000e+00
    outer loop
      vertex -1.222074e-01 5.749407e-01 -8.090170e-01
      vertex -1.132368e-01 5.327374e-01 -8.386706e-01
      vertex -1.683027e-01 5.179825e-01 -8.386706e-01
    endloop
  endfacet
  facet normal 0.000000e+00 0.000000e+00 1.000000e+00
    outer loop
      vertex -1.816356e-01 5.590170e-01 -8.090170e-01
      vertex -1.683027e-01 5.179825e-01 -8.386706e-01
      vertex -2.215247e-01 4.975525e-01 -8.386706e-01
    endloop
  endfacet
  facet normal 0.000000e+00 0.000000e+00 1.000000e+00
    outer loop
      vertex -2.390738e-01 5.369685e-01 -8.090170e-01
      vertex -2.215247e-01 4.975525e-01 -8.386706e-01
      vertex -2.723195e-01 4.716712e-01 -8.386706e-01
    endloop
  endfacet
  facet normal 0.000000e+00 0.000000e+00 1.000000e+00
    outer loop
      vertex -2.938926e-01 5.090370e-01 -8.090170e-01
      vertex -2.723195e-01 4.716712e-01 -8.386706e-01
      vertex -3.201308e-01 4.406222e-01 -8.386706e-01
    endloop
  endfacet
  facet normal 0.000000e+00 0.000000e+00 1.000000e+00
    outer loop
      vertex -3.454915e-01 4.755283e-01 -8.090170e-01
      vertex -3.201308e-01 4.406222e-01 -8.386706e-01
      vertex -3.644346e-01 4.047457e-01 -8.386706e-01
    endloop
  endfacet
  facet normal 0.000000e+00 0.000000e+00 1.000000e+00
    outer loop
      vertex -3.933051e-01 4.368096e-01 -8.090170e-01
      vertex -3.644346e-01 4.047457e-01 -8.386706e-01
      vertex -4.047457e-01 3.644346e-01 -8.386706e-01
    endloop
  endfacet
  facet normal 0.000000e+00 0.000000e+00 1.000000e+00
    outer loop
      vertex -4.368096e-01 3.933051e-01 -8.090170e-01
      vertex -4.047457e-01 3.644346e-01 -8.386706e-01
      vertex -4.406222e-01 3.201308e-01 -8.386706e-01
    endloop
  endfacet
  facet normal 0.000000e+00 0.000000e+00 1.000000e+00
    outer loop
      vertex -4.755283e-01 3.454915e-01 -8.090170e-01
      vertex -4.406222e-01 3.201308e-01 -8.386706e-01
      vertex -4.716712e-01 2.723195e-01 -8.386706e-01
    endloop
  endfacet
  facet normal 0.000000e+00 0.000000e+00 1.000000e+00
    outer loop
      vertex -5.090370e-01 2.938926e-01 -8.090170e-01
      vertex -4.716712e-01 2.723195e-01 -8.386706e-01
      vertex -4.975525e-01 2.215247e-01 -8.386706e-01
    endloop
  endfacet
  facet normal 0.000000e+00 0.000000e+00 1.000000e+00
    outer loop
      vertex -5.369685e-01 2.390738e-01 -8.090170e-01
      vertex -4.975525e-01 2.215247e-01 -8.386706e-01
      vertex -5.179825e-01 1.683027e-01 -8.386706e-01
    endloop
  endfacet
  facet normal 0.000000e+00 0.000000e+00 1.000000e+00
    outer loop
      vertex -5.590170e-01 1.816356e-01 -8.090170e-01
      vertex -5.179825e-01 1.683027e-01 -8.386706e-01
      vertex -5.327374e-01 1.132368e-01 -8.386706e-01
    endloop
  endfacet
  facet normal 0.000000e+00 0.000000e+00 1.000000e+00
    outer loop
      vertex -5.749407e-01 1.222074e-01 -8.090170e-01
      vertex -5.327374e-01 1.132368e-01 -8.386706e-01
      vertex -5.416554e-01 5.693028e-02 -8.386706e-01
    endloop
  endfacet
  facet normal 0.000000e+00 0.000000e+00 1.000000e+00
    outer loop
      vertex -5.845653e-01 6.144029e-02 -8.090170e-01
      vertex -5.416554e-01 5.693028e-02 -8.386706e-01
      vertex -5.446390e-01 3.085674e-16 -8.386706e-01
    endloop
  endfacet
  facet normal 0.000000e+00 0.000000e+00 1.000000e+00
    outer loop
      vertex -5.877853e-01 3.330120e-16 -8.090170e-01
      vertex -5.446390e-01 3.085674e-16 -8.386706e-01
      vertex -5.416554e-01 -5.693028e-02 -8.386706e-01
    endloop
  endfacet
  facet normal 0.000000e+00 0.000000e+00 1.000000e+00
    outer loop
      vertex -5.845653e-01 -6.144029e-02 -8.090170e-01
      vertex -5.416554e-01 -5.693028e-02 -8.386706e-01
      vertex -5.327374e-01 -1.132368e-01 -8.386706e-01
    endloop
  endfacet
  facet normal 0.000000e+00 0.000000e+00 1.000000e+00
    outer loop
      vertex -5.749407e-01 -1.222074e-01 -8.090170e-01
      vertex -5.327374e-01 -1.132368e-01 -8.386706e-01
      vertex -5.179825e-01 -1.683027e-01 -8.386706e-01
    endloop
  endfacet
  facet normal 0.000000e+00 0.000000e+00 1.000000e+00
    outer loop
      vertex -5.590170e-01 -1.816356e-01 -8.090170e-01
      vertex -5.179825e-01 -1.683027e-01 -8.386706e-01
      vertex -4.975525e-01 -2.215247e-01 -8.386706e-01
    endloop
  endfacet
  facet normal 0.000000e+00 0.000000e+00 1.000000e+00
    outer loop
      vertex -5.369685e-01 -2.390738e-01 -8.090170e-01
      vertex -4.975525e-01 -2.215247e-01 -8.386706e-01
      vertex -4.716712e-01 -2.723195e-01 -8.386706e-01
    endloop
  endfacet
  facet normal 0.000000e+00 0.000000e+00 1.000000e+00
    outer loop
      vertex -5.090370e-01 -2.938926e-01 -8.090170e-01
      vertex -4.716712e-01 -2.723195e-01 -8.386706e-01
      vertex -4.406222e-01 -3.201308e-01 -8.386706e-01
    endloop
  endfacet
  facet normal 0.000000e+00 0.000000e+00 1.000000e+00
    outer loop
      vertex -4.755283e-01 -3.454915e-01 -8.090170e-01
      vertex -4.406222e-01 -3.201308e-01 -8.386706e-01
      vertex -4.047457e-01 -3.644346e-01 -8.386706e-01
    endloop
  endfacet
  facet normal 0.000000e+00 0.000000e+00 1.000000e+00
    outer loop
      vertex -4.368096e-01 -3.933051e-01 -8.090170e-01
      vertex -4.047457e-01 -3.644346e-01 -8.386706e-01
      vertex -3.644346e-01 -4.047457e-01 -8.386706e-01
    endloop
  endfacet
  facet normal 0.000000e+00 0.000000e+00 1.000000e+00
    outer loop
      vertex -3.933051e-01 -4.368096e-01 -8.090170e-01
      vertex -3.644346e-01 -4.047457e-01 -8.386706e-01
      vertex -3.201308e-01 -4.406222e-01 -8.386706e-01
    endloop
  endfacet
  facet normal 0.000000e+00 0.000000e+00 1.000000e+00
    outer loop
      vertex -3.454915e-01 -4.755283e-01 -8.090170e-01
      vertex -3.201308e-01 -4.406222e-01 -8.386706e-01
      vertex -2.723195e-01 -4.716712e-01 -8.386706e-01
    endloop
  endfacet
  facet normal 0.000000e+00 0.000000e+00 1.000000e+00
    outer loop
      vertex -2.938926e-01 -5.090370e-01 -8.090170e-01
      vertex -2.723195e-01 -4.716712e-01 -8.386706e-01
      vertex -2.215247e-01 -4.975525e-01 -8.386706e-01
    endloop
  endfacet
  facet normal 0.000000e+00 0.000000e+00 1.000000e+00
    outer loop
      vertex -2.390738e-01 -5.369685e-01 -8.090170e-01
      vertex -2.215247e-01 -4.975525e-01 -8.386706e-01
      vertex -1.683027e-01 -5.179825e-01 -8.386706e-01
    endloop
  endfacet
  facet normal 0.000000e+00 0.000000e+00 1.000000e+00
    outer loop
      vertex -1.816356e-01 -5.590170e-01 -8.090170e-01
      vertex -1.683027e-01 -5.179825e-01 -8.386706e-01
      vertex -1.132368e-01 -5.327374e-01 -8.386706e-01
    endloop
  endfacet
  facet normal 0.000000e+00 0.000000e+00 1.000000e+00
    outer loop
      vertex -1.222074e-01 -5.749407e-01 -8.090170e-01
      vertex -1.132368e-01 -5.327374e-01 -8.386706e-01
      vertex -5.693028e-02 -5.416554e-01 -8.386706e-01
    endloop
  endfacet
  facet normal 0.000000e+00 0.000000e+00 1.000000e+00
    outer loop
      vertex -6.144029e-02 -5.845653e-01 -8.090170e-01
      vertex -5.693028e-02 -5.416554e-01 -8.386706e-01
      vertex -1.000486e-16 -5.446390e-01 -8.386706e-01
    endloop
  endfacet
  facet normal 0.000000e+00 0.000000e+00 1.000000e+00
    outer loop
      vertex -1.079744e-16 -5.877853e-01 -8.090170e-01
      vertex -1.000486e-16 -5.446390e-01 -8.386706e-01
      vertex 5.693028e-02 -5.416554e-01 -8.386706e-01
    endloop
  endfacet
  facet normal 0.000000e+00 0.000000e+00 1.000000e+00
    outer loop
      vertex 6.144029e-02 -5.845653e-01 -8.090170e-01
      vertex 5.693028e-02 -5.416554e-01 -8.386706e-01
      vertex 1.132368e-01 -5.327374e-01 -8.386706e-01
    endloop
  endfacet
  facet normal 0.000000e+00 0.000000e+00 1.000000e+00
    outer loop
      vertex 1.222074e-01 -5.749407e-01 -8.090170e-01
      vertex 1.132368e-01 -5.327374e-01 -8.386706e-01
      vertex 1.683027e-01 -5.179825e-01 -8.386706e-01
    endloop
  endfacet
  facet normal 0.000000e+00 0.000000e+00 1.000000e+00
    outer loop
      vertex 1.816356e-01 -5.590170e-01 -8.090170e-01
      vertex 1.683027e-01 -5.179825e-01 -8.386706e-01
      vertex 2.215247e-01 -4.975525e-01 -8.386706e-01
    endloop
  endfacet
  facet normal 0.000000e+00 0.000000e+00 1.000000e+00
    outer loop
      vertex 2.390738e-01 -5.369685e-01 -8.090170e-01
      vertex 2.215247e-01 -4.975525e-01 -8.386706e-01
      vertex 2.723195e-01 -4.716712e-01 -8.386706e-01
    endloop
  endfacet
  facet normal 0.000000e+00 0.000000e+00 1.000000e+00
    outer loop
      vertex 2.938926e-01 -5.090370e-01 -8.090170e-01
      vertex 2.723195e-01 -4.716712e-01 -8.386706e-01
      vertex 3.201308e-01 -4.406222e-01 -8.386706e-01
    endloop
  endfacet
  facet normal 0.000000e+00 0.000000e+00 1.000000e+00
    outer loop
      vertex 3.454915e-01 -4.755283e-01 -8.090170e-01
      vertex 3.201308e-01 -4.406222e-01 -8.386706e-01
      vertex 3.644346e-01 -4.047457e-01 -8.386706e-01
    endloop
  endfacet
  facet normal 0.000000e+00 0.000000e+00 1.000000e+00
    outer loop
      vertex 3.933051e-01 -4.368096e-01 -8.090170e-01
      vertex 3.644346e-01 -4.047457e-01 -8.386706e-01
      vertex 4.047457e-01 -3.644346e-01 -8.386706e-01
    endloop
  endfacet
  facet normal 0.000000e+00 0.000000e+00 1.000000e+00
    outer loop
      vertex 4.368096e-01 -3.933051e-01 -8.090170e-01
      vertex 4.047457e-01 -3.644346e-01 -8.386706e-01
      vertex 4.406222e-01 -3.201308e-01 -8.386706e-01
    endloop
  endfacet
  facet normal 0.000000e+00 0.000000e+00 1.000000e+00
    outer loop
      vertex 4.755283e-01 -3.454915e-01 -8.090170e-01
      vertex 4.406222e-01 -3.201308e-01 -8.386706e-01
      vertex 4.716712e-01 -2.723195e-01 -8.386706e-01
    endloop
  endfacet
  facet normal 0.000000e+00 0.000000e+00 1.000000e+00
    outer loop
      vertex 5.090370e-01 -2.938926e-01 -8.090170e-01
      vertex 4.716712e-01 -2.723195e-01 -8.386706e-01
      vertex 4.975525e-01 -2.215247e-01 -8.386706e-01
    endloop
  endfacet
  facet normal 0.000000e+00 0.000000e+00 1.000000e+00
    outer loop
      vertex 5.369685e-01 -2.390738e-01 -8.090170e-01
      vertex 4.975525e-01 -2.215247e-01 -8.386706e-01
      vertex 5.179825e-01 -1.683027e-01 -8.386706e-01
    endloop
  endfacet
  facet normal 0.000000e+00 0.000000e+00 1.000000e+00
    outer loop
      vertex 5.590170e-01 -1.816356e-01 -8.090170e-01
      vertex 5.179825e-01 -1.683027e-01 -8.386706e-01
      vertex 5.327374e-01 -1.132368e-01 -8.386706e-01
    endloop
  endfacet
  facet normal 0.000000e+00 0.000000e+00 1.000000e+00
    outer loop
      vertex 5.749407e-01 -1.222074e-01 -8.090170e-01
      vertex 5.327374e-01 -1.132368e-01 -8.386706e-01
      vertex 5.416554e-01 -5.693028e-02 -8.386706e-01
    endloop
  endfacet
  facet normal 0.000000e+00 0.000000e+00 1.000000e+00
    outer loop
      vertex 5.845653e-01 -6.144029e-02 -8.090170e-01
      vertex 5.416554e-01 -5.693028e-02 -8.386706e-01
      vertex 5.446390e-01 -6.171347e-16 -8.386706e-01
    endloop
  endfacet
  facet normal 0.000000e+00 0.000000e+00 1.000000e+00
    outer loop
      vertex 5.446390e-01 0.000000e+00 -8.386706e-01
      vertex 5.000000e-01 0.000000e+00 -8.660254e-01
      vertex 4.972609e-01 5.226423e-02 -8.660254e-01
    endloop
  endfacet
  facet normal 0.000000e+00 0.000000e+00 1.000000e+00
    outer loop
      vertex 5.416554e-01 5.693028e-02 -8.386706e-01
      vertex 4.972609e-01 5.226423e-02 -8.660254e-01
      vertex 4.890738e-01 1.039558e-01 -8.660254e-01
    endloop
  endfacet
  facet normal 0.000000e+00 0.000000e+00 1.000000e+00
    outer loop
      vertex 5.327374e-01 1.132368e-01 -8.386706e-01
      vertex 4.890738e-01 1.039558e-01 -8.660254e-01
      vertex 4.755283e-01 1.545085e-01 -8.660254e-01
    endloop
  endfacet
  facet normal 0.000000e+00 0.000000e+00 1.000000e+00
    outer loop
      vertex 5.179825e-01 1.683027e-01 -8.386706e-01
      vertex 4.755283e-01 1.545085e-01 -8.660254e-01
      vertex 4.567727e-01 2.033683e-01 -8.660254e-01
    endloop
  endfacet
  facet normal 0.000000e+00 0.000000e+00 1.000000e+00
    outer loop
      vertex 4.975525e-01 2.215247e-01 -8.386706e-01
      vertex 4.567727e-01 2.033683e-01 -8.660254e-01
      vertex 4.330127e-01 2.500000e-01 -8.660254e-01
    endloop
  endfacet
  facet normal 0.000000e+00 0.000000e+00 1.000000e+00
    outer loop
      vertex 4.716712e-01 2.723195e-01 -8.386706e-01
      vertex 4.330127e-01 2.500000e-01 -8.660254e-01
      vertex 4.045085e-01 2.938926e-01 -8.660254e-01
    endloop
  endfacet
  facet normal 0.000000e+00 0.000000e+00 1.000000e+00
    outer loop
      vertex 4.406222e-01 3.201308e-01 -8.386706e-01
      vertex 4.045085e-01 2.938926e-01 -8.660254e-01
      vertex 3.715724e-01 3.345653e-01 -8.660254e-01
    endloop
  endfacet
  facet normal 0.000000e+00 0.000000e+00 1.000000e+00
    outer loop
      vertex 4.047457e-01 3.644346e-01 -8.386706e-01
      vertex 3.715724e-01 3.345653e-01 -8.660254e-01
      vertex 3.345653e-01 3.715724e-01 -8.660254e-01
    endloop
  endfacet
  facet normal 0.000000e+00 0.000000e+00 1.000000e+00
    outer loop
      vertex 3.644346e-01 4.047457e-01 -8.386706e-01
      vertex 3.345653e-01 3.715724e-01 -8.660254e-01
      vertex 2.938926e-01 4.045085e-01 -8.660254e-01
    endloop
  endfacet
  facet normal 0.000000e+00 0.000000e+00 1.000000e+00
    outer loop
      vertex 3.201308e-01 4.406222e-01 -8.386706e-01
      vertex 2.938926e-01 4.045085e-01 -8.660254e-01
      vertex 2.500000e-01 4.330127e-01 -8.660254e-01
    endloop
  endfacet
  facet normal 0.000000e+00 0.000000e+00 1.000000e+00
    outer loop
      vertex 2.723195e-01 4.716712e-01 -8.386706e-01
      vertex 2.500000e-01 4.330127e-01 -8.660254e-01
      vertex 2.033683e-01 4.567727e-01 -8.660254e-01
    endloop
  endfacet
  facet normal 0.000000e+00 0.000000e+00 1.000000e+00
    outer loop
      vertex 2.215247e-01 4.975525e-01 -8.386706e-01
      vertex 2.033683e-01 4.567727e-01 -8.660254e-01
      vertex 1.545085e-01 4.755283e-01 -8.660254e-01
    endloop
  endfacet
  facet normal 0.000000e+00 0.000000e+00 1.000000e+00
    outer loop
      vertex 1.683027e-01 5.179825e-01 -8.386706e-01
      vertex 1.545085e-01 4.755283e-01 -8.660254e-01
      vertex 1.039558e-01 4.890738e-01 -8.660254e-01
    endloop
  endfacet
  facet normal 0.000000e+00 0.000000e+00 1.000000e+00
    outer loop
      vertex 1.132368e-01 5.327374e-01 -8.386706e-01
      vertex 1.039558e-01 4.890738e-01 -8.660254e-01
      vertex 5.226423e-02 4.972609e-01 -8.660254e-01
    endloop
  endfacet
  facet normal 0.000000e+00 0.000000e+00 1.000000e+00
    outer loop
      vertex 5.693028e-02 5.416554e-01 -8.386706e-01
      vertex 5.226423e-02 4.972609e-01 -8.660254e-01
      vertex 1.416385e-16 5.000000e-01 -8.660254e-01
    endloop
  endfacet
  facet normal 0.000000e+00 0.000000e+00 1.000000e+00
    outer loop
      vertex 1.542837e-16 5.446390e-01 -8.386706e-01
      vertex 1.416385e-16 5.000000e-01 -8.660254e-01
      vertex -5.226423e-02 4.972609e-01 -8.660254e-01
    endloop
  endfacet
  facet normal 0.000000e+00 0.000000e+00 1.000000e+00
    outer loop
      vertex -5.693028e-02 5.416554e-01 -8.386706e-01
      vertex -5.226423e-02 4.972609e-01 -8.660254e-01
      vertex -1.039558e-01 4.890738e-01 -8.660254e-01
    endloop
  endfacet
  facet normal 0.000000e+00 0.000000e+00 1.000000e+00
    outer loop
      vertex -1.132368e-01 5.327374e-01 -8.386706e-01
      vertex -1.039558e-01 4.890738e-01 -8.660254e-01
      vertex -1.545085e-01 4.755283e-01 -8.660254e-01
    endloop
  endfacet
  facet normal 0.000000e+00 0.000000e+00 1.000000e+00
    outer loop
      vertex -1.683027e-01 5.179825e-01 -8.386706e-01
      vertex -1.545085e-01 4.755283e-01 -8.660254e-01
      vertex -2.033683e-01 4.567727e-01 -8.660254e-01
    endloop
  endfacet
  facet normal 0.000000e+00 0.000000e+00 1.000000e+00
    outer loop
      vertex -2.215247e-01 4.975525e-01 -8.386706e-01
      vertex -2.033683e-01 4.567727e-01 -8.660254e-01
      vertex -2.500000e-01 4.330127e-01 -8.660254e-01
    endloop
  endfacet
  facet normal 0.000000e+00 0.000000e+00 1.000000e+00
    outer loop
      vertex -2.723195e-01 4.716712e-01 -8.386706e-01
      vertex -2.500000e-01 4.330127e-01 -8.660254e-01
      vertex -2.938926e-01 4.045085e-01 -8.660254e-01
    endloop
  endfacet
  facet normal 0.000000e+00 0.000000e+00 1.000000e+00
    outer loop
      vertex -3.201308e-01 4.406222e-01 -8.386706e-01
      vertex -2.938926e-01 4.045085e-01 -8.660254e-01
      vertex -3.345653e-01 3.715724e-01 -8.660254e-01
    endloop
  endfacet
  facet normal 0.000000e+00 0.000000e+00 1.000000e+00
    outer loop
      vertex -3.644346e-01 4.047457e-01 -8.386706e-01
      vertex -3.345653e-01 3.715724e-01 -8.660254e-01
      vertex -3.715724e-01 3.345653e-01 -8.660254e-01
    endloop
  endfacet
  facet normal 0.000000e+00 0.000000e+00 1.000000e+00
    outer loop
      vertex -4.047457e-01 3.644346e-01 -8.386706e-01
      vertex -3.715724e-01 3.345653e-01 -8.660254e-01
      vertex -4.045085e-01 2.938926e-01 -8.660254e-01
    endloop
  endfacet
  facet normal 0.000000e+00 0.000000e+00 1.000000e+00
    outer loop
      vertex -4.406222e-01 3.201308e-01 -8.386706e-01
      vertex -4.045085e-01 2.938926e-01 -8.660254e-01
      vertex -4.330127e-01 2.500000e-01 -8.660254e-01
    endloop
  endfacet
  facet normal 0.000000e+00 0.000000e+00 1.000000e+00
    outer loop
      vertex -4.716712e-01 2.723195e-01 -8.386706e-01
      vertex -4.330127e-01 2.500000e-01 -8.660254e-01
      vertex -4.567727e-01 2.033683e-01 -8.660254e-01
    endloop
  endfacet
  facet normal 0.000000e+00 0.000000e+00 1.000000e+00
    outer loop
      vertex -4.975525e-01 2.215247e-01 -8.386706e-01
      vertex -4.567727e-01 2.033683e-01 -8.660254e-01
      vertex -4.755283e-01 1.545085e-01 -8.660254e-01
    endloop
  endfacet
  facet normal 0.000000e+00 0.000000e+00 1.000000e+00
    outer loop
      vertex -5.179825e-01 1.683027e-01 -8.386706e-01
      vertex -4.755283e-01 1.545085e-01 -8.660254e-01
      vertex -4.890738e-01 1.039558e-01 -8.660254e-01
    endloop
  endfacet
  facet normal 0.000000e+00 0.000000e+00 1.000000e+00
    outer loop
      vertex -5.327374e-01 1.132368e-01 -8.386706e-01
      vertex -4.890738e-01 1.039558e-01 -8.660254e-01
      vertex -4.972609e-01 5.226423e-02 -8.660254e-01
    endloop
  endfacet
  facet normal 0.000000e+00 0.000000e+00 1.000000e+00
    outer loop
      vertex -5.416554e-01 5.693028e-02 -8.386706e-01
      vertex -4.972609e-01 5.226423e-02 -8.660254e-01
      vertex -5.000000e-01 2.832769e-16 -8.660254e-01
    endloop
  endfacet
  facet normal 0.000000e+00 0.000000e+00 1.000000e+00
    outer loop
      vertex -5.446390e-01 3.085674e-16 -8.386706e-01
      vertex -5.000000e-01 2.832769e-16 -8.660254e-01
      vertex -4.972609e-01 -5.226423e-02 -8.660254e-01
    endloop
  endfacet
  facet normal 0.000000e+00 0.000000e+00 1.000000e+00
    outer loop
      vertex -5.416554e-01 -5.693028e-02 -8.386706e-01
      vertex -4.972609e-01 -5.226423e-02 -8.660254e-01
      vertex -4.890738e-01 -1.039558e-01 -8.660254e-01
    endloop
  endfacet
  facet normal 0.000000e+00 0.000000e+00 1.000000e+00
    outer loop
      vertex -5.327374e-01 -1.132368e-01 -8.386706e-01
      vertex -4.890738e-01 -1.039558e-01 -8.660254e-01
      vertex -4.755283e-01 -1.545085e-01 -8.660254e-01
    endloop
  endfacet
  facet normal 0.000000e+00 0.000000e+00 1.000000e+00
    outer loop
      vertex -5.179825e-01 -1.683027e-01 -8.386706e-01
      vertex -4.755283e-01 -1.545085e-01 -8.660254e-01
      vertex -4.567727e-01 -2.033683e-01 -8.660254e-01
    endloop
  endfacet
  facet normal 0.000000e+00 0.000000e+00 1.000000e+00
    outer loop
      vertex -4.975525e-01 -2.215247e-01 -8.386706e-01
      vertex -4.567727e-01 -2.033683e-01 -8.660254e-01
      vertex -4.330127e-01 -2.500000e-01 -8.660254e-01
    endloop
  endfacet
  facet normal 0.000000e+00 0.000000e+00 1.000000e+00
    outer loop
      vertex -4.716712e-01 -2.723195e-01 -8.386706e-01
      vertex -4.330127e-01 -2.500000e-01 -8.660254e-01
      vertex -4.045085e-01 -2.938926e-01 -8.660254e-01
    endloop
  endfacet
  facet normal 0.000000e+00 0.000000e+00 1.000000e+00
    outer loop
      vertex -4.406222e-01 -3.201308e-01 -8.386706e-01
      vertex -4.045085e-01 -2.938926e-01 -8.660254e-01
      vertex -3.715724e-01 -3.345653e-01 -8.660254e-01
    endloop
  endfacet
  facet normal 0.000000e+00 0.000000e+00 1.000000e+00
    outer loop
      vertex -4.047457e-01 -3.644346e-01 -8.386706e-01
      vertex -3.715724e-01 -3.345653e-01 -8.660254e-01
      vertex -3.345653e-01 -3.715724e-01 -8.660254e-01
    endloop
  endfacet
  facet normal 0.000000e+00 0.000000e+00 1.000000e+00
    outer loop
      vertex -3.644346e-01 -4.047457e-01 -8.386706e-01
      vertex -3.345653e-01 -3.715724e-01 -8.660254e-01
      vertex -2.938926e-01 -4.045085e-01 -8.660254e-01
    endloop
  endfacet
  facet normal 0.000000e+00 0.000000e+00 1.000000e+00
    outer loop
      vertex -3.201308e-01 -4.406222e-01 -8.386706e-01
      vertex -2.938926e-01 -4.045085e-01 -8.660254e-01
      vertex -2.500000e-01 -4.330127e-01 -8.660254e-01
    endloop
  endfacet
  facet normal 0.000000e+00 0.000000e+00 1.000000e+00
    outer loop
      vertex -2.723195e-01 -4.716712e-01 -8.386706e-01
      vertex -2.500000e-01 -4.330127e-01 -8.660254e-01
      vertex -2.033683e-01 -4.567727e-01 -8.660254e-01
    endloop
  endfacet
  facet normal 0.000000e+00 0.000000e+00 1.000000e+00
    outer loop
      vertex -2.215247e-01 -4.975525e-01 -8.386706e-01
      vertex -2.033683e-01 -4.567727e-01 -8.660254e-01
      vertex -1.545085e-01 -4.755283e-01 -8.660254e-01
    endloop
  endfacet
  facet normal 0.000000e+00 0.000000e+00 1.000000e+00
    outer loop
      vertex -1.683027e-01 -5.179825e-01 -8.386706e-01
      vertex -1.545085e-01 -4.755283e-01 -8.660254e-01
      vertex -1.039558e-01 -4.890738e-01 -8.660254e-01
    endloop
  endfacet
  facet normal 0.000000e+00 0.000000e+00 1.000000e+00
    outer loop
      vertex -1.132368e-01 -5.327374e-01 -8.386706e-01
      vertex -1.039558e-01 -4.890738e-01 -8.660254e-01
      vertex -5.226423e-02 -4.972609e-01 -8.660254e-01
    endloop
  endfacet
  facet normal 0.000000e+00 0.000000e+00 1.000000e+00
    outer loop
      vertex -5.693028e-02 -5.416554e-01 -8.386706e-01
      vertex -5.226423e-02 -4.972609e-01 -8.660254e-01
      vertex -9.184851e-17 -5.000000e-01 -8.660254e-01
    endloop
  endfacet
  facet normal 0.000000e+00 0.000000e+00 1.000000e+00
    outer loop
      vertex -1.000486e-16 -5.446390e-01 -8.386706e-01
      vertex -9.184851e-17 -5.000000e-01 -8.660254e-01
      vertex 5.226423e-02 -4.972609e-01 -8.660254e-01
    endloop
  endfacet
  facet normal 0.000000e+00 0.000000e+00 1.000000e+00
    outer loop
      vertex 5.693028e-02 -5.416554e-01 -8.386706e-01
      vertex 5.226423e-02 -4.972609e-01 -8.660254e-01
      vertex 1.039558e-01 -4.890738e-01 -8.660254e-01
    endloop
  endfacet
  facet normal 0.000000e+00 0.000000e+00 1.000000e+00
    outer loop
      vertex 1.132368e-01 -5.327374e-01 -8.386706e-01
      vertex 1.039558e-01 -4.890738e-01 -8.660254e-01
      vertex 1.545085e-01 -4.755283e-01 -8.660254e-01
    endloop
  endfacet
  facet normal 0.000000e+00 0.000000e+00 1.000000e+00
    outer loop
      vertex 1.683027e-01 -5.179825e-01 -8.386706e-01
      vertex 1.545085e-01 -4.755283e-01 -8.660254e-01
      vertex 2.033683e-01 -4.567727e-01 -8.660254e-01
    endloop
  endfacet
  facet normal 0.000000e+00 0.000000e+00 1.000000e+00
    outer loop
      vertex 2.215247e-01 -4.975525e-01 -8.386706e-01
      vertex 2.033683e-01 -4.567727e-01 -8.660254e-01
      vertex 2.500000e-01 -4.330127e-01 -8.660254e-01
    endloop
  endfacet
  facet normal 0.000000e+00 0.000000e+00 1.000000e+00
    outer loop
      vertex 2.723195e-01 -4.716712e-01 -8.386706e-01
      vertex 2.500000e-01 -4.330127e-01 -8.660254e-01
      vertex 2.938926e-01 -4.045085e-01 -8.660254e-01
    endloop
  endfacet
  facet normal 0.000000e+00 0.000000e+00 1.000000e+00
    outer loop
      vertex 3.201308e-01 -4.406222e-01 -8.386706e-01
      vertex 2.938926e-01 -4.045085e-01 -8.660254e-01
      vertex 3.345653e-01 -3.715724e-01 -8.660254e-01
    endloop
  endfacet
  facet normal 0.000000e+00 0.000000e+00 1.000000e+00
    outer loop
      vertex 3.644346e-01 -4.047457e-01 -8.386706e-01
      vertex 3.345653e-01 -3.715724e-01 -8.660254e-01
      vertex 3.715724e-01 -3.345653e-01 -8.660254e-01
    endloop
  endfacet
  facet normal 0.000000e+00 0.000000e+00 1.000000e+00
    outer loop
      vertex 4.047457e-01 -3.644346e-01 -8.386706e-01
      vertex 3.715724e-01 -3.345653e-01 -8.660254e-01
      vertex 4.045085e-01 -2.938926e-01 -8.660254e-01
    endloop
  endfacet
  facet normal 0.000000e+00 0.000000e+00 1.000000e+00
    outer loop
      vertex 4.406222e-01 -3.201308e-01 -8.386706e-01
      vertex 4.045085e-01 -2.938926e-01 -8.660254e-01
      vertex 4.330127e-01 -2.500000e-01 -8.660254e-01
    endloop
  endfacet
  facet normal 0.000000e+00 0.000000e+00 1.000000e+00
    outer loop
      vertex 4.716712e-01 -2.723195e-01 -8.386706e-01
      vertex 4.330127e-01 -2.500000e-01 -8.660254e-01
      vertex 4.567727e-01 -2.033683e-01 -8.660254e-01
    endloop
  endfacet
  facet normal 0.000000e+00 0.000000e+00 1.000000e+00
    outer loop
      vertex 4.975525e-01 -2.215247e-01 -8.386706e-01
      vertex 4.567727e-01 -2.033683e-01 -8.660254e-01
      vertex 4.755283e-01 -1.545085e-01 -8.660254e-01
    endloop
  endfacet
  facet normal 0.000000e+00 0.000000e+00 1.000000e+00
    outer loop
      vertex 5.179825e-01 -1.683027e-01 -8.386706e-01
      vertex 4.755283e-01 -1.545085e-01 -8.660254e-01
      vertex 4.890738e-01 -1.039558e-01 -8.660254e-01
    endloop
  endfacet
  facet normal 0.000000e+00 0.000000e+00 1.000000e+00
    outer loop
      vertex 5.327374e-01 -1.132368e-01 -8.386706e-01
      vertex 4.890738e-01 -1.039558e-01 -8.660254e-01
      vertex 4.972609e-01 -5.226423e-02 -8.660254e-01
    endloop
  endfacet
  facet normal 0.000000e+00 0.000000e+00 1.000000e+00
    outer loop
      vertex 5.416554e-01 -5.693028e-02 -8.386706e-01
      vertex 4.972609e-01 -5.226423e-02 -8.660254e-01
      vertex 5.000000e-01 -5.665539e-16 -8.660254e-01
    endloop
  endfacet
  facet normal 0.000000e+00 0.000000e+00 1.000000e+00
    outer loop
      vertex 5.000000e-01 0.000000e+00 -8.660254e-01
      vertex 4.539905e-01 0.000000e+00 -8.910065e-01
      vertex 4.515035e-01 4.745493e-02 -8.910065e-01
    endloop
  endfacet
  facet normal 0.000000e+00 0.000000e+00 1.000000e+00
    outer loop
      vertex 4.972609e-01 5.226423e-02 -8.660254e-01
      vertex 4.515035e-01 4.745493e-02 -8.910065e-01
      vertex 4.440697e-01 9.438993e-02 -8.910065e-01
    endloop
  endfacet
  facet normal 0.000000e+00 0.000000e+00 1.000000e+00
    outer loop
      vertex 4.890738e-01 1.039558e-01 -8.660254e-01
      vertex 4.440697e-01 9.438993e-02 -8.910065e-01
      vertex 4.317706e-01 1.402908e-01 -8.910065e-01
    endloop
  endfacet
  facet normal 0.000000e+00 0.000000e+00 1.000000e+00
    outer loop
      vertex 4.755283e-01 1.545085e-01 -8.660254e-01
      vertex 4.317706e-01 1.402908e-01 -8.910065e-01
      vertex 4.147410e-01 1.846546e-01 -8.910065e-01
    endloop
  endfacet
  facet normal 0.000000e+00 0.000000e+00 1.000000e+00
    outer loop
      vertex 4.567727e-01 2.033683e-01 -8.660254e-01
      vertex 4.147410e-01 1.846546e-01 -8.910065e-01
      vertex 3.931673e-01 2.269952e-01 -8.910065e-01
    endloop
  endfacet
  facet normal 0.000000e+00 0.000000e+00 1.000000e+00
    outer loop
      vertex 4.330127e-01 2.500000e-01 -8.660254e-01
      vertex 3.931673e-01 2.269952e-01 -8.910065e-01
      vertex 3.672860e-01 2.668489e-01 -8.910065e-01
    endloop
  endfacet
  facet normal 0.000000e+00 0.000000e+00 1.000000e+00
    outer loop
      vertex 4.045085e-01 2.938926e-01 -8.660254e-01
      vertex 3.672860e-01 2.668489e-01 -8.910065e-01
      vertex 3.373807e-01 3.037789e-01 -8.910065e-01
    endloop
  endfacet
  facet normal 0.000000e+00 0.000000e+00 1.000000e+00
    outer loop
      vertex 3.715724e-01 3.345653e-01 -8.660254e-01
      vertex 3.373807e-01 3.037789e-01 -8.910065e-01
      vertex 3.037789e-01 3.373807e-01 -8.910065e-01
    endloop
  endfacet
  facet normal 0.000000e+00 0.000000e+00 1.000000e+00
    outer loop
      vertex 3.345653e-01 3.715724e-01 -8.660254e-01
      vertex 3.037789e-01 3.373807e-01 -8.910065e-01
      vertex 2.668489e-01 3.672860e-01 -8.910065e-01
    endloop
  endfacet
  facet normal 0.000000e+00 0.000000e+00 1.000000e+00
    outer loop
      vertex 2.938926e-01 4.045085e-01 -8.660254e-01
      vertex 2.668489e-01 3.672860e-01 -8.910065e-01
      vertex 2.269952e-01 3.931673e-01 -8.910065e-01
    endloop
  endfacet
  facet normal 0.000000e+00 0.000000e+00 1.000000e+00
    outer loop
      vertex 2.500000e-01 4.330127e-01 -8.660254e-01
      vertex 2.269952e-01 3.931673e-01 -8.910065e-01
      vertex 1.846546e-01 4.147410e-01 -8.910065e-01
    endloop
  endfacet
  facet normal 0.000000e+00 0.000000e+00 1.000000e+00
    outer loop
      vertex 2.033683e-01 4.567727e-01 -8.660254e-01
      vertex 1.846546e-01 4.147410e-01 -8.910065e-01
      vertex 1.402908e-01 4.317706e-01 -8.910065e-01
    endloop
  endfacet
  facet normal 0.000000e+00 0.000000e+00 1.000000e+00
    outer loop
      vertex 1.545085e-01 4.755283e-01 -8.660254e-01
      vertex 1.402908e-01 4.317706e-01 -8.910065e-01
      vertex 9.438993e-02 4.440697e-01 -8.910065e-01
    endloop
  endfacet
  facet normal 0.000000e+00 0.000000e+00 1.000000e+00
    outer loop
      vertex 1.039558e-01 4.890738e-01 -8.660254e-01
      vertex 9.438993e-02 4.440697e-01 -8.910065e-01
      vertex 4.745493e-02 4.515035e-01 -8.910065e-01
    endloop
  endfacet
  facet normal 0.000000e+00 0.000000e+00 1.000000e+00
    outer loop
      vertex 5.226423e-02 4.972609e-01 -8.660254e-01
      vertex 4.745493e-02 4.515035e-01 -8.910065e-01
      vertex 1.286050e-16 4.539905e-01 -8.910065e-01
    endloop
  endfacet
  facet normal 0.000000e+00 0.000000e+00 1.000000e+00
    outer loop
      vertex 1.416385e-16 5.000000e-01 -8.660254e-01
      vertex 1.286050e-16 4.539905e-01 -8.910065e-01
      vertex -4.745493e-02 4.515035e-01 -8.910065e-01
    endloop
  endfacet
  facet normal 0.000000e+00 0.000000e+00 1.000000e+00
    outer loop
      vertex -5.226423e-02 4.972609e-01 -8.660254e-01
      vertex -4.745493e-02 4.515035e-01 -8.910065e-01
      vertex -9.438993e-02 4.440697e-01 -8.910065e-01
    endloop
  endfacet
  facet normal 0.000000e+00 0.000000e+00 1.000000e+00
    outer loop
      vertex -1.039558e-01 4.890738e-01 -8.660254e-01
      vertex -9.438993e-02 4.440697e-01 -8.910065e-01
      vertex -1.402908e-01 4.317706e-01 -8.910065e-01
    endloop
  endfacet
  facet normal 0.000000e+00 0.000000e+00 1.000000e+00
    outer loop
      vertex -1.545085e-01 4.755283e-01 -8.660254e-01
      vertex -1.402908e-01 4.317706e-01 -8.910065e-01
      vertex -1.846546e-01 4.147410e-01 -8.910065e-01
    endloop
  endfacet
  facet normal 0.000000e+00 0.000000e+00 1.000000e+00
    outer loop
      vertex -2.033683e-01 4.567727e-01 -8.660254e-01
      vertex -1.846546e-01 4.147410e-01 -8.910065e-01
      vertex -2.269952e-01 3.931673e-01 -8.910065e-01
    endloop
  endfacet
  facet normal 0.000000e+00 0.000000e+00 1.000000e+00
    outer loop
      vertex -2.500000e-01 4.330127e-01 -8.660254e-01
      vertex -2.269952e-01 3.931673e-01 -8.910065e-01
      vertex -2.668489e-01 3.672860e-01 -8.910065e-01
    endloop
  endfacet
  facet normal 0.000000e+00 0.000000e+00 1.000000e+00
    outer loop
      vertex -2.938926e-01 4.045085e-01 -8.660254e-01
      vertex -2.668489e-01 3.672860e-01 -8.910065e-01
      vertex -3.037789e-01 3.373807e-01 -8.910065e-01
    endloop
  endfacet
  facet normal 0.000000e+00 0.000000e+00 1.000000e+00
    outer loop
      vertex -3.345653e-01 3.715724e-01 -8.660254e-01
      vertex -3.037789e-01 3.373807e-01 -8.910065e-01
      vertex -3.373807e-01 3.037789e-01 -8.910065e-01
    endloop
  endfacet
  facet normal 0.000000e+00 0.000000e+00 1.000000e+00
    outer loop
      vertex -3.715724e-01 3.345653e-01 -8.660254e-01
      vertex -3.373807e-01 3.037789e-01 -8.910065e-01
      vertex -3.672860e-01 2.668489e-01 -8.910065e-01
    endloop
  endfacet
  facet normal 0.000000e+00 0.000000e+00 1.000000e+00
    outer loop
      vertex -4.045085e-01 2.938926e-01 -8.660254e-01
      vertex -3.672860e-01 2.668489e-01 -8.910065e-01
      vertex -3.931673e-01 2.269952e-01 -8.910065e-01
    endloop
  endfacet
  facet normal 0.000000e+00 0.000000e+00 1.000000e+00
    outer loop
      vertex -4.330127e-01 2.500000e-01 -8.660254e-01
      vertex -3.931673e-01 2.269952e-01 -8.910065e-01
      vertex -4.147410e-01 1.846546e-01 -8.910065e-01
    endloop
  endfacet
  facet normal 0.000000e+00 0.000000e+00 1.000000e+00
    outer loop
      vertex -4.567727e-01 2.033683e-01 -8.660254e-01
      vertex -4.147410e-01 1.846546e-01 -8.910065e-01
      vertex -4.317706e-01 1.402908e-01 -8.910065e-01
    endloop
  endfacet
  facet normal 0.000000e+00 0.000000e+00 1.000000e+00
    outer loop
      vertex -4.755283e-01 1.545085e-01 -8.660254e-01
      vertex -4.317706e-01 1.402908e-01 -8.910065e-01
      vertex -4.440697e-01 9.438993e-02 -8.910065e-01
    endloop
  endfacet
  facet normal 0.000000e+00 0.000000e+00 1.000000e+00
    outer loop
      vertex -4.890738e-01 1.039558e-01 -8.660254e-01
      vertex -4.440697e-01 9.438993e-02 -8.910065e-01
      vertex -4.515035e-01 4.745493e-02 -8.910065e-01
    endloop
  endfacet
  facet normal 0.000000e+00 0.000000e+00 1.000000e+00
    outer loop
      vertex -4.972609e-01 5.226423e-02 -8.660254e-01
      vertex -4.515035e-01 4.745493e-02 -8.910065e-01
      vertex -4.539905e-01 2.572101e-16 -8.910065e-01
    endloop
  endfacet
  facet normal 0.000000e+00 0.000000e+00 1.000000e+00
    outer loop
      vertex -5.000000e-01 2.832769e-16 -8.660254e-01
      vertex -4.539905e-01 2.572101e-16 -8.910065e-01
      vertex -4.515035e-01 -4.745493e-02 -8.910065e-01
    endloop
  endfacet
  facet normal 0.000000e+00 0.000000e+00 1.000000e+00
    outer loop
      vertex -4.972609e-01 -5.226423e-02 -8.660254e-01
      vertex -4.515035e-01 -4.745493e-02 -8.910065e-01
      vertex -4.440697e-01 -9.438993e-02 -8.910065e-01
    endloop
  endfacet
  facet normal 0.000000e+00 0.000000e+00 1.000000e+00
    outer loop
      vertex -4.890738e-01 -1.039558e-01 -8.660254e-01
      vertex -4.440697e-01 -9.438993e-02 -8.910065e-01
      vertex -4.317706e-01 -1.402908e-01 -8.910065e-01
    endloop
  endfacet
  facet normal 0.000000e+00 0.000000e+00 1.000000e+00
    outer loop
      vertex -4.755283e-01 -1.545085e-01 -8.660254e-01
      vertex -4.317706e-01 -1.402908e-01 -8.910065e-01
      vertex -4.147410e-01 -1.846546e-01 -8.910065e-01
    endloop
  endfacet
  facet normal 0.000000e+00 0.000000e+00 1.000000e+00
    outer loop
      vertex -4.567727e-01 -2.033683e-01 -8.660254e-01
      vertex -4.147410e-01 -1.846546e-01 -8.910065e-01
      vertex -3.931673e-01 -2.269952e-01 -8.910065e-01
    endloop
  endfacet
  facet normal 0.000000e+00 0.000000e+00 1.000000e+00
    outer loop
      vertex -4.330127e-01 -2.500000e-01 -8.660254e-01
      vertex -3.931673e-01 -2.269952e-01 -8.910065e-01
      vertex -3.672860e-01 -2.668489e-01 -8.910065e-01
    endloop
  endfacet
  facet normal 0.000000e+00 0.000000e+00 1.000000e+00
    outer loop
      vertex -4.045085e-01 -2.938926e-01 -8.660254e-01
      vertex -3.672860e-01 -2.668489e-01 -8.910065e-01
      vertex -3.373807e-01 -3.037789e-01 -8.910065e-01
    endloop
  endfacet
  facet normal 0.000000e+00 0.000000e+00 1.000000e+00
    outer loop
      vertex -3.715724e-01 -3.345653e-01 -8.660254e-01
      vertex -3.373807e-01 -3.037789e-01 -8.910065e-01
      vertex -3.037789e-01 -3.373807e-01 -8.910065e-01
    endloop
  endfacet
  facet normal 0.000000e+00 0.000000e+00 1.000000e+00
    outer loop
      vertex -3.345653e-01 -3.715724e-01 -8.660254e-01
      vertex -3.037789e-01 -3.373807e-01 -8.910065e-01
      vertex -2.668489e-01 -3.672860e-01 -8.910065e-01
    endloop
  endfacet
  facet normal 0.000000e+00 0.000000e+00 1.000000e+00
    outer loop
      vertex -2.938926e-01 -4.045085e-01 -8.660254e-01
      vertex -2.668489e-01 -3.672860e-01 -8.910065e-01
      vertex -2.269952e-01 -3.931673e-01 -8.910065e-01
    endloop
  endfacet
  facet normal 0.000000e+00 0.000000e+00 1.000000e+00
    outer loop
      vertex -2.500000e-01 -4.330127e-01 -8.660254e-01
      vertex -2.269952e-01 -3.931673e-01 -8.910065e-01
      vertex -1.846546e-01 -4.147410e-01 -8.910065e-01
    endloop
  endfacet
  facet normal 0.000000e+00 0.000000e+00 1.000000e+00
    outer loop
      vertex -2.033683e-01 -4.567727e-01 -8.660254e-01
      vertex -1.846546e-01 -4.147410e-01 -8.910065e-01
      vertex -1.402908e-01 -4.317706e-01 -8.910065e-01
    endloop
  endfacet
  facet normal 0.000000e+00 0.000000e+00 1.000000e+00
    outer loop
      vertex -1.545085e-01 -4.755283e-01 -8.660254e-01
      vertex -1.402908e-01 -4.317706e-01 -8.910065e-01
      vertex -9.438993e-02 -4.440697e-01 -8.910065e-01
    endloop
  endfacet
  facet normal 0.000000e+00 0.000000e+00 1.000000e+00
    outer loop
      vertex -1.039558e-01 -4.890738e-01 -8.660254e-01
      vertex -9.438993e-02 -4.440697e-01 -8.910065e-01
      vertex -4.745493e-02 -4.515035e-01 -8.910065e-01
    endloop
  endfacet
  facet normal 0.000000e+00 0.000000e+00 1.000000e+00
    outer loop
      vertex -5.226423e-02 -4.972609e-01 -8.660254e-01
      vertex -4.745493e-02 -4.515035e-01 -8.910065e-01
      vertex -8.339670e-17 -4.539905e-01 -8.910065e-01
    endloop
  endfacet
  facet normal 0.000000e+00 0.000000e+00 1.000000e+00
    outer loop
      vertex -9.184851e-17 -5.000000e-01 -8.660254e-01
      vertex -8.339670e-17 -4.539905e-01 -8.910065e-01
      vertex 4.745493e-02 -4.515035e-01 -8.910065e-01
    endloop
  endfacet
  facet normal 0.000000e+00 0.000000e+00 1.000000e+00
    outer loop
      vertex 5.226423e-02 -4.972609e-01 -8.660254e-01
      vertex 4.745493e-02 -4.515035e-01 -8.910065e-01
      vertex 9.438993e-02 -4.440697e-01 -8.910065e-01
    endloop
  endfacet
  facet normal 0.000000e+00 0.000000e+00 1.000000e+00
    outer loop
      vertex 1.039558e-01 -4.890738e-01 -8.660254e-01
      vertex 9.438993e-02 -4.440697e-01 -8.910065e-01
      vertex 1.402908e-01 -4.317706e-01 -8.910065e-01
    endloop
  endfacet
  facet normal 0.000000e+00 0.000000e+00 1.000000e+00
    outer loop
      vertex 1.545085e-01 -4.755283e-01 -8.660254e-01
      vertex 1.402908e-01 -4.317706e-01 -8.910065e-01
      vertex 1.846546e-01 -4.147410e-01 -8.910065e-01
    endloop
  endfacet
  facet normal 0.000000e+00 0.000000e+00 1.000000e+00
    outer loop
      vertex 2.033683e-01 -4.567727e-01 -8.660254e-01
      vertex 1.846546e-01 -4.147410e-01 -8.910065e-01
      vertex 2.269952e-01 -3.931673e-01 -8.910065e-01
    endloop
  endfacet
  facet normal 0.000000e+00 0.000000e+00 1.000000e+00
    outer loop
      vertex 2.500000e-01 -4.330127e-01 -8.660254e-01
      vertex 2.269952e-01 -3.931673e-01 -8.910065e-01
      vertex 2.668489e-01 -3.672860e-01 -8.910065e-01
    endloop
  endfacet
  facet normal 0.000000e+00 0.000000e+00 1.000000e+00
    outer loop
      vertex 2.938926e-01 -4.045085e-01 -8.660254e-01
      vertex 2.668489e-01 -3.672860e-01 -8.910065e-01
      vertex 3.037789e-01 -3.373807e-01 -8.910065e-01
    endloop
  endfacet
  facet normal 0.000000e+00 0.000000e+00 1.000000e+00
    outer loop
      vertex 3.345653e-01 -3.715724e-01 -8.660254e-01
      vertex 3.037789e-01 -3.373807e-01 -8.910065e-01
      vertex 3.373807e-01 -3.037789e-01 -8.910065e-01
    endloop
  endfacet
  facet normal 0.000000e+00 0.000000e+00 1.000000e+00
    outer loop
      vertex 3.715724e-01 -3.345653e-01 -8.660254e-01
      vertex 3.373807e-01 -3.037789e-01 -8.910065e-01
      vertex 3.672860e-01 -2.668489e-01 -8.910065e-01
    endloop
  endfacet
  facet normal 0.000000e+00 0.000000e+00 1.000000e+00
    outer loop
      vertex 4.045085e-01 -2.938926e-01 -8.660254e-01
      vertex 3.672860e-01 -2.668489e-01 -8.910065e-01
      vertex 3.931673e-01 -2.269952e-01 -8.910065e-01
    endloop
  endfacet
  facet normal 0.000000e+00 0.000000e+00 1.000000e+00
    outer loop
      vertex 4.330127e-01 -2.500000e-01 -8.660254e-01
      vertex 3.931673e-01 -2.269952e-01 -8.910065e-01
      vertex 4.147410e-01 -1.846546e-01 -8.910065e-01
    endloop
  endfacet
  facet normal 0.000000e+00 0.000000e+00 1.000000e+00
    outer loop
      vertex 4.567727e-01 -2.033683e-01 -8.660254e-01
      vertex 4.147410e-01 -1.846546e-01 -8.910065e-01
      vertex 4.317706e-01 -1.402908e-01 -8.910065e-01
    endloop
  endfacet
  facet normal 0.000000e+00 0.000000e+00 1.000000e+00
    outer loop
      vertex 4.755283e-01 -1.545085e-01 -8.660254e-01
      vertex 4.317706e-01 -1.402908e-01 -8.910065e-01
      vertex 4.440697e-01 -9.438993e-02 -8.910065e-01
    endloop
  endfacet
  facet normal 0.000000e+00 0.000000e+00 1.000000e+00
    outer loop
      vertex 4.890738e-01 -1.039558e-01 -8.660254e-01
      vertex 4.440697e-01 -9.438993e-02 -8.910065e-01
      vertex 4.515035e-01 -4.745493e-02 -8.910065e-01
    endloop
  endfacet
  facet normal 0.000000e+00 0.000000e+00 1.000000e+00
    outer loop
      vertex 4.972609e-01 -5.226423e-02 -8.660254e-01
      vertex 4.515035e-01 -4.745493e-02 -8.910065e-01
      vertex 4.539905e-01 -5.144202e-16 -8.910065e-01
    endloop
  endfacet
  facet normal 0.000000e+00 0.000000e+00 1.000000e+00
    outer loop
      vertex 4.539905e-01 0.000000e+00 -8.910065e-01
      vertex 4.067366e-01 0.000000e+00 -9.135455e-01
      vertex 4.045085e-01 4.251556e-02 -9.135455e-01
    endloop
  endfacet
  facet normal 0.000000e+00 0.000000e+00 1.000000e+00
    outer loop
      vertex 4.515035e-01 4.745493e-02 -8.910065e-01
      vertex 4.045085e-01 4.251556e-02 -9.135455e-01
      vertex 3.978485e-01 8.456530e-02 -9.135455e-01
    endloop
  endfacet
  facet normal 0.000000e+00 0.000000e+00 1.000000e+00
    outer loop
      vertex 4.440697e-01 9.438993e-02 -8.910065e-01
      vertex 3.978485e-01 8.456530e-02 -9.135455e-01
      vertex 3.868295e-01 1.256885e-01 -9.135455e-01
    endloop
  endfacet
  facet normal 0.000000e+00 0.000000e+00 1.000000e+00
    outer loop
      vertex 4.317706e-01 1.402908e-01 -8.910065e-01
      vertex 3.868295e-01 1.256885e-01 -9.135455e-01
      vertex 3.715724e-01 1.654347e-01 -9.135455e-01
    endloop
  endfacet
  facet normal 0.000000e+00 0.000000e+00 1.000000e+00
    outer loop
      vertex 4.147410e-01 1.846546e-01 -8.910065e-01
      vertex 3.715724e-01 1.654347e-01 -9.135455e-01
      vertex 3.522443e-01 2.033683e-01 -9.135455e-01
    endloop
  endfacet
  facet normal 0.000000e+00 0.000000e+00 1.000000e+00
    outer loop
      vertex 3.931673e-01 2.269952e-01 -8.910065e-01
      vertex 3.522443e-01 2.033683e-01 -9.135455e-01
      vertex 3.290569e-01 2.390738e-01 -9.135455e-01
    endloop
  endfacet
  facet normal 0.000000e+00 0.000000e+00 1.000000e+00
    outer loop
      vertex 3.672860e-01 2.668489e-01 -8.910065e-01
      vertex 3.290569e-01 2.390738e-01 -9.135455e-01
      vertex 3.022642e-01 2.721599e-01 -9.135455e-01
    endloop
  endfacet
  facet normal 0.000000e+00 0.000000e+00 1.000000e+00
    outer loop
      vertex 3.373807e-01 3.037789e-01 -8.910065e-01
      vertex 3.022642e-01 2.721599e-01 -9.135455e-01
      vertex 2.721599e-01 3.022642e-01 -9.135455e-01
    endloop
  endfacet
  facet normal 0.000000e+00 0.000000e+00 1.000000e+00
    outer loop
      vertex 3.037789e-01 3.373807e-01 -8.910065e-01
      vertex 2.721599e-01 3.022642e-01 -9.135455e-01
      vertex 2.390738e-01 3.290569e-01 -9.135455e-01
    endloop
  endfacet
  facet normal 0.000000e+00 0.000000e+00 1.000000e+00
    outer loop
      vertex 2.668489e-01 3.672860e-01 -8.910065e-01
      vertex 2.390738e-01 3.290569e-01 -9.135455e-01
      vertex 2.033683e-01 3.522443e-01 -9.135455e-01
    endloop
  endfacet
  facet normal 0.000000e+00 0.000000e+00 1.000000e+00
    outer loop
      vertex 2.269952e-01 3.931673e-01 -8.910065e-01
      vertex 2.033683e-01 3.522443e-01 -9.135455e-01
      vertex 1.654347e-01 3.715724e-01 -9.135455e-01
    endloop
  endfacet
  facet normal 0.000000e+00 0.000000e+00 1.000000e+00
    outer loop
      vertex 1.846546e-01 4.147410e-01 -8.910065e-01
      vertex 1.654347e-01 3.715724e-01 -9.135455e-01
      vertex 1.256885e-01 3.868295e-01 -9.135455e-01
    endloop
  endfacet
  facet normal 0.000000e+00 0.000000e+00 1.000000e+00
    outer loop
      vertex 1.402908e-01 4.317706e-01 -8.910065e-01
      vertex 1.256885e-01 3.868295e-01 -9.135455e-01
      vertex 8.456530e-02 3.978485e-01 -9.135455e-01
    endloop
  endfacet
  facet normal 0.000000e+00 0.000000e+00 1.000000e+00
    outer loop
      vertex 9.438993e-02 4.440697e-01 -8.910065e-01
      vertex 8.456530e-02 3.978485e-01 -9.135455e-01
      vertex 4.251556e-02 4.045085e-01 -9.135455e-01
    endloop
  endfacet
  facet normal 0.000000e+00 0.000000e+00 1.000000e+00
    outer loop
      vertex 4.745493e-02 4.515035e-01 -8.910065e-01
      vertex 4.251556e-02 4.045085e-01 -9.135455e-01
      vertex 1.152191e-16 4.067366e-01 -9.135455e-01
    endloop
  endfacet
  facet normal 0.000000e+00 0.000000e+00 1.000000e+00
    outer loop
      vertex 1.286050e-16 4.539905e-01 -8.910065e-01
      vertex 1.152191e-16 4.067366e-01 -9.135455e-01
      vertex -4.251556e-02 4.045085e-01 -9.135455e-01
    endloop
  endfacet
  facet normal 0.000000e+00 0.000000e+00 1.000000e+00
    outer loop
      vertex -4.745493e-02 4.515035e-01 -8.910065e-01
      vertex -4.251556e-02 4.045085e-01 -9.135455e-01
      vertex -8.456530e-02 3.978485e-01 -9.135455e-01
    endloop
  endfacet
  facet normal 0.000000e+00 0.000000e+00 1.000000e+00
    outer loop
      vertex -9.438993e-02 4.440697e-01 -8.910065e-01
      vertex -8.456530e-02 3.978485e-01 -9.135455e-01
      vertex -1.256885e-01 3.868295e-01 -9.135455e-01
    endloop
  endfacet
  facet normal 0.000000e+00 0.000000e+00 1.000000e+00
    outer loop
      vertex -1.402908e-01 4.317706e-01 -8.910065e-01
      vertex -1.256885e-01 3.868295e-01 -9.135455e-01
      vertex -1.654347e-01 3.715724e-01 -9.135455e-01
    endloop
  endfacet
  facet normal 0.000000e+00 0.000000e+00 1.000000e+00
    outer loop
      vertex -1.846546e-01 4.147410e-01 -8.910065e-01
      vertex -1.654347e-01 3.715724e-01 -9.135455e-01
      vertex -2.033683e-01 3.522443e-01 -9.135455e-01
    endloop
  endfacet
  facet normal 0.000000e+00 0.000000e+00 1.000000e+00
    outer loop
      vertex -2.269952e-01 3.931673e-01 -8.910065e-01
      vertex -2.033683e-01 3.522443e-01 -9.135455e-01
      vertex -2.390738e-01 3.290569e-01 -9.135455e-01
    endloop
  endfacet
  facet normal 0.000000e+00 0.000000e+00 1.000000e+00
    outer loop
      vertex -2.668489e-01 3.672860e-01 -8.910065e-01
      vertex -2.390738e-01 3.290569e-01 -9.135455e-01
      vertex -2.721599e-01 3.022642e-01 -9.135455e-01
    endloop
  endfacet
  facet normal 0.000000e+00 0.000000e+00 1.000000e+00
    outer loop
      vertex -3.037789e-01 3.373807e-01 -8.910065e-01
      vertex -2.721599e-01 3.022642e-01 -9.135455e-01
      vertex -3.022642e-01 2.721599e-01 -9.135455e-01
    endloop
  endfacet
  facet normal 0.000000e+00 0.000000e+00 1.000000e+00
    outer loop
      vertex -3.373807e-01 3.037789e-01 -8.910065e-01
      vertex -3.022642e-01 2.721599e-01 -9.135455e-01
      vertex -3.290569e-01 2.390738e-01 -9.135455e-01
    endloop
  endfacet
  facet normal 0.000000e+00 0.000000e+00 1.000000e+00
    outer loop
      vertex -3.672860e-01 2.668489e-01 -8.910065e-01
      vertex -3.290569e-01 2.390738e-01 -9.135455e-01
      vertex -3.522443e-01 2.033683e-01 -9.135455e-01
    endloop
  endfacet
  facet normal 0.000000e+00 0.000000e+00 1.000000e+00
    outer loop
      vertex -3.931673e-01 2.269952e-01 -8.910065e-01
      vertex -3.522443e-01 2.033683e-01 -9.135455e-01
      vertex -3.715724e-01 1.654347e-01 -9.135455e-01
    endloop
  endfacet
  facet normal 0.000000e+00 0.000000e+00 1.000000e+00
    outer loop
      vertex -4.147410e-01 1.846546e-01 -8.910065e-01
      vertex -3.715724e-01 1.654347e-01 -9.135455e-01
      vertex -3.868295e-01 1.256885e-01 -9.135455e-01
    endloop
  endfacet
  facet normal 0.000000e+00 0.000000e+00 1.000000e+00
    outer loop
      vertex -4.317706e-01 1.402908e-01 -8.910065e-01
      vertex -3.868295e-01 1.256885e-01 -9.135455e-01
      vertex -3.978485e-01 8.456530e-02 -9.135455e-01
    endloop
  endfacet
  facet normal 0.000000e+00 0.000000e+00 1.000000e+00
    outer loop
      vertex -4.440697e-01 9.438993e-02 -8.910065e-01
      vertex -3.978485e-01 8.456530e-02 -9.135455e-01
      vertex -4.045085e-01 4.251556e-02 -9.135455e-01
    endloop
  endfacet
  facet normal 0.000000e+00 0.000000e+00 1.000000e+00
    outer loop
      vertex -4.515035e-01 4.745493e-02 -8.910065e-01
      vertex -4.045085e-01 4.251556e-02 -9.135455e-01
      vertex -4.067366e-01 2.304382e-16 -9.135455e-01
    endloop
  endfacet
  facet normal 0.000000e+00 0.000000e+00 1.000000e+00
    outer loop
      vertex -4.539905e-01 2.572101e-16 -8.910065e-01
      vertex -4.067366e-01 2.304382e-16 -9.135455e-01
      vertex -4.045085e-01 -4.251556e-02 -9.135455e-01
    endloop
  endfacet
  facet normal 0.000000e+00 0.000000e+00 1.000000e+00
    outer loop
      vertex -4.515035e-01 -4.745493e-02 -8.910065e-01
      vertex -4.045085e-01 -4.251556e-02 -9.135455e-01
      vertex -3.978485e-01 -8.456530e-02 -9.135455e-01
    endloop
  endfacet
  facet normal 0.000000e+00 0.000000e+00 1.000000e+00
    outer loop
      vertex -4.440697e-01 -9.438993e-02 -8.910065e-01
      vertex -3.978485e-01 -8.456530e-02 -9.135455e-01
      vertex -3.868295e-01 -1.256885e-01 -9.135455e-01
    endloop
  endfacet
  facet normal 0.000000e+00 0.000000e+00 1.000000e+00
    outer loop
      vertex -4.317706e-01 -1.402908e-01 -8.910065e-01
      vertex -3.868295e-01 -1.256885e-01 -9.135455e-01
      vertex -3.715724e-01 -1.654347e-01 -9.135455e-01
    endloop
  endfacet
  facet normal 0.000000e+00 0.000000e+00 1.000000e+00
    outer loop
      vertex -4.147410e-01 -1.846546e-01 -8.910065e-01
      vertex -3.715724e-01 -1.654347e-01 -9.135455e-01
      vertex -3.522443e-01 -2.033683e-01 -9.135455e-01
    endloop
  endfacet
  facet normal 0.000000e+00 0.000000e+00 1.000000e+00
    outer loop
      vertex -3.931673e-01 -2.269952e-01 -8.910065e-01
      vertex -3.522443e-01 -2.033683e-01 -9.135455e-01
      vertex -3.290569e-01 -2.390738e-01 -9.135455e-01
    endloop
  endfacet
  facet normal 0.000000e+00 0.000000e+00 1.000000e+00
    outer loop
      vertex -3.672860e-01 -2.668489e-01 -8.910065e-01
      vertex -3.290569e-01 -2.390738e-01 -9.135455e-01
      vertex -3.022642e-01 -2.721599e-01 -9.135455e-01
    endloop
  endfacet
  facet normal 0.000000e+00 0.000000e+00 1.000000e+00
    outer loop
      vertex -3.373807e-01 -3.037789e-01 -8.910065e-01
      vertex -3.022642e-01 -2.721599e-01 -9.135455e-01
      vertex -2.721599e-01 -3.022642e-01 -9.135455e-01
    endloop
  endfacet
  facet normal 0.000000e+00 0.000000e+00 1.000000e+00
    outer loop
      vertex -3.037789e-01 -3.373807e-01 -8.910065e-01
      vertex -2.721599e-01 -3.022642e-01 -9.135455e-01
      vertex -2.390738e-01 -3.290569e-01 -9.135455e-01
    endloop
  endfacet
  facet normal 0.000000e+00 0.000000e+00 1.000000e+00
    outer loop
      vertex -2.668489e-01 -3.672860e-01 -8.910065e-01
      vertex -2.390738e-01 -3.290569e-01 -9.135455e-01
      vertex -2.033683e-01 -3.522443e-01 -9.135455e-01
    endloop
  endfacet
  facet normal 0.000000e+00 0.000000e+00 1.000000e+00
    outer loop
      vertex -2.269952e-01 -3.931673e-01 -8.910065e-01
      vertex -2.033683e-01 -3.522443e-01 -9.135455e-01
      vertex -1.654347e-01 -3.715724e-01 -9.135455e-01
    endloop
  endfacet
  facet normal 0.000000e+00 0.000000e+00 1.000000e+00
    outer loop
      vertex -1.846546e-01 -4.147410e-01 -8.910065e-01
      vertex -1.654347e-01 -3.715724e-01 -9.135455e-01
      vertex -1.256885e-01 -3.868295e-01 -9.135455e-01
    endloop
  endfacet
  facet normal 0.000000e+00 0.000000e+00 1.000000e+00
    outer loop
      vertex -1.402908e-01 -4.317706e-01 -8.910065e-01
      vertex -1.256885e-01 -3.868295e-01 -9.135455e-01
      vertex -8.456530e-02 -3.978485e-01 -9.135455e-01
    endloop
  endfacet
  facet normal 0.000000e+00 0.000000e+00 1.000000e+00
    outer loop
      vertex -9.438993e-02 -4.440697e-01 -8.910065e-01
      vertex -8.456530e-02 -3.978485e-01 -9.135455e-01
      vertex -4.251556e-02 -4.045085e-01 -9.135455e-01
    endloop
  endfacet
  facet normal 0.000000e+00 0.000000e+00 1.000000e+00
    outer loop
      vertex -4.745493e-02 -4.515035e-01 -8.910065e-01
      vertex -4.251556e-02 -4.045085e-01 -9.135455e-01
      vertex -7.471631e-17 -4.067366e-01 -9.135455e-01
    endloop
  endfacet
  facet normal 0.000000e+00 0.000000e+00 1.000000e+00
    outer loop
      vertex -8.339670e-17 -4.539905e-01 -8.910065e-01
      vertex -7.471631e-17 -4.067366e-01 -9.135455e-01
      vertex 4.251556e-02 -4.045085e-01 -9.135455e-01
    endloop
  endfacet
  facet normal 0.000000e+00 0.000000e+00 1.000000e+00
    outer loop
      vertex 4.745493e-02 -4.515035e-01 -8.910065e-01
      vertex 4.251556e-02 -4.045085e-01 -9.135455e-01
      vertex 8.456530e-02 -3.978485e-01 -9.135455e-01
    endloop
  endfacet
  facet normal 0.000000e+00 0.000000e+00 1.000000e+00
    outer loop
      vertex 9.438993e-02 -4.440697e-01 -8.910065e-01
      vertex 8.456530e-02 -3.978485e-01 -9.135455e-01
      vertex 1.256885e-01 -3.868295e-01 -9.135455e-01
    endloop
  endfacet
  facet normal 0.000000e+00 0.000000e+00 1.000000e+00
    outer loop
      vertex 1.402908e-01 -4.317706e-01 -8.910065e-01
      vertex 1.256885e-01 -3.868295e-01 -9.135455e-01
      vertex 1.654347e-01 -3.715724e-01 -9.135455e-01
    endloop
  endfacet
  facet normal 0.000000e+00 0.000000e+00 1.000000e+00
    outer loop
      vertex 1.846546e-01 -4.147410e-01 -8.910065e-01
      vertex 1.654347e-01 -3.715724e-01 -9.135455e-01
      vertex 2.033683e-01 -3.522443e-01 -9.135455e-01
    endloop
  endfacet
  facet normal 0.000000e+00 0.000000e+00 1.000000e+00
    outer loop
      vertex 2.269952e-01 -3.931673e-01 -8.910065e-01
      vertex 2.033683e-01 -3.522443e-01 -9.135455e-01
      vertex 2.390738e-01 -3.290569e-01 -9.135455e-01
    endloop
  endfacet
  facet normal 0.000000e+00 0.000000e+00 1.000000e+00
    outer loop
      vertex 2.668489e-01 -3.672860e-01 -8.910065e-01
      vertex 2.390738e-01 -3.290569e-01 -9.135455e-01
      vertex 2.721599e-01 -3.022642e-01 -9.135455e-01
    endloop
  endfacet
  facet normal 0.000000e+00 0.000000e+00 1.000000e+00
    outer loop
      vertex 3.037789e-01 -3.373807e-01 -8.910065e-01
      vertex 2.721599e-01 -3.022642e-01 -9.135455e-01
      vertex 3.022642e-01 -2.721599e-01 -9.135455e-01
    endloop
  endfacet
  facet normal 0.000000e+00 0.000000e+00 1.000000e+00
    outer loop
      vertex 3.373807e-01 -3.037789e-01 -8.910065e-01
      vertex 3.022642e-01 -2.721599e-01 -9.135455e-01
      vertex 3.290569e-01 -2.390738e-01 -9.135455e-01
    endloop
  endfacet
  facet normal 0.000000e+00 0.000000e+00 1.000000e+00
    outer loop
      vertex 3.672860e-01 -2.668489e-01 -8.910065e-01
      vertex 3.290569e-01 -2.390738e-01 -9.135455e-01
      vertex 3.522443e-01 -2.033683e-01 -9.135455e-01
    endloop
  endfacet
  facet normal 0.000000e+00 0.000000e+00 1.000000e+00
    outer loop
      vertex 3.931673e-01 -2.269952e-01 -8.910065e-01
      vertex 3.522443e-01 -2.033683e-01 -9.135455e-01
      vertex 3.715724e-01 -1.654347e-01 -9.135455e-01
    endloop
  endfacet
  facet normal 0.000000e+00 0.000000e+00 1.000000e+00
    outer loop
      vertex 4.147410e-01 -1.846546e-01 -8.910065e-01
      vertex 3.715724e-01 -1.654347e-01 -9.135455e-01
      vertex 3.868295e-01 -1.256885e-01 -9.135455e-01
    endloop
  endfacet
  facet normal 0.000000e+00 0.000000e+00 1.000000e+00
    outer loop
      vertex 4.317706e-01 -1.402908e-01 -8.910065e-01
      vertex 3.868295e-01 -1.256885e-01 -9.135455e-01
      vertex 3.978485e-01 -8.456530e-02 -9.135455e-01
    endloop
  endfacet
  facet normal 0.000000e+00 0.000000e+00 1.000000e+00
    outer loop
      vertex 4.440697e-01 -9.438993e-02 -8.910065e-01
      vertex 3.978485e-01 -8.456530e-02 -9.135455e-01
      vertex 4.045085e-01 -4.251556e-02 -9.135455e-01
    endloop
  endfacet
  facet normal 0.000000e+00 0.000000e+00 1.000000e+00
    outer loop
      vertex 4.515035e-01 -4.745493e-02 -8.910065e-01
      vertex 4.045085e-01 -4.251556e-02 -9.135455e-01
      vertex 4.067366e-01 -4.608765e-16 -9.135455e-01
    endloop
  endfacet
  facet normal 0.000000e+00 0.000000e+00 1.000000e+00
    outer loop
      vertex 4.067366e-01 0.000000e+00 -9.135455e-01
      vertex 3.583679e-01 0.000000e+00 -9.335804e-01
      vertex 3.564048e-01 3.745965e-02 -9.335804e-01
    endloop
  endfacet
  facet normal 0.000000e+00 0.000000e+00 1.000000e+00
    outer loop
      vertex 4.045085e-01 4.251556e-02 -9.135455e-01
      vertex 3.564048e-01 3.745965e-02 -9.335804e-01
      vertex 3.505368e-01 7.450889e-02 -9.335804e-01
    endloop
  endfacet
  facet normal 0.000000e+00 0.000000e+00 1.000000e+00
    outer loop
      vertex 3.978485e-01 8.456530e-02 -9.135455e-01
      vertex 3.505368e-01 7.450889e-02 -9.335804e-01
      vertex 3.408282e-01 1.107418e-01 -9.335804e-01
    endloop
  endfacet
  facet normal 0.000000e+00 0.000000e+00 1.000000e+00
    outer loop
      vertex 3.868295e-01 1.256885e-01 -9.135455e-01
      vertex 3.408282e-01 1.107418e-01 -9.335804e-01
      vertex 3.273854e-01 1.457614e-01 -9.335804e-01
    endloop
  endfacet
  facet normal 0.000000e+00 0.000000e+00 1.000000e+00
    outer loop
      vertex 3.715724e-01 1.654347e-01 -9.135455e-01
      vertex 3.273854e-01 1.457614e-01 -9.335804e-01
      vertex 3.103557e-01 1.791840e-01 -9.335804e-01
    endloop
  endfacet
  facet normal 0.000000e+00 0.000000e+00 1.000000e+00
    outer loop
      vertex 3.522443e-01 2.033683e-01 -9.135455e-01
      vertex 3.103557e-01 1.791840e-01 -9.335804e-01
      vertex 2.899258e-01 2.106434e-01 -9.335804e-01
    endloop
  endfacet
  facet normal 0.000000e+00 0.000000e+00 1.000000e+00
    outer loop
      vertex 3.290569e-01 2.390738e-01 -9.135455e-01
      vertex 2.899258e-01 2.106434e-01 -9.335804e-01
      vertex 2.663193e-01 2.397950e-01 -9.335804e-01
    endloop
  endfacet
  facet normal 0.000000e+00 0.000000e+00 1.000000e+00
    outer loop
      vertex 3.022642e-01 2.721599e-01 -9.135455e-01
      vertex 2.663193e-01 2.397950e-01 -9.335804e-01
      vertex 2.397950e-01 2.663193e-01 -9.335804e-01
    endloop
  endfacet
  facet normal 0.000000e+00 0.000000e+00 1.000000e+00
    outer loop
      vertex 2.721599e-01 3.022642e-01 -9.135455e-01
      vertex 2.397950e-01 2.663193e-01 -9.335804e-01
      vertex 2.106434e-01 2.899258e-01 -9.335804e-01
    endloop
  endfacet
  facet normal 0.000000e+00 0.000000e+00 1.000000e+00
    outer loop
      vertex 2.390738e-01 3.290569e-01 -9.135455e-01
      vertex 2.106434e-01 2.899258e-01 -9.335804e-01
      vertex 1.791840e-01 3.103557e-01 -9.335804e-01
    endloop
  endfacet
  facet normal 0.000000e+00 0.000000e+00 1.000000e+00
    outer loop
      vertex 2.033683e-01 3.522443e-01 -9.135455e-01
      vertex 1.791840e-01 3.103557e-01 -9.335804e-01
      vertex 1.457614e-01 3.273854e-01 -9.335804e-01
    endloop
  endfacet
  facet normal 0.000000e+00 0.000000e+00 1.000000e+00
    outer loop
      vertex 1.654347e-01 3.715724e-01 -9.135455e-01
      vertex 1.457614e-01 3.273854e-01 -9.335804e-01
      vertex 1.107418e-01 3.408282e-01 -9.335804e-01
    endloop
  endfacet
  facet normal 0.000000e+00 0.000000e+00 1.000000e+00
    outer loop
      vertex 1.256885e-01 3.868295e-01 -9.135455e-01
      vertex 1.107418e-01 3.408282e-01 -9.335804e-01
      vertex 7.450889e-02 3.505368e-01 -9.335804e-01
    endloop
  endfacet
  facet normal 0.000000e+00 0.000000e+00 1.000000e+00
    outer loop
      vertex 8.456530e-02 3.978485e-01 -9.135455e-01
      vertex 7.450889e-02 3.505368e-01 -9.335804e-01
      vertex 3.745965e-02 3.564048e-01 -9.335804e-01
    endloop
  endfacet
  facet normal 0.000000e+00 0.000000e+00 1.000000e+00
    outer loop
      vertex 4.251556e-02 4.045085e-01 -9.135455e-01
      vertex 3.745965e-02 3.564048e-01 -9.335804e-01
      vertex 1.015174e-16 3.583679e-01 -9.335804e-01
    endloop
  endfacet
  facet normal 0.000000e+00 0.000000e+00 1.000000e+00
    outer loop
      vertex 1.152191e-16 4.067366e-01 -9.135455e-01
      vertex 1.015174e-16 3.583679e-01 -9.335804e-01
      vertex -3.745965e-02 3.564048e-01 -9.335804e-01
    endloop
  endfacet
  facet normal 0.000000e+00 0.000000e+00 1.000000e+00
    outer loop
      vertex -4.251556e-02 4.045085e-01 -9.135455e-01
      vertex -3.745965e-02 3.564048e-01 -9.335804e-01
      vertex -7.450889e-02 3.505368e-01 -9.335804e-01
    endloop
  endfacet
  facet normal 0.000000e+00 0.000000e+00 1.000000e+00
    outer loop
      vertex -8.456530e-02 3.978485e-01 -9.135455e-01
      vertex -7.450889e-02 3.505368e-01 -9.335804e-01
      vertex -1.107418e-01 3.408282e-01 -9.335804e-01
    endloop
  endfacet
  facet normal 0.000000e+00 0.000000e+00 1.000000e+00
    outer loop
      vertex -1.256885e-01 3.868295e-01 -9.135455e-01
      vertex -1.107418e-01 3.408282e-01 -9.335804e-01
      vertex -1.457614e-01 3.273854e-01 -9.335804e-01
    endloop
  endfacet
  facet normal 0.000000e+00 0.000000e+00 1.000000e+00
    outer loop
      vertex -1.654347e-01 3.715724e-01 -9.135455e-01
      vertex -1.457614e-01 3.273854e-01 -9.335804e-01
      vertex -1.791840e-01 3.103557e-01 -9.335804e-01
    endloop
  endfacet
  facet normal 0.000000e+00 0.000000e+00 1.000000e+00
    outer loop
      vertex -2.033683e-01 3.522443e-01 -9.135455e-01
      vertex -1.791840e-01 3.103557e-01 -9.335804e-01
      vertex -2.106434e-01 2.899258e-01 -9.335804e-01
    endloop
  endfacet
  facet normal 0.000000e+00 0.000000e+00 1.000000e+00
    outer loop
      vertex -2.390738e-01 3.290569e-01 -9.135455e-01
      vertex -2.106434e-01 2.899258e-01 -9.335804e-01
      vertex -2.397950e-01 2.663193e-01 -9.335804e-01
    endloop
  endfacet
  facet normal 0.000000e+00 0.000000e+00 1.000000e+00
    outer loop
      vertex -2.721599e-01 3.022642e-01 -9.135455e-01
      vertex -2.397950e-01 2.663193e-01 -9.335804e-01
      vertex -2.663193e-01 2.397950e-01 -9.335804e-01
    endloop
  endfacet
  facet normal 0.000000e+00 0.000000e+00 1.000000e+00
    outer loop
      vertex -3.022642e-01 2.721599e-01 -9.135455e-01
      vertex -2.663193e-01 2.397950e-01 -9.335804e-01
      vertex -2.899258e-01 2.106434e-01 -9.335804e-01
    endloop
  endfacet
  facet normal 0.000000e+00 0.000000e+00 1.000000e+00
    outer loop
      vertex -3.290569e-01 2.390738e-01 -9.135455e-01
      vertex -2.899258e-01 2.106434e-01 -9.335804e-01
      vertex -3.103557e-01 1.791840e-01 -9.335804e-01
    endloop
  endfacet
  facet normal 0.000000e+00 0.000000e+00 1.000000e+00
    outer loop
      vertex -3.522443e-01 2.033683e-01 -9.135455e-01
      vertex -3.103557e-01 1.791840e-01 -9.335804e-01
      vertex -3.273854e-01 1.457614e-01 -9.335804e-01
    endloop
  endfacet
  facet normal 0.000000e+00 0.000000e+00 1.000000e+00
    outer loop
      vertex -3.715724e-01 1.654347e-01 -9.135455e-01
      vertex -3.273854e-01 1.457614e-01 -9.335804e-01
      vertex -3.408282e-01 1.107418e-01 -9.335804e-01
    endloop
  endfacet
  facet normal 0.000000e+00 0.000000e+00 1.000000e+00
    outer loop
      vertex -3.868295e-01 1.256885e-01 -9.135455e-01
      vertex -3.408282e-01 1.107418e-01 -9.335804e-01
      vertex -3.505368e-01 7.450889e-02 -9.335804e-01
    endloop
  endfacet
  facet normal 0.000000e+00 0.000000e+00 1.000000e+00
    outer loop
      vertex -3.978485e-01 8.456530e-02 -9.135455e-01
      vertex -3.505368e-01 7.450889e-02 -9.335804e-01
      vertex -3.564048e-01 3.745965e-02 -9.335804e-01
    endloop
  endfacet
  facet normal 0.000000e+00 0.000000e+00 1.000000e+00
    outer loop
      vertex -4.045085e-01 4.251556e-02 -9.135455e-01
      vertex -3.564048e-01 3.745965e-02 -9.335804e-01
      vertex -3.583679e-01 2.030348e-16 -9.335804e-01
    endloop
  endfacet
  facet normal 0.000000e+00 0.000000e+00 1.000000e+00
    outer loop
      vertex -4.067366e-01 2.304382e-16 -9.135455e-01
      vertex -3.583679e-01 2.030348e-16 -9.335804e-01
      vertex -3.564048e-01 -3.745965e-02 -9.335804e-01
    endloop
  endfacet
  facet normal 0.000000e+00 0.000000e+00 1.000000e+00
    outer loop
      vertex -4.045085e-01 -4.251556e-02 -9.135455e-01
      vertex -3.564048e-01 -3.745965e-02 -9.335804e-01
      vertex -3.505368e-01 -7.450889e-02 -9.335804e-01
    endloop
  endfacet
  facet normal 0.000000e+00 0.000000e+00 1.000000e+00
    outer loop
      vertex -3.978485e-01 -8.456530e-02 -9.135455e-01
      vertex -3.505368e-01 -7.450889e-02 -9.335804e-01
      vertex -3.408282e-01 -1.107418e-01 -9.335804e-01
    endloop
  endfacet
  facet normal 0.000000e+00 0.000000e+00 1.000000e+00
    outer loop
      vertex -3.868295e-01 -1.256885e-01 -9.135455e-01
      vertex -3.408282e-01 -1.107418e-01 -9.335804e-01
      vertex -3.273854e-01 -1.457614e-01 -9.335804e-01
    endloop
  endfacet
  facet normal 0.000000e+00 0.000000e+00 1.000000e+00
    outer loop
      vertex -3.715724e-01 -1.654347e-01 -9.135455e-01
      vertex -3.273854e-01 -1.457614e-01 -9.335804e-01
      vertex -3.103557e-01 -1.791840e-01 -9.335804e-01
    endloop
  endfacet
  facet normal 0.000000e+00 0.000000e+00 1.000000e+00
    outer loop
      vertex -3.522443e-01 -2.033683e-01 -9.135455e-01
      vertex -3.103557e-01 -1.791840e-01 -9.335804e-01
      vertex -2.899258e-01 -2.106434e-01 -9.335804e-01
    endloop
  endfacet
  facet normal 0.000000e+00 0.000000e+00 1.000000e+00
    outer loop
      vertex -3.290569e-01 -2.390738e-01 -9.135455e-01
      vertex -2.899258e-01 -2.106434e-01 -9.335804e-01
      vertex -2.663193e-01 -2.397950e-01 -9.335804e-01
    endloop
  endfacet
  facet normal 0.000000e+00 0.000000e+00 1.000000e+00
    outer loop
      vertex -3.022642e-01 -2.721599e-01 -9.135455e-01
      vertex -2.663193e-01 -2.397950e-01 -9.335804e-01
      vertex -2.397950e-01 -2.663193e-01 -9.335804e-01
    endloop
  endfacet
  facet normal 0.000000e+00 0.000000e+00 1.000000e+00
    outer loop
      vertex -2.721599e-01 -3.022642e-01 -9.135455e-01
      vertex -2.397950e-01 -2.663193e-01 -9.335804e-01
      vertex -2.106434e-01 -2.899258e-01 -9.335804e-01
    endloop
  endfacet
  facet normal 0.000000e+00 0.000000e+00 1.000000e+00
    outer loop
      vertex -2.390738e-01 -3.290569e-01 -9.135455e-01
      vertex -2.106434e-01 -2.899258e-01 -9.335804e-01
      vertex -1.791840e-01 -3.103557e-01 -9.335804e-01
    endloop
  endfacet
  facet normal 0.000000e+00 0.000000e+00 1.000000e+00
    outer loop
      vertex -2.033683e-01 -3.522443e-01 -9.135455e-01
      vertex -1.791840e-01 -3.103557e-01 -9.335804e-01
      vertex -1.457614e-01 -3.273854e-01 -9.335804e-01
    endloop
  endfacet
  facet normal 0.000000e+00 0.000000e+00 1.000000e+00
    outer loop
      vertex -1.654347e-01 -3.715724e-01 -9.135455e-01
      vertex -1.457614e-01 -3.273854e-01 -9.335804e-01
      vertex -1.107418e-01 -3.408282e-01 -9.335804e-01
    endloop
  endfacet
  facet normal 0.000000e+00 0.000000e+00 1.000000e+00
    outer loop
      vertex -1.256885e-01 -3.868295e-01 -9.135455e-01
      vertex -1.107418e-01 -3.408282e-01 -9.335804e-01
      vertex -7.450889e-02 -3.505368e-01 -9.335804e-01
    endloop
  endfacet
  facet normal 0.000000e+00 0.000000e+00 1.000000e+00
    outer loop
      vertex -8.456530e-02 -3.978485e-01 -9.135455e-01
      vertex -7.450889e-02 -3.505368e-01 -9.335804e-01
      vertex -3.745965e-02 -3.564048e-01 -9.335804e-01
    endloop
  endfacet
  facet normal 0.000000e+00 0.000000e+00 1.000000e+00
    outer loop
      vertex -4.251556e-02 -4.045085e-01 -9.135455e-01
      vertex -3.745965e-02 -3.564048e-01 -9.335804e-01
      vertex -6.583112e-17 -3.583679e-01 -9.335804e-01
    endloop
  endfacet
  facet normal 0.000000e+00 0.000000e+00 1.000000e+00
    outer loop
      vertex -7.471631e-17 -4.067366e-01 -9.135455e-01
      vertex -6.583112e-17 -3.583679e-01 -9.335804e-01
      vertex 3.745965e-02 -3.564048e-01 -9.335804e-01
    endloop
  endfacet
  facet normal 0.000000e+00 0.000000e+00 1.000000e+00
    outer loop
      vertex 4.251556e-02 -4.045085e-01 -9.135455e-01
      vertex 3.745965e-02 -3.564048e-01 -9.335804e-01
      vertex 7.450889e-02 -3.505368e-01 -9.335804e-01
    endloop
  endfacet
  facet normal 0.000000e+00 0.000000e+00 1.000000e+00
    outer loop
      vertex 8.456530e-02 -3.978485e-01 -9.135455e-01
      vertex 7.450889e-02 -3.505368e-01 -9.335804e-01
      vertex 1.107418e-01 -3.408282e-01 -9.335804e-01
    endloop
  endfacet
  facet normal 0.000000e+00 0.000000e+00 1.000000e+00
    outer loop
      vertex 1.256885e-01 -3.868295e-01 -9.135455e-01
      vertex 1.107418e-01 -3.408282e-01 -9.335804e-01
      vertex 1.457614e-01 -3.273854e-01 -9.335804e-01
    endloop
  endfacet
  facet normal 0.000000e+00 0.000000e+00 1.000000e+00
    outer loop
      vertex 1.654347e-01 -3.715724e-01 -9.135455e-01
      vertex 1.457614e-01 -3.273854e-01 -9.335804e-01
      vertex 1.791840e-01 -3.103557e-01 -9.335804e-01
    endloop
  endfacet
  facet normal 0.000000e+00 0.000000e+00 1.000000e+00
    outer loop
      vertex 2.033683e-01 -3.522443e-01 -9.135455e-01
      vertex 1.791840e-01 -3.103557e-01 -9.335804e-01
      vertex 2.106434e-01 -2.899258e-01 -9.335804e-01
    endloop
  endfacet
  facet normal 0.000000e+00 0.000000e+00 1.000000e+00
    outer loop
      vertex 2.390738e-01 -3.290569e-01 -9.135455e-01
      vertex 2.106434e-01 -2.899258e-01 -9.335804e-01
      vertex 2.397950e-01 -2.663193e-01 -9.335804e-01
    endloop
  endfacet
  facet normal 0.000000e+00 0.000000e+00 1.000000e+00
    outer loop
      vertex 2.721599e-01 -3.022642e-01 -9.135455e-01
      vertex 2.397950e-01 -2.663193e-01 -9.335804e-01
      vertex 2.663193e-01 -2.397950e-01 -9.335804e-01
    endloop
  endfacet
  facet normal 0.000000e+00 0.000000e+00 1.000000e+00
    outer loop
      vertex 3.022642e-01 -2.721599e-01 -9.135455e-01
      vertex 2.663193e-01 -2.397950e-01 -9.335804e-01
      vertex 2.899258e-01 -2.106434e-01 -9.335804e-01
    endloop
  endfacet
  facet normal 0.000000e+00 0.000000e+00 1.000000e+00
    outer loop
      vertex 3.290569e-01 -2.390738e-01 -9.135455e-01
      vertex 2.899258e-01 -2.106434e-01 -9.335804e-01
      vertex 3.103557e-01 -1.791840e-01 -9.335804e-01
    endloop
  endfacet
  facet normal 0.000000e+00 0.000000e+00 1.000000e+00
    outer loop
      vertex 3.522443e-01 -2.033683e-01 -9.135455e-01
      vertex 3.103557e-01 -1.791840e-01 -9.335804e-01
      vertex 3.273854e-01 -1.457614e-01 -9.335804e-01
    endloop
  endfacet
  facet normal 0.000000e+00 0.000000e+00 1.000000e+00
    outer loop
      vertex 3.715724e-01 -1.654347e-01 -9.135455e-01
      vertex 3.273854e-01 -1.457614e-01 -9.335804e-01
      vertex 3.408282e-01 -1.107418e-01 -9.335804e-01
    endloop
  endfacet
  facet normal 0.000000e+00 0.000000e+00 1.000000e+00
    outer loop
      vertex 3.868295e-01 -1.256885e-01 -9.135455e-01
      vertex 3.408282e-01 -1.107418e-01 -9.335804e-01
      vertex 3.505368e-01 -7.450889e-02 -9.335804e-01
    endloop
  endfacet
  facet normal 0.000000e+00 0.000000e+00 1.000000e+00
    outer loop
      vertex 3.978485e-01 -8.456530e-02 -9.135455e-01
      vertex 3.505368e-01 -7.450889e-02 -9.335804e-01
      vertex 3.564048e-01 -3.745965e-02 -9.335804e-01
    endloop
  endfacet
  facet normal 0.000000e+00 0.000000e+00 1.000000e+00
    outer loop
      vertex 4.045085e-01 -4.251556e-02 -9.135455e-01
      vertex 3.564048e-01 -3.745965e-02 -9.335804e-01
      vertex 3.583679e-01 -4.060695e-16 -9.335804e-01
    endloop
  endfacet
  facet normal 0.000000e+00 0.000000e+00 1.000000e+00
    outer loop
      vertex 3.583679e-01 0.000000e+00 -9.335804e-01
      vertex 3.090170e-01 0.000000e+00 -9.510565e-01
      vertex 3.073242e-01 3.230107e-02 -9.510565e-01
    endloop
  endfacet
  facet normal 0.000000e+00 0.000000e+00 1.000000e+00
    outer loop
      vertex 3.564048e-01 3.745965e-02 -9.335804e-01
      vertex 3.073242e-01 3.230107e-02 -9.510565e-01
      vertex 3.022642e-01 6.424825e-02 -9.510565e-01
    endloop
  endfacet
  facet normal 0.000000e+00 0.000000e+00 1.000000e+00
    outer loop
      vertex 3.505368e-01 7.450889e-02 -9.335804e-01
      vertex 3.022642e-01 6.424825e-02 -9.510565e-01
      vertex 2.938926e-01 9.549150e-02 -9.510565e-01
    endloop
  endfacet
  facet normal 0.000000e+00 0.000000e+00 1.000000e+00
    outer loop
      vertex 3.408282e-01 1.107418e-01 -9.335804e-01
      vertex 2.938926e-01 9.549150e-02 -9.510565e-01
      vertex 2.823011e-01 1.256885e-01 -9.510565e-01
    endloop
  endfacet
  facet normal 0.000000e+00 0.000000e+00 1.000000e+00
    outer loop
      vertex 3.273854e-01 1.457614e-01 -9.335804e-01
      vertex 2.823011e-01 1.256885e-01 -9.510565e-01
      vertex 2.676166e-01 1.545085e-01 -9.510565e-01
    endloop
  endfacet
  facet normal 0.000000e+00 0.000000e+00 1.000000e+00
    outer loop
      vertex 3.103557e-01 1.791840e-01 -9.335804e-01
      vertex 2.676166e-01 1.545085e-01 -9.510565e-01
      vertex 2.500000e-01 1.816356e-01 -9.510565e-01
    endloop
  endfacet
  facet normal 0.000000e+00 0.000000e+00 1.000000e+00
    outer loop
      vertex 2.899258e-01 2.106434e-01 -9.335804e-01
      vertex 2.500000e-01 1.816356e-01 -9.510565e-01
      vertex 2.296444e-01 2.067727e-01 -9.510565e-01
    endloop
  endfacet
  facet normal 0.000000e+00 0.000000e+00 1.000000e+00
    outer loop
      vertex 2.663193e-01 2.397950e-01 -9.335804e-01
      vertex 2.296444e-01 2.067727e-01 -9.510565e-01
      vertex 2.067727e-01 2.296444e-01 -9.510565e-01
    endloop
  endfacet
  facet normal 0.000000e+00 0.000000e+00 1.000000e+00
    outer loop
      vertex 2.397950e-01 2.663193e-01 -9.335804e-01
      vertex 2.067727e-01 2.296444e-01 -9.510565e-01
      vertex 1.816356e-01 2.500000e-01 -9.510565e-01
    endloop
  endfacet
  facet normal 0.000000e+00 0.000000e+00 1.000000e+00
    outer loop
      vertex 2.106434e-01 2.899258e-01 -9.335804e-01
      vertex 1.816356e-01 2.500000e-01 -9.510565e-01
      vertex 1.545085e-01 2.676166e-01 -9.510565e-01
    endloop
  endfacet
  facet normal 0.000000e+00 0.000000e+00 1.000000e+00
    outer loop
      vertex 1.791840e-01 3.103557e-01 -9.335804e-01
      vertex 1.545085e-01 2.676166e-01 -9.510565e-01
      vertex 1.256885e-01 2.823011e-01 -9.510565e-01
    endloop
  endfacet
  facet normal 0.000000e+00 0.000000e+00 1.000000e+00
    outer loop
      vertex 1.457614e-01 3.273854e-01 -9.335804e-01
      vertex 1.256885e-01 2.823011e-01 -9.510565e-01
      vertex 9.549150e-02 2.938926e-01 -9.510565e-01
    endloop
  endfacet
  facet normal 0.000000e+00 0.000000e+00 1.000000e+00
    outer loop
      vertex 1.107418e-01 3.408282e-01 -9.335804e-01
      vertex 9.549150e-02 2.938926e-01 -9.510565e-01
      vertex 6.424825e-02 3.022642e-01 -9.510565e-01
    endloop
  endfacet
  facet normal 0.000000e+00 0.000000e+00 1.000000e+00
    outer loop
      vertex 7.450889e-02 3.505368e-01 -9.335804e-01
      vertex 6.424825e-02 3.022642e-01 -9.510565e-01
      vertex 3.230107e-02 3.073242e-01 -9.510565e-01
    endloop
  endfacet
  facet normal 0.000000e+00 0.000000e+00 1.000000e+00
    outer loop
      vertex 3.745965e-02 3.564048e-01 -9.335804e-01
      vertex 3.230107e-02 3.073242e-01 -9.510565e-01
      vertex 8.753739e-17 3.090170e-01 -9.510565e-01
    endloop
  endfacet
  facet normal 0.000000e+00 0.000000e+00 1.000000e+00
    outer loop
      vertex 1.015174e-16 3.583679e-01 -9.335804e-01
      vertex 8.753739e-17 3.090170e-01 -9.510565e-01
      vertex -3.230107e-02 3.073242e-01 -9.510565e-01
    endloop
  endfacet
  facet normal 0.000000e+00 0.000000e+00 1.000000e+00
    outer loop
      vertex -3.745965e-02 3.564048e-01 -9.335804e-01
      vertex -3.230107e-02 3.073242e-01 -9.510565e-01
      vertex -6.424825e-02 3.022642e-01 -9.510565e-01
    endloop
  endfacet
  facet normal 0.000000e+00 0.000000e+00 1.000000e+00
    outer loop
      vertex -7.450889e-02 3.505368e-01 -9.335804e-01
      vertex -6.424825e-02 3.022642e-01 -9.510565e-01
      vertex -9.549150e-02 2.938926e-01 -9.510565e-01
    endloop
  endfacet
  facet normal 0.000000e+00 0.000000e+00 1.000000e+00
    outer loop
      vertex -1.107418e-01 3.408282e-01 -9.335804e-01
      vertex -9.549150e-02 2.938926e-01 -9.510565e-01
      vertex -1.256885e-01 2.823011e-01 -9.510565e-01
    endloop
  endfacet
  facet normal 0.000000e+00 0.000000e+00 1.000000e+00
    outer loop
      vertex -1.457614e-01 3.273854e-01 -9.335804e-01
      vertex -1.256885e-01 2.823011e-01 -9.510565e-01
      vertex -1.545085e-01 2.676166e-01 -9.510565e-01
    endloop
  endfacet
  facet normal 0.000000e+00 0.000000e+00 1.000000e+00
    outer loop
      vertex -1.791840e-01 3.103557e-01 -9.335804e-01
      vertex -1.545085e-01 2.676166e-01 -9.510565e-01
      vertex -1.816356e-01 2.500000e-01 -9.510565e-01
    endloop
  endfacet
  facet normal 0.000000e+00 0.000000e+00 1.000000e+00
    outer loop
      vertex -2.106434e-01 2.899258e-01 -9.335804e-01
      vertex -1.816356e-01 2.500000e-01 -9.510565e-01
      vertex -2.067727e-01 2.296444e-01 -9.510565e-01
    endloop
  endfacet
  facet normal 0.000000e+00 0.000000e+00 1.000000e+00
    outer loop
      vertex -2.397950e-01 2.663193e-01 -9.335804e-01
      vertex -2.067727e-01 2.296444e-01 -9.510565e-01
      vertex -2.296444e-01 2.067727e-01 -9.510565e-01
    endloop
  endfacet
  facet normal 0.000000e+00 0.000000e+00 1.000000e+00
    outer loop
      vertex -2.663193e-01 2.397950e-01 -9.335804e-01
      vertex -2.296444e-01 2.067727e-01 -9.510565e-01
      vertex -2.500000e-01 1.816356e-01 -9.510565e-01
    endloop
  endfacet
  facet normal 0.000000e+00 0.000000e+00 1.000000e+00
    outer loop
      vertex -2.899258e-01 2.106434e-01 -9.335804e-01
      vertex -2.500000e-01 1.816356e-01 -9.510565e-01
      vertex -2.676166e-01 1.545085e-01 -9.510565e-01
    endloop
  endfacet
  facet normal 0.000000e+00 0.000000e+00 1.000000e+00
    outer loop
      vertex -3.103557e-01 1.791840e-01 -9.335804e-01
      vertex -2.676166e-01 1.545085e-01 -9.510565e-01
      vertex -2.823011e-01 1.256885e-01 -9.510565e-01
    endloop
  endfacet
  facet normal 0.000000e+00 0.000000e+00 1.000000e+00
    outer loop
      vertex -3.273854e-01 1.457614e-01 -9.335804e-01
      vertex -2.823011e-01 1.256885e-01 -9.510565e-01
      vertex -2.938926e-01 9.549150e-02 -9.510565e-01
    endloop
  endfacet
  facet normal 0.000000e+00 0.000000e+00 1.000000e+00
    outer loop
      vertex -3.408282e-01 1.107418e-01 -9.335804e-01
      vertex -2.938926e-01 9.549150e-02 -9.510565e-01
      vertex -3.022642e-01 6.424825e-02 -9.510565e-01
    endloop
  endfacet
  facet normal 0.000000e+00 0.000000e+00 1.000000e+00
    outer loop
      vertex -3.505368e-01 7.450889e-02 -9.335804e-01
      vertex -3.022642e-01 6.424825e-02 -9.510565e-01
      vertex -3.073242e-01 3.230107e-02 -9.510565e-01
    endloop
  endfacet
  facet normal 0.000000e+00 0.000000e+00 1.000000e+00
    outer loop
      vertex -3.564048e-01 3.745965e-02 -9.335804e-01
      vertex -3.073242e-01 3.230107e-02 -9.510565e-01
      vertex -3.090170e-01 1.750748e-16 -9.510565e-01
    endloop
  endfacet
  facet normal 0.000000e+00 0.000000e+00 1.000000e+00
    outer loop
      vertex -3.583679e-01 2.030348e-16 -9.335804e-01
      vertex -3.090170e-01 1.750748e-16 -9.510565e-01
      vertex -3.073242e-01 -3.230107e-02 -9.510565e-01
    endloop
  endfacet
  facet normal 0.000000e+00 0.000000e+00 1.000000e+00
    outer loop
      vertex -3.564048e-01 -3.745965e-02 -9.335804e-01
      vertex -3.073242e-01 -3.230107e-02 -9.510565e-01
      vertex -3.022642e-01 -6.424825e-02 -9.510565e-01
    endloop
  endfacet
  facet normal 0.000000e+00 0.000000e+00 1.000000e+00
    outer loop
      vertex -3.505368e-01 -7.450889e-02 -9.335804e-01
      vertex -3.022642e-01 -6.424825e-02 -9.510565e-01
      vertex -2.938926e-01 -9.549150e-02 -9.510565e-01
    endloop
  endfacet
  facet normal 0.000000e+00 0.000000e+00 1.000000e+00
    outer loop
      vertex -3.408282e-01 -1.107418e-01 -9.335804e-01
      vertex -2.938926e-01 -9.549150e-02 -9.510565e-01
      vertex -2.823011e-01 -1.256885e-01 -9.510565e-01
    endloop
  endfacet
  facet normal 0.000000e+00 0.000000e+00 1.000000e+00
    outer loop
      vertex -3.273854e-01 -1.457614e-01 -9.335804e-01
      vertex -2.823011e-01 -1.256885e-01 -9.510565e-01
      vertex -2.676166e-01 -1.545085e-01 -9.510565e-01
    endloop
  endfacet
  facet normal 0.000000e+00 0.000000e+00 1.000000e+00
    outer loop
      vertex -3.103557e-01 -1.791840e-01 -9.335804e-01
      vertex -2.676166e-01 -1.545085e-01 -9.510565e-01
      vertex -2.500000e-01 -1.816356e-01 -9.510565e-01
    endloop
  endfacet
  facet normal 0.000000e+00 0.000000e+00 1.000000e+00
    outer loop
      vertex -2.899258e-01 -2.106434e-01 -9.335804e-01
      vertex -2.500000e-01 -1.816356e-01 -9.510565e-01
      vertex -2.296444e-01 -2.067727e-01 -9.510565e-01
    endloop
  endfacet
  facet normal 0.000000e+00 0.000000e+00 1.000000e+00
    outer loop
      vertex -2.663193e-01 -2.397950e-01 -9.335804e-01
      vertex -2.296444e-01 -2.067727e-01 -9.510565e-01
      vertex -2.067727e-01 -2.296444e-01 -9.510565e-01
    endloop
  endfacet
  facet normal 0.000000e+00 0.000000e+00 1.000000e+00
    outer loop
      vertex -2.397950e-01 -2.663193e-01 -9.335804e-01
      vertex -2.067727e-01 -2.296444e-01 -9.510565e-01
      vertex -1.816356e-01 -2.500000e-01 -9.510565e-01
    endloop
  endfacet
  facet normal 0.000000e+00 0.000000e+00 1.000000e+00
    outer loop
      vertex -2.106434e-01 -2.899258e-01 -9.335804e-01
      vertex -1.816356e-01 -2.500000e-01 -9.510565e-01
      vertex -1.545085e-01 -2.676166e-01 -9.510565e-01
    endloop
  endfacet
  facet normal 0.000000e+00 0.000000e+00 1.000000e+00
    outer loop
      vertex -1.791840e-01 -3.103557e-01 -9.335804e-01
      vertex -1.545085e-01 -2.676166e-01 -9.510565e-01
      vertex -1.256885e-01 -2.823011e-01 -9.510565e-01
    endloop
  endfacet
  facet normal 0.000000e+00 0.000000e+00 1.000000e+00
    outer loop
      vertex -1.457614e-01 -3.273854e-01 -9.335804e-01
      vertex -1.256885e-01 -2.823011e-01 -9.510565e-01
      vertex -9.549150e-02 -2.938926e-01 -9.510565e-01
    endloop
  endfacet
  facet normal 0.000000e+00 0.000000e+00 1.000000e+00
    outer loop
      vertex -1.107418e-01 -3.408282e-01 -9.335804e-01
      vertex -9.549150e-02 -2.938926e-01 -9.510565e-01
      vertex -6.424825e-02 -3.022642e-01 -9.510565e-01
    endloop
  endfacet
  facet normal 0.000000e+00 0.000000e+00 1.000000e+00
    outer loop
      vertex -7.450889e-02 -3.505368e-01 -9.335804e-01
      vertex -6.424825e-02 -3.022642e-01 -9.510565e-01
      vertex -3.230107e-02 -3.073242e-01 -9.510565e-01
    endloop
  endfacet
  facet normal 0.000000e+00 0.000000e+00 1.000000e+00
    outer loop
      vertex -3.745965e-02 -3.564048e-01 -9.335804e-01
      vertex -3.230107e-02 -3.073242e-01 -9.510565e-01
      vertex -5.676550e-17 -3.090170e-01 -9.510565e-01
    endloop
  endfacet
  facet normal 0.000000e+00 0.000000e+00 1.000000e+00
    outer loop
      vertex -6.583112e-17 -3.583679e-01 -9.335804e-01
      vertex -5.676550e-17 -3.090170e-01 -9.510565e-01
      vertex 3.230107e-02 -3.073242e-01 -9.510565e-01
    endloop
  endfacet
  facet normal 0.000000e+00 0.000000e+00 1.000000e+00
    outer loop
      vertex 3.745965e-02 -3.564048e-01 -9.335804e-01
      vertex 3.230107e-02 -3.073242e-01 -9.510565e-01
      vertex 6.424825e-02 -3.022642e-01 -9.510565e-01
    endloop
  endfacet
  facet normal 0.000000e+00 0.000000e+00 1.000000e+00
    outer loop
      vertex 7.450889e-02 -3.505368e-01 -9.335804e-01
      vertex 6.424825e-02 -3.022642e-01 -9.510565e-01
      vertex 9.549150e-02 -2.938926e-01 -9.510565e-01
    endloop
  endfacet
  facet normal 0.000000e+00 0.000000e+00 1.000000e+00
    outer loop
      vertex 1.107418e-01 -3.408282e-01 -9.335804e-01
      vertex 9.549150e-02 -2.938926e-01 -9.510565e-01
      vertex 1.256885e-01 -2.823011e-01 -9.510565e-01
    endloop
  endfacet
  facet normal 0.000000e+00 0.000000e+00 1.000000e+00
    outer loop
      vertex 1.457614e-01 -3.273854e-01 -9.335804e-01
      vertex 1.256885e-01 -2.823011e-01 -9.510565e-01
      vertex 1.545085e-01 -2.676166e-01 -9.510565e-01
    endloop
  endfacet
  facet normal 0.000000e+00 0.000000e+00 1.000000e+00
    outer loop
      vertex 1.791840e-01 -3.103557e-01 -9.335804e-01
      vertex 1.545085e-01 -2.676166e-01 -9.510565e-01
      vertex 1.816356e-01 -2.500000e-01 -9.510565e-01
    endloop
  endfacet
  facet normal 0.000000e+00 0.000000e+00 1.000000e+00
    outer loop
      vertex 2.106434e-01 -2.899258e-01 -9.335804e-01
      vertex 1.816356e-01 -2.500000e-01 -9.510565e-01
      vertex 2.067727e-01 -2.296444e-01 -9.510565e-01
    endloop
  endfacet
  facet normal 0.000000e+00 0.000000e+00 1.000000e+00
    outer loop
      vertex 2.397950e-01 -2.663193e-01 -9.335804e-01
      vertex 2.067727e-01 -2.296444e-01 -9.510565e-01
      vertex 2.296444e-01 -2.067727e-01 -9.510565e-01
    endloop
  endfacet
  facet normal 0.000000e+00 0.000000e+00 1.000000e+00
    outer loop
      vertex 2.663193e-01 -2.397950e-01 -9.335804e-01
      vertex 2.296444e-01 -2.067727e-01 -9.510565e-01
      vertex 2.500000e-01 -1.816356e-01 -9.510565e-01
    endloop
  endfacet
  facet normal 0.000000e+00 0.000000e+00 1.000000e+00
    outer loop
      vertex 2.899258e-01 -2.106434e-01 -9.335804e-01
      vertex 2.500000e-01 -1.816356e-01 -9.510565e-01
      vertex 2.676166e-01 -1.545085e-01 -9.510565e-01
    endloop
  endfacet
  facet normal 0.000000e+00 0.000000e+00 1.000000e+00
    outer loop
      vertex 3.103557e-01 -1.791840e-01 -9.335804e-01
      vertex 2.676166e-01 -1.545085e-01 -9.510565e-01
      vertex 2.823011e-01 -1.256885e-01 -9.510565e-01
    endloop
  endfacet
  facet normal 0.000000e+00 0.000000e+00 1.000000e+00
    outer loop
      vertex 3.273854e-01 -1.457614e-01 -9.335804e-01
      vertex 2.823011e-01 -1.256885e-01 -9.510565e-01
      vertex 2.938926e-01 -9.549150e-02 -9.510565e-01
    endloop
  endfacet
  facet normal 0.000000e+00 0.000000e+00 1.000000e+00
    outer loop
      vertex 3.408282e-01 -1.107418e-01 -9.335804e-01
      vertex 2.938926e-01 -9.549150e-02 -9.510565e-01
      vertex 3.022642e-01 -6.424825e-02 -9.510565e-01
    endloop
  endfacet
  facet normal 0.000000e+00 0.000000e+00 1.000000e+00
    outer loop
      vertex 3.505368e-01 -7.450889e-02 -9.335804e-01
      vertex 3.022642e-01 -6.424825e-02 -9.510565e-01
      vertex 3.073242e-01 -3.230107e-02 -9.510565e-01
    endloop
  endfacet
  facet normal 0.000000e+00 0.000000e+00 1.000000e+00
    outer loop
      vertex 3.564048e-01 -3.745965e-02 -9.335804e-01
      vertex 3.073242e-01 -3.230107e-02 -9.510565e-01
      vertex 3.090170e-01 -3.501496e-16 -9.510565e-01
    endloop
  endfacet
  facet normal 0.000000e+00 0.000000e+00 1.000000e+00
    outer loop
      vertex 3.090170e-01 0.000000e+00 -9.510565e-01
      vertex 2.588190e-01 0.000000e+00 -9.659258e-01
      vertex 2.574012e-01 2.705396e-02 -9.659258e-01
    endloop
  endfacet
  facet normal 0.000000e+00 0.000000e+00 1.000000e+00
    outer loop
      vertex 3.073242e-01 3.230107e-02 -9.510565e-01
      vertex 2.574012e-01 2.705396e-02 -9.659258e-01
      vertex 2.531632e-01 5.381151e-02 -9.659258e-01
    endloop
  endfacet
  facet normal 0.000000e+00 0.000000e+00 1.000000e+00
    outer loop
      vertex 3.022642e-01 6.424825e-02 -9.510565e-01
      vertex 2.531632e-01 5.381151e-02 -9.659258e-01
      vertex 2.461515e-01 7.997948e-02 -9.659258e-01
    endloop
  endfacet
  facet normal 0.000000e+00 0.000000e+00 1.000000e+00
    outer loop
      vertex 2.938926e-01 9.549150e-02 -9.510565e-01
      vertex 2.461515e-01 7.997948e-02 -9.659258e-01
      vertex 2.364430e-01 1.052712e-01 -9.659258e-01
    endloop
  endfacet
  facet normal 0.000000e+00 0.000000e+00 1.000000e+00
    outer loop
      vertex 2.823011e-01 1.256885e-01 -9.510565e-01
      vertex 2.364430e-01 1.052712e-01 -9.659258e-01
      vertex 2.241439e-01 1.294095e-01 -9.659258e-01
    endloop
  endfacet
  facet normal 0.000000e+00 0.000000e+00 1.000000e+00
    outer loop
      vertex 2.676166e-01 1.545085e-01 -9.510565e-01
      vertex 2.241439e-01 1.294095e-01 -9.659258e-01
      vertex 2.093890e-01 1.521300e-01 -9.659258e-01
    endloop
  endfacet
  facet normal 0.000000e+00 0.000000e+00 1.000000e+00
    outer loop
      vertex 2.500000e-01 1.816356e-01 -9.510565e-01
      vertex 2.093890e-01 1.521300e-01 -9.659258e-01
      vertex 1.923400e-01 1.731837e-01 -9.659258e-01
    endloop
  endfacet
  facet normal 0.000000e+00 0.000000e+00 1.000000e+00
    outer loop
      vertex 2.296444e-01 2.067727e-01 -9.510565e-01
      vertex 1.923400e-01 1.731837e-01 -9.659258e-01
      vertex 1.731837e-01 1.923400e-01 -9.659258e-01
    endloop
  endfacet
  facet normal 0.000000e+00 0.000000e+00 1.000000e+00
    outer loop
      vertex 2.067727e-01 2.296444e-01 -9.510565e-01
      vertex 1.731837e-01 1.923400e-01 -9.659258e-01
      vertex 1.521300e-01 2.093890e-01 -9.659258e-01
    endloop
  endfacet
  facet normal 0.000000e+00 0.000000e+00 1.000000e+00
    outer loop
      vertex 1.816356e-01 2.500000e-01 -9.510565e-01
      vertex 1.521300e-01 2.093890e-01 -9.659258e-01
      vertex 1.294095e-01 2.241439e-01 -9.659258e-01
    endloop
  endfacet
  facet normal 0.000000e+00 0.000000e+00 1.000000e+00
    outer loop
      vertex 1.545085e-01 2.676166e-01 -9.510565e-01
      vertex 1.294095e-01 2.241439e-01 -9.659258e-01
      vertex 1.052712e-01 2.364430e-01 -9.659258e-01
    endloop
  endfacet
  facet normal 0.000000e+00 0.000000e+00 1.000000e+00
    outer loop
      vertex 1.256885e-01 2.823011e-01 -9.510565e-01
      vertex 1.052712e-01 2.364430e-01 -9.659258e-01
      vertex 7.997948e-02 2.461515e-01 -9.659258e-01
    endloop
  endfacet
  facet normal 0.000000e+00 0.000000e+00 1.000000e+00
    outer loop
      vertex 9.549150e-02 2.938926e-01 -9.510565e-01
      vertex 7.997948e-02 2.461515e-01 -9.659258e-01
      vertex 5.381151e-02 2.531632e-01 -9.659258e-01
    endloop
  endfacet
  facet normal 0.000000e+00 0.000000e+00 1.000000e+00
    outer loop
      vertex 6.424825e-02 3.022642e-01 -9.510565e-01
      vertex 5.381151e-02 2.531632e-01 -9.659258e-01
      vertex 2.705396e-02 2.574012e-01 -9.659258e-01
    endloop
  endfacet
  facet normal 0.000000e+00 0.000000e+00 1.000000e+00
    outer loop
      vertex 3.230107e-02 3.073242e-01 -9.510565e-01
      vertex 2.705396e-02 2.574012e-01 -9.659258e-01
      vertex 7.331747e-17 2.588190e-01 -9.659258e-01
    endloop
  endfacet
  facet normal 0.000000e+00 0.000000e+00 1.000000e+00
    outer loop
      vertex 8.753739e-17 3.090170e-01 -9.510565e-01
      vertex 7.331747e-17 2.588190e-01 -9.659258e-01
      vertex -2.705396e-02 2.574012e-01 -9.659258e-01
    endloop
  endfacet
  facet normal 0.000000e+00 0.000000e+00 1.000000e+00
    outer loop
      vertex -3.230107e-02 3.073242e-01 -9.510565e-01
      vertex -2.705396e-02 2.574012e-01 -9.659258e-01
      vertex -5.381151e-02 2.531632e-01 -9.659258e-01
    endloop
  endfacet
  facet normal 0.000000e+00 0.000000e+00 1.000000e+00
    outer loop
      vertex -6.424825e-02 3.022642e-01 -9.510565e-01
      vertex -5.381151e-02 2.531632e-01 -9.659258e-01
      vertex -7.997948e-02 2.461515e-01 -9.659258e-01
    endloop
  endfacet
  facet normal 0.000000e+00 0.000000e+00 1.000000e+00
    outer loop
      vertex -9.549150e-02 2.938926e-01 -9.510565e-01
      vertex -7.997948e-02 2.461515e-01 -9.659258e-01
      vertex -1.052712e-01 2.364430e-01 -9.659258e-01
    endloop
  endfacet
  facet normal 0.000000e+00 0.000000e+00 1.000000e+00
    outer loop
      vertex -1.256885e-01 2.823011e-01 -9.510565e-01
      vertex -1.052712e-01 2.364430e-01 -9.659258e-01
      vertex -1.294095e-01 2.241439e-01 -9.659258e-01
    endloop
  endfacet
  facet normal 0.000000e+00 0.000000e+00 1.000000e+00
    outer loop
      vertex -1.545085e-01 2.676166e-01 -9.510565e-01
      vertex -1.294095e-01 2.241439e-01 -9.659258e-01
      vertex -1.521300e-01 2.093890e-01 -9.659258e-01
    endloop
  endfacet
  facet normal 0.000000e+00 0.000000e+00 1.000000e+00
    outer loop
      vertex -1.816356e-01 2.500000e-01 -9.510565e-01
      vertex -1.521300e-01 2.093890e-01 -9.659258e-01
      vertex -1.731837e-01 1.923400e-01 -9.659258e-01
    endloop
  endfacet
  facet normal 0.000000e+00 0.000000e+00 1.000000e+00
    outer loop
      vertex -2.067727e-01 2.296444e-01 -9.510565e-01
      vertex -1.731837e-01 1.923400e-01 -9.659258e-01
      vertex -1.923400e-01 1.731837e-01 -9.659258e-01
    endloop
  endfacet
  facet normal 0.000000e+00 0.000000e+00 1.000000e+00
    outer loop
      vertex -2.296444e-01 2.067727e-01 -9.510565e-01
      vertex -1.923400e-01 1.731837e-01 -9.659258e-01
      vertex -2.093890e-01 1.521300e-01 -9.659258e-01
    endloop
  endfacet
  facet normal 0.000000e+00 0.000000e+00 1.000000e+00
    outer loop
      vertex -2.500000e-01 1.816356e-01 -9.510565e-01
      vertex -2.093890e-01 1.521300e-01 -9.659258e-01
      vertex -2.241439e-01 1.294095e-01 -9.659258e-01
    endloop
  endfacet
  facet normal 0.000000e+00 0.000000e+00 1.000000e+00
    outer loop
      vertex -2.676166e-01 1.545085e-01 -9.510565e-01
      vertex -2.241439e-01 1.294095e-01 -9.659258e-01
      vertex -2.364430e-01 1.052712e-01 -9.659258e-01
    endloop
  endfacet
  facet normal 0.000000e+00 0.000000e+00 1.000000e+00
    outer loop
      vertex -2.823011e-01 1.256885e-01 -9.510565e-01
      vertex -2.364430e-01 1.052712e-01 -9.659258e-01
      vertex -2.461515e-01 7.997948e-02 -9.659258e-01
    endloop
  endfacet
  facet normal 0.000000e+00 0.000000e+00 1.000000e+00
    outer loop
      vertex -2.938926e-01 9.549150e-02 -9.510565e-01
      vertex -2.461515e-01 7.997948e-02 -9.659258e-01
      vertex -2.531632e-01 5.381151e-02 -9.659258e-01
    endloop
  endfacet
  facet normal 0.000000e+00 0.000000e+00 1.000000e+00
    outer loop
      vertex -3.022642e-01 6.424825e-02 -9.510565e-01
      vertex -2.531632e-01 5.381151e-02 -9.659258e-01
      vertex -2.574012e-01 2.705396e-02 -9.659258e-01
    endloop
  endfacet
  facet normal 0.000000e+00 0.000000e+00 1.000000e+00
    outer loop
      vertex -3.073242e-01 3.230107e-02 -9.510565e-01
      vertex -2.574012e-01 2.705396e-02 -9.659258e-01
      vertex -2.588190e-01 1.466349e-16 -9.659258e-01
    endloop
  endfacet
  facet normal 0.000000e+00 0.000000e+00 1.000000e+00
    outer loop
      vertex -3.090170e-01 1.750748e-16 -9.510565e-01
      vertex -2.588190e-01 1.466349e-16 -9.659258e-01
      vertex -2.574012e-01 -2.705396e-02 -9.659258e-01
    endloop
  endfacet
  facet normal 0.000000e+00 0.000000e+00 1.000000e+00
    outer loop
      vertex -3.073242e-01 -3.230107e-02 -9.510565e-01
      vertex -2.574012e-01 -2.705396e-02 -9.659258e-01
      vertex -2.531632e-01 -5.381151e-02 -9.659258e-01
    endloop
  endfacet
  facet normal 0.000000e+00 0.000000e+00 1.000000e+00
    outer loop
      vertex -3.022642e-01 -6.424825e-02 -9.510565e-01
      vertex -2.531632e-01 -5.381151e-02 -9.659258e-01
      vertex -2.461515e-01 -7.997948e-02 -9.659258e-01
    endloop
  endfacet
  facet normal 0.000000e+00 0.000000e+00 1.000000e+00
    outer loop
      vertex -2.938926e-01 -9.549150e-02 -9.510565e-01
      vertex -2.461515e-01 -7.997948e-02 -9.659258e-01
      vertex -2.364430e-01 -1.052712e-01 -9.659258e-01
    endloop
  endfacet
  facet normal 0.000000e+00 0.000000e+00 1.000000e+00
    outer loop
      vertex -2.823011e-01 -1.256885e-01 -9.510565e-01
      vertex -2.364430e-01 -1.052712e-01 -9.659258e-01
      vertex -2.241439e-01 -1.294095e-01 -9.659258e-01
    endloop
  endfacet
  facet normal 0.000000e+00 0.000000e+00 1.000000e+00
    outer loop
      vertex -2.676166e-01 -1.545085e-01 -9.510565e-01
      vertex -2.241439e-01 -1.294095e-01 -9.659258e-01
      vertex -2.093890e-01 -1.521300e-01 -9.659258e-01
    endloop
  endfacet
  facet normal 0.000000e+00 0.000000e+00 1.000000e+00
    outer loop
      vertex -2.500000e-01 -1.816356e-01 -9.510565e-01
      vertex -2.093890e-01 -1.521300e-01 -9.659258e-01
      vertex -1.923400e-01 -1.731837e-01 -9.659258e-01
    endloop
  endfacet
  facet normal 0.000000e+00 0.000000e+00 1.000000e+00
    outer loop
      vertex -2.296444e-01 -2.067727e-01 -9.510565e-01
      vertex -1.923400e-01 -1.731837e-01 -9.659258e-01
      vertex -1.731837e-01 -1.923400e-01 -9.659258e-01
    endloop
  endfacet
  facet normal 0.000000e+00 0.000000e+00 1.000000e+00
    outer loop
      vertex -2.067727e-01 -2.296444e-01 -9.510565e-01
      vertex -1.731837e-01 -1.923400e-01 -9.659258e-01
      vertex -1.521300e-01 -2.093890e-01 -9.659258e-01
    endloop
  endfacet
  facet normal 0.000000e+00 0.000000e+00 1.000000e+00
    outer loop
      vertex -1.816356e-01 -2.500000e-01 -9.510565e-01
      vertex -1.521300e-01 -2.093890e-01 -9.659258e-01
      vertex -1.294095e-01 -2.241439e-01 -9.659258e-01
    endloop
  endfacet
  facet normal 0.000000e+00 0.000000e+00 1.000000e+00
    outer loop
      vertex -1.545085e-01 -2.676166e-01 -9.510565e-01
      vertex -1.294095e-01 -2.241439e-01 -9.659258e-01
      vertex -1.052712e-01 -2.364430e-01 -9.659258e-01
    endloop
  endfacet
  facet normal 0.000000e+00 0.000000e+00 1.000000e+00
    outer loop
      vertex -1.256885e-01 -2.823011e-01 -9.510565e-01
      vertex -1.052712e-01 -2.364430e-01 -9.659258e-01
      vertex -7.997948e-02 -2.461515e-01 -9.659258e-01
    endloop
  endfacet
  facet normal 0.000000e+00 0.000000e+00 1.000000e+00
    outer loop
      vertex -9.549150e-02 -2.938926e-01 -9.510565e-01
      vertex -7.997948e-02 -2.461515e-01 -9.659258e-01
      vertex -5.381151e-02 -2.531632e-01 -9.659258e-01
    endloop
  endfacet
  facet normal 0.000000e+00 0.000000e+00 1.000000e+00
    outer loop
      vertex -6.424825e-02 -3.022642e-01 -9.510565e-01
      vertex -5.381151e-02 -2.531632e-01 -9.659258e-01
      vertex -2.705396e-02 -2.574012e-01 -9.659258e-01
    endloop
  endfacet
  facet normal 0.000000e+00 0.000000e+00 1.000000e+00
    outer loop
      vertex -3.230107e-02 -3.073242e-01 -9.510565e-01
      vertex -2.705396e-02 -2.574012e-01 -9.659258e-01
      vertex -4.754429e-17 -2.588190e-01 -9.659258e-01
    endloop
  endfacet
  facet normal 0.000000e+00 0.000000e+00 1.000000e+00
    outer loop
      vertex -5.676550e-17 -3.090170e-01 -9.510565e-01
      vertex -4.754429e-17 -2.588190e-01 -9.659258e-01
      vertex 2.705396e-02 -2.574012e-01 -9.659258e-01
    endloop
  endfacet
  facet normal 0.000000e+00 0.000000e+00 1.000000e+00
    outer loop
      vertex 3.230107e-02 -3.073242e-01 -9.510565e-01
      vertex 2.705396e-02 -2.574012e-01 -9.659258e-01
      vertex 5.381151e-02 -2.531632e-01 -9.659258e-01
    endloop
  endfacet
  facet normal 0.000000e+00 0.000000e+00 1.000000e+00
    outer loop
      vertex 6.424825e-02 -3.022642e-01 -9.510565e-01
      vertex 5.381151e-02 -2.531632e-01 -9.659258e-01
      vertex 7.997948e-02 -2.461515e-01 -9.659258e-01
    endloop
  endfacet
  facet normal 0.000000e+00 0.000000e+00 1.000000e+00
    outer loop
      vertex 9.549150e-02 -2.938926e-01 -9.510565e-01
      vertex 7.997948e-02 -2.461515e-01 -9.659258e-01
      vertex 1.052712e-01 -2.364430e-01 -9.659258e-01
    endloop
  endfacet
  facet normal 0.000000e+00 0.000000e+00 1.000000e+00
    outer loop
      vertex 1.256885e-01 -2.823011e-01 -9.510565e-01
      vertex 1.052712e-01 -2.364430e-01 -9.659258e-01
      vertex 1.294095e-01 -2.241439e-01 -9.659258e-01
    endloop
  endfacet
  facet normal 0.000000e+00 0.000000e+00 1.000000e+00
    outer loop
      vertex 1.545085e-01 -2.676166e-01 -9.510565e-01
      vertex 1.294095e-01 -2.241439e-01 -9.659258e-01
      vertex 1.521300e-01 -2.093890e-01 -9.659258e-01
    endloop
  endfacet
  facet normal 0.000000e+00 0.000000e+00 1.000000e+00
    outer loop
      vertex 1.816356e-01 -2.500000e-01 -9.510565e-01
      vertex 1.521300e-01 -2.093890e-01 -9.659258e-01
      vertex 1.731837e-01 -1.923400e-01 -9.659258e-01
    endloop
  endfacet
  facet normal 0.000000e+00 0.000000e+00 1.000000e+00
    outer loop
      vertex 2.067727e-01 -2.296444e-01 -9.510565e-01
      vertex 1.731837e-01 -1.923400e-01 -9.659258e-01
      vertex 1.923400e-01 -1.731837e-01 -9.659258e-01
    endloop
  endfacet
  facet normal 0.000000e+00 0.000000e+00 1.000000e+00
    outer loop
      vertex 2.296444e-01 -2.067727e-01 -9.510565e-01
      vertex 1.923400e-01 -1.731837e-01 -9.659258e-01
      vertex 2.093890e-01 -1.521300e-01 -9.659258e-01
    endloop
  endfacet
  facet normal 0.000000e+00 0.000000e+00 1.000000e+00
    outer loop
      vertex 2.500000e-01 -1.816356e-01 -9.510565e-01
      vertex 2.093890e-01 -1.521300e-01 -9.659258e-01
      vertex 2.241439e-01 -1.294095e-01 -9.659258e-01
    endloop
  endfacet
  facet normal 0.000000e+00 0.000000e+00 1.000000e+00
    outer loop
      vertex 2.676166e-01 -1.545085e-01 -9.510565e-01
      vertex 2.241439e-01 -1.294095e-01 -9.659258e-01
      vertex 2.364430e-01 -1.052712e-01 -9.659258e-01
    endloop
  endfacet
  facet normal 0.000000e+00 0.000000e+00 1.000000e+00
    outer loop
      vertex 2.823011e-01 -1.256885e-01 -9.510565e-01
      vertex 2.364430e-01 -1.052712e-01 -9.659258e-01
      vertex 2.461515e-01 -7.997948e-02 -9.659258e-01
    endloop
  endfacet
  facet normal 0.000000e+00 0.000000e+00 1.000000e+00
    outer loop
      vertex 2.938926e-01 -9.549150e-02 -9.510565e-01
      vertex 2.461515e-01 -7.997948e-02 -9.659258e-01
      vertex 2.531632e-01 -5.381151e-02 -9.659258e-01
    endloop
  endfacet
  facet normal 0.000000e+00 0.000000e+00 1.000000e+00
    outer loop
      vertex 3.022642e-01 -6.424825e-02 -9.510565e-01
      vertex 2.531632e-01 -5.381151e-02 -9.659258e-01
      vertex 2.574012e-01 -2.705396e-02 -9.659258e-01
    endloop
  endfacet
  facet normal 0.000000e+00 0.000000e+00 1.000000e+00
    outer loop
      vertex 3.073242e-01 -3.230107e-02 -9.510565e-01
      vertex 2.574012e-01 -2.705396e-02 -9.659258e-01
      vertex 2.588190e-01 -2.932699e-16 -9.659258e-01
    endloop
  endfacet
  facet normal 0.000000e+00 0.000000e+00 1.000000e+00
    outer loop
      vertex 2.588190e-01 0.000000e+00 -9.659258e-01
      vertex 2.079117e-01 0.000000e+00 -9.781476e-01
      vertex 2.067727e-01 2.173269e-02 -9.781476e-01
    endloop
  endfacet
  facet normal 0.000000e+00 0.000000e+00 1.000000e+00
    outer loop
      vertex 2.574012e-01 2.705396e-02 -9.659258e-01
      vertex 2.067727e-01 2.173269e-02 -9.781476e-01
      vertex 2.033683e-01 4.322727e-02 -9.781476e-01
    endloop
  endfacet
  facet normal 0.000000e+00 0.000000e+00 1.000000e+00
    outer loop
      vertex 2.531632e-01 5.381151e-02 -9.659258e-01
      vertex 2.033683e-01 4.322727e-02 -9.781476e-01
      vertex 1.977358e-01 6.424825e-02 -9.781476e-01
    endloop
  endfacet
  facet normal 0.000000e+00 0.000000e+00 1.000000e+00
    outer loop
      vertex 2.461515e-01 7.997948e-02 -9.659258e-01
      vertex 1.977358e-01 6.424825e-02 -9.781476e-01
      vertex 1.899368e-01 8.456530e-02 -9.781476e-01
    endloop
  endfacet
  facet normal 0.000000e+00 0.000000e+00 1.000000e+00
    outer loop
      vertex 2.364430e-01 1.052712e-01 -9.659258e-01
      vertex 1.899368e-01 8.456530e-02 -9.781476e-01
      vertex 1.800568e-01 1.039558e-01 -9.781476e-01
    endloop
  endfacet
  facet normal 0.000000e+00 0.000000e+00 1.000000e+00
    outer loop
      vertex 2.241439e-01 1.294095e-01 -9.659258e-01
      vertex 1.800568e-01 1.039558e-01 -9.781476e-01
      vertex 1.682041e-01 1.222074e-01 -9.781476e-01
    endloop
  endfacet
  facet normal 0.000000e+00 0.000000e+00 1.000000e+00
    outer loop
      vertex 2.093890e-01 1.521300e-01 -9.659258e-01
      vertex 1.682041e-01 1.222074e-01 -9.781476e-01
      vertex 1.545085e-01 1.391201e-01 -9.781476e-01
    endloop
  endfacet
  facet normal 0.000000e+00 0.000000e+00 1.000000e+00
    outer loop
      vertex 1.923400e-01 1.731837e-01 -9.659258e-01
      vertex 1.545085e-01 1.391201e-01 -9.781476e-01
      vertex 1.391201e-01 1.545085e-01 -9.781476e-01
    endloop
  endfacet
  facet normal 0.000000e+00 0.000000e+00 1.000000e+00
    outer loop
      vertex 1.731837e-01 1.923400e-01 -9.659258e-01
      vertex 1.391201e-01 1.545085e-01 -9.781476e-01
      vertex 1.222074e-01 1.682041e-01 -9.781476e-01
    endloop
  endfacet
  facet normal 0.000000e+00 0.000000e+00 1.000000e+00
    outer loop
      vertex 1.521300e-01 2.093890e-01 -9.659258e-01
      vertex 1.222074e-01 1.682041e-01 -9.781476e-01
      vertex 1.039558e-01 1.800568e-01 -9.781476e-01
    endloop
  endfacet
  facet normal 0.000000e+00 0.000000e+00 1.000000e+00
    outer loop
      vertex 1.294095e-01 2.241439e-01 -9.659258e-01
      vertex 1.039558e-01 1.800568e-01 -9.781476e-01
      vertex 8.456530e-02 1.899368e-01 -9.781476e-01
    endloop
  endfacet
  facet normal 0.000000e+00 0.000000e+00 1.000000e+00
    outer loop
      vertex 1.052712e-01 2.364430e-01 -9.659258e-01
      vertex 8.456530e-02 1.899368e-01 -9.781476e-01
      vertex 6.424825e-02 1.977358e-01 -9.781476e-01
    endloop
  endfacet
  facet normal 0.000000e+00 0.000000e+00 1.000000e+00
    outer loop
      vertex 7.997948e-02 2.461515e-01 -9.659258e-01
      vertex 6.424825e-02 1.977358e-01 -9.781476e-01
      vertex 4.322727e-02 2.033683e-01 -9.781476e-01
    endloop
  endfacet
  facet normal 0.000000e+00 0.000000e+00 1.000000e+00
    outer loop
      vertex 5.381151e-02 2.531632e-01 -9.659258e-01
      vertex 4.322727e-02 2.033683e-01 -9.781476e-01
      vertex 2.173269e-02 2.067727e-01 -9.781476e-01
    endloop
  endfacet
  facet normal 0.000000e+00 0.000000e+00 1.000000e+00
    outer loop
      vertex 2.705396e-02 2.574012e-01 -9.659258e-01
      vertex 2.173269e-02 2.067727e-01 -9.781476e-01
      vertex 5.889659e-17 2.079117e-01 -9.781476e-01
    endloop
  endfacet
  facet normal 0.000000e+00 0.000000e+00 1.000000e+00
    outer loop
      vertex 7.331747e-17 2.588190e-01 -9.659258e-01
      vertex 5.889659e-17 2.079117e-01 -9.781476e-01
      vertex -2.173269e-02 2.067727e-01 -9.781476e-01
    endloop
  endfacet
  facet normal 0.000000e+00 0.000000e+00 1.000000e+00
    outer loop
      vertex -2.705396e-02 2.574012e-01 -9.659258e-01
      vertex -2.173269e-02 2.067727e-01 -9.781476e-01
      vertex -4.322727e-02 2.033683e-01 -9.781476e-01
    endloop
  endfacet
  facet normal 0.000000e+00 0.000000e+00 1.000000e+00
    outer loop
      vertex -5.381151e-02 2.531632e-01 -9.659258e-01
      vertex -4.322727e-02 2.033683e-01 -9.781476e-01
      vertex -6.424825e-02 1.977358e-01 -9.781476e-01
    endloop
  endfacet
  facet normal 0.000000e+00 0.000000e+00 1.000000e+00
    outer loop
      vertex -7.997948e-02 2.461515e-01 -9.659258e-01
      vertex -6.424825e-02 1.977358e-01 -9.781476e-01
      vertex -8.456530e-02 1.899368e-01 -9.781476e-01
    endloop
  endfacet
  facet normal 0.000000e+00 0.000000e+00 1.000000e+00
    outer loop
      vertex -1.052712e-01 2.364430e-01 -9.659258e-01
      vertex -8.456530e-02 1.899368e-01 -9.781476e-01
      vertex -1.039558e-01 1.800568e-01 -9.781476e-01
    endloop
  endfacet
  facet normal 0.000000e+00 0.000000e+00 1.000000e+00
    outer loop
      vertex -1.294095e-01 2.241439e-01 -9.659258e-01
      vertex -1.039558e-01 1.800568e-01 -9.781476e-01
      vertex -1.222074e-01 1.682041e-01 -9.781476e-01
    endloop
  endfacet
  facet normal 0.000000e+00 0.000000e+00 1.000000e+00
    outer loop
      vertex -1.521300e-01 2.093890e-01 -9.659258e-01
      vertex -1.222074e-01 1.682041e-01 -9.781476e-01
      vertex -1.391201e-01 1.545085e-01 -9.781476e-01
    endloop
  endfacet
  facet normal 0.000000e+00 0.000000e+00 1.000000e+00
    outer loop
      vertex -1.731837e-01 1.923400e-01 -9.659258e-01
      vertex -1.391201e-01 1.545085e-01 -9.781476e-01
      vertex -1.545085e-01 1.391201e-01 -9.781476e-01
    endloop
  endfacet
  facet normal 0.000000e+00 0.000000e+00 1.000000e+00
    outer loop
      vertex -1.923400e-01 1.731837e-01 -9.659258e-01
      vertex -1.545085e-01 1.391201e-01 -9.781476e-01
      vertex -1.682041e-01 1.222074e-01 -9.781476e-01
    endloop
  endfacet
  facet normal 0.000000e+00 0.000000e+00 1.000000e+00
    outer loop
      vertex -2.093890e-01 1.521300e-01 -9.659258e-01
      vertex -1.682041e-01 1.222074e-01 -9.781476e-01
      vertex -1.800568e-01 1.039558e-01 -9.781476e-01
    endloop
  endfacet
  facet normal 0.000000e+00 0.000000e+00 1.000000e+00
    outer loop
      vertex -2.241439e-01 1.294095e-01 -9.659258e-01
      vertex -1.800568e-01 1.039558e-01 -9.781476e-01
      vertex -1.899368e-01 8.456530e-02 -9.781476e-01
    endloop
  endfacet
  facet normal 0.000000e+00 0.000000e+00 1.000000e+00
    outer loop
      vertex -2.364430e-01 1.052712e-01 -9.659258e-01
      vertex -1.899368e-01 8.456530e-02 -9.781476e-01
      vertex -1.977358e-01 6.424825e-02 -9.781476e-01
    endloop
  endfacet
  facet normal 0.000000e+00 0.000000e+00 1.000000e+00
    outer loop
      vertex -2.461515e-01 7.997948e-02 -9.659258e-01
      vertex -1.977358e-01 6.424825e-02 -9.781476e-01
      vertex -2.033683e-01 4.322727e-02 -9.781476e-01
    endloop
  endfacet
  facet normal 0.000000e+00 0.000000e+00 1.000000e+00
    outer loop
      vertex -2.531632e-01 5.381151e-02 -9.659258e-01
      vertex -2.033683e-01 4.322727e-02 -9.781476e-01
      vertex -2.067727e-01 2.173269e-02 -9.781476e-01
    endloop
  endfacet
  facet normal 0.000000e+00 0.000000e+00 1.000000e+00
    outer loop
      vertex -2.574012e-01 2.705396e-02 -9.659258e-01
      vertex -2.067727e-01 2.173269e-02 -9.781476e-01
      vertex -2.079117e-01 1.177932e-16 -9.781476e-01
    endloop
  endfacet
  facet normal 0.000000e+00 0.000000e+00 1.000000e+00
    outer loop
      vertex -2.588190e-01 1.466349e-16 -9.659258e-01
      vertex -2.079117e-01 1.177932e-16 -9.781476e-01
      vertex -2.067727e-01 -2.173269e-02 -9.781476e-01
    endloop
  endfacet
  facet normal 0.000000e+00 0.000000e+00 1.000000e+00
    outer loop
      vertex -2.574012e-01 -2.705396e-02 -9.659258e-01
      vertex -2.067727e-01 -2.173269e-02 -9.781476e-01
      vertex -2.033683e-01 -4.322727e-02 -9.781476e-01
    endloop
  endfacet
  facet normal 0.000000e+00 0.000000e+00 1.000000e+00
    outer loop
      vertex -2.531632e-01 -5.381151e-02 -9.659258e-01
      vertex -2.033683e-01 -4.322727e-02 -9.781476e-01
      vertex -1.977358e-01 -6.424825e-02 -9.781476e-01
    endloop
  endfacet
  facet normal 0.000000e+00 0.000000e+00 1.000000e+00
    outer loop
      vertex -2.461515e-01 -7.997948e-02 -9.659258e-01
      vertex -1.977358e-01 -6.424825e-02 -9.781476e-01
      vertex -1.899368e-01 -8.456530e-02 -9.781476e-01
    endloop
  endfacet
  facet normal 0.000000e+00 0.000000e+00 1.000000e+00
    outer loop
      vertex -2.364430e-01 -1.052712e-01 -9.659258e-01
      vertex -1.899368e-01 -8.456530e-02 -9.781476e-01
      vertex -1.800568e-01 -1.039558e-01 -9.781476e-01
    endloop
  endfacet
  facet normal 0.000000e+00 0.000000e+00 1.000000e+00
    outer loop
      vertex -2.241439e-01 -1.294095e-01 -9.659258e-01
      vertex -1.800568e-01 -1.039558e-01 -9.781476e-01
      vertex -1.682041e-01 -1.222074e-01 -9.781476e-01
    endloop
  endfacet
  facet normal 0.000000e+00 0.000000e+00 1.000000e+00
    outer loop
      vertex -2.093890e-01 -1.521300e-01 -9.659258e-01
      vertex -1.682041e-01 -1.222074e-01 -9.781476e-01
      vertex -1.545085e-01 -1.391201e-01 -9.781476e-01
    endloop
  endfacet
  facet normal 0.000000e+00 0.000000e+00 1.000000e+00
    outer loop
      vertex -1.923400e-01 -1.731837e-01 -9.659258e-01
      vertex -1.545085e-01 -1.391201e-01 -9.781476e-01
      vertex -1.391201e-01 -1.545085e-01 -9.781476e-01
    endloop
  endfacet
  facet normal 0.000000e+00 0.000000e+00 1.000000e+00
    outer loop
      vertex -1.731837e-01 -1.923400e-01 -9.659258e-01
      vertex -1.391201e-01 -1.545085e-01 -9.781476e-01
      vertex -1.222074e-01 -1.682041e-01 -9.781476e-01
    endloop
  endfacet
  facet normal 0.000000e+00 0.000000e+00 1.000000e+00
    outer loop
      vertex -1.521300e-01 -2.093890e-01 -9.659258e-01
      vertex -1.222074e-01 -1.682041e-01 -9.781476e-01
      vertex -1.039558e-01 -1.800568e-01 -9.781476e-01
    endloop
  endfacet
  facet normal 0.000000e+00 0.000000e+00 1.000000e+00
    outer loop
      vertex -1.294095e-01 -2.241439e-01 -9.659258e-01
      vertex -1.039558e-01 -1.800568e-01 -9.781476e-01
      vertex -8.456530e-02 -1.899368e-01 -9.781476e-01
    endloop
  endfacet
  facet normal 0.000000e+00 0.000000e+00 1.000000e+00
    outer loop
      vertex -1.052712e-01 -2.364430e-01 -9.659258e-01
      vertex -8.456530e-02 -1.899368e-01 -9.781476e-01
      vertex -6.424825e-02 -1.977358e-01 -9.781476e-01
    endloop
  endfacet
  facet normal 0.000000e+00 0.000000e+00 1.000000e+00
    outer loop
      vertex -7.997948e-02 -2.461515e-01 -9.659258e-01
      vertex -6.424825e-02 -1.977358e-01 -9.781476e-01
      vertex -4.322727e-02 -2.033683e-01 -9.781476e-01
    endloop
  endfacet
  facet normal 0.000000e+00 0.000000e+00 1.000000e+00
    outer loop
      vertex -5.381151e-02 -2.531632e-01 -9.659258e-01
      vertex -4.322727e-02 -2.033683e-01 -9.781476e-01
      vertex -2.173269e-02 -2.067727e-01 -9.781476e-01
    endloop
  endfacet
  facet normal 0.000000e+00 0.000000e+00 1.000000e+00
    outer loop
      vertex -2.705396e-02 -2.574012e-01 -9.659258e-01
      vertex -2.173269e-02 -2.067727e-01 -9.781476e-01
      vertex -3.819276e-17 -2.079117e-01 -9.781476e-01
    endloop
  endfacet
  facet normal 0.000000e+00 0.000000e+00 1.000000e+00
    outer loop
      vertex -4.754429e-17 -2.588190e-01 -9.659258e-01
      vertex -3.819276e-17 -2.079117e-01 -9.781476e-01
      vertex 2.173269e-02 -2.067727e-01 -9.781476e-01
    endloop
  endfacet
  facet normal 0.000000e+00 0.000000e+00 1.000000e+00
    outer loop
      vertex 2.705396e-02 -2.574012e-01 -9.659258e-01
      vertex 2.173269e-02 -2.067727e-01 -9.781476e-01
      vertex 4.322727e-02 -2.033683e-01 -9.781476e-01
    endloop
  endfacet
  facet normal 0.000000e+00 0.000000e+00 1.000000e+00
    outer loop
      vertex 5.381151e-02 -2.531632e-01 -9.659258e-01
      vertex 4.322727e-02 -2.033683e-01 -9.781476e-01
      vertex 6.424825e-02 -1.977358e-01 -9.781476e-01
    endloop
  endfacet
  facet normal 0.000000e+00 0.000000e+00 1.000000e+00
    outer loop
      vertex 7.997948e-02 -2.461515e-01 -9.659258e-01
      vertex 6.424825e-02 -1.977358e-01 -9.781476e-01
      vertex 8.456530e-02 -1.899368e-01 -9.781476e-01
    endloop
  endfacet
  facet normal 0.000000e+00 0.000000e+00 1.000000e+00
    outer loop
      vertex 1.052712e-01 -2.364430e-01 -9.659258e-01
      vertex 8.456530e-02 -1.899368e-01 -9.781476e-01
      vertex 1.039558e-01 -1.800568e-01 -9.781476e-01
    endloop
  endfacet
  facet normal 0.000000e+00 0.000000e+00 1.000000e+00
    outer loop
      vertex 1.294095e-01 -2.241439e-01 -9.659258e-01
      vertex 1.039558e-01 -1.800568e-01 -9.781476e-01
      vertex 1.222074e-01 -1.682041e-01 -9.781476e-01
    endloop
  endfacet
  facet normal 0.000000e+00 0.000000e+00 1.000000e+00
    outer loop
      vertex 1.521300e-01 -2.093890e-01 -9.659258e-01
      vertex 1.222074e-01 -1.682041e-01 -9.781476e-01
      vertex 1.391201e-01 -1.545085e-01 -9.781476e-01
    endloop
  endfacet
  facet normal 0.000000e+00 0.000000e+00 1.000000e+00
    outer loop
      vertex 1.731837e-01 -1.923400e-01 -9.659258e-01
      vertex 1.391201e-01 -1.545085e-01 -9.781476e-01
      vertex 1.545085e-01 -1.391201e-01 -9.781476e-01
    endloop
  endfacet
  facet normal 0.000000e+00 0.000000e+00 1.000000e+00
    outer loop
      vertex 1.923400e-01 -1.731837e-01 -9.659258e-01
      vertex 1.545085e-01 -1.391201e-01 -9.781476e-01
      vertex 1.682041e-01 -1.222074e-01 -9.781476e-01
    endloop
  endfacet
  facet normal 0.000000e+00 0.000000e+00 1.000000e+00
    outer loop
      vertex 2.093890e-01 -1.521300e-01 -9.659258e-01
      vertex 1.682041e-01 -1.222074e-01 -9.781476e-01
      vertex 1.800568e-01 -1.039558e-01 -9.781476e-01
    endloop
  endfacet
  facet normal 0.000000e+00 0.000000e+00 1.000000e+00
    outer loop
      vertex 2.241439e-01 -1.294095e-01 -9.659258e-01
      vertex 1.800568e-01 -1.039558e-01 -9.781476e-01
      vertex 1.899368e-01 -8.456530e-02 -9.781476e-01
    endloop
  endfacet
  facet normal 0.000000e+00 0.000000e+00 1.000000e+00
    outer loop
      vertex 2.364430e-01 -1.052712e-01 -9.659258e-01
      vertex 1.899368e-01 -8.456530e-02 -9.781476e-01
      vertex 1.977358e-01 -6.424825e-02 -9.781476e-01
    endloop
  endfacet
  facet normal 0.000000e+00 0.000000e+00 1.000000e+00
    outer loop
      vertex 2.461515e-01 -7.997948e-02 -9.659258e-01
      vertex 1.977358e-01 -6.424825e-02 -9.781476e-01
      vertex 2.033683e-01 -4.322727e-02 -9.781476e-01
    endloop
  endfacet
  facet normal 0.000000e+00 0.000000e+00 1.000000e+00
    outer loop
      vertex 2.531632e-01 -5.381151e-02 -9.659258e-01
      vertex 2.033683e-01 -4.322727e-02 -9.781476e-01
      vertex 2.067727e-01 -2.173269e-02 -9.781476e-01
    endloop
  endfacet
  facet normal 0.000000e+00 0.000000e+00 1.000000e+00
    outer loop
      vertex 2.574012e-01 -2.705396e-02 -9.659258e-01
      vertex 2.067727e-01 -2.173269e-02 -9.781476e-01
      vertex 2.079117e-01 -2.355864e-16 -9.781476e-01
    endloop
  endfacet
  facet normal 0.000000e+00 0.000000e+00 1.000000e+00
    outer loop
      vertex 2.079117e-01 0.000000e+00 -9.781476e-01
      vertex 1.564345e-01 0.000000e+00 -9.876883e-01
      vertex 1.555775e-01 1.635185e-02 -9.876883e-01
    endloop
  endfacet
  facet normal 0.000000e+00 0.000000e+00 1.000000e+00
    outer loop
      vertex 2.067727e-01 2.173269e-02 -9.781476e-01
      vertex 1.555775e-01 1.635185e-02 -9.876883e-01
      vertex 1.530160e-01 3.252455e-02 -9.876883e-01
    endloop
  endfacet
  facet normal 0.000000e+00 0.000000e+00 1.000000e+00
    outer loop
      vertex 2.033683e-01 4.322727e-02 -9.781476e-01
      vertex 1.530160e-01 3.252455e-02 -9.876883e-01
      vertex 1.487780e-01 4.834091e-02 -9.876883e-01
    endloop
  endfacet
  facet normal 0.000000e+00 0.000000e+00 1.000000e+00
    outer loop
      vertex 1.977358e-01 6.424825e-02 -9.781476e-01
      vertex 1.487780e-01 4.834091e-02 -9.876883e-01
      vertex 1.429100e-01 6.362763e-02 -9.876883e-01
    endloop
  endfacet
  facet normal 0.000000e+00 0.000000e+00 1.000000e+00
    outer loop
      vertex 1.899368e-01 8.456530e-02 -9.781476e-01
      vertex 1.429100e-01 6.362763e-02 -9.876883e-01
      vertex 1.354762e-01 7.821723e-02 -9.876883e-01
    endloop
  endfacet
  facet normal 0.000000e+00 0.000000e+00 1.000000e+00
    outer loop
      vertex 1.800568e-01 1.039558e-01 -9.781476e-01
      vertex 1.354762e-01 7.821723e-02 -9.876883e-01
      vertex 1.265581e-01 9.194987e-02 -9.876883e-01
    endloop
  endfacet
  facet normal 0.000000e+00 0.000000e+00 1.000000e+00
    outer loop
      vertex 1.682041e-01 1.222074e-01 -9.781476e-01
      vertex 1.265581e-01 9.194987e-02 -9.876883e-01
      vertex 1.162535e-01 1.046751e-01 -9.876883e-01
    endloop
  endfacet
  facet normal 0.000000e+00 0.000000e+00 1.000000e+00
    outer loop
      vertex 1.545085e-01 1.391201e-01 -9.781476e-01
      vertex 1.162535e-01 1.046751e-01 -9.876883e-01
      vertex 1.046751e-01 1.162535e-01 -9.876883e-01
    endloop
  endfacet
  facet normal 0.000000e+00 0.000000e+00 1.000000e+00
    outer loop
      vertex 1.391201e-01 1.545085e-01 -9.781476e-01
      vertex 1.046751e-01 1.162535e-01 -9.876883e-01
      vertex 9.194987e-02 1.265581e-01 -9.876883e-01
    endloop
  endfacet
  facet normal 0.000000e+00 0.000000e+00 1.000000e+00
    outer loop
      vertex 1.222074e-01 1.682041e-01 -9.781476e-01
      vertex 9.194987e-02 1.265581e-01 -9.876883e-01
      vertex 7.821723e-02 1.354762e-01 -9.876883e-01
    endloop
  endfacet
  facet normal 0.000000e+00 0.000000e+00 1.000000e+00
    outer loop
      vertex 1.039558e-01 1.800568e-01 -9.781476e-01
      vertex 7.821723e-02 1.354762e-01 -9.876883e-01
      vertex 6.362763e-02 1.429100e-01 -9.876883e-01
    endloop
  endfacet
  facet normal 0.000000e+00 0.000000e+00 1.000000e+00
    outer loop
      vertex 8.456530e-02 1.899368e-01 -9.781476e-01
      vertex 6.362763e-02 1.429100e-01 -9.876883e-01
      vertex 4.834091e-02 1.487780e-01 -9.876883e-01
    endloop
  endfacet
  facet normal 0.000000e+00 0.000000e+00 1.000000e+00
    outer loop
      vertex 6.424825e-02 1.977358e-01 -9.781476e-01
      vertex 4.834091e-02 1.487780e-01 -9.876883e-01
      vertex 3.252455e-02 1.530160e-01 -9.876883e-01
    endloop
  endfacet
  facet normal 0.000000e+00 0.000000e+00 1.000000e+00
    outer loop
      vertex 4.322727e-02 2.033683e-01 -9.781476e-01
      vertex 3.252455e-02 1.530160e-01 -9.876883e-01
      vertex 1.635185e-02 1.555775e-01 -9.876883e-01
    endloop
  endfacet
  facet normal 0.000000e+00 0.000000e+00 1.000000e+00
    outer loop
      vertex 2.173269e-02 2.067727e-01 -9.781476e-01
      vertex 1.635185e-02 1.555775e-01 -9.876883e-01
      vertex 4.431428e-17 1.564345e-01 -9.876883e-01
    endloop
  endfacet
  facet normal 0.000000e+00 0.000000e+00 1.000000e+00
    outer loop
      vertex 5.889659e-17 2.079117e-01 -9.781476e-01
      vertex 4.431428e-17 1.564345e-01 -9.876883e-01
      vertex -1.635185e-02 1.555775e-01 -9.876883e-01
    endloop
  endfacet
  facet normal 0.000000e+00 0.000000e+00 1.000000e+00
    outer loop
      vertex -2.173269e-02 2.067727e-01 -9.781476e-01
      vertex -1.635185e-02 1.555775e-01 -9.876883e-01
      vertex -3.252455e-02 1.530160e-01 -9.876883e-01
    endloop
  endfacet
  facet normal 0.000000e+00 0.000000e+00 1.000000e+00
    outer loop
      vertex -4.322727e-02 2.033683e-01 -9.781476e-01
      vertex -3.252455e-02 1.530160e-01 -9.876883e-01
      vertex -4.834091e-02 1.487780e-01 -9.876883e-01
    endloop
  endfacet
  facet normal 0.000000e+00 0.000000e+00 1.000000e+00
    outer loop
      vertex -6.424825e-02 1.977358e-01 -9.781476e-01
      vertex -4.834091e-02 1.487780e-01 -9.876883e-01
      vertex -6.362763e-02 1.429100e-01 -9.876883e-01
    endloop
  endfacet
  facet normal 0.000000e+00 0.000000e+00 1.000000e+00
    outer loop
      vertex -8.456530e-02 1.899368e-01 -9.781476e-01
      vertex -6.362763e-02 1.429100e-01 -9.876883e-01
      vertex -7.821723e-02 1.354762e-01 -9.876883e-01
    endloop
  endfacet
  facet normal 0.000000e+00 0.000000e+00 1.000000e+00
    outer loop
      vertex -1.039558e-01 1.800568e-01 -9.781476e-01
      vertex -7.821723e-02 1.354762e-01 -9.876883e-01
      vertex -9.194987e-02 1.265581e-01 -9.876883e-01
    endloop
  endfacet
  facet normal 0.000000e+00 0.000000e+00 1.000000e+00
    outer loop
      vertex -1.222074e-01 1.682041e-01 -9.781476e-01
      vertex -9.194987e-02 1.265581e-01 -9.876883e-01
      vertex -1.046751e-01 1.162535e-01 -9.876883e-01
    endloop
  endfacet
  facet normal 0.000000e+00 0.000000e+00 1.000000e+00
    outer loop
      vertex -1.391201e-01 1.545085e-01 -9.781476e-01
      vertex -1.046751e-01 1.162535e-01 -9.876883e-01
      vertex -1.162535e-01 1.046751e-01 -9.876883e-01
    endloop
  endfacet
  facet normal 0.000000e+00 0.000000e+00 1.000000e+00
    outer loop
      vertex -1.545085e-01 1.391201e-01 -9.781476e-01
      vertex -1.162535e-01 1.046751e-01 -9.876883e-01
      vertex -1.265581e-01 9.194987e-02 -9.876883e-01
    endloop
  endfacet
  facet normal 0.000000e+00 0.000000e+00 1.000000e+00
    outer loop
      vertex -1.682041e-01 1.222074e-01 -9.781476e-01
      vertex -1.265581e-01 9.194987e-02 -9.876883e-01
      vertex -1.354762e-01 7.821723e-02 -9.876883e-01
    endloop
  endfacet
  facet normal 0.000000e+00 0.000000e+00 1.000000e+00
    outer loop
      vertex -1.800568e-01 1.039558e-01 -9.781476e-01
      vertex -1.354762e-01 7.821723e-02 -9.876883e-01
      vertex -1.429100e-01 6.362763e-02 -9.876883e-01
    endloop
  endfacet
  facet normal 0.000000e+00 0.000000e+00 1.000000e+00
    outer loop
      vertex -1.899368e-01 8.456530e-02 -9.781476e-01
      vertex -1.429100e-01 6.362763e-02 -9.876883e-01
      vertex -1.487780e-01 4.834091e-02 -9.876883e-01
    endloop
  endfacet
  facet normal 0.000000e+00 0.000000e+00 1.000000e+00
    outer loop
      vertex -1.977358e-01 6.424825e-02 -9.781476e-01
      vertex -1.487780e-01 4.834091e-02 -9.876883e-01
      vertex -1.530160e-01 3.252455e-02 -9.876883e-01
    endloop
  endfacet
  facet normal 0.000000e+00 0.000000e+00 1.000000e+00
    outer loop
      vertex -2.033683e-01 4.322727e-02 -9.781476e-01
      vertex -1.530160e-01 3.252455e-02 -9.876883e-01
      vertex -1.555775e-01 1.635185e-02 -9.876883e-01
    endloop
  endfacet
  facet normal 0.000000e+00 0.000000e+00 1.000000e+00
    outer loop
      vertex -2.067727e-01 2.173269e-02 -9.781476e-01
      vertex -1.555775e-01 1.635185e-02 -9.876883e-01
      vertex -1.564345e-01 8.862855e-17 -9.876883e-01
    endloop
  endfacet
  facet normal 0.000000e+00 0.000000e+00 1.000000e+00
    outer loop
      vertex -2.079117e-01 1.177932e-16 -9.781476e-01
      vertex -1.564345e-01 8.862855e-17 -9.876883e-01
      vertex -1.555775e-01 -1.635185e-02 -9.876883e-01
    endloop
  endfacet
  facet normal 0.000000e+00 0.000000e+00 1.000000e+00
    outer loop
      vertex -2.067727e-01 -2.173269e-02 -9.781476e-01
      vertex -1.555775e-01 -1.635185e-02 -9.876883e-01
      vertex -1.530160e-01 -3.252455e-02 -9.876883e-01
    endloop
  endfacet
  facet normal 0.000000e+00 0.000000e+00 1.000000e+00
    outer loop
      vertex -2.033683e-01 -4.322727e-02 -9.781476e-01
      vertex -1.530160e-01 -3.252455e-02 -9.876883e-01
      vertex -1.487780e-01 -4.834091e-02 -9.876883e-01
    endloop
  endfacet
  facet normal 0.000000e+00 0.000000e+00 1.000000e+00
    outer loop
      vertex -1.977358e-01 -6.424825e-02 -9.781476e-01
      vertex -1.487780e-01 -4.834091e-02 -9.876883e-01
      vertex -1.429100e-01 -6.362763e-02 -9.876883e-01
    endloop
  endfacet
  facet normal 0.000000e+00 0.000000e+00 1.000000e+00
    outer loop
      vertex -1.899368e-01 -8.456530e-02 -9.781476e-01
      vertex -1.429100e-01 -6.362763e-02 -9.876883e-01
      vertex -1.354762e-01 -7.821723e-02 -9.876883e-01
    endloop
  endfacet
  facet normal 0.000000e+00 0.000000e+00 1.000000e+00
    outer loop
      vertex -1.800568e-01 -1.039558e-01 -9.781476e-01
      vertex -1.354762e-01 -7.821723e-02 -9.876883e-01
      vertex -1.265581e-01 -9.194987e-02 -9.876883e-01
    endloop
  endfacet
  facet normal 0.000000e+00 0.000000e+00 1.000000e+00
    outer loop
      vertex -1.682041e-01 -1.222074e-01 -9.781476e-01
      vertex -1.265581e-01 -9.194987e-02 -9.876883e-01
      vertex -1.162535e-01 -1.046751e-01 -9.876883e-01
    endloop
  endfacet
  facet normal 0.000000e+00 0.000000e+00 1.000000e+00
    outer loop
      vertex -1.545085e-01 -1.391201e-01 -9.781476e-01
      vertex -1.162535e-01 -1.046751e-01 -9.876883e-01
      vertex -1.046751e-01 -1.162535e-01 -9.876883e-01
    endloop
  endfacet
  facet normal 0.000000e+00 0.000000e+00 1.000000e+00
    outer loop
      vertex -1.391201e-01 -1.545085e-01 -9.781476e-01
      vertex -1.046751e-01 -1.162535e-01 -9.876883e-01
      vertex -9.194987e-02 -1.265581e-01 -9.876883e-01
    endloop
  endfacet
  facet normal 0.000000e+00 0.000000e+00 1.000000e+00
    outer loop
      vertex -1.222074e-01 -1.682041e-01 -9.781476e-01
      vertex -9.194987e-02 -1.265581e-01 -9.876883e-01
      vertex -7.821723e-02 -1.354762e-01 -9.876883e-01
    endloop
  endfacet
  facet normal 0.000000e+00 0.000000e+00 1.000000e+00
    outer loop
      vertex -1.039558e-01 -1.800568e-01 -9.781476e-01
      vertex -7.821723e-02 -1.354762e-01 -9.876883e-01
      vertex -6.362763e-02 -1.429100e-01 -9.876883e-01
    endloop
  endfacet
  facet normal 0.000000e+00 0.000000e+00 1.000000e+00
    outer loop
      vertex -8.456530e-02 -1.899368e-01 -9.781476e-01
      vertex -6.362763e-02 -1.429100e-01 -9.876883e-01
      vertex -4.834091e-02 -1.487780e-01 -9.876883e-01
    endloop
  endfacet
  facet normal 0.000000e+00 0.000000e+00 1.000000e+00
    outer loop
      vertex -6.424825e-02 -1.977358e-01 -9.781476e-01
      vertex -4.834091e-02 -1.487780e-01 -9.876883e-01
      vertex -3.252455e-02 -1.530160e-01 -9.876883e-01
    endloop
  endfacet
  facet normal 0.000000e+00 0.000000e+00 1.000000e+00
    outer loop
      vertex -4.322727e-02 -2.033683e-01 -9.781476e-01
      vertex -3.252455e-02 -1.530160e-01 -9.876883e-01
      vertex -1.635185e-02 -1.555775e-01 -9.876883e-01
    endloop
  endfacet
  facet normal 0.000000e+00 0.000000e+00 1.000000e+00
    outer loop
      vertex -2.173269e-02 -2.067727e-01 -9.781476e-01
      vertex -1.635185e-02 -1.555775e-01 -9.876883e-01
      vertex -2.873655e-17 -1.564345e-01 -9.876883e-01
    endloop
  endfacet
  facet normal 0.000000e+00 0.000000e+00 1.000000e+00
    outer loop
      vertex -3.819276e-17 -2.079117e-01 -9.781476e-01
      vertex -2.873655e-17 -1.564345e-01 -9.876883e-01
      vertex 1.635185e-02 -1.555775e-01 -9.876883e-01
    endloop
  endfacet
  facet normal 0.000000e+00 0.000000e+00 1.000000e+00
    outer loop
      vertex 2.173269e-02 -2.067727e-01 -9.781476e-01
      vertex 1.635185e-02 -1.555775e-01 -9.876883e-01
      vertex 3.252455e-02 -1.530160e-01 -9.876883e-01
    endloop
  endfacet
  facet normal 0.000000e+00 0.000000e+00 1.000000e+00
    outer loop
      vertex 4.322727e-02 -2.033683e-01 -9.781476e-01
      vertex 3.252455e-02 -1.530160e-01 -9.876883e-01
      vertex 4.834091e-02 -1.487780e-01 -9.876883e-01
    endloop
  endfacet
  facet normal 0.000000e+00 0.000000e+00 1.000000e+00
    outer loop
      vertex 6.424825e-02 -1.977358e-01 -9.781476e-01
      vertex 4.834091e-02 -1.487780e-01 -9.876883e-01
      vertex 6.362763e-02 -1.429100e-01 -9.876883e-01
    endloop
  endfacet
  facet normal 0.000000e+00 0.000000e+00 1.000000e+00
    outer loop
      vertex 8.456530e-02 -1.899368e-01 -9.781476e-01
      vertex 6.362763e-02 -1.429100e-01 -9.876883e-01
      vertex 7.821723e-02 -1.354762e-01 -9.876883e-01
    endloop
  endfacet
  facet normal 0.000000e+00 0.000000e+00 1.000000e+00
    outer loop
      vertex 1.039558e-01 -1.800568e-01 -9.781476e-01
      vertex 7.821723e-02 -1.354762e-01 -9.876883e-01
      vertex 9.194987e-02 -1.265581e-01 -9.876883e-01
    endloop
  endfacet
  facet normal 0.000000e+00 0.000000e+00 1.000000e+00
    outer loop
      vertex 1.222074e-01 -1.682041e-01 -9.781476e-01
      vertex 9.194987e-02 -1.265581e-01 -9.876883e-01
      vertex 1.046751e-01 -1.162535e-01 -9.876883e-01
    endloop
  endfacet
  facet normal 0.000000e+00 0.000000e+00 1.000000e+00
    outer loop
      vertex 1.391201e-01 -1.545085e-01 -9.781476e-01
      vertex 1.046751e-01 -1.162535e-01 -9.876883e-01
      vertex 1.162535e-01 -1.046751e-01 -9.876883e-01
    endloop
  endfacet
  facet normal 0.000000e+00 0.000000e+00 1.000000e+00
    outer loop
      vertex 1.545085e-01 -1.391201e-01 -9.781476e-01
      vertex 1.162535e-01 -1.046751e-01 -9.876883e-01
      vertex 1.265581e-01 -9.194987e-02 -9.876883e-01
    endloop
  endfacet
  facet normal 0.000000e+00 0.000000e+00 1.000000e+00
    outer loop
      vertex 1.682041e-01 -1.222074e-01 -9.781476e-01
      vertex 1.265581e-01 -9.194987e-02 -9.876883e-01
      vertex 1.354762e-01 -7.821723e-02 -9.876883e-01
    endloop
  endfacet
  facet normal 0.000000e+00 0.000000e+00 1.000000e+00
    outer loop
      vertex 1.800568e-01 -1.039558e-01 -9.781476e-01
      vertex 1.354762e-01 -7.821723e-02 -9.876883e-01
      vertex 1.429100e-01 -6.362763e-02 -9.876883e-01
    endloop
  endfacet
  facet normal 0.000000e+00 0.000000e+00 1.000000e+00
    outer loop
      vertex 1.899368e-01 -8.456530e-02 -9.781476e-01
      vertex 1.429100e-01 -6.362763e-02 -9.876883e-01
      vertex 1.487780e-01 -4.834091e-02 -9.876883e-01
    endloop
  endfacet
  facet normal 0.000000e+00 0.000000e+00 1.000000e+00
    outer loop
      vertex 1.977358e-01 -6.424825e-02 -9.781476e-01
      vertex 1.487780e-01 -4.834091e-02 -9.876883e-01
      vertex 1.530160e-01 -3.252455e-02 -9.876883e-01
    endloop
  endfacet
  facet normal 0.000000e+00 0.000000e+00 1.000000e+00
    outer loop
      vertex 2.033683e-01 -4.322727e-02 -9.781476e-01
      vertex 1.530160e-01 -3.252455e-02 -9.876883e-01
      vertex 1.555775e-01 -1.635185e-02 -9.876883e-01
    endloop
  endfacet
  facet normal 0.000000e+00 0.000000e+00 1.000000e+00
    outer loop
      vertex 2.067727e-01 -2.173269e-02 -9.781476e-01
      vertex 1.555775e-01 -1.635185e-02 -9.876883e-01
      vertex 1.564345e-01 -1.772571e-16 -9.876883e-01
    endloop
  endfacet
  facet normal 0.000000e+00 0.000000e+00 1.000000e+00
    outer loop
      vertex 1.564345e-01 0.000000e+00 -9.876883e-01
      vertex 1.045285e-01 0.000000e+00 -9.945219e-01
      vertex 1.039558e-01 1.092620e-02 -9.945219e-01
    endloop
  endfacet
  facet normal 0.000000e+00 0.000000e+00 1.000000e+00
    outer loop
      vertex 1.555775e-01 1.635185e-02 -9.876883e-01
      vertex 1.039558e-01 1.092620e-02 -9.945219e-01
      vertex 1.022443e-01 2.173269e-02 -9.945219e-01
    endloop
  endfacet
  facet normal 0.000000e+00 0.000000e+00 1.000000e+00
    outer loop
      vertex 1.530160e-01 3.252455e-02 -9.876883e-01
      vertex 1.022443e-01 2.173269e-02 -9.945219e-01
      vertex 9.941248e-02 3.230107e-02 -9.945219e-01
    endloop
  endfacet
  facet normal 0.000000e+00 0.000000e+00 1.000000e+00
    outer loop
      vertex 1.487780e-01 4.834091e-02 -9.876883e-01
      vertex 9.941248e-02 3.230107e-02 -9.945219e-01
      vertex 9.549150e-02 4.251556e-02 -9.945219e-01
    endloop
  endfacet
  facet normal 0.000000e+00 0.000000e+00 1.000000e+00
    outer loop
      vertex 1.429100e-01 6.362763e-02 -9.876883e-01
      vertex 9.549150e-02 4.251556e-02 -9.945219e-01
      vertex 9.052430e-02 5.226423e-02 -9.945219e-01
    endloop
  endfacet
  facet normal 0.000000e+00 0.000000e+00 1.000000e+00
    outer loop
      vertex 1.354762e-01 7.821723e-02 -9.876883e-01
      vertex 9.052430e-02 5.226423e-02 -9.945219e-01
      vertex 8.456530e-02 6.144029e-02 -9.945219e-01
    endloop
  endfacet
  facet normal 0.000000e+00 0.000000e+00 1.000000e+00
    outer loop
      vertex 1.265581e-01 9.194987e-02 -9.876883e-01
      vertex 8.456530e-02 6.144029e-02 -9.945219e-01
      vertex 7.767979e-02 6.994319e-02 -9.945219e-01
    endloop
  endfacet
  facet normal 0.000000e+00 0.000000e+00 1.000000e+00
    outer loop
      vertex 1.162535e-01 1.046751e-01 -9.876883e-01
      vertex 7.767979e-02 6.994319e-02 -9.945219e-01
      vertex 6.994319e-02 7.767979e-02 -9.945219e-01
    endloop
  endfacet
  facet normal 0.000000e+00 0.000000e+00 1.000000e+00
    outer loop
      vertex 1.046751e-01 1.162535e-01 -9.876883e-01
      vertex 6.994319e-02 7.767979e-02 -9.945219e-01
      vertex 6.144029e-02 8.456530e-02 -9.945219e-01
    endloop
  endfacet
  facet normal 0.000000e+00 0.000000e+00 1.000000e+00
    outer loop
      vertex 9.194987e-02 1.265581e-01 -9.876883e-01
      vertex 6.144029e-02 8.456530e-02 -9.945219e-01
      vertex 5.226423e-02 9.052430e-02 -9.945219e-01
    endloop
  endfacet
  facet normal 0.000000e+00 0.000000e+00 1.000000e+00
    outer loop
      vertex 7.821723e-02 1.354762e-01 -9.876883e-01
      vertex 5.226423e-02 9.052430e-02 -9.945219e-01
      vertex 4.251556e-02 9.549150e-02 -9.945219e-01
    endloop
  endfacet
  facet normal 0.000000e+00 0.000000e+00 1.000000e+00
    outer loop
      vertex 6.362763e-02 1.429100e-01 -9.876883e-01
      vertex 4.251556e-02 9.549150e-02 -9.945219e-01
      vertex 3.230107e-02 9.941248e-02 -9.945219e-01
    endloop
  endfacet
  facet normal 0.000000e+00 0.000000e+00 1.000000e+00
    outer loop
      vertex 4.834091e-02 1.487780e-01 -9.876883e-01
      vertex 3.230107e-02 9.941248e-02 -9.945219e-01
      vertex 2.173269e-02 1.022443e-01 -9.945219e-01
    endloop
  endfacet
  facet normal 0.000000e+00 0.000000e+00 1.000000e+00
    outer loop
      vertex 3.252455e-02 1.530160e-01 -9.876883e-01
      vertex 2.173269e-02 1.022443e-01 -9.945219e-01
      vertex 1.092620e-02 1.039558e-01 -9.945219e-01
    endloop
  endfacet
  facet normal 0.000000e+00 0.000000e+00 1.000000e+00
    outer loop
      vertex 1.635185e-02 1.555775e-01 -9.876883e-01
      vertex 1.092620e-02 1.039558e-01 -9.945219e-01
      vertex 2.961050e-17 1.045285e-01 -9.945219e-01
    endloop
  endfacet
  facet normal 0.000000e+00 0.000000e+00 1.000000e+00
    outer loop
      vertex 4.431428e-17 1.564345e-01 -9.876883e-01
      vertex 2.961050e-17 1.045285e-01 -9.945219e-01
      vertex -1.092620e-02 1.039558e-01 -9.945219e-01
    endloop
  endfacet
  facet normal 0.000000e+00 0.000000e+00 1.000000e+00
    outer loop
      vertex -1.635185e-02 1.555775e-01 -9.876883e-01
      vertex -1.092620e-02 1.039558e-01 -9.945219e-01
      vertex -2.173269e-02 1.022443e-01 -9.945219e-01
    endloop
  endfacet
  facet normal 0.000000e+00 0.000000e+00 1.000000e+00
    outer loop
      vertex -3.252455e-02 1.530160e-01 -9.876883e-01
      vertex -2.173269e-02 1.022443e-01 -9.945219e-01
      vertex -3.230107e-02 9.941248e-02 -9.945219e-01
    endloop
  endfacet
  facet normal 0.000000e+00 0.000000e+00 1.000000e+00
    outer loop
      vertex -4.834091e-02 1.487780e-01 -9.876883e-01
      vertex -3.230107e-02 9.941248e-02 -9.945219e-01
      vertex -4.251556e-02 9.549150e-02 -9.945219e-01
    endloop
  endfacet
  facet normal 0.000000e+00 0.000000e+00 1.000000e+00
    outer loop
      vertex -6.362763e-02 1.429100e-01 -9.876883e-01
      vertex -4.251556e-02 9.549150e-02 -9.945219e-01
      vertex -5.226423e-02 9.052430e-02 -9.945219e-01
    endloop
  endfacet
  facet normal 0.000000e+00 0.000000e+00 1.000000e+00
    outer loop
      vertex -7.821723e-02 1.354762e-01 -9.876883e-01
      vertex -5.226423e-02 9.052430e-02 -9.945219e-01
      vertex -6.144029e-02 8.456530e-02 -9.945219e-01
    endloop
  endfacet
  facet normal 0.000000e+00 0.000000e+00 1.000000e+00
    outer loop
      vertex -9.194987e-02 1.265581e-01 -9.876883e-01
      vertex -6.144029e-02 8.456530e-02 -9.945219e-01
      vertex -6.994319e-02 7.767979e-02 -9.945219e-01
    endloop
  endfacet
  facet normal 0.000000e+00 0.000000e+00 1.000000e+00
    outer loop
      vertex -1.046751e-01 1.162535e-01 -9.876883e-01
      vertex -6.994319e-02 7.767979e-02 -9.945219e-01
      vertex -7.767979e-02 6.994319e-02 -9.945219e-01
    endloop
  endfacet
  facet normal 0.000000e+00 0.000000e+00 1.000000e+00
    outer loop
      vertex -1.162535e-01 1.046751e-01 -9.876883e-01
      vertex -7.767979e-02 6.994319e-02 -9.945219e-01
      vertex -8.456530e-02 6.144029e-02 -9.945219e-01
    endloop
  endfacet
  facet normal 0.000000e+00 0.000000e+00 1.000000e+00
    outer loop
      vertex -1.265581e-01 9.194987e-02 -9.876883e-01
      vertex -8.456530e-02 6.144029e-02 -9.945219e-01
      vertex -9.052430e-02 5.226423e-02 -9.945219e-01
    endloop
  endfacet
  facet normal 0.000000e+00 0.000000e+00 1.000000e+00
    outer loop
      vertex -1.354762e-01 7.821723e-02 -9.876883e-01
      vertex -9.052430e-02 5.226423e-02 -9.945219e-01
      vertex -9.549150e-02 4.251556e-02 -9.945219e-01
    endloop
  endfacet
  facet normal 0.000000e+00 0.000000e+00 1.000000e+00
    outer loop
      vertex -1.429100e-01 6.362763e-02 -9.876883e-01
      vertex -9.549150e-02 4.251556e-02 -9.945219e-01
      vertex -9.941248e-02 3.230107e-02 -9.945219e-01
    endloop
  endfacet
  facet normal 0.000000e+00 0.000000e+00 1.000000e+00
    outer loop
      vertex -1.487780e-01 4.834091e-02 -9.876883e-01
      vertex -9.941248e-02 3.230107e-02 -9.945219e-01
      vertex -1.022443e-01 2.173269e-02 -9.945219e-01
    endloop
  endfacet
  facet normal 0.000000e+00 0.000000e+00 1.000000e+00
    outer loop
      vertex -1.530160e-01 3.252455e-02 -9.876883e-01
      vertex -1.022443e-01 2.173269e-02 -9.945219e-01
      vertex -1.039558e-01 1.092620e-02 -9.945219e-01
    endloop
  endfacet
  facet normal 0.000000e+00 0.000000e+00 1.000000e+00
    outer loop
      vertex -1.555775e-01 1.635185e-02 -9.876883e-01
      vertex -1.039558e-01 1.092620e-02 -9.945219e-01
      vertex -1.045285e-01 5.922101e-17 -9.945219e-01
    endloop
  endfacet
  facet normal 0.000000e+00 0.000000e+00 1.000000e+00
    outer loop
      vertex -1.564345e-01 8.862855e-17 -9.876883e-01
      vertex -1.045285e-01 5.922101e-17 -9.945219e-01
      vertex -1.039558e-01 -1.092620e-02 -9.945219e-01
    endloop
  endfacet
  facet normal 0.000000e+00 0.000000e+00 1.000000e+00
    outer loop
      vertex -1.555775e-01 -1.635185e-02 -9.876883e-01
      vertex -1.039558e-01 -1.092620e-02 -9.945219e-01
      vertex -1.022443e-01 -2.173269e-02 -9.945219e-01
    endloop
  endfacet
  facet normal 0.000000e+00 0.000000e+00 1.000000e+00
    outer loop
      vertex -1.530160e-01 -3.252455e-02 -9.876883e-01
      vertex -1.022443e-01 -2.173269e-02 -9.945219e-01
      vertex -9.941248e-02 -3.230107e-02 -9.945219e-01
    endloop
  endfacet
  facet normal 0.000000e+00 0.000000e+00 1.000000e+00
    outer loop
      vertex -1.487780e-01 -4.834091e-02 -9.876883e-01
      vertex -9.941248e-02 -3.230107e-02 -9.945219e-01
      vertex -9.549150e-02 -4.251556e-02 -9.945219e-01
    endloop
  endfacet
  facet normal 0.000000e+00 0.000000e+00 1.000000e+00
    outer loop
      vertex -1.429100e-01 -6.362763e-02 -9.876883e-01
      vertex -9.549150e-02 -4.251556e-02 -9.945219e-01
      vertex -9.052430e-02 -5.226423e-02 -9.945219e-01
    endloop
  endfacet
  facet normal 0.000000e+00 0.000000e+00 1.000000e+00
    outer loop
      vertex -1.354762e-01 -7.821723e-02 -9.876883e-01
      vertex -9.052430e-02 -5.226423e-02 -9.945219e-01
      vertex -8.456530e-02 -6.144029e-02 -9.945219e-01
    endloop
  endfacet
  facet normal 0.000000e+00 0.000000e+00 1.000000e+00
    outer loop
      vertex -1.265581e-01 -9.194987e-02 -9.876883e-01
      vertex -8.456530e-02 -6.144029e-02 -9.945219e-01
      vertex -7.767979e-02 -6.994319e-02 -9.945219e-01
    endloop
  endfacet
  facet normal 0.000000e+00 0.000000e+00 1.000000e+00
    outer loop
      vertex -1.162535e-01 -1.046751e-01 -9.876883e-01
      vertex -7.767979e-02 -6.994319e-02 -9.945219e-01
      vertex -6.994319e-02 -7.767979e-02 -9.945219e-01
    endloop
  endfacet
  facet normal 0.000000e+00 0.000000e+00 1.000000e+00
    outer loop
      vertex -1.046751e-01 -1.162535e-01 -9.876883e-01
      vertex -6.994319e-02 -7.767979e-02 -9.945219e-01
      vertex -6.144029e-02 -8.456530e-02 -9.945219e-01
    endloop
  endfacet
  facet normal 0.000000e+00 0.000000e+00 1.000000e+00
    outer loop
      vertex -9.194987e-02 -1.265581e-01 -9.876883e-01
      vertex -6.144029e-02 -8.456530e-02 -9.945219e-01
      vertex -5.226423e-02 -9.052430e-02 -9.945219e-01
    endloop
  endfacet
  facet normal 0.000000e+00 0.000000e+00 1.000000e+00
    outer loop
      vertex -7.821723e-02 -1.354762e-01 -9.876883e-01
      vertex -5.226423e-02 -9.052430e-02 -9.945219e-01
      vertex -4.251556e-02 -9.549150e-02 -9.945219e-01
    endloop
  endfacet
  facet normal 0.000000e+00 0.000000e+00 1.000000e+00
    outer loop
      vertex -6.362763e-02 -1.429100e-01 -9.876883e-01
      vertex -4.251556e-02 -9.549150e-02 -9.945219e-01
      vertex -3.230107e-02 -9.941248e-02 -9.945219e-01
    endloop
  endfacet
  facet normal 0.000000e+00 0.000000e+00 1.000000e+00
    outer loop
      vertex -4.834091e-02 -1.487780e-01 -9.876883e-01
      vertex -3.230107e-02 -9.941248e-02 -9.945219e-01
      vertex -2.173269e-02 -1.022443e-01 -9.945219e-01
    endloop
  endfacet
  facet normal 0.000000e+00 0.000000e+00 1.000000e+00
    outer loop
      vertex -3.252455e-02 -1.530160e-01 -9.876883e-01
      vertex -2.173269e-02 -1.022443e-01 -9.945219e-01
      vertex -1.092620e-02 -1.039558e-01 -9.945219e-01
    endloop
  endfacet
  facet normal 0.000000e+00 0.000000e+00 1.000000e+00
    outer loop
      vertex -1.635185e-02 -1.555775e-01 -9.876883e-01
      vertex -1.092620e-02 -1.039558e-01 -9.945219e-01
      vertex -1.920157e-17 -1.045285e-01 -9.945219e-01
    endloop
  endfacet
  facet normal 0.000000e+00 0.000000e+00 1.000000e+00
    outer loop
      vertex -2.873655e-17 -1.564345e-01 -9.876883e-01
      vertex -1.920157e-17 -1.045285e-01 -9.945219e-01
      vertex 1.092620e-02 -1.039558e-01 -9.945219e-01
    endloop
  endfacet
  facet normal 0.000000e+00 0.000000e+00 1.000000e+00
    outer loop
      vertex 1.635185e-02 -1.555775e-01 -9.876883e-01
      vertex 1.092620e-02 -1.039558e-01 -9.945219e-01
      vertex 2.173269e-02 -1.022443e-01 -9.945219e-01
    endloop
  endfacet
  facet normal 0.000000e+00 0.000000e+00 1.000000e+00
    outer loop
      vertex 3.252455e-02 -1.530160e-01 -9.876883e-01
      vertex 2.173269e-02 -1.022443e-01 -9.945219e-01
      vertex 3.230107e-02 -9.941248e-02 -9.945219e-01
    endloop
  endfacet
  facet normal 0.000000e+00 0.000000e+00 1.000000e+00
    outer loop
      vertex 4.834091e-02 -1.487780e-01 -9.876883e-01
      vertex 3.230107e-02 -9.941248e-02 -9.945219e-01
      vertex 4.251556e-02 -9.549150e-02 -9.945219e-01
    endloop
  endfacet
  facet normal 0.000000e+00 0.000000e+00 1.000000e+00
    outer loop
      vertex 6.362763e-02 -1.429100e-01 -9.876883e-01
      vertex 4.251556e-02 -9.549150e-02 -9.945219e-01
      vertex 5.226423e-02 -9.052430e-02 -9.945219e-01
    endloop
  endfacet
  facet normal 0.000000e+00 0.000000e+00 1.000000e+00
    outer loop
      vertex 7.821723e-02 -1.354762e-01 -9.876883e-01
      vertex 5.226423e-02 -9.052430e-02 -9.945219e-01
      vertex 6.144029e-02 -8.456530e-02 -9.945219e-01
    endloop
  endfacet
  facet normal 0.000000e+00 0.000000e+00 1.000000e+00
    outer loop
      vertex 9.194987e-02 -1.265581e-01 -9.876883e-01
      vertex 6.144029e-02 -8.456530e-02 -9.945219e-01
      vertex 6.994319e-02 -7.767979e-02 -9.945219e-01
    endloop
  endfacet
  facet normal 0.000000e+00 0.000000e+00 1.000000e+00
    outer loop
      vertex 1.046751e-01 -1.162535e-01 -9.876883e-01
      vertex 6.994319e-02 -7.767979e-02 -9.945219e-01
      vertex 7.767979e-02 -6.994319e-02 -9.945219e-01
    endloop
  endfacet
  facet normal 0.000000e+00 0.000000e+00 1.000000e+00
    outer loop
      vertex 1.162535e-01 -1.046751e-01 -9.876883e-01
      vertex 7.767979e-02 -6.994319e-02 -9.945219e-01
      vertex 8.456530e-02 -6.144029e-02 -9.945219e-01
    endloop
  endfacet
  facet normal 0.000000e+00 0.000000e+00 1.000000e+00
    outer loop
      vertex 1.265581e-01 -9.194987e-02 -9.876883e-01
      vertex 8.456530e-02 -6.144029e-02 -9.945219e-01
      vertex 9.052430e-02 -5.226423e-02 -9.945219e-01
    endloop
  endfacet
  facet normal 0.000000e+00 0.000000e+00 1.000000e+00
    outer loop
      vertex 1.354762e-01 -7.821723e-02 -9.876883e-01
      vertex 9.052430e-02 -5.226423e-02 -9.945219e-01
      vertex 9.549150e-02 -4.251556e-02 -9.945219e-01
    endloop
  endfacet
  facet normal 0.000000e+00 0.000000e+00 1.000000e+00
    outer loop
      vertex 1.429100e-01 -6.362763e-02 -9.876883e-01
      vertex 9.549150e-02 -4.251556e-02 -9.945219e-01
      vertex 9.941248e-02 -3.230107e-02 -9.945219e-01
    endloop
  endfacet
  facet normal 0.000000e+00 0.000000e+00 1.000000e+00
    outer loop
      vertex 1.487780e-01 -4.834091e-02 -9.876883e-01
      vertex 9.941248e-02 -3.230107e-02 -9.945219e-01
      vertex 1.022443e-01 -2.173269e-02 -9.945219e-01
    endloop
  endfacet
  facet normal 0.000000e+00 0.000000e+00 1.000000e+00
    outer loop
      vertex 1.530160e-01 -3.252455e-02 -9.876883e-01
      vertex 1.022443e-01 -2.173269e-02 -9.945219e-01
      vertex 1.039558e-01 -1.092620e-02 -9.945219e-01
    endloop
  endfacet
  facet normal 0.000000e+00 0.000000e+00 1.000000e+00
    outer loop
      vertex 1.555775e-01 -1.635185e-02 -9.876883e-01
      vertex 1.039558e-01 -1.092620e-02 -9.945219e-01
      vertex 1.045285e-01 -1.184420e-16 -9.945219e-01
    endloop
  endfacet
  facet normal 0.000000e+00 0.000000e+00 1.000000e+00
    outer loop
      vertex 1.045285e-01 0.000000e+00 -9.945219e-01
      vertex 5.233596e-02 0.000000e+00 -9.986295e-01
      vertex 5.204925e-02 5.470597e-03 -9.986295e-01
    endloop
  endfacet
  facet normal 0.000000e+00 0.000000e+00 1.000000e+00
    outer loop
      vertex 1.039558e-01 1.092620e-02 -9.945219e-01
      vertex 5.204925e-02 5.470597e-03 -9.986295e-01
      vertex 5.119229e-02 1.088126e-02 -9.986295e-01
    endloop
  endfacet
  facet normal 0.000000e+00 0.000000e+00 1.000000e+00
    outer loop
      vertex 1.022443e-01 2.173269e-02 -9.945219e-01
      vertex 5.119229e-02 1.088126e-02 -9.986295e-01
      vertex 4.977445e-02 1.617270e-02 -9.986295e-01
    endloop
  endfacet
  facet normal 0.000000e+00 0.000000e+00 1.000000e+00
    outer loop
      vertex 9.941248e-02 3.230107e-02 -9.945219e-01
      vertex 4.977445e-02 1.617270e-02 -9.986295e-01
      vertex 4.781128e-02 2.128695e-02 -9.986295e-01
    endloop
  endfacet
  facet normal 0.000000e+00 0.000000e+00 1.000000e+00
    outer loop
      vertex 9.549150e-02 4.251556e-02 -9.945219e-01
      vertex 4.781128e-02 2.128695e-02 -9.986295e-01
      vertex 4.532427e-02 2.616798e-02 -9.986295e-01
    endloop
  endfacet
  facet normal 0.000000e+00 0.000000e+00 1.000000e+00
    outer loop
      vertex 9.052430e-02 5.226423e-02 -9.945219e-01
      vertex 4.532427e-02 2.616798e-02 -9.986295e-01
      vertex 4.234068e-02 3.076230e-02 -9.986295e-01
    endloop
  endfacet
  facet normal 0.000000e+00 0.000000e+00 1.000000e+00
    outer loop
      vertex 8.456530e-02 6.144029e-02 -9.945219e-01
      vertex 4.234068e-02 3.076230e-02 -9.986295e-01
      vertex 3.889320e-02 3.501959e-02 -9.986295e-01
    endloop
  endfacet
  facet normal 0.000000e+00 0.000000e+00 1.000000e+00
    outer loop
      vertex 7.767979e-02 6.994319e-02 -9.945219e-01
      vertex 3.889320e-02 3.501959e-02 -9.986295e-01
      vertex 3.501959e-02 3.889320e-02 -9.986295e-01
    endloop
  endfacet
  facet normal 0.000000e+00 0.000000e+00 1.000000e+00
    outer loop
      vertex 6.994319e-02 7.767979e-02 -9.945219e-01
      vertex 3.501959e-02 3.889320e-02 -9.986295e-01
      vertex 3.076230e-02 4.234068e-02 -9.986295e-01
    endloop
  endfacet
  facet normal 0.000000e+00 0.000000e+00 1.000000e+00
    outer loop
      vertex 6.144029e-02 8.456530e-02 -9.945219e-01
      vertex 3.076230e-02 4.234068e-02 -9.986295e-01
      vertex 2.616798e-02 4.532427e-02 -9.986295e-01
    endloop
  endfacet
  facet normal 0.000000e+00 0.000000e+00 1.000000e+00
    outer loop
      vertex 5.226423e-02 9.052430e-02 -9.945219e-01
      vertex 2.616798e-02 4.532427e-02 -9.986295e-01
      vertex 2.128695e-02 4.781128e-02 -9.986295e-01
    endloop
  endfacet
  facet normal 0.000000e+00 0.000000e+00 1.000000e+00
    outer loop
      vertex 4.251556e-02 9.549150e-02 -9.945219e-01
      vertex 2.128695e-02 4.781128e-02 -9.986295e-01
      vertex 1.617270e-02 4.977445e-02 -9.986295e-01
    endloop
  endfacet
  facet normal 0.000000e+00 0.000000e+00 1.000000e+00
    outer loop
      vertex 3.230107e-02 9.941248e-02 -9.945219e-01
      vertex 1.617270e-02 4.977445e-02 -9.986295e-01
      vertex 1.088126e-02 5.119229e-02 -9.986295e-01
    endloop
  endfacet
  facet normal 0.000000e+00 0.000000e+00 1.000000e+00
    outer loop
      vertex 2.173269e-02 1.022443e-01 -9.945219e-01
      vertex 1.088126e-02 5.119229e-02 -9.986295e-01
      vertex 5.470597e-03 5.204925e-02 -9.986295e-01
    endloop
  endfacet
  facet normal 0.000000e+00 0.000000e+00 1.000000e+00
    outer loop
      vertex 1.092620e-02 1.039558e-01 -9.945219e-01
      vertex 5.470597e-03 5.204925e-02 -9.986295e-01
      vertex 1.482557e-17 5.233596e-02 -9.986295e-01
    endloop
  endfacet
  facet normal 0.000000e+00 0.000000e+00 1.000000e+00
    outer loop
      vertex 2.961050e-17 1.045285e-01 -9.945219e-01
      vertex 1.482557e-17 5.233596e-02 -9.986295e-01
      vertex -5.470597e-03 5.204925e-02 -9.986295e-01
    endloop
  endfacet
  facet normal 0.000000e+00 0.000000e+00 1.000000e+00
    outer loop
      vertex -1.092620e-02 1.039558e-01 -9.945219e-01
      vertex -5.470597e-03 5.204925e-02 -9.986295e-01
      vertex -1.088126e-02 5.119229e-02 -9.986295e-01
    endloop
  endfacet
  facet normal 0.000000e+00 0.000000e+00 1.000000e+00
    outer loop
      vertex -2.173269e-02 1.022443e-01 -9.945219e-01
      vertex -1.088126e-02 5.119229e-02 -9.986295e-01
      vertex -1.617270e-02 4.977445e-02 -9.986295e-01
    endloop
  endfacet
  facet normal 0.000000e+00 0.000000e+00 1.000000e+00
    outer loop
      vertex -3.230107e-02 9.941248e-02 -9.945219e-01
      vertex -1.617270e-02 4.977445e-02 -9.986295e-01
      vertex -2.128695e-02 4.781128e-02 -9.986295e-01
    endloop
  endfacet
  facet normal 0.000000e+00 0.000000e+00 1.000000e+00
    outer loop
      vertex -4.251556e-02 9.549150e-02 -9.945219e-01
      vertex -2.128695e-02 4.781128e-02 -9.986295e-01
      vertex -2.616798e-02 4.532427e-02 -9.986295e-01
    endloop
  endfacet
  facet normal 0.000000e+00 0.000000e+00 1.000000e+00
    outer loop
      vertex -5.226423e-02 9.052430e-02 -9.945219e-01
      vertex -2.616798e-02 4.532427e-02 -9.986295e-01
      vertex -3.076230e-02 4.234068e-02 -9.986295e-01
    endloop
  endfacet
  facet normal 0.000000e+00 0.000000e+00 1.000000e+00
    outer loop
      vertex -6.144029e-02 8.456530e-02 -9.945219e-01
      vertex -3.076230e-02 4.234068e-02 -9.986295e-01
      vertex -3.501959e-02 3.889320e-02 -9.986295e-01
    endloop
  endfacet
  facet normal 0.000000e+00 0.000000e+00 1.000000e+00
    outer loop
      vertex -6.994319e-02 7.767979e-02 -9.945219e-01
      vertex -3.501959e-02 3.889320e-02 -9.986295e-01
      vertex -3.889320e-02 3.501959e-02 -9.986295e-01
    endloop
  endfacet
  facet normal 0.000000e+00 0.000000e+00 1.000000e+00
    outer loop
      vertex -7.767979e-02 6.994319e-02 -9.945219e-01
      vertex -3.889320e-02 3.501959e-02 -9.986295e-01
      vertex -4.234068e-02 3.076230e-02 -9.986295e-01
    endloop
  endfacet
  facet normal 0.000000e+00 0.000000e+00 1.000000e+00
    outer loop
      vertex -8.456530e-02 6.144029e-02 -9.945219e-01
      vertex -4.234068e-02 3.076230e-02 -9.986295e-01
      vertex -4.532427e-02 2.616798e-02 -9.986295e-01
    endloop
  endfacet
  facet normal 0.000000e+00 0.000000e+00 1.000000e+00
    outer loop
      vertex -9.052430e-02 5.226423e-02 -9.945219e-01
      vertex -4.532427e-02 2.616798e-02 -9.986295e-01
      vertex -4.781128e-02 2.128695e-02 -9.986295e-01
    endloop
  endfacet
  facet normal 0.000000e+00 0.000000e+00 1.000000e+00
    outer loop
      vertex -9.549150e-02 4.251556e-02 -9.945219e-01
      vertex -4.781128e-02 2.128695e-02 -9.986295e-01
      vertex -4.977445e-02 1.617270e-02 -9.986295e-01
    endloop
  endfacet
  facet normal 0.000000e+00 0.000000e+00 1.000000e+00
    outer loop
      vertex -9.941248e-02 3.230107e-02 -9.945219e-01
      vertex -4.977445e-02 1.617270e-02 -9.986295e-01
      vertex -5.119229e-02 1.088126e-02 -9.986295e-01
    endloop
  endfacet
  facet normal 0.000000e+00 0.000000e+00 1.000000e+00
    outer loop
      vertex -1.022443e-01 2.173269e-02 -9.945219e-01
      vertex -5.119229e-02 1.088126e-02 -9.986295e-01
      vertex -5.204925e-02 5.470597e-03 -9.986295e-01
    endloop
  endfacet
  facet normal 0.000000e+00 0.000000e+00 1.000000e+00
    outer loop
      vertex -1.039558e-01 1.092620e-02 -9.945219e-01
      vertex -5.204925e-02 5.470597e-03 -9.986295e-01
      vertex -5.233596e-02 2.965114e-17 -9.986295e-01
    endloop
  endfacet
  facet normal 0.000000e+00 0.000000e+00 1.000000e+00
    outer loop
      vertex -1.045285e-01 5.922101e-17 -9.945219e-01
      vertex -5.233596e-02 2.965114e-17 -9.986295e-01
      vertex -5.204925e-02 -5.470597e-03 -9.986295e-01
    endloop
  endfacet
  facet normal 0.000000e+00 0.000000e+00 1.000000e+00
    outer loop
      vertex -1.039558e-01 -1.092620e-02 -9.945219e-01
      vertex -5.204925e-02 -5.470597e-03 -9.986295e-01
      vertex -5.119229e-02 -1.088126e-02 -9.986295e-01
    endloop
  endfacet
  facet normal 0.000000e+00 0.000000e+00 1.000000e+00
    outer loop
      vertex -1.022443e-01 -2.173269e-02 -9.945219e-01
      vertex -5.119229e-02 -1.088126e-02 -9.986295e-01
      vertex -4.977445e-02 -1.617270e-02 -9.986295e-01
    endloop
  endfacet
  facet normal 0.000000e+00 0.000000e+00 1.000000e+00
    outer loop
      vertex -9.941248e-02 -3.230107e-02 -9.945219e-01
      vertex -4.977445e-02 -1.617270e-02 -9.986295e-01
      vertex -4.781128e-02 -2.128695e-02 -9.986295e-01
    endloop
  endfacet
  facet normal 0.000000e+00 0.000000e+00 1.000000e+00
    outer loop
      vertex -9.549150e-02 -4.251556e-02 -9.945219e-01
      vertex -4.781128e-02 -2.128695e-02 -9.986295e-01
      vertex -4.532427e-02 -2.616798e-02 -9.986295e-01
    endloop
  endfacet
  facet normal 0.000000e+00 0.000000e+00 1.000000e+00
    outer loop
      vertex -9.052430e-02 -5.226423e-02 -9.945219e-01
      vertex -4.532427e-02 -2.616798e-02 -9.986295e-01
      vertex -4.234068e-02 -3.076230e-02 -9.986295e-01
    endloop
  endfacet
  facet normal 0.000000e+00 0.000000e+00 1.000000e+00
    outer loop
      vertex -8.456530e-02 -6.144029e-02 -9.945219e-01
      vertex -4.234068e-02 -3.076230e-02 -9.986295e-01
      vertex -3.889320e-02 -3.501959e-02 -9.986295e-01
    endloop
  endfacet
  facet normal 0.000000e+00 0.000000e+00 1.000000e+00
    outer loop
      vertex -7.767979e-02 -6.994319e-02 -9.945219e-01
      vertex -3.889320e-02 -3.501959e-02 -9.986295e-01
      vertex -3.501959e-02 -3.889320e-02 -9.986295e-01
    endloop
  endfacet
  facet normal 0.000000e+00 0.000000e+00 1.000000e+00
    outer loop
      vertex -6.994319e-02 -7.767979e-02 -9.945219e-01
      vertex -3.501959e-02 -3.889320e-02 -9.986295e-01
      vertex -3.076230e-02 -4.234068e-02 -9.986295e-01
    endloop
  endfacet
  facet normal 0.000000e+00 0.000000e+00 1.000000e+00
    outer loop
      vertex -6.144029e-02 -8.456530e-02 -9.945219e-01
      vertex -3.076230e-02 -4.234068e-02 -9.986295e-01
      vertex -2.616798e-02 -4.532427e-02 -9.986295e-01
    endloop
  endfacet
  facet normal 0.000000e+00 0.000000e+00 1.000000e+00
    outer loop
      vertex -5.226423e-02 -9.052430e-02 -9.945219e-01
      vertex -2.616798e-02 -4.532427e-02 -9.986295e-01
      vertex -2.128695e-02 -4.781128e-02 -9.986295e-01
    endloop
  endfacet
  facet normal 0.000000e+00 0.000000e+00 1.000000e+00
    outer loop
      vertex -4.251556e-02 -9.549150e-02 -9.945219e-01
      vertex -2.128695e-02 -4.781128e-02 -9.986295e-01
      vertex -1.617270e-02 -4.977445e-02 -9.986295e-01
    endloop
  endfacet
  facet normal 0.000000e+00 0.000000e+00 1.000000e+00
    outer loop
      vertex -3.230107e-02 -9.941248e-02 -9.945219e-01
      vertex -1.617270e-02 -4.977445e-02 -9.986295e-01
      vertex -1.088126e-02 -5.119229e-02 -9.986295e-01
    endloop
  endfacet
  facet normal 0.000000e+00 0.000000e+00 1.000000e+00
    outer loop
      vertex -2.173269e-02 -1.022443e-01 -9.945219e-01
      vertex -1.088126e-02 -5.119229e-02 -9.986295e-01
      vertex -5.470597e-03 -5.204925e-02 -9.986295e-01
    endloop
  endfacet
  facet normal 0.000000e+00 0.000000e+00 1.000000e+00
    outer loop
      vertex -1.092620e-02 -1.039558e-01 -9.945219e-01
      vertex -5.470597e-03 -5.204925e-02 -9.986295e-01
      vertex -9.613959e-18 -5.233596e-02 -9.986295e-01
    endloop
  endfacet
  facet normal 0.000000e+00 0.000000e+00 1.000000e+00
    outer loop
      vertex -1.920157e-17 -1.045285e-01 -9.945219e-01
      vertex -9.613959e-18 -5.233596e-02 -9.986295e-01
      vertex 5.470597e-03 -5.204925e-02 -9.986295e-01
    endloop
  endfacet
  facet normal 0.000000e+00 0.000000e+00 1.000000e+00
    outer loop
      vertex 1.092620e-02 -1.039558e-01 -9.945219e-01
      vertex 5.470597e-03 -5.204925e-02 -9.986295e-01
      vertex 1.088126e-02 -5.119229e-02 -9.986295e-01
    endloop
  endfacet
  facet normal 0.000000e+00 0.000000e+00 1.000000e+00
    outer loop
      vertex 2.173269e-02 -1.022443e-01 -9.945219e-01
      vertex 1.088126e-02 -5.119229e-02 -9.986295e-01
      vertex 1.617270e-02 -4.977445e-02 -9.986295e-01
    endloop
  endfacet
  facet normal 0.000000e+00 0.000000e+00 1.000000e+00
    outer loop
      vertex 3.230107e-02 -9.941248e-02 -9.945219e-01
      vertex 1.617270e-02 -4.977445e-02 -9.986295e-01
      vertex 2.128695e-02 -4.781128e-02 -9.986295e-01
    endloop
  endfacet
  facet normal 0.000000e+00 0.000000e+00 1.000000e+00
    outer loop
      vertex 4.251556e-02 -9.549150e-02 -9.945219e-01
      vertex 2.128695e-02 -4.781128e-02 -9.986295e-01
      vertex 2.616798e-02 -4.532427e-02 -9.986295e-01
    endloop
  endfacet
  facet normal 0.000000e+00 0.000000e+00 1.000000e+00
    outer loop
      vertex 5.226423e-02 -9.052430e-02 -9.945219e-01
      vertex 2.616798e-02 -4.532427e-02 -9.986295e-01
      vertex 3.076230e-02 -4.234068e-02 -9.986295e-01
    endloop
  endfacet
  facet normal 0.000000e+00 0.000000e+00 1.000000e+00
    outer loop
      vertex 6.144029e-02 -8.456530e-02 -9.945219e-01
      vertex 3.076230e-02 -4.234068e-02 -9.986295e-01
      vertex 3.501959e-02 -3.889320e-02 -9.986295e-01
    endloop
  endfacet
  facet normal 0.000000e+00 0.000000e+00 1.000000e+00
    outer loop
      vertex 6.994319e-02 -7.767979e-02 -9.945219e-01
      vertex 3.501959e-02 -3.889320e-02 -9.986295e-01
      vertex 3.889320e-02 -3.501959e-02 -9.986295e-01
    endloop
  endfacet
  facet normal 0.000000e+00 0.000000e+00 1.000000e+00
    outer loop
      vertex 7.767979e-02 -6.994319e-02 -9.945219e-01
      vertex 3.889320e-02 -3.501959e-02 -9.986295e-01
      vertex 4.234068e-02 -3.076230e-02 -9.986295e-01
    endloop
  endfacet
  facet normal 0.000000e+00 0.000000e+00 1.000000e+00
    outer loop
      vertex 8.456530e-02 -6.144029e-02 -9.945219e-01
      vertex 4.234068e-02 -3.076230e-02 -9.986295e-01
      vertex 4.532427e-02 -2.616798e-02 -9.986295e-01
    endloop
  endfacet
  facet normal 0.000000e+00 0.000000e+00 1.000000e+00
    outer loop
      vertex 9.052430e-02 -5.226423e-02 -9.945219e-01
      vertex 4.532427e-02 -2.616798e-02 -9.986295e-01
      vertex 4.781128e-02 -2.128695e-02 -9.986295e-01
    endloop
  endfacet
  facet normal 0.000000e+00 0.000000e+00 1.000000e+00
    outer loop
      vertex 9.549150e-02 -4.251556e-02 -9.945219e-01
      vertex 4.781128e-02 -2.128695e-02 -9.986295e-01
      vertex 4.977445e-02 -1.617270e-02 -9.986295e-01
    endloop
  endfacet
  facet normal 0.000000e+00 0.000000e+00 1.000000e+00
    outer loop
      vertex 9.941248e-02 -3.230107e-02 -9.945219e-01
      vertex 4.977445e-02 -1.617270e-02 -9.986295e-01
      vertex 5.119229e-02 -1.088126e-02 -9.986295e-01
    endloop
  endfacet
  facet normal 0.000000e+00 0.000000e+00 1.000000e+00
    outer loop
      vertex 1.022443e-01 -2.173269e-02 -9.945219e-01
      vertex 5.119229e-02 -1.088126e-02 -9.986295e-01
      vertex 5.204925e-02 -5.470597e-03 -9.986295e-01
    endloop
  endfacet
  facet normal 0.000000e+00 0.000000e+00 1.000000e+00
    outer loop
      vertex 1.039558e-01 -1.092620e-02 -9.945219e-01
      vertex 5.204925e-02 -5.470597e-03 -9.986295e-01
      vertex 5.233596e-02 -5.930228e-17 -9.986295e-01
    endloop
  endfacet
  facet normal 0.000000e+00 0.000000e+00 1.000000e+00
    outer loop
      vertex 5.233596e-02 0.000000e+00 -9.986295e-01
      vertex 5.665539e-16 0.000000e+00 -1.000000e+00
      vertex 5.634502e-16 5.922101e-17 -1.000000e+00
    endloop
  endfacet
  facet normal 0.000000e+00 0.000000e+00 1.000000e+00
    outer loop
      vertex 5.204925e-02 5.470597e-03 -9.986295e-01
      vertex 5.634502e-16 5.922101e-17 -1.000000e+00
      vertex 5.541733e-16 1.177932e-16 -1.000000e+00
    endloop
  endfacet
  facet normal 0.000000e+00 0.000000e+00 1.000000e+00
    outer loop
      vertex 5.119229e-02 1.088126e-02 -9.986295e-01
      vertex 5.541733e-16 1.177932e-16 -1.000000e+00
      vertex 5.388248e-16 1.750748e-16 -1.000000e+00
    endloop
  endfacet
  facet normal 0.000000e+00 0.000000e+00 1.000000e+00
    outer loop
      vertex 4.977445e-02 1.617270e-02 -9.986295e-01
      vertex 5.388248e-16 1.750748e-16 -1.000000e+00
      vertex 5.175727e-16 2.304382e-16 -1.000000e+00
    endloop
  endfacet
  facet normal 0.000000e+00 0.000000e+00 1.000000e+00
    outer loop
      vertex 4.781128e-02 2.128695e-02 -9.986295e-01
      vertex 5.175727e-16 2.304382e-16 -1.000000e+00
      vertex 4.906501e-16 2.832769e-16 -1.000000e+00
    endloop
  endfacet
  facet normal 0.000000e+00 0.000000e+00 1.000000e+00
    outer loop
      vertex 4.532427e-02 2.616798e-02 -9.986295e-01
      vertex 4.906501e-16 2.832769e-16 -1.000000e+00
      vertex 4.583517e-16 3.330120e-16 -1.000000e+00
    endloop
  endfacet
  facet normal 0.000000e+00 0.000000e+00 1.000000e+00
    outer loop
      vertex 4.234068e-02 3.076230e-02 -9.986295e-01
      vertex 4.583517e-16 3.330120e-16 -1.000000e+00
      vertex 4.210316e-16 3.790985e-16 -1.000000e+00
    endloop
  endfacet
  facet normal 0.000000e+00 0.000000e+00 1.000000e+00
    outer loop
      vertex 3.889320e-02 3.501959e-02 -9.986295e-01
      vertex 4.210316e-16 3.790985e-16 -1.000000e+00
      vertex 3.790985e-16 4.210316e-16 -1.000000e+00
    endloop
  endfacet
  facet normal 0.000000e+00 0.000000e+00 1.000000e+00
    outer loop
      vertex 3.501959e-02 3.889320e-02 -9.986295e-01
      vertex 3.790985e-16 4.210316e-16 -1.000000e+00
      vertex 3.330120e-16 4.583517e-16 -1.000000e+00
    endloop
  endfacet
  facet normal 0.000000e+00 0.000000e+00 1.000000e+00
    outer loop
      vertex 3.076230e-02 4.234068e-02 -9.986295e-01
      vertex 3.330120e-16 4.583517e-16 -1.000000e+00
      vertex 2.832769e-16 4.906501e-16 -1.000000e+00
    endloop
  endfacet
  facet normal 0.000000e+00 0.000000e+00 1.000000e+00
    outer loop
      vertex 2.616798e-02 4.532427e-02 -9.986295e-01
      vertex 2.832769e-16 4.906501e-16 -1.000000e+00
      vertex 2.304382e-16 5.175727e-16 -1.000000e+00
    endloop
  endfacet
  facet normal 0.000000e+00 0.000000e+00 1.000000e+00
    outer loop
      vertex 2.128695e-02 4.781128e-02 -9.986295e-01
      vertex 2.304382e-16 5.175727e-16 -1.000000e+00
      vertex 1.750748e-16 5.388248e-16 -1.000000e+00
    endloop
  endfacet
  facet normal 0.000000e+00 0.000000e+00 1.000000e+00
    outer loop
      vertex 1.617270e-02 4.977445e-02 -9.986295e-01
      vertex 1.750748e-16 5.388248e-16 -1.000000e+00
      vertex 1.177932e-16 5.541733e-16 -1.000000e+00
    endloop
  endfacet
  facet normal 0.000000e+00 0.000000e+00 1.000000e+00
    outer loop
      vertex 1.088126e-02 5.119229e-02 -9.986295e-01
      vertex 1.177932e-16 5.541733e-16 -1.000000e+00
      vertex 5.922101e-17 5.634502e-16 -1.000000e+00
    endloop
  endfacet
  facet normal 0.000000e+00 0.000000e+00 1.000000e+00
    outer loop
      vertex 5.470597e-03 5.204925e-02 -9.986295e-01
      vertex 5.922101e-17 5.634502e-16 -1.000000e+00
      vertex 1.604917e-31 5.665539e-16 -1.000000e+00
    endloop
  endfacet
  facet normal 0.000000e+00 0.000000e+00 1.000000e+00
    outer loop
      vertex 1.482557e-17 5.233596e-02 -9.986295e-01
      vertex 1.604917e-31 5.665539e-16 -1.000000e+00
      vertex -5.922101e-17 5.634502e-16 -1.000000e+00
    endloop
  endfacet
  facet normal 0.000000e+00 0.000000e+00 1.000000e+00
    outer loop
      vertex -5.470597e-03 5.204925e-02 -9.986295e-01
      vertex -5.922101e-17 5.634502e-16 -1.000000e+00
      vertex -1.177932e-16 5.541733e-16 -1.000000e+00
    endloop
  endfacet
  facet normal 0.000000e+00 0.000000e+00 1.000000e+00
    outer loop
      vertex -1.088126e-02 5.119229e-02 -9.986295e-01
      vertex -1.177932e-16 5.541733e-16 -1.000000e+00
      vertex -1.750748e-16 5.388248e-16 -1.000000e+00
    endloop
  endfacet
  facet normal 0.000000e+00 0.000000e+00 1.000000e+00
    outer loop
      vertex -1.617270e-02 4.977445e-02 -9.986295e-01
      vertex -1.750748e-16 5.388248e-16 -1.000000e+00
      vertex -2.304382e-16 5.175727e-16 -1.000000e+00
    endloop
  endfacet
  facet normal 0.000000e+00 0.000000e+00 1.000000e+00
    outer loop
      vertex -2.128695e-02 4.781128e-02 -9.986295e-01
      vertex -2.304382e-16 5.175727e-16 -1.000000e+00
      vertex -2.832769e-16 4.906501e-16 -1.000000e+00
    endloop
  endfacet
  facet normal 0.000000e+00 0.000000e+00 1.000000e+00
    outer loop
      vertex -2.616798e-02 4.532427e-02 -9.986295e-01
      vertex -2.832769e-16 4.906501e-16 -1.000000e+00
      vertex -3.330120e-16 4.583517e-16 -1.000000e+00
    endloop
  endfacet
  facet normal 0.000000e+00 0.000000e+00 1.000000e+00
    outer loop
      vertex -3.076230e-02 4.234068e-02 -9.986295e-01
      vertex -3.330120e-16 4.583517e-16 -1.000000e+00
      vertex -3.790985e-16 4.210316e-16 -1.000000e+00
    endloop
  endfacet
  facet normal 0.000000e+00 0.000000e+00 1.000000e+00
    outer loop
      vertex -3.501959e-02 3.889320e-02 -9.986295e-01
      vertex -3.790985e-16 4.210316e-16 -1.000000e+00
      vertex -4.210316e-16 3.790985e-16 -1.000000e+00
    endloop
  endfacet
  facet normal 0.000000e+00 0.000000e+00 1.000000e+00
    outer loop
      vertex -3.889320e-02 3.501959e-02 -9.986295e-01
      vertex -4.210316e-16 3.790985e-16 -1.000000e+00
      vertex -4.583517e-16 3.330120e-16 -1.000000e+00
    endloop
  endfacet
  facet normal 0.000000e+00 0.000000e+00 1.000000e+00
    outer loop
      vertex -4.234068e-02 3.076230e-02 -9.986295e-01
      vertex -4.583517e-16 3.330120e-16 -1.000000e+00
      vertex -4.906501e-16 2.832769e-16 -1.000000e+00
    endloop
  endfacet
  facet normal 0.000000e+00 0.000000e+00 1.000000e+00
    outer loop
      vertex -4.532427e-02 2.616798e-02 -9.986295e-01
      vertex -4.906501e-16 2.832769e-16 -1.000000e+00
      vertex -5.175727e-16 2.304382e-16 -1.000000e+00
    endloop
  endfacet
  facet normal 0.000000e+00 0.000000e+00 1.000000e+00
    outer loop
      vertex -4.781128e-02 2.128695e-02 -9.986295e-01
      vertex -5.175727e-16 2.304382e-16 -1.000000e+00
      vertex -5.388248e-16 1.750748e-16 -1.000000e+00
    endloop
  endfacet
  facet normal 0.000000e+00 0.000000e+00 1.000000e+00
    outer loop
      vertex -4.977445e-02 1.617270e-02 -9.986295e-01
      vertex -5.388248e-16 1.750748e-16 -1.000000e+00
      vertex -5.541733e-16 1.177932e-16 -1.000000e+00
    endloop
  endfacet
  facet normal 0.000000e+00 0.000000e+00 1.000000e+00
    outer loop
      vertex -5.119229e-02 1.088126e-02 -9.986295e-01
      vertex -5.541733e-16 1.177932e-16 -1.000000e+00
      vertex -5.634502e-16 5.922101e-17 -1.000000e+00
    endloop
  endfacet
  facet normal 0.000000e+00 0.000000e+00 1.000000e+00
    outer loop
      vertex -5.204925e-02 5.470597e-03 -9.986295e-01
      vertex -5.634502e-16 5.922101e-17 -1.000000e+00
      vertex -5.665539e-16 3.209833e-31 -1.000000e+00
    endloop
  endfacet
  facet normal 0.000000e+00 0.000000e+00 1.000000e+00
    outer loop
      vertex -5.233596e-02 2.965114e-17 -9.986295e-01
      vertex -5.665539e-16 3.209833e-31 -1.000000e+00
      vertex -5.634502e-16 -5.922101e-17 -1.000000e+00
    endloop
  endfacet
  facet normal 0.000000e+00 0.000000e+00 1.000000e+00
    outer loop
      vertex -5.204925e-02 -5.470597e-03 -9.986295e-01
      vertex -5.634502e-16 -5.922101e-17 -1.000000e+00
      vertex -5.541733e-16 -1.177932e-16 -1.000000e+00
    endloop
  endfacet
  facet normal 0.000000e+00 0.000000e+00 1.000000e+00
    outer loop
      vertex -5.119229e-02 -1.088126e-02 -9.986295e-01
      vertex -5.541733e-16 -1.177932e-16 -1.000000e+00
      vertex -5.388248e-16 -1.750748e-16 -1.000000e+00
    endloop
  endfacet
  facet normal 0.000000e+00 0.000000e+00 1.000000e+00
    outer loop
      vertex -4.977445e-02 -1.617270e-02 -9.986295e-01
      vertex -5.388248e-16 -1.750748e-16 -1.000000e+00
      vertex -5.175727e-16 -2.304382e-16 -1.000000e+00
    endloop
  endfacet
  facet normal 0.000000e+00 0.000000e+00 1.000000e+00
    outer loop
      vertex -4.781128e-02 -2.128695e-02 -9.986295e-01
      vertex -5.175727e-16 -2.304382e-16 -1.000000e+00
      vertex -4.906501e-16 -2.832769e-16 -1.000000e+00
    endloop
  endfacet
  facet normal 0.000000e+00 0.000000e+00 1.000000e+00
    outer loop
      vertex -4.532427e-02 -2.616798e-02 -9.986295e-01
      vertex -4.906501e-16 -2.832769e-16 -1.000000e+00
      vertex -4.583517e-16 -3.330120e-16 -1.000000e+00
    endloop
  endfacet
  facet normal 0.000000e+00 0.000000e+00 1.000000e+00
    outer loop
      vertex -4.234068e-02 -3.076230e-02 -9.986295e-01
      vertex -4.583517e-16 -3.330120e-16 -1.000000e+00
      vertex -4.210316e-16 -3.790985e-16 -1.000000e+00
    endloop
  endfacet
  facet normal 0.000000e+00 0.000000e+00 1.000000e+00
    outer loop
      vertex -3.889320e-02 -3.501959e-02 -9.986295e-01
      vertex -4.210316e-16 -3.790985e-16 -1.000000e+00
      vertex -3.790985e-16 -4.210316e-16 -1.000000e+00
    endloop
  endfacet
  facet normal 0.000000e+00 0.000000e+00 1.000000e+00
    outer loop
      vertex -3.501959e-02 -3.889320e-02 -9.986295e-01
      vertex -3.790985e-16 -4.210316e-16 -1.000000e+00
      vertex -3.330120e-16 -4.583517e-16 -1.000000e+00
    endloop
  endfacet
  facet normal 0.000000e+00 0.000000e+00 1.000000e+00
    outer loop
      vertex -3.076230e-02 -4.234068e-02 -9.986295e-01
      vertex -3.330120e-16 -4.583517e-16 -1.000000e+00
      vertex -2.832769e-16 -4.906501e-16 -1.000000e+00
    endloop
  endfacet
  facet normal 0.000000e+00 0.000000e+00 1.000000e+00
    outer loop
      vertex -2.616798e-02 -4.532427e-02 -9.986295e-01
      vertex -2.832769e-16 -4.906501e-16 -1.000000e+00
      vertex -2.304382e-16 -5.175727e-16 -1.000000e+00
    endloop
  endfacet
  facet normal 0.000000e+00 0.000000e+00 1.000000e+00
    outer loop
      vertex -2.128695e-02 -4.781128e-02 -9.986295e-01
      vertex -2.304382e-16 -5.175727e-16 -1.000000e+00
      vertex -1.750748e-16 -5.388248e-16 -1.000000e+00
    endloop
  endfacet
  facet normal 0.000000e+00 0.000000e+00 1.000000e+00
    outer loop
      vertex -1.617270e-02 -4.977445e-02 -9.986295e-01
      vertex -1.750748e-16 -5.388248e-16 -1.000000e+00
      vertex -1.177932e-16 -5.541733e-16 -1.000000e+00
    endloop
  endfacet
  facet normal 0.000000e+00 0.000000e+00 1.000000e+00
    outer loop
      vertex -1.088126e-02 -5.119229e-02 -9.986295e-01
      vertex -1.177932e-16 -5.541733e-16 -1.000000e+00
      vertex -5.922101e-17 -5.634502e-16 -1.000000e+00
    endloop
  endfacet
  facet normal 0.000000e+00 0.000000e+00 1.000000e+00
    outer loop
      vertex -5.470597e-03 -5.204925e-02 -9.986295e-01
      vertex -5.922101e-17 -5.634502e-16 -1.000000e+00
      vertex -1.040743e-31 -5.665539e-16 -1.000000e+00
    endloop
  endfacet
  facet normal 0.000000e+00 0.000000e+00 1.000000e+00
    outer loop
      vertex -9.613959e-18 -5.233596e-02 -9.986295e-01
      vertex -1.040743e-31 -5.665539e-16 -1.000000e+00
      vertex 5.922101e-17 -5.634502e-16 -1.000000e+00
    endloop
  endfacet
  facet normal 0.000000e+00 0.000000e+00 1.000000e+00
    outer loop
      vertex 5.470597e-03 -5.204925e-02 -9.986295e-01
      vertex 5.922101e-17 -5.634502e-16 -1.000000e+00
      vertex 1.177932e-16 -5.541733e-16 -1.000000e+00
    endloop
  endfacet
  facet normal 0.000000e+00 0.000000e+00 1.000000e+00
    outer loop
      vertex 1.088126e-02 -5.119229e-02 -9.986295e-01
      vertex 1.177932e-16 -5.541733e-16 -1.000000e+00
      vertex 1.750748e-16 -5.388248e-16 -1.000000e+00
    endloop
  endfacet
  facet normal 0.000000e+00 0.000000e+00 1.000000e+00
    outer loop
      vertex 1.617270e-02 -4.977445e-02 -9.986295e-01
      vertex 1.750748e-16 -5.388248e-16 -1.000000e+00
      vertex 2.304382e-16 -5.175727e-16 -1.000000e+00
    endloop
  endfacet
  facet normal 0.000000e+00 0.000000e+00 1.000000e+00
    outer loop
      vertex 2.128695e-02 -4.781128e-02 -9.986295e-01
      vertex 2.304382e-16 -5.175727e-16 -1.000000e+00
      vertex 2.832769e-16 -4.906501e-16 -1.000000e+00
    endloop
  endfacet
  facet normal 0.000000e+00 0.000000e+00 1.000000e+00
    outer loop
      vertex 2.616798e-02 -4.532427e-02 -9.986295e-01
      vertex 2.832769e-16 -4.906501e-16 -1.000000e+00
      vertex 3.330120e-16 -4.583517e-16 -1.000000e+00
    endloop
  endfacet
  facet normal 0.000000e+00 0.000000e+00 1.000000e+00
    outer loop
      vertex 3.076230e-02 -4.234068e-02 -9.986295e-01
      vertex 3.330120e-16 -4.583517e-16 -1.000000e+00
      vertex 3.790985e-16 -4.210316e-16 -1.000000e+00
    endloop
  endfacet
  facet normal 0.000000e+00 0.000000e+00 1.000000e+00
    outer loop
      vertex 3.501959e-02 -3.889320e-02 -9.986295e-01
      vertex 3.790985e-16 -4.210316e-16 -1.000000e+00
      vertex 4.210316e-16 -3.790985e-16 -1.000000e+00
    endloop
  endfacet
  facet normal 0.000000e+00 0.000000e+00 1.000000e+00
    outer loop
      vertex 3.889320e-02 -3.501959e-02 -9.986295e-01
      vertex 4.210316e-16 -3.790985e-16 -1.000000e+00
      vertex 4.583517e-16 -3.330120e-16 -1.000000e+00
    endloop
  endfacet
  facet normal 0.000000e+00 0.000000e+00 1.000000e+00
    outer loop
      vertex 4.234068e-02 -3.076230e-02 -9.986295e-01
      vertex 4.583517e-16 -3.330120e-16 -1.000000e+00
      vertex 4.906501e-16 -2.832769e-16 -1.000000e+00
    endloop
  endfacet
  facet normal 0.000000e+00 0.000000e+00 1.000000e+00
    outer loop
      vertex 4.532427e-02 -2.616798e-02 -9.986295e-01
      vertex 4.906501e-16 -2.832769e-16 -1.000000e+00
      vertex 5.175727e-16 -2.304382e-16 -1.000000e+00
    endloop
  endfacet
  facet normal 0.000000e+00 0.000000e+00 1.000000e+00
    outer loop
      vertex 4.781128e-02 -2.128695e-02 -9.986295e-01
      vertex 5.175727e-16 -2.304382e-16 -1.000000e+00
      vertex 5.388248e-16 -1.750748e-16 -1.000000e+00
    endloop
  endfacet
  facet normal 0.000000e+00 0.000000e+00 1.000000e+00
    outer loop
      vertex 4.977445e-02 -1.617270e-02 -9.986295e-01
      vertex 5.388248e-16 -1.750748e-16 -1.000000e+00
      vertex 5.541733e-16 -1.177932e-16 -1.000000e+00
    endloop
  endfacet
  facet normal 0.000000e+00 0.000000e+00 1.000000e+00
    outer loop
      vertex 5.119229e-02 -1.088126e-02 -9.986295e-01
      vertex 5.541733e-16 -1.177932e-16 -1.000000e+00
      vertex 5.634502e-16 -5.922101e-17 -1.000000e+00
    endloop
  endfacet
  facet normal 0.000000e+00 0.000000e+00 1.000000e+00
    outer loop
      vertex 5.204925e-02 -5.470597e-03 -9.986295e-01
      vertex 5.634502e-16 -5.922101e-17 -1.000000e+00
      vertex 5.665539e-16 -6.419666e-31 -1.000000e+00
    endloop
  endfacet
endsolid test