# Blender v3 OBJ File
o Sphere
v 0.000000 0.000000 1.000000
vn 0.000000 0.000000 1.000000
v 0.000000 0.000000 1.000000
vn 0.000000 0.000000 1.000000
v 0.000000 0.000000 1.000000
vn 0.000000 0.000000 1.000000
v 0.000000 0.000000 1.000000
vn 0.000000 0.000000 1.000000
v 0.000000 0.000000 1.000000
vn 0.000000 0.000000 1.000000
v 0.000000 0.000000 1.000000
vn 0.000000 0.000000 1.000000
v 0.000000 0.000000 1.000000
vn 0.000000 0.000000 1.000000
v 0.000000 0.000000 1.000000
vn 0.000000 0.000000 1.000000
v 0.000000 0.000000 1.000000
vn 0.000000 0.000000 1.000000
v 0.000000 0.000000 1.000000
vn 0.000000 0.000000 1.000000
v 0.000000 0.000000 1.000000
vn 0.000000 0.000000 1.000000
v 0.000000 0.000000 1.000000
vn 0.000000 0.000000 1.000000
v 0.000000 0.000000 1.000000
vn 0.000000 0.000000 1.000000
v 0.000000 0.000000 1.000000
vn 0.000000 0.000000 1.000000
v 0.000000 0.000000 1.000000
vn 0.000000 0.000000 1.000000
v 0.000000 0.000000 1.000000
vn 0.000000 0.000000 1.000000
v -0.000000 0.000000 1.000000
vn -0.000000 0.000000 1.000000
v -0.000000 0.000000 1.000000
vn -0.000000 0.000000 1.000000
v -0.000000 0.000000 1.000000
vn -0.000000 0.000000 1.000000
v -0.000000 0.000000 1.000000
vn -0.000000 0.000000 1.000000
v -0.000000 0.000000 1.000000
vn -0.000000 0.000000 1.000000
v -0.000000 0.000000 1.000000
vn -0.000000 0.000000 1.000000
v -0.000000 0.000000 1.000000
vn -0.000000 0.000000 1.000000
v -0.000000 0.000000 1.000000
vn -0.000000 0.000000 1.000000
v -0.000000 0.000000 1.000000
vn -0.000000 0.000000 1.000000
v -0.000000 0.000000 1.000000
vn -0.000000 0.000000 1.000000
v -0.000000 0.000000 1.000000
vn -0.000000 0.000000 1.000000
v -0.000000 0.000000 1.000000
vn -0.000000 0.000000 1.000000
v -0.000000 0.000000 1.000000
vn -0.000000 0.000000 1.000000
v -0.000000 0.000000 1.000000
vn -0.000000 0.000000 1.000000
v -0.000000 0.000000 1.000000
vn -0.000000 0.000000 1.000000
v -0.000000 -0.000000 1.000000
vn -0.000000 -0.000000 1.000000
v -0.000000 -0.000000 1.000000
vn -0.000000 -0.000000 1.000000
v -0.000000 -0.000000 1.000000
vn -0.000000 -0.000000 1.000000
v -0.000000 -0.000000 1.000000
vn -0.000000 -0.000000 1.000000
v -0.000000 -0.000000 1.000000
vn -0.000000 -0.000000 1.000000
v -0.000000 -0.000000 1.000000
vn -0.000000 -0.000000 1.000000
v -0.000000 -0.000000 1.000000
vn -0.000000 -0.000000 1.000000
v -0.000000 -0.000000 1.000000
vn -0.000000 -0.000000 1.000000
v -0.000000 -0.000000 1.000000
vn -0.000000 -0.000000 1.000000
v -0.000000 -0.000000 1.000000
vn -0.000000 -0.000000 1.000000
v -0.000000 -0.000000 1.000000
vn -0.000000 -0.000000 1.000000
v -0.000000 -0.000000 1.000000
vn -0.000000 -0.000000 1.000000
v -0.000000 -0.000000 1.000000
vn -0.000000 -0.000000 1.000000
v -0.000000 -0.000000 1.000000
vn -0.000000 -0.000000 1.000000
v -0.000000 -0.000000 1.000000
vn -0.000000 -0.000000 1.000000
v 0.000000 -0.000000 1.000000
vn 0.000000 -0.000000 1.000000
v 0.000000 -0.000000 1.000000
vn 0.000000 -0.000000 1.000000
v 0.000000 -0.000000 1.000000
vn 0.000000 -0.000000 1.000000
v 0.000000 -0.000000 1.000000
vn 0.000000 -0.000000 1.000000
v 0.000000 -0.000000 1.000000
vn 0.000000 -0.000000 1.000000
v 0.000000 -0.000000 1.000000
vn 0.000000 -0.000000 1.000000
v 0.000000 -0.000000 1.000000
vn 0.000000 -0.000000 1.000000
v 0.000000 -0.000000 1.000000
vn 0.000000 -0.000000 1.000000
v 0.000000 -0.000000 1.000000
vn 0.000000 -0.000000 1.000000
v 0.000000 -0.000000 1.000000
vn 0.000000 -0.000000 1.000000
v 0.000000 -0.000000 1.000000
vn 0.000000 -0.000000 1.000000
v 0.000000 -0.000000 1.000000
vn 0.000000 -0.000000 1.000000
v 0.000000 -0.000000 1.000000
vn 0.000000 -0.000000 1.000000
v 0.000000 -0.000000 1.000000
vn 0.000000 -0.000000 1.000000
v 0.052336 0.000000 0.998630
vn 0.052336 0.000000 0.998630
v 0.052049 0.005471 0.998630
vn 0.052049 0.005471 0.998630
v 0.051192 0.010881 0.998630
vn 0.051192 0.010881 0.998630
v 0.049774 0.016173 0.998630
vn 0.049774 0.016173 0.998630
v 0.047811 0.021287 0.998630
vn 0.047811 0.021287 0.998630
v 0.045324 0.026168 0.998630
vn 0.045324 0.026168 0.998630
v 0.042341 0.030762 0.998630
vn 0.042341 0.030762 0.998630
v 0.038893 0.035020 0.998630
vn 0.038893 0.035020 0.998630
v 0.035020 0.038893 0.998630
vn 0.035020 0.038893 0.998630
v 0.030762 0.042341 0.998630
vn 0.030762 0.042341 0.998630
v 0.026168 0.045324 0.998630
vn 0.026168 0.045324 0.998630
v 0.021287 0.047811 0.998630
vn 0.021287 0.047811 0.998630
v 0.016173 0.049774 0.998630
vn 0.016173 0.049774 0.998630
v 0.010881 0.051192 0.998630
vn 0.010881 0.051192 0.998630
v 0.005471 0.052049 0.998630
vn 0.005471 0.052049 0.998630
v 0.000000 0.052336 0.998630
vn 0.000000 0.052336 0.998630
v -0.005471 0.052049 0.998630
vn -0.005471 0.052049 0.998630
v -0.010881 0.051192 0.998630
vn -0.010881 0.051192 0.998630
v -0.016173 0.049774 0.998630
vn -0.016173 0.049774 0.998630
v -0.021287 0.047811 0.998630
vn -0.021287 0.047811 0.998630
v -0.026168 0.045324 0.998630
vn -0.026168 0.045324 0.998630
v -0.030762 0.042341 0.998630
vn -0.030762 0.042341 0.998630
v -0.035020 0.038893 0.998630
vn -0.035020 0.038893 0.998630
v -0.038893 0.035020 0.998630
vn -0.038893 0.035020 0.998630
v -0.042341 0.030762 0.998630
vn -0.042341 0.030762 0.998630
v -0.045324 0.026168 0.998630
vn -0.045324 0.026168 0.998630
v -0.047811 0.021287 0.998630
vn -0.047811 0.021287 0.998630
v -0.049774 0.016173 0.998630
vn -0.049774 0.016173 0.998630
v -0.051192 0.010881 0.998630
vn -0.051192 0.010881 0.998630
v -0.052049 0.005471 0.998630
vn -0.052049 0.005471 0.998630
v -0.052336 0.000000 0.998630
vn -0.052336 0.000000 0.998630
v -0.052049 -0.005471 0.998630
vn -0.052049 -0.005471 0.998630
v -0.051192 -0.010881 0.998630
vn -0.051192 -0.010881 0.998630
v -0.049774 -0.016173 0.998630
vn -0.049774 -0.016173 0.998630
v -0.047811 -0.021287 0.998630
vn -0.047811 -0.021287 0.998630
v -0.045324 -0.026168 0.998630
vn -0.045324 -0.026168 0.998630
v -0.042341 -0.030762 0.998630
vn -0.042341 -0.030762 0.998630
v -0.038893 -0.035020 0.998630
vn -0.038893 -0.035020 0.998630
v -0.035020 -0.038893 0.998630
vn -0.035020 -0.038893 0.998630
v -0.030762 -0.042341 0.998630
vn -0.030762 -0.042341 0.998630
v -0.026168 -0.045324 0.998630
vn -0.026168 -0.045324 0.998630
v -0.021287 -0.047811 0.998630
vn -0.021287 -0.047811 0.998630
v -0.016173 -0.049774 0.998630
vn -0.016173 -0.049774 0.998630
v -0.010881 -0.051192 0.998630
vn -0.010881 -0.051192 0.998630
v -0.005471 -0.052049 0.998630
vn -0.005471 -0.052049 0.998630
v -0.000000 -0.052336 0.998630
vn -0.000000 -0.052336 0.998630
v 0.005471 -0.052049 0.998630
vn 0.005471 -0.052049 0.998630
v 0.010881 -0.051192 0.998630
vn 0.010881 -0.051192 0.998630
v 0.016173 -0.049774 0.998630
vn 0.016173 -0.049774 0.998630
v 0.021287 -0.047811 0.998630
vn 0.021287 -0.047811 0.998630
v 0.026168 -0.045324 0.998630
vn 0.026168 -0.045324 0.998630
v 0.030762 -0.042341 0.998630
vn 0.030762 -0.042341 0.998630
v 0.035020 -0.038893 0.998630
vn 0.035020 -0.038893 0.998630
v 0.038893 -0.035020 0.998630
vn 0.038893 -0.035020 0.998630
v 0.042341 -0.030762 0.998630
vn 0.042341 -0.030762 0.998630
v 0.045324 -0.026168 0.998630
vn 0.045324 -0.026168 0.998630
v 0.047811 -0.021287 0.998630
vn 0.047811 -0.021287 0.998630
v 0.049774 -0.016173 0.998630
vn 0.049774 -0.016173 0.998630
v 0.051192 -0.010881 0.998630
vn 0.051192 -0.010881 0.998630
v 0.052049 -0.005471 0.998630
vn 0.052049 -0.005471 0.998630
v 0.104528 0.000000 0.994522
vn 0.104528 0.000000 0.994522
v 0.103956 0.010926 0.994522
vn 0.103956 0.010926 0.994522
v 0.102244 0.021733 0.994522
vn 0.102244 0.021733 0.994522
v 0.099412 0.032301 0.994522
vn 0.099412 0.032301 0.994522
v 0.095492 0.042516 0.994522
vn 0.095492 0.042516 0.994522
v 0.090524 0.052264 0.994522
vn 0.090524 0.052264 0.994522
v 0.084565 0.061440 0.994522
vn 0.084565 0.061440 0.994522
v 0.077680 0.069943 0.994522
vn 0.077680 0.069943 0.994522
v 0.069943 0.077680 0.994522
vn 0.069943 0.077680 0.994522
v 0.061440 0.084565 0.994522
vn 0.061440 0.084565 0.994522
v 0.052264 0.090524 0.994522
vn 0.052264 0.090524 0.994522
v 0.042516 0.095492 0.994522
vn 0.042516 0.095492 0.994522
v 0.032301 0.099412 0.994522
vn 0.032301 0.099412 0.994522
v 0.021733 0.102244 0.994522
vn 0.021733 0.102244 0.994522
v 0.010926 0.103956 0.994522
vn 0.010926 0.103956 0.994522
v 0.000000 0.104528 0.994522
vn 0.000000 0.104528 0.994522
v -0.010926 0.103956 0.994522
vn -0.010926 0.103956 0.994522
v -0.021733 0.102244 0.994522
vn -0.021733 0.102244 0.994522
v -0.032301 0.099412 0.994522
vn -0.032301 0.099412 0.994522
v -0.042516 0.095492 0.994522
vn -0.042516 0.095492 0.994522
v -0.052264 0.090524 0.994522
vn -0.052264 0.090524 0.994522
v -0.061440 0.084565 0.994522
vn -0.061440 0.084565 0.994522
v -0.069943 0.077680 0.994522
vn -0.069943 0.077680 0.994522
v -0.077680 0.069943 0.994522
vn -0.077680 0.069943 0.994522
v -0.084565 0.061440 0.994522
vn -0.084565 0.061440 0.994522
v -0.090524 0.052264 0.994522
vn -0.090524 0.052264 0.994522
v -0.095492 0.042516 0.994522
vn -0.095492 0.042516 0.994522
v -0.099412 0.032301 0.994522
vn -0.099412 0.032301 0.994522
v -0.102244 0.021733 0.994522
vn -0.102244 0.021733 0.994522
v -0.103956 0.010926 0.994522
vn -0.103956 0.010926 0.994522
v -0.104528 0.000000 0.994522
vn -0.104528 0.000000 0.994522
v -0.103956 -0.010926 0.994522
vn -0.103956 -0.010926 0.994522
v -0.102244 -0.021733 0.994522
vn -0.102244 -0.021733 0.994522
v -0.099412 -0.032301 0.994522
vn -0.099412 -0.032301 0.994522
v -0.095492 -0.042516 0.994522
vn -0.095492 -0.042516 0.994522
v -0.090524 -0.052264 0.994522
vn -0.090524 -0.052264 0.994522
v -0.084565 -0.061440 0.994522
vn -0.084565 -0.061440 0.994522
v -0.077680 -0.069943 0.994522
vn -0.077680 -0.069943 0.994522
v -0.069943 -0.077680 0.994522
vn -0.069943 -0.077680 0.994522
v -0.061440 -0.084565 0.994522
vn -0.061440 -0.084565 0.994522
v -0.052264 -0.090524 0.994522
vn -0.052264 -0.090524 0.994522
v -0.042516 -0.095492 0.994522
vn -0.042516 -0.095492 0.994522
v -0.032301 -0.099412 0.994522
vn -0.032301 -0.099412 0.994522
v -0.021733 -0.102244 0.994522
vn -0.021733 -0.102244 0.994522
v -0.010926 -0.103956 0.994522
vn -0.010926 -0.103956 0.994522
v -0.000000 -0.104528 0.994522
vn -0.000000 -0.104528 0.994522
v 0.010926 -0.103956 0.994522
vn 0.010926 -0.103956 0.994522
v 0.021733 -0.102244 0.994522
vn 0.021733 -0.102244 0.994522
v 0.032301 -0.099412 0.994522
vn 0.032301 -0.099412 0.994522
v 0.042516 -0.095492 0.994522
vn 0.042516 -0.095492 0.994522
v 0.052264 -0.090524 0.994522
vn 0.052264 -0.090524 0.994522
v 0.061440 -0.084565 0.994522
vn 0.061440 -0.084565 0.994522
v 0.069943 -0.077680 0.994522
vn 0.069943 -0.077680 0.994522
v 0.077680 -0.069943 0.994522
vn 0.077680 -0.069943 0.994522
v 0.084565 -0.061440 0.994522
vn 0.084565 -0.061440 0.994522
v 0.090524 -0.052264 0.994522
vn 0.090524 -0.052264 0.994522
v 0.095492 -0.042516 0.994522
vn 0.095492 -0.042516 0.994522
v 0.099412 -0.032301 0.994522
vn 0.099412 -0.032301 0.994522
v 0.102244 -0.021733 0.994522
vn 0.102244 -0.021733 0.994522
v 0.103956 -0.010926 0.994522
vn 0.103956 -0.010926 0.994522
v 0.156434 0.000000 0.987688
vn 0.156434 0.000000 0.987688
v 0.155578 0.016352 0.987688
vn 0.155578 0.016352 0.987688
v 0.153016 0.032525 0.987688
vn 0.153016 0.032525 0.987688
v 0.148778 0.048341 0.987688
vn 0.148778 0.048341 0.987688
v 0.142910 0.063628 0.987688
vn 0.142910 0.063628 0.987688
v 0.135476 0.078217 0.987688
vn 0.135476 0.078217 0.987688
v 0.126558 0.091950 0.987688
vn 0.126558 0.091950 0.987688
v 0.116253 0.104675 0.987688
vn 0.116253 0.104675 0.987688
v 0.104675 0.116253 0.987688
vn 0.104675 0.116253 0.987688
v 0.091950 0.126558 0.987688
vn 0.091950 0.126558 0.987688
v 0.078217 0.135476 0.987688
vn 0.078217 0.135476 0.987688
v 0.063628 0.142910 0.987688
vn 0.063628 0.142910 0.987688
v 0.048341 0.148778 0.987688
vn 0.048341 0.148778 0.987688
v 0.032525 0.153016 0.987688
vn 0.032525 0.153016 0.987688
v 0.016352 0.155578 0.987688
vn 0.016352 0.155578 0.987688
v 0.000000 0.156434 0.987688
vn 0.000000 0.156434 0.987688
v -0.016352 0.155578 0.987688
vn -0.016352 0.155578 0.987688
v -0.032525 0.153016 0.987688
vn -0.032525 0.153016 0.987688
v -0.048341 0.148778 0.987688
vn -0.048341 0.148778 0.987688
v -0.063628 0.142910 0.987688
vn -0.063628 0.142910 0.987688
v -0.078217 0.135476 0.987688
vn -0.078217 0.135476 0.987688
v -0.091950 0.126558 0.987688
vn -0.091950 0.126558 0.987688
v -0.104675 0.116253 0.987688
vn -0.104675 0.116253 0.987688
v -0.116253 0.104675 0.987688
vn -0.116253 0.104675 0.987688
v -0.126558 0.091950 0.987688
vn -0.126558 0.091950 0.987688
v -0.135476 0.078217 0.987688
vn -0.135476 0.078217 0.987688
v -0.142910 0.063628 0.987688
vn -0.142910 0.063628 0.987688
v -0.148778 0.048341 0.987688
vn -0.148778 0.048341 0.987688
v -0.153016 0.032525 0.987688
vn -0.153016 0.032525 0.987688
v -0.155578 0.016352 0.987688
vn -0.155578 0.016352 0.987688
v -0.156434 0.000000 0.987688
vn -0.156434 0.000000 0.987688
v -0.155578 -0.016352 0.987688
vn -0.155578 -0.016352 0.987688
v -0.153016 -0.032525 0.987688
vn -0.153016 -0.032525 0.987688
v -0.148778 -0.048341 0.987688
vn -0.148778 -0.048341 0.987688
v -0.142910 -0.063628 0.987688
vn -0.142910 -0.063628 0.987688
v -0.135476 -0.078217 0.987688
vn -0.135476 -0.078217 0.987688
v -0.126558 -0.091950 0.987688
vn -0.126558 -0.091950 0.987688
v -0.116253 -0.104675 0.987688
vn -0.116253 -0.104675 0.987688
v -0.104675 -0.116253 0.987688
vn -0.104675 -0.116253 0.987688
v -0.091950 -0.126558 0.987688
vn -0.091950 -0.126558 0.987688
v -0.078217 -0.135476 0.987688
vn -0.078217 -0.135476 0.987688
v -0.063628 -0.142910 0.987688
vn -0.063628 -0.142910 0.987688
v -0.048341 -0.148778 0.987688
vn -0.048341 -0.148778 0.987688
v -0.032525 -0.153016 0.987688
vn -0.032525 -0.153016 0.987688
v -0.016352 -0.155578 0.987688
vn -0.016352 -0.155578 0.987688
v -0.000000 -0.156434 0.987688
vn -0.000000 -0.156434 0.987688
v 0.016352 -0.155578 0.987688
vn 0.016352 -0.155578 0.987688
v 0.032525 -0.153016 0.987688
vn 0.032525 -0.153016 0.987688
v 0.048341 -0.148778 0.987688
vn 0.048341 -0.148778 0.987688
v 0.063628 -0.142910 0.987688
vn 0.063628 -0.142910 0.987688
v 0.078217 -0.135476 0.987688
vn 0.078217 -0.135476 0.987688
v 0.091950 -0.126558 0.987688
vn 0.091950 -0.126558 0.987688
v 0.104675 -0.116253 0.987688
vn 0.104675 -0.116253 0.987688
v 0.116253 -0.104675 0.987688
vn 0.116253 -0.104675 0.987688
v 0.126558 -0.091950 0.987688
vn 0.126558 -0.091950 0.987688
v 0.135476 -0.078217 0.987688
vn 0.135476 -0.078217 0.987688
v 0.142910 -0.063628 0.987688
vn 0.142910 -0.063628 0.987688
v 0.148778 -0.048341 0.987688
vn 0.148778 -0.048341 0.987688
v 0.153016 -0.032525 0.987688
vn 0.153016 -0.032525 0.987688
v 0.155578 -0.016352 0.987688
vn 0.155578 -0.016352 0.987688
v 0.207912 0.000000 0.978148
vn 0.207912 0.000000 0.978148
v 0.206773 0.021733 0.978148
vn 0.206773 0.021733 0.978148
v 0.203368 0.043227 0.978148
vn 0.203368 0.043227 0.978148
v 0.197736 0.064248 0.978148
vn 0.197736 0.064248 0.978148
v 0.189937 0.084565 0.978148
vn 0.189937 0.084565 0.978148
v 0.180057 0.103956 0.978148
vn 0.180057 0.103956 0.978148
v 0.168204 0.122207 0.978148
vn 0.168204 0.122207 0.978148
v 0.154508 0.139120 0.978148
vn 0.154508 0.139120 0.978148
v 0.139120 0.154508 0.978148
vn 0.139120 0.154508 0.978148
v 0.122207 0.168204 0.978148
vn 0.122207 0.168204 0.978148
v 0.103956 0.180057 0.978148
vn 0.103956 0.180057 0.978148
v 0.084565 0.189937 0.978148
vn 0.084565 0.189937 0.978148
v 0.064248 0.197736 0.978148
vn 0.064248 0.197736 0.978148
v 0.043227 0.203368 0.978148
vn 0.043227 0.203368 0.978148
v 0.021733 0.206773 0.978148
vn 0.021733 0.206773 0.978148
v 0.000000 0.207912 0.978148
vn 0.000000 0.207912 0.978148
v -0.021733 0.206773 0.978148
vn -0.021733 0.206773 0.978148
v -0.043227 0.203368 0.978148
vn -0.043227 0.203368 0.978148
v -0.064248 0.197736 0.978148
vn -0.064248 0.197736 0.978148
v -0.084565 0.189937 0.978148
vn -0.084565 0.189937 0.978148
v -0.103956 0.180057 0.978148
vn -0.103956 0.180057 0.978148
v -0.122207 0.168204 0.978148
vn -0.122207 0.168204 0.978148
v -0.139120 0.154508 0.978148
vn -0.139120 0.154508 0.978148
v -0.154508 0.139120 0.978148
vn -0.154508 0.139120 0.978148
v -0.168204 0.122207 0.978148
vn -0.168204 0.122207 0.978148
v -0.180057 0.103956 0.978148
vn -0.180057 0.103956 0.978148
v -0.189937 0.084565 0.978148
vn -0.189937 0.084565 0.978148
v -0.197736 0.064248 0.978148
vn -0.197736 0.064248 0.978148
v -0.203368 0.043227 0.978148
vn -0.203368 0.043227 0.978148
v -0.206773 0.021733 0.978148
vn -0.206773 0.021733 0.978148
v -0.207912 0.000000 0.978148
vn -0.207912 0.000000 0.978148
v -0.206773 -0.021733 0.978148
vn -0.206773 -0.021733 0.978148
v -0.203368 -0.043227 0.978148
vn -0.203368 -0.043227 0.978148
v -0.197736 -0.064248 0.978148
vn -0.197736 -0.064248 0.978148
v -0.189937 -0.084565 0.978148
vn -0.189937 -0.084565 0.978148
v -0.180057 -0.103956 0.978148
vn -0.180057 -0.103956 0.978148
v -0.168204 -0.122207 0.978148
vn -0.168204 -0.122207 0.978148
v -0.154508 -0.139120 0.978148
vn -0.154508 -0.139120 0.978148
v -0.139120 -0.154508 0.978148
vn -0.139120 -0.154508 0.978148
v -0.122207 -0.168204 0.978148
vn -0.122207 -0.168204 0.978148
v -0.103956 -0.180057 0.978148
vn -0.103956 -0.180057 0.978148
v -0.084565 -0.189937 0.978148
vn -0.084565 -0.189937 0.978148
v -0.064248 -0.197736 0.978148
vn -0.064248 -0.197736 0.978148
v -0.043227 -0.203368 0.978148
vn -0.043227 -0.203368 0.978148
v -0.021733 -0.206773 0.978148
vn -0.021733 -0.206773 0.978148
v -0.000000 -0.207912 0.978148
vn -0.000000 -0.207912 0.978148
v 0.021733 -0.206773 0.978148
vn 0.021733 -0.206773 0.978148
v 0.043227 -0.203368 0.978148
vn 0.043227 -0.203368 0.978148
v 0.064248 -0.197736 0.978148
vn 0.064248 -0.197736 0.978148
v 0.084565 -0.189937 0.978148
vn 0.084565 -0.189937 0.978148
v 0.103956 -0.180057 0.978148
vn 0.103956 -0.180057 0.978148
v 0.122207 -0.168204 0.978148
vn 0.122207 -0.168204 0.978148
v 0.139120 -0.154508 0.978148
vn 0.139120 -0.154508 0.978148
v 0.154508 -0.139120 0.978148
vn 0.154508 -0.139120 0.978148
v 0.168204 -0.122207 0.978148
vn 0.168204 -0.122207 0.978148
v 0.180057 -0.103956 0.978148
vn 0.180057 -0.103956 0.978148
v 0.189937 -0.084565 0.978148
vn 0.189937 -0.084565 0.978148
v 0.197736 -0.064248 0.978148
vn 0.197736 -0.064248 0.978148
v 0.203368 -0.043227 0.978148
vn 0.203368 -0.043227 0.978148
v 0.206773 -0.021733 0.978148
vn 0.206773 -0.021733 0.978148
v 0.258819 0.000000 0.965926
vn 0.258819 0.000000 0.965926
v 0.257401 0.027054 0.965926
vn 0.257401 0.027054 0.965926
v 0.253163 0.053812 0.965926
vn 0.253163 0.053812 0.965926
v 0.246152 0.079979 0.965926
vn 0.246152 0.079979 0.965926
v 0.236443 0.105271 0.965926
vn 0.236443 0.105271 0.965926
v 0.224144 0.129410 0.965926
vn 0.224144 0.129410 0.965926
v 0.209389 0.152130 0.965926
vn 0.209389 0.152130 0.965926
v 0.192340 0.173184 0.965926
vn 0.192340 0.173184 0.965926
v 0.173184 0.192340 0.965926
vn 0.173184 0.192340 0.965926
v 0.152130 0.209389 0.965926
vn 0.152130 0.209389 0.965926
v 0.129410 0.224144 0.965926
vn 0.129410 0.224144 0.965926
v 0.105271 0.236443 0.965926
vn 0.105271 0.236443 0.965926
v 0.079979 0.246152 0.965926
vn 0.079979 0.246152 0.965926
v 0.053812 0.253163 0.965926
vn 0.053812 0.253163 0.965926
v 0.027054 0.257401 0.965926
vn 0.027054 0.257401 0.965926
v 0.000000 0.258819 0.965926
vn 0.000000 0.258819 0.965926
v -0.027054 0.257401 0.965926
vn -0.027054 0.257401 0.965926
v -0.053812 0.253163 0.965926
vn -0.053812 0.253163 0.965926
v -0.079979 0.246152 0.965926
vn -0.079979 0.246152 0.965926
v -0.105271 0.236443 0.965926
vn -0.105271 0.236443 0.965926
v -0.129410 0.224144 0.965926
vn -0.129410 0.224144 0.965926
v -0.152130 0.209389 0.965926
vn -0.152130 0.209389 0.965926
v -0.173184 0.192340 0.965926
vn -0.173184 0.192340 0.965926
v -0.192340 0.173184 0.965926
vn -0.192340 0.173184 0.965926
v -0.209389 0.152130 0.965926
vn -0.209389 0.152130 0.965926
v -0.224144 0.129410 0.965926
vn -0.224144 0.129410 0.965926
v -0.236443 0.105271 0.965926
vn -0.236443 0.105271 0.965926
v -0.246152 0.079979 0.965926
vn -0.246152 0.079979 0.965926
v -0.253163 0.053812 0.965926
vn -0.253163 0.053812 0.965926
v -0.257401 0.027054 0.965926
vn -0.257401 0.027054 0.965926
v -0.258819 0.000000 0.965926
vn -0.258819 0.000000 0.965926
v -0.257401 -0.027054 0.965926
vn -0.257401 -0.027054 0.965926
v -0.253163 -0.053812 0.965926
vn -0.253163 -0.053812 0.965926
v -0.246152 -0.079979 0.965926
vn -0.246152 -0.079979 0.965926
v -0.236443 -0.105271 0.965926
vn -0.236443 -0.105271 0.965926
v -0.224144 -0.129410 0.965926
vn -0.224144 -0.129410 0.965926
v -0.209389 -0.152130 0.965926
vn -0.209389 -0.152130 0.965926
v -0.192340 -0.173184 0.965926
vn -0.192340 -0.173184 0.965926
v -0.173184 -0.192340 0.965926
vn -0.173184 -0.192340 0.965926
v -0.152130 -0.209389 0.965926
vn -0.152130 -0.209389 0.965926
v -0.129410 -0.224144 0.965926
vn -0.129410 -0.224144 0.965926
v -0.105271 -0.236443 0.965926
vn -0.105271 -0.236443 0.965926
v -0.079979 -0.246152 0.965926
vn -0.079979 -0.246152 0.965926
v -0.053812 -0.253163 0.965926
vn -0.053812 -0.253163 0.965926
v -0.027054 -0.257401 0.965926
vn -0.027054 -0.257401 0.965926
v -0.000000 -0.258819 0.965926
vn -0.000000 -0.258819 0.965926
v 0.027054 -0.257401 0.965926
vn 0.027054 -0.257401 0.965926
v 0.053812 -0.253163 0.965926
vn 0.053812 -0.253163 0.965926
v 0.079979 -0.246152 0.965926
vn 0.079979 -0.246152 0.965926
v 0.105271 -0.236443 0.965926
vn 0.105271 -0.236443 0.965926
v 0.129410 -0.224144 0.965926
vn 0.129410 -0.224144 0.965926
v 0.152130 -0.209389 0.965926
vn 0.152130 -0.209389 0.965926
v 0.173184 -0.192340 0.965926
vn 0.173184 -0.192340 0.965926
v 0.192340 -0.173184 0.965926
vn 0.192340 -0.173184 0.965926
v 0.209389 -0.152130 0.965926
vn 0.209389 -0.152130 0.965926
v 0.224144 -0.129410 0.965926
vn 0.224144 -0.129410 0.965926
v 0.236443 -0.105271 0.965926
vn 0.236443 -0.105271 0.965926
v 0.246152 -0.079979 0.965926
vn 0.246152 -0.079979 0.965926
v 0.253163 -0.053812 0.965926
vn 0.253163 -0.053812 0.965926
v 0.257401 -0.027054 0.965926
vn 0.257401 -0.027054 0.965926
v 0.309017 0.000000 0.951057
vn 0.309017 0.000000 0.951057
v 0.307324 0.032301 0.951057
vn 0.307324 0.032301 0.951057
v 0.302264 0.064248 0.951057
vn 0.302264 0.064248 0.951057
v 0.293893 0.095492 0.951057
vn 0.293893 0.095492 0.951057
v 0.282301 0.125689 0.951057
vn 0.282301 0.125689 0.951057
v 0.267617 0.154508 0.951057
vn 0.267617 0.154508 0.951057
v 0.250000 0.181636 0.951057
vn 0.250000 0.181636 0.951057
v 0.229644 0.206773 0.951057
vn 0.229644 0.206773 0.951057
v 0.206773 0.229644 0.951057
vn 0.206773 0.229644 0.951057
v 0.181636 0.250000 0.951057
vn 0.181636 0.250000 0.951057
v 0.154508 0.267617 0.951057
vn 0.154508 0.267617 0.951057
v 0.125689 0.282301 0.951057
vn 0.125689 0.282301 0.951057
v 0.095492 0.293893 0.951057
vn 0.095492 0.293893 0.951057
v 0.064248 0.302264 0.951057
vn 0.064248 0.302264 0.951057
v 0.032301 0.307324 0.951057
vn 0.032301 0.307324 0.951057
v 0.000000 0.309017 0.951057
vn 0.000000 0.309017 0.951057
v -0.032301 0.307324 0.951057
vn -0.032301 0.307324 0.951057
v -0.064248 0.302264 0.951057
vn -0.064248 0.302264 0.951057
v -0.095492 0.293893 0.951057
vn -0.095492 0.293893 0.951057
v -0.125689 0.282301 0.951057
vn -0.125689 0.282301 0.951057
v -0.154508 0.267617 0.951057
vn -0.154508 0.267617 0.951057
v -0.181636 0.250000 0.951057
vn -0.181636 0.250000 0.951057
v -0.206773 0.229644 0.951057
vn -0.206773 0.229644 0.951057
v -0.229644 0.206773 0.951057
vn -0.229644 0.206773 0.951057
v -0.250000 0.181636 0.951057
vn -0.250000 0.181636 0.951057
v -0.267617 0.154508 0.951057
vn -0.267617 0.154508 0.951057
v -0.282301 0.125689 0.951057
vn -0.282301 0.125689 0.951057
v -0.293893 0.095492 0.951057
vn -0.293893 0.095492 0.951057
v -0.302264 0.064248 0.951057
vn -0.302264 0.064248 0.951057
v -0.307324 0.032301 0.951057
vn -0.307324 0.032301 0.951057
v -0.309017 0.000000 0.951057
vn -0.309017 0.000000 0.951057
v -0.307324 -0.032301 0.951057
vn -0.307324 -0.032301 0.951057
v -0.302264 -0.064248 0.951057
vn -0.302264 -0.064248 0.951057
v -0.293893 -0.095492 0.951057
vn -0.293893 -0.095492 0.951057
v -0.282301 -0.125689 0.951057
vn -0.282301 -0.125689 0.951057
v -0.267617 -0.154508 0.951057
vn -0.267617 -0.154508 0.951057
v -0.250000 -0.181636 0.951057
vn -0.250000 -0.181636 0.951057
v -0.229644 -0.206773 0.951057
vn -0.229644 -0.206773 0.951057
v -0.206773 -0.229644 0.951057
vn -0.206773 -0.229644 0.951057
v -0.181636 -0.250000 0.951057
vn -0.181636 -0.250000 0.951057
v -0.154508 -0.267617 0.951057
vn -0.154508 -0.267617 0.951057
v -0.125689 -0.282301 0.951057
vn -0.125689 -0.282301 0.951057
v -0.095492 -0.293893 0.951057
vn -0.095492 -0.293893 0.951057
v -0.064248 -0.302264 0.951057
vn -0.064248 -0.302264 0.951057
v -0.032301 -0.307324 0.951057
vn -0.032301 -0.307324 0.951057
v -0.000000 -0.309017 0.951057
vn -0.000000 -0.309017 0.951057
v 0.032301 -0.307324 0.951057
vn 0.032301 -0.307324 0.951057
v 0.064248 -0.302264 0.951057
vn 0.064248 -0.302264 0.951057
v 0.095492 -0.293893 0.951057
vn 0.095492 -0.293893 0.951057
v 0.125689 -0.282301 0.951057
vn 0.125689 -0.282301 0.951057
v 0.154508 -0.267617 0.951057
vn 0.154508 -0.267617 0.951057
v 0.181636 -0.250000 0.951057
vn 0.181636 -0.250000 0.951057
v 0.206773 -0.229644 0.951057
vn 0.206773 -0.229644 0.951057
v 0.229644 -0.206773 0.951057
vn 0.229644 -0.206773 0.951057
v 0.250000 -0.181636 0.951057
vn 0.250000 -0.181636 0.951057
v 0.267617 -0.154508 0.951057
vn 0.267617 -0.154508 0.951057
v 0.282301 -0.125689 0.951057
vn 0.282301 -0.125689 0.951057
v 0.293893 -0.095492 0.951057
vn 0.293893 -0.095492 0.951057
v 0.302264 -0.064248 0.951057
vn 0.302264 -0.064248 0.951057
v 0.307324 -0.032301 0.951057
vn 0.307324 -0.032301 0.951057
v 0.358368 0.000000 0.933580
vn 0.358368 0.000000 0.933580
v 0.356405 0.037460 0.933580
vn 0.356405 0.037460 0.933580
v 0.350537 0.074509 0.933580
vn 0.350537 0.074509 0.933580
v 0.340828 0.110742 0.933580
vn 0.340828 0.110742 0.933580
v 0.327385 0.145761 0.933580
vn 0.327385 0.145761 0.933580
v 0.310356 0.179184 0.933580
vn 0.310356 0.179184 0.933580
v 0.289926 0.210643 0.933580
vn 0.289926 0.210643 0.933580
v 0.266319 0.239795 0.933580
vn 0.266319 0.239795 0.933580
v 0.239795 0.266319 0.933580
vn 0.239795 0.266319 0.933580
v 0.210643 0.289926 0.933580
vn 0.210643 0.289926 0.933580
v 0.179184 0.310356 0.933580
vn 0.179184 0.310356 0.933580
v 0.145761 0.327385 0.933580
vn 0.145761 0.327385 0.933580
v 0.110742 0.340828 0.933580
vn 0.110742 0.340828 0.933580
v 0.074509 0.350537 0.933580
vn 0.074509 0.350537 0.933580
v 0.037460 0.356405 0.933580
vn 0.037460 0.356405 0.933580
v 0.000000 0.358368 0.933580
vn 0.000000 0.358368 0.933580
v -0.037460 0.356405 0.933580
vn -0.037460 0.356405 0.933580
v -0.074509 0.350537 0.933580
vn -0.074509 0.350537 0.933580
v -0.110742 0.340828 0.933580
vn -0.110742 0.340828 0.933580
v -0.145761 0.327385 0.933580
vn -0.145761 0.327385 0.933580
v -0.179184 0.310356 0.933580
vn -0.179184 0.310356 0.933580
v -0.210643 0.289926 0.933580
vn -0.210643 0.289926 0.933580
v -0.239795 0.266319 0.933580
vn -0.239795 0.266319 0.933580
v -0.266319 0.239795 0.933580
vn -0.266319 0.239795 0.933580
v -0.289926 0.210643 0.933580
vn -0.289926 0.210643 0.933580
v -0.310356 0.179184 0.933580
vn -0.310356 0.179184 0.933580
v -0.327385 0.145761 0.933580
vn -0.327385 0.145761 0.933580
v -0.340828 0.110742 0.933580
vn -0.340828 0.110742 0.933580
v -0.350537 0.074509 0.933580
vn -0.350537 0.074509 0.933580
v -0.356405 0.037460 0.933580
vn -0.356405 0.037460 0.933580
v -0.358368 0.000000 0.933580
vn -0.358368 0.000000 0.933580
v -0.356405 -0.037460 0.933580
vn -0.356405 -0.037460 0.933580
v -0.350537 -0.074509 0.933580
vn -0.350537 -0.074509 0.933580
v -0.340828 -0.110742 0.933580
vn -0.340828 -0.110742 0.933580
v -0.327385 -0.145761 0.933580
vn -0.327385 -0.145761 0.933580
v -0.310356 -0.179184 0.933580
vn -0.310356 -0.179184 0.933580
v -0.289926 -0.210643 0.933580
vn -0.289926 -0.210643 0.933580
v -0.266319 -0.239795 0.933580
vn -0.266319 -0.239795 0.933580
v -0.239795 -0.266319 0.933580
vn -0.239795 -0.266319 0.933580
v -0.210643 -0.289926 0.933580
vn -0.210643 -0.289926 0.933580
v -0.179184 -0.310356 0.933580
vn -0.179184 -0.310356 0.933580
v -0.145761 -0.327385 0.933580
vn -0.145761 -0.327385 0.933580
v -0.110742 -0.340828 0.933580
vn -0.110742 -0.340828 0.933580
v -0.074509 -0.350537 0.933580
vn -0.074509 -0.350537 0.933580
v -0.037460 -0.356405 0.933580
vn -0.037460 -0.356405 0.933580
v -0.000000 -0.358368 0.933580
vn -0.000000 -0.358368 0.933580
v 0.037460 -0.356405 0.933580
vn 0.037460 -0.356405 0.933580
v 0.074509 -0.350537 0.933580
vn 0.074509 -0.350537 0.933580
v 0.110742 -0.340828 0.933580
vn 0.110742 -0.340828 0.933580
v 0.145761 -0.327385 0.933580
vn 0.145761 -0.327385 0.933580
v 0.179184 -0.310356 0.933580
vn 0.179184 -0.310356 0.933580
v 0.210643 -0.289926 0.933580
vn 0.210643 -0.289926 0.933580
v 0.239795 -0.266319 0.933580
vn 0.239795 -0.266319 0.933580
v 0.266319 -0.239795 0.933580
vn 0.266319 -0.239795 0.933580
v 0.289926 -0.210643 0.933580
vn 0.289926 -0.210643 0.933580
v 0.310356 -0.179184 0.933580
vn 0.310356 -0.179184 0.933580
v 0.327385 -0.145761 0.933580
vn 0.327385 -0.145761 0.933580
v 0.340828 -0.110742 0.933580
vn 0.340828 -0.110742 0.933580
v 0.350537 -0.074509 0.933580
vn 0.350537 -0.074509 0.933580
v 0.356405 -0.037460 0.933580
vn 0.356405 -0.037460 0.933580
v 0.406737 0.000000 0.913545
vn 0.406737 0.000000 0.913545
v 0.404508 0.042516 0.913545
vn 0.404508 0.042516 0.913545
v 0.397848 0.084565 0.913545
vn 0.397848 0.084565 0.913545
v 0.386830 0.125689 0.913545
vn 0.386830 0.125689 0.913545
v 0.371572 0.165435 0.913545
vn 0.371572 0.165435 0.913545
v 0.352244 0.203368 0.913545
vn 0.352244 0.203368 0.913545
v 0.329057 0.239074 0.913545
vn 0.329057 0.239074 0.913545
v 0.302264 0.272160 0.913545
vn 0.302264 0.272160 0.913545
v 0.272160 0.302264 0.913545
vn 0.272160 0.302264 0.913545
v 0.239074 0.329057 0.913545
vn 0.239074 0.329057 0.913545
v 0.203368 0.352244 0.913545
vn 0.203368 0.352244 0.913545
v 0.165435 0.371572 0.913545
vn 0.165435 0.371572 0.913545
v 0.125689 0.386830 0.913545
vn 0.125689 0.386830 0.913545
v 0.084565 0.397848 0.913545
vn 0.084565 0.397848 0.913545
v 0.042516 0.404508 0.913545
vn 0.042516 0.404508 0.913545
v 0.000000 0.406737 0.913545
vn 0.000000 0.406737 0.913545
v -0.042516 0.404508 0.913545
vn -0.042516 0.404508 0.913545
v -0.084565 0.397848 0.913545
vn -0.084565 0.397848 0.913545
v -0.125689 0.386830 0.913545
vn -0.125689 0.386830 0.913545
v -0.165435 0.371572 0.913545
vn -0.165435 0.371572 0.913545
v -0.203368 0.352244 0.913545
vn -0.203368 0.352244 0.913545
v -0.239074 0.329057 0.913545
vn -0.239074 0.329057 0.913545
v -0.272160 0.302264 0.913545
vn -0.272160 0.302264 0.913545
v -0.302264 0.272160 0.913545
vn -0.302264 0.272160 0.913545
v -0.329057 0.239074 0.913545
vn -0.329057 0.239074 0.913545
v -0.352244 0.203368 0.913545
vn -0.352244 0.203368 0.913545
v -0.371572 0.165435 0.913545
vn -0.371572 0.165435 0.913545
v -0.386830 0.125689 0.913545
vn -0.386830 0.125689 0.913545
v -0.397848 0.084565 0.913545
vn -0.397848 0.084565 0.913545
v -0.404508 0.042516 0.913545
vn -0.404508 0.042516 0.913545
v -0.406737 0.000000 0.913545
vn -0.406737 0.000000 0.913545
v -0.404508 -0.042516 0.913545
vn -0.404508 -0.042516 0.913545
v -0.397848 -0.084565 0.913545
vn -0.397848 -0.084565 0.913545
v -0.386830 -0.125689 0.913545
vn -0.386830 -0.125689 0.913545
v -0.371572 -0.165435 0.913545
vn -0.371572 -0.165435 0.913545
v -0.352244 -0.203368 0.913545
vn -0.352244 -0.203368 0.913545
v -0.329057 -0.239074 0.913545
vn -0.329057 -0.239074 0.913545
v -0.302264 -0.272160 0.913545
vn -0.302264 -0.272160 0.913545
v -0.272160 -0.302264 0.913545
vn -0.272160 -0.302264 0.913545
v -0.239074 -0.329057 0.913545
vn -0.239074 -0.329057 0.913545
v -0.203368 -0.352244 0.913545
vn -0.203368 -0.352244 0.913545
v -0.165435 -0.371572 0.913545
vn -0.165435 -0.371572 0.913545
v -0.125689 -0.386830 0.913545
vn -0.125689 -0.386830 0.913545
v -0.084565 -0.397848 0.913545
vn -0.084565 -0.397848 0.913545
v -0.042516 -0.404508 0.913545
vn -0.042516 -0.404508 0.913545
v -0.000000 -0.406737 0.913545
vn -0.000000 -0.406737 0.913545
v 0.042516 -0.404508 0.913545
vn 0.042516 -0.404508 0.913545
v 0.084565 -0.397848 0.913545
vn 0.084565 -0.397848 0.913545
v 0.125689 -0.386830 0.913545
vn 0.125689 -0.386830 0.913545
v 0.165435 -0.371572 0.913545
vn 0.165435 -0.371572 0.913545
v 0.203368 -0.352244 0.913545
vn 0.203368 -0.352244 0.913545
v 0.239074 -0.329057 0.913545
vn 0.239074 -0.329057 0.913545
v 0.272160 -0.302264 0.913545
vn 0.272160 -0.302264 0.913545
v 0.302264 -0.272160 0.913545
vn 0.302264 -0.272160 0.913545
v 0.329057 -0.239074 0.913545
vn 0.329057 -0.239074 0.913545
v 0.352244 -0.203368 0.913545
vn 0.352244 -0.203368 0.913545
v 0.371572 -0.165435 0.913545
vn 0.371572 -0.165435 0.913545
v 0.386830 -0.125689 0.913545
vn 0.386830 -0.125689 0.913545
v 0.397848 -0.084565 0.913545
vn 0.397848 -0.084565 0.913545
v 0.404508 -0.042516 0.913545
vn 0.404508 -0.042516 0.913545
v 0.453990 0.000000 0.891007
vn 0.453990 0.000000 0.891007
v 0.451503 0.047455 0.891007
vn 0.451503 0.047455 0.891007
v 0.444070 0.094390 0.891007
vn 0.444070 0.094390 0.891007
v 0.431771 0.140291 0.891007
vn 0.431771 0.140291 0.891007
v 0.414741 0.184655 0.891007
vn 0.414741 0.184655 0.891007
v 0.393167 0.226995 0.891007
vn 0.393167 0.226995 0.891007
v 0.367286 0.266849 0.891007
vn 0.367286 0.266849 0.891007
v 0.337381 0.303779 0.891007
vn 0.337381 0.303779 0.891007
v 0.303779 0.337381 0.891007
vn 0.303779 0.337381 0.891007
v 0.266849 0.367286 0.891007
vn 0.266849 0.367286 0.891007
v 0.226995 0.393167 0.891007
vn 0.226995 0.393167 0.891007
v 0.184655 0.414741 0.891007
vn 0.184655 0.414741 0.891007
v 0.140291 0.431771 0.891007
vn 0.140291 0.431771 0.891007
v 0.094390 0.444070 0.891007
vn 0.094390 0.444070 0.891007
v 0.047455 0.451503 0.891007
vn 0.047455 0.451503 0.891007
v 0.000000 0.453990 0.891007
vn 0.000000 0.453990 0.891007
v -0.047455 0.451503 0.891007
vn -0.047455 0.451503 0.891007
v -0.094390 0.444070 0.891007
vn -0.094390 0.444070 0.891007
v -0.140291 0.431771 0.891007
vn -0.140291 0.431771 0.891007
v -0.184655 0.414741 0.891007
vn -0.184655 0.414741 0.891007
v -0.226995 0.393167 0.891007
vn -0.226995 0.393167 0.891007
v -0.266849 0.367286 0.891007
vn -0.266849 0.367286 0.891007
v -0.303779 0.337381 0.891007
vn -0.303779 0.337381 0.891007
v -0.337381 0.303779 0.891007
vn -0.337381 0.303779 0.891007
v -0.367286 0.266849 0.891007
vn -0.367286 0.266849 0.891007
v -0.393167 0.226995 0.891007
vn -0.393167 0.226995 0.891007
v -0.414741 0.184655 0.891007
vn -0.414741 0.184655 0.891007
v -0.431771 0.140291 0.891007
vn -0.431771 0.140291 0.891007
v -0.444070 0.094390 0.891007
vn -0.444070 0.094390 0.891007
v -0.451503 0.047455 0.891007
vn -0.451503 0.047455 0.891007
v -0.453990 0.000000 0.891007
vn -0.453990 0.000000 0.891007
v -0.451503 -0.047455 0.891007
vn -0.451503 -0.047455 0.891007
v -0.444070 -0.094390 0.891007
vn -0.444070 -0.094390 0.891007
v -0.431771 -0.140291 0.891007
vn -0.431771 -0.140291 0.891007
v -0.414741 -0.184655 0.891007
vn -0.414741 -0.184655 0.891007
v -0.393167 -0.226995 0.891007
vn -0.393167 -0.226995 0.891007
v -0.367286 -0.266849 0.891007
vn -0.367286 -0.266849 0.891007
v -0.337381 -0.303779 0.891007
vn -0.337381 -0.303779 0.891007
v -0.303779 -0.337381 0.891007
vn -0.303779 -0.337381 0.891007
v -0.266849 -0.367286 0.891007
vn -0.266849 -0.367286 0.891007
v -0.226995 -0.393167 0.891007
vn -0.226995 -0.393167 0.891007
v -0.184655 -0.414741 0.891007
vn -0.184655 -0.414741 0.891007
v -0.140291 -0.431771 0.891007
vn -0.140291 -0.431771 0.891007
v -0.094390 -0.444070 0.891007
vn -0.094390 -0.444070 0.891007
v -0.047455 -0.451503 0.891007
vn -0.047455 -0.451503 0.891007
v -0.000000 -0.453990 0.891007
vn -0.000000 -0.453990 0.891007
v 0.047455 -0.451503 0.891007
vn 0.047455 -0.451503 0.891007
v 0.094390 -0.444070 0.891007
vn 0.094390 -0.444070 0.891007
v 0.140291 -0.431771 0.891007
vn 0.140291 -0.431771 0.891007
v 0.184655 -0.414741 0.891007
vn 0.184655 -0.414741 0.891007
v 0.226995 -0.393167 0.891007
vn 0.226995 -0.393167 0.891007
v 0.266849 -0.367286 0.891007
vn 0.266849 -0.367286 0.891007
v 0.303779 -0.337381 0.891007
vn 0.303779 -0.337381 0.891007
v 0.337381 -0.303779 0.891007
vn 0.337381 -0.303779 0.891007
v 0.367286 -0.266849 0.891007
vn 0.367286 -0.266849 0.891007
v 0.393167 -0.226995 0.891007
vn 0.393167 -0.226995 0.891007
v 0.414741 -0.184655 0.891007
vn 0.414741 -0.184655 0.891007
v 0.431771 -0.140291 0.891007
vn 0.431771 -0.140291 0.891007
v 0.444070 -0.094390 0.891007
vn 0.444070 -0.094390 0.891007
v 0.451503 -0.047455 0.891007
vn 0.451503 -0.047455 0.891007
v 0.500000 0.000000 0.866025
vn 0.500000 0.000000 0.866025
v 0.497261 0.052264 0.866025
vn 0.497261 0.052264 0.866025
v 0.489074 0.103956 0.866025
vn 0.489074 0.103956 0.866025
v 0.475528 0.154508 0.866025
vn 0.475528 0.154508 0.866025
v 0.456773 0.203368 0.866025
vn 0.456773 0.203368 0.866025
v 0.433013 0.250000 0.866025
vn 0.433013 0.250000 0.866025
v 0.404508 0.293893 0.866025
vn 0.404508 0.293893 0.866025
v 0.371572 0.334565 0.866025
vn 0.371572 0.334565 0.866025
v 0.334565 0.371572 0.866025
vn 0.334565 0.371572 0.866025
v 0.293893 0.404508 0.866025
vn 0.293893 0.404508 0.866025
v 0.250000 0.433013 0.866025
vn 0.250000 0.433013 0.866025
v 0.203368 0.456773 0.866025
vn 0.203368 0.456773 0.866025
v 0.154508 0.475528 0.866025
vn 0.154508 0.475528 0.866025
v 0.103956 0.489074 0.866025
vn 0.103956 0.489074 0.866025
v 0.052264 0.497261 0.866025
vn 0.052264 0.497261 0.866025
v 0.000000 0.500000 0.866025
vn 0.000000 0.500000 0.866025
v -0.052264 0.497261 0.866025
vn -0.052264 0.497261 0.866025
v -0.103956 0.489074 0.866025
vn -0.103956 0.489074 0.866025
v -0.154508 0.475528 0.866025
vn -0.154508 0.475528 0.866025
v -0.203368 0.456773 0.866025
vn -0.203368 0.456773 0.866025
v -0.250000 0.433013 0.866025
vn -0.250000 0.433013 0.866025
v -0.293893 0.404508 0.866025
vn -0.293893 0.404508 0.866025
v -0.334565 0.371572 0.866025
vn -0.334565 0.371572 0.866025
v -0.371572 0.334565 0.866025
vn -0.371572 0.334565 0.866025
v -0.404508 0.293893 0.866025
vn -0.404508 0.293893 0.866025
v -0.433013 0.250000 0.866025
vn -0.433013 0.250000 0.866025
v -0.456773 0.203368 0.866025
vn -0.456773 0.203368 0.866025
v -0.475528 0.154508 0.866025
vn -0.475528 0.154508 0.866025
v -0.489074 0.103956 0.866025
vn -0.489074 0.103956 0.866025
v -0.497261 0.052264 0.866025
vn -0.497261 0.052264 0.866025
v -0.500000 0.000000 0.866025
vn -0.500000 0.000000 0.866025
v -0.497261 -0.052264 0.866025
vn -0.497261 -0.052264 0.866025
v -0.489074 -0.103956 0.866025
vn -0.489074 -0.103956 0.866025
v -0.475528 -0.154508 0.866025
vn -0.475528 -0.154508 0.866025
v -0.456773 -0.203368 0.866025
vn -0.456773 -0.203368 0.866025
v -0.433013 -0.250000 0.866025
vn -0.433013 -0.250000 0.866025
v -0.404508 -0.293893 0.866025
vn -0.404508 -0.293893 0.866025
v -0.371572 -0.334565 0.866025
vn -0.371572 -0.334565 0.866025
v -0.334565 -0.371572 0.866025
vn -0.334565 -0.371572 0.866025
v -0.293893 -0.404508 0.866025
vn -0.293893 -0.404508 0.866025
v -0.250000 -0.433013 0.866025
vn -0.250000 -0.433013 0.866025
v -0.203368 -0.456773 0.866025
vn -0.203368 -0.456773 0.866025
v -0.154508 -0.475528 0.866025
vn -0.154508 -0.475528 0.866025
v -0.103956 -0.489074 0.866025
vn -0.103956 -0.489074 0.866025
v -0.052264 -0.497261 0.866025
vn -0.052264 -0.497261 0.866025
v -0.000000 -0.500000 0.866025
vn -0.000000 -0.500000 0.866025
v 0.052264 -0.497261 0.866025
vn 0.052264 -0.497261 0.866025
v 0.103956 -0.489074 0.866025
vn 0.103956 -0.489074 0.866025
v 0.154508 -0.475528 0.866025
vn 0.154508 -0.475528 0.866025
v 0.203368 -0.456773 0.866025
vn 0.203368 -0.456773 0.866025
v 0.250000 -0.433013 0.866025
vn 0.250000 -0.433013 0.866025
v 0.293893 -0.404508 0.866025
vn 0.293893 -0.404508 0.866025
v 0.334565 -0.371572 0.866025
vn 0.334565 -0.371572 0.866025
v 0.371572 -0.334565 0.866025
vn 0.371572 -0.334565 0.866025
v 0.404508 -0.293893 0.866025
vn 0.404508 -0.293893 0.866025
v 0.433013 -0.250000 0.866025
vn 0.433013 -0.250000 0.866025
v 0.456773 -0.203368 0.866025
vn 0.456773 -0.203368 0.866025
v 0.475528 -0.154508 0.866025
vn 0.475528 -0.154508 0.866025
v 0.489074 -0.103956 0.866025
vn 0.489074 -0.103956 0.866025
v 0.497261 -0.052264 0.866025
vn 0.497261 -0.052264 0.866025
v 0.544639 0.000000 0.838671
vn 0.544639 0.000000 0.838671
v 0.541655 0.056930 0.838671
vn 0.541655 0.056930 0.838671
v 0.532737 0.113237 0.838671
vn 0.532737 0.113237 0.838671
v 0.517983 0.168303 0.838671
vn 0.517983 0.168303 0.838671
v 0.497553 0.221525 0.838671
vn 0.497553 0.221525 0.838671
v 0.471671 0.272320 0.838671
vn 0.471671 0.272320 0.838671
v 0.440622 0.320131 0.838671
vn 0.440622 0.320131 0.838671
v 0.404746 0.364435 0.838671
vn 0.404746 0.364435 0.838671
v 0.364435 0.404746 0.838671
vn 0.364435 0.404746 0.838671
v 0.320131 0.440622 0.838671
vn 0.320131 0.440622 0.838671
v 0.272320 0.471671 0.838671
vn 0.272320 0.471671 0.838671
v 0.221525 0.497553 0.838671
vn 0.221525 0.497553 0.838671
v 0.168303 0.517983 0.838671
vn 0.168303 0.517983 0.838671
v 0.113237 0.532737 0.838671
vn 0.113237 0.532737 0.838671
v 0.056930 0.541655 0.838671
vn 0.056930 0.541655 0.838671
v 0.000000 0.544639 0.838671
vn 0.000000 0.544639 0.838671
v -0.056930 0.541655 0.838671
vn -0.056930 0.541655 0.838671
v -0.113237 0.532737 0.838671
vn -0.113237 0.532737 0.838671
v -0.168303 0.517983 0.838671
vn -0.168303 0.517983 0.838671
v -0.221525 0.497553 0.838671
vn -0.221525 0.497553 0.838671
v -0.272320 0.471671 0.838671
vn -0.272320 0.471671 0.838671
v -0.320131 0.440622 0.838671
vn -0.320131 0.440622 0.838671
v -0.364435 0.404746 0.838671
vn -0.364435 0.404746 0.838671
v -0.404746 0.364435 0.838671
vn -0.404746 0.364435 0.838671
v -0.440622 0.320131 0.838671
vn -0.440622 0.320131 0.838671
v -0.471671 0.272320 0.838671
vn -0.471671 0.272320 0.838671
v -0.497553 0.221525 0.838671
vn -0.497553 0.221525 0.838671
v -0.517983 0.168303 0.838671
vn -0.517983 0.168303 0.838671
v -0.532737 0.113237 0.838671
vn -0.532737 0.113237 0.838671
v -0.541655 0.056930 0.838671
vn -0.541655 0.056930 0.838671
v -0.544639 0.000000 0.838671
vn -0.544639 0.000000 0.838671
v -0.541655 -0.056930 0.838671
vn -0.541655 -0.056930 0.838671
v -0.532737 -0.113237 0.838671
vn -0.532737 -0.113237 0.838671
v -0.517983 -0.168303 0.838671
vn -0.517983 -0.168303 0.838671
v -0.497553 -0.221525 0.838671
vn -0.497553 -0.221525 0.838671
v -0.471671 -0.272320 0.838671
vn -0.471671 -0.272320 0.838671
v -0.440622 -0.320131 0.838671
vn -0.440622 -0.320131 0.838671
v -0.404746 -0.364435 0.838671
vn -0.404746 -0.364435 0.838671
v -0.364435 -0.404746 0.838671
vn -0.364435 -0.404746 0.838671
v -0.320131 -0.440622 0.838671
vn -0.320131 -0.440622 0.838671
v -0.272320 -0.471671 0.838671
vn -0.272320 -0.471671 0.838671
v -0.221525 -0.497553 0.838671
vn -0.221525 -0.497553 0.838671
v -0.168303 -0.517983 0.838671
vn -0.168303 -0.517983 0.838671
v -0.113237 -0.532737 0.838671
vn -0.113237 -0.532737 0.838671
v -0.056930 -0.541655 0.838671
vn -0.056930 -0.541655 0.838671
v -0.000000 -0.544639 0.838671
vn -0.000000 -0.544639 0.838671
v 0.056930 -0.541655 0.838671
vn 0.056930 -0.541655 0.838671
v 0.113237 -0.532737 0.838671
vn 0.113237 -0.532737 0.838671
v 0.168303 -0.517983 0.838671
vn 0.168303 -0.517983 0.838671
v 0.221525 -0.497553 0.838671
vn 0.221525 -0.497553 0.838671
v 0.272320 -0.471671 0.838671
vn 0.272320 -0.471671 0.838671
v 0.320131 -0.440622 0.838671
vn 0.320131 -0.440622 0.838671
v 0.364435 -0.404746 0.838671
vn 0.364435 -0.404746 0.838671
v 0.404746 -0.364435 0.838671
vn 0.404746 -0.364435 0.838671
v 0.440622 -0.320131 0.838671
vn 0.440622 -0.320131 0.838671
v 0.471671 -0.272320 0.838671
vn 0.471671 -0.272320 0.838671
v 0.497553 -0.221525 0.838671
vn 0.497553 -0.221525 0.838671
v 0.517983 -0.168303 0.838671
vn 0.517983 -0.168303 0.838671
v 0.532737 -0.113237 0.838671
vn 0.532737 -0.113237 0.838671
v 0.541655 -0.056930 0.838671
vn 0.541655 -0.056930 0.838671
v 0.587785 0.000000 0.809017
vn 0.587785 0.000000 0.809017
v 0.584565 0.061440 0.809017
vn 0.584565 0.061440 0.809017
v 0.574941 0.122207 0.809017
vn 0.574941 0.122207 0.809017
v 0.559017 0.181636 0.809017
vn 0.559017 0.181636 0.809017
v 0.536969 0.239074 0.809017
vn 0.536969 0.239074 0.809017
v 0.509037 0.293893 0.809017
vn 0.509037 0.293893 0.809017
v 0.475528 0.345492 0.809017
vn 0.475528 0.345492 0.809017
v 0.436810 0.393305 0.809017
vn 0.436810 0.393305 0.809017
v 0.393305 0.436810 0.809017
vn 0.393305 0.436810 0.809017
v 0.345492 0.475528 0.809017
vn 0.345492 0.475528 0.809017
v 0.293893 0.509037 0.809017
vn 0.293893 0.509037 0.809017
v 0.239074 0.536969 0.809017
vn 0.239074 0.536969 0.809017
v 0.181636 0.559017 0.809017
vn 0.181636 0.559017 0.809017
v 0.122207 0.574941 0.809017
vn 0.122207 0.574941 0.809017
v 0.061440 0.584565 0.809017
vn 0.061440 0.584565 0.809017
v 0.000000 0.587785 0.809017
vn 0.000000 0.587785 0.809017
v -0.061440 0.584565 0.809017
vn -0.061440 0.584565 0.809017
v -0.122207 0.574941 0.809017
vn -0.122207 0.574941 0.809017
v -0.181636 0.559017 0.809017
vn -0.181636 0.559017 0.809017
v -0.239074 0.536969 0.809017
vn -0.239074 0.536969 0.809017
v -0.293893 0.509037 0.809017
vn -0.293893 0.509037 0.809017
v -0.345492 0.475528 0.809017
vn -0.345492 0.475528 0.809017
v -0.393305 0.436810 0.809017
vn -0.393305 0.436810 0.809017
v -0.436810 0.393305 0.809017
vn -0.436810 0.393305 0.809017
v -0.475528 0.345492 0.809017
vn -0.475528 0.345492 0.809017
v -0.509037 0.293893 0.809017
vn -0.509037 0.293893 0.809017
v -0.536969 0.239074 0.809017
vn -0.536969 0.239074 0.809017
v -0.559017 0.181636 0.809017
vn -0.559017 0.181636 0.809017
v -0.574941 0.122207 0.809017
vn -0.574941 0.122207 0.809017
v -0.584565 0.061440 0.809017
vn -0.584565 0.061440 0.809017
v -0.587785 0.000000 0.809017
vn -0.587785 0.000000 0.809017
v -0.584565 -0.061440 0.809017
vn -0.584565 -0.061440 0.809017
v -0.574941 -0.122207 0.809017
vn -0.574941 -0.122207 0.809017
v -0.559017 -0.181636 0.809017
vn -0.559017 -0.181636 0.809017
v -0.536969 -0.239074 0.809017
vn -0.536969 -0.239074 0.809017
v -0.509037 -0.293893 0.809017
vn -0.509037 -0.293893 0.809017
v -0.475528 -0.345492 0.809017
vn -0.475528 -0.345492 0.809017
v -0.436810 -0.393305 0.809017
vn -0.436810 -0.393305 0.809017
v -0.393305 -0.436810 0.809017
vn -0.393305 -0.436810 0.809017
v -0.345492 -0.475528 0.809017
vn -0.345492 -0.475528 0.809017
v -0.293893 -0.509037 0.809017
vn -0.293893 -0.509037 0.809017
v -0.239074 -0.536969 0.809017
vn -0.239074 -0.536969 0.809017
v -0.181636 -0.559017 0.809017
vn -0.181636 -0.559017 0.809017
v -0.122207 -0.574941 0.809017
vn -0.122207 -0.574941 0.809017
v -0.061440 -0.584565 0.809017
vn -0.061440 -0.584565 0.809017
v -0.000000 -0.587785 0.809017
vn -0.000000 -0.587785 0.809017
v 0.061440 -0.584565 0.809017
vn 0.061440 -0.584565 0.809017
v 0.122207 -0.574941 0.809017
vn 0.122207 -0.574941 0.809017
v 0.181636 -0.559017 0.809017
vn 0.181636 -0.559017 0.809017
v 0.239074 -0.536969 0.809017
vn 0.239074 -0.536969 0.809017
v 0.293893 -0.509037 0.809017
vn 0.293893 -0.509037 0.809017
v 0.345492 -0.475528 0.809017
vn 0.345492 -0.475528 0.809017
v 0.393305 -0.436810 0.809017
vn 0.393305 -0.436810 0.809017
v 0.436810 -0.393305 0.809017
vn 0.436810 -0.393305 0.809017
v 0.475528 -0.345492 0.809017
vn 0.475528 -0.345492 0.809017
v 0.509037 -0.293893 0.809017
vn 0.509037 -0.293893 0.809017
v 0.536969 -0.239074 0.809017
vn 0.536969 -0.239074 0.809017
v 0.559017 -0.181636 0.809017
vn 0.559017 -0.181636 0.809017
v 0.574941 -0.122207 0.809017
vn 0.574941 -0.122207 0.809017
v 0.584565 -0.061440 0.809017
vn 0.584565 -0.061440 0.809017
v 0.629320 0.000000 0.777146
vn 0.629320 0.000000 0.777146
v 0.625873 0.065782 0.777146
vn 0.625873 0.065782 0.777146
v 0.615568 0.130843 0.777146
vn 0.615568 0.130843 0.777146
v 0.598519 0.194471 0.777146
vn 0.598519 0.194471 0.777146
v 0.574913 0.255968 0.777146
vn 0.574913 0.255968 0.777146
v 0.545007 0.314660 0.777146
vn 0.545007 0.314660 0.777146
v 0.509131 0.369905 0.777146
vn 0.509131 0.369905 0.777146
v 0.467676 0.421098 0.777146
vn 0.467676 0.421098 0.777146
v 0.421098 0.467676 0.777146
vn 0.421098 0.467676 0.777146
v 0.369905 0.509131 0.777146
vn 0.369905 0.509131 0.777146
v 0.314660 0.545007 0.777146
vn 0.314660 0.545007 0.777146
v 0.255968 0.574913 0.777146
vn 0.255968 0.574913 0.777146
v 0.194471 0.598519 0.777146
vn 0.194471 0.598519 0.777146
v 0.130843 0.615568 0.777146
vn 0.130843 0.615568 0.777146
v 0.065782 0.625873 0.777146
vn 0.065782 0.625873 0.777146
v 0.000000 0.629320 0.777146
vn 0.000000 0.629320 0.777146
v -0.065782 0.625873 0.777146
vn -0.065782 0.625873 0.777146
v -0.130843 0.615568 0.777146
vn -0.130843 0.615568 0.777146
v -0.194471 0.598519 0.777146
vn -0.194471 0.598519 0.777146
v -0.255968 0.574913 0.777146
vn -0.255968 0.574913 0.777146
v -0.314660 0.545007 0.777146
vn -0.314660 0.545007 0.777146
v -0.369905 0.509131 0.777146
vn -0.369905 0.509131 0.777146
v -0.421098 0.467676 0.777146
vn -0.421098 0.467676 0.777146
v -0.467676 0.421098 0.777146
vn -0.467676 0.421098 0.777146
v -0.509131 0.369905 0.777146
vn -0.509131 0.369905 0.777146
v -0.545007 0.314660 0.777146
vn -0.545007 0.314660 0.777146
v -0.574913 0.255968 0.777146
vn -0.574913 0.255968 0.777146
v -0.598519 0.194471 0.777146
vn -0.598519 0.194471 0.777146
v -0.615568 0.130843 0.777146
vn -0.615568 0.130843 0.777146
v -0.625873 0.065782 0.777146
vn -0.625873 0.065782 0.777146
v -0.629320 0.000000 0.777146
vn -0.629320 0.000000 0.777146
v -0.625873 -0.065782 0.777146
vn -0.625873 -0.065782 0.777146
v -0.615568 -0.130843 0.777146
vn -0.615568 -0.130843 0.777146
v -0.598519 -0.194471 0.777146
vn -0.598519 -0.194471 0.777146
v -0.574913 -0.255968 0.777146
vn -0.574913 -0.255968 0.777146
v -0.545007 -0.314660 0.777146
vn -0.545007 -0.314660 0.777146
v -0.509131 -0.369905 0.777146
vn -0.509131 -0.369905 0.777146
v -0.467676 -0.421098 0.777146
vn -0.467676 -0.421098 0.777146
v -0.421098 -0.467676 0.777146
vn -0.421098 -0.467676 0.777146
v -0.369905 -0.509131 0.777146
vn -0.369905 -0.509131 0.777146
v -0.314660 -0.545007 0.777146
vn -0.314660 -0.545007 0.777146
v -0.255968 -0.574913 0.777146
vn -0.255968 -0.574913 0.777146
v -0.194471 -0.598519 0.777146
vn -0.194471 -0.598519 0.777146
v -0.130843 -0.615568 0.777146
vn -0.130843 -0.615568 0.777146
v -0.065782 -0.625873 0.777146
vn -0.065782 -0.625873 0.777146
v -0.000000 -0.629320 0.777146
vn -0.000000 -0.629320 0.777146
v 0.065782 -0.625873 0.777146
vn 0.065782 -0.625873 0.777146
v 0.130843 -0.615568 0.777146
vn 0.130843 -0.615568 0.777146
v 0.194471 -0.598519 0.777146
vn 0.194471 -0.598519 0.777146
v 0.255968 -0.574913 0.777146
vn 0.255968 -0.574913 0.777146
v 0.314660 -0.545007 0.777146
vn 0.314660 -0.545007 0.777146
v 0.369905 -0.509131 0.777146
vn 0.369905 -0.509131 0.777146
v 0.421098 -0.467676 0.777146
vn 0.421098 -0.467676 0.777146
v 0.467676 -0.421098 0.777146
vn 0.467676 -0.421098 0.777146
v 0.509131 -0.369905 0.777146
vn 0.509131 -0.369905 0.777146
v 0.545007 -0.314660 0.777146
vn 0.545007 -0.314660 0.777146
v 0.574913 -0.255968 0.777146
vn 0.574913 -0.255968 0.777146
v 0.598519 -0.194471 0.777146
vn 0.598519 -0.194471 0.777146
v 0.615568 -0.130843 0.777146
vn 0.615568 -0.130843 0.777146
v 0.625873 -0.065782 0.777146
vn 0.625873 -0.065782 0.777146
v 0.669131 0.000000 0.743145
vn 0.669131 0.000000 0.743145
v 0.665465 0.069943 0.743145
vn 0.665465 0.069943 0.743145
v 0.654508 0.139120 0.743145
vn 0.654508 0.139120 0.743145
v 0.636381 0.206773 0.743145
vn 0.636381 0.206773 0.743145
v 0.611281 0.272160 0.743145
vn 0.611281 0.272160 0.743145
v 0.579484 0.334565 0.743145
vn 0.579484 0.334565 0.743145
v 0.541338 0.393305 0.743145
vn 0.541338 0.393305 0.743145
v 0.497261 0.447736 0.743145
vn 0.497261 0.447736 0.743145
v 0.447736 0.497261 0.743145
vn 0.447736 0.497261 0.743145
v 0.393305 0.541338 0.743145
vn 0.393305 0.541338 0.743145
v 0.334565 0.579484 0.743145
vn 0.334565 0.579484 0.743145
v 0.272160 0.611281 0.743145
vn 0.272160 0.611281 0.743145
v 0.206773 0.636381 0.743145
vn 0.206773 0.636381 0.743145
v 0.139120 0.654508 0.743145
vn 0.139120 0.654508 0.743145
v 0.069943 0.665465 0.743145
vn 0.069943 0.665465 0.743145
v 0.000000 0.669131 0.743145
vn 0.000000 0.669131 0.743145
v -0.069943 0.665465 0.743145
vn -0.069943 0.665465 0.743145
v -0.139120 0.654508 0.743145
vn -0.139120 0.654508 0.743145
v -0.206773 0.636381 0.743145
vn -0.206773 0.636381 0.743145
v -0.272160 0.611281 0.743145
vn -0.272160 0.611281 0.743145
v -0.334565 0.579484 0.743145
vn -0.334565 0.579484 0.743145
v -0.393305 0.541338 0.743145
vn -0.393305 0.541338 0.743145
v -0.447736 0.497261 0.743145
vn -0.447736 0.497261 0.743145
v -0.497261 0.447736 0.743145
vn -0.497261 0.447736 0.743145
v -0.541338 0.393305 0.743145
vn -0.541338 0.393305 0.743145
v -0.579484 0.334565 0.743145
vn -0.579484 0.334565 0.743145
v -0.611281 0.272160 0.743145
vn -0.611281 0.272160 0.743145
v -0.636381 0.206773 0.743145
vn -0.636381 0.206773 0.743145
v -0.654508 0.139120 0.743145
vn -0.654508 0.139120 0.743145
v -0.665465 0.069943 0.743145
vn -0.665465 0.069943 0.743145
v -0.669131 0.000000 0.743145
vn -0.669131 0.000000 0.743145
v -0.665465 -0.069943 0.743145
vn -0.665465 -0.069943 0.743145
v -0.654508 -0.139120 0.743145
vn -0.654508 -0.139120 0.743145
v -0.636381 -0.206773 0.743145
vn -0.636381 -0.206773 0.743145
v -0.611281 -0.272160 0.743145
vn -0.611281 -0.272160 0.743145
v -0.579484 -0.334565 0.743145
vn -0.579484 -0.334565 0.743145
v -0.541338 -0.393305 0.743145
vn -0.541338 -0.393305 0.743145
v -0.497261 -0.447736 0.743145
vn -0.497261 -0.447736 0.743145
v -0.447736 -0.497261 0.743145
vn -0.447736 -0.497261 0.743145
v -0.393305 -0.541338 0.743145
vn -0.393305 -0.541338 0.743145
v -0.334565 -0.579484 0.743145
vn -0.334565 -0.579484 0.743145
v -0.272160 -0.611281 0.743145
vn -0.272160 -0.611281 0.743145
v -0.206773 -0.636381 0.743145
vn -0.206773 -0.636381 0.743145
v -0.139120 -0.654508 0.743145
vn -0.139120 -0.654508 0.743145
v -0.069943 -0.665465 0.743145
vn -0.069943 -0.665465 0.743145
v -0.000000 -0.669131 0.743145
vn -0.000000 -0.669131 0.743145
v 0.069943 -0.665465 0.743145
vn 0.069943 -0.665465 0.743145
v 0.139120 -0.654508 0.743145
vn 0.139120 -0.654508 0.743145
v 0.206773 -0.636381 0.743145
vn 0.206773 -0.636381 0.743145
v 0.272160 -0.611281 0.743145
vn 0.272160 -0.611281 0.743145
v 0.334565 -0.579484 0.743145
vn 0.334565 -0.579484 0.743145
v 0.393305 -0.541338 0.743145
vn 0.393305 -0.541338 0.743145
v 0.447736 -0.497261 0.743145
vn 0.447736 -0.497261 0.743145
v 0.497261 -0.447736 0.743145
vn 0.497261 -0.447736 0.743145
v 0.541338 -0.393305 0.743145
vn 0.541338 -0.393305 0.743145
v 0.579484 -0.334565 0.743145
vn 0.579484 -0.334565 0.743145
v 0.611281 -0.272160 0.743145
vn 0.611281 -0.272160 0.743145
v 0.636381 -0.206773 0.743145
vn 0.636381 -0.206773 0.743145
v 0.654508 -0.139120 0.743145
vn 0.654508 -0.139120 0.743145
v 0.665465 -0.069943 0.743145
vn 0.665465 -0.069943 0.743145
v 0.707107 0.000000 0.707107
vn 0.707107 0.000000 0.707107
v 0.703233 0.073913 0.707107
vn 0.703233 0.073913 0.707107
v 0.691655 0.147016 0.707107
vn 0.691655 0.147016 0.707107
v 0.672499 0.218508 0.707107
vn 0.672499 0.218508 0.707107
v 0.645974 0.287606 0.707107
vn 0.645974 0.287606 0.707107
v 0.612372 0.353553 0.707107
vn 0.612372 0.353553 0.707107
v 0.572061 0.415627 0.707107
vn 0.572061 0.415627 0.707107
v 0.525483 0.473147 0.707107
vn 0.525483 0.473147 0.707107
v 0.473147 0.525483 0.707107
vn 0.473147 0.525483 0.707107
v 0.415627 0.572061 0.707107
vn 0.415627 0.572061 0.707107
v 0.353553 0.612372 0.707107
vn 0.353553 0.612372 0.707107
v 0.287606 0.645974 0.707107
vn 0.287606 0.645974 0.707107
v 0.218508 0.672499 0.707107
vn 0.218508 0.672499 0.707107
v 0.147016 0.691655 0.707107
vn 0.147016 0.691655 0.707107
v 0.073913 0.703233 0.707107
vn 0.073913 0.703233 0.707107
v 0.000000 0.707107 0.707107
vn 0.000000 0.707107 0.707107
v -0.073913 0.703233 0.707107
vn -0.073913 0.703233 0.707107
v -0.147016 0.691655 0.707107
vn -0.147016 0.691655 0.707107
v -0.218508 0.672499 0.707107
vn -0.218508 0.672499 0.707107
v -0.287606 0.645974 0.707107
vn -0.287606 0.645974 0.707107
v -0.353553 0.612372 0.707107
vn -0.353553 0.612372 0.707107
v -0.415627 0.572061 0.707107
vn -0.415627 0.572061 0.707107
v -0.473147 0.525483 0.707107
vn -0.473147 0.525483 0.707107
v -0.525483 0.473147 0.707107
vn -0.525483 0.473147 0.707107
v -0.572061 0.415627 0.707107
vn -0.572061 0.415627 0.707107
v -0.612372 0.353553 0.707107
vn -0.612372 0.353553 0.707107
v -0.645974 0.287606 0.707107
vn -0.645974 0.287606 0.707107
v -0.672499 0.218508 0.707107
vn -0.672499 0.218508 0.707107
v -0.691655 0.147016 0.707107
vn -0.691655 0.147016 0.707107
v -0.703233 0.073913 0.707107
vn -0.703233 0.073913 0.707107
v -0.707107 0.000000 0.707107
vn -0.707107 0.000000 0.707107
v -0.703233 -0.073913 0.707107
vn -0.703233 -0.073913 0.707107
v -0.691655 -0.147016 0.707107
vn -0.691655 -0.147016 0.707107
v -0.672499 -0.218508 0.707107
vn -0.672499 -0.218508 0.707107
v -0.645974 -0.287606 0.707107
vn -0.645974 -0.287606 0.707107
v -0.612372 -0.353553 0.707107
vn -0.612372 -0.353553 0.707107
v -0.572061 -0.415627 0.707107
vn -0.572061 -0.415627 0.707107
v -0.525483 -0.473147 0.707107
vn -0.525483 -0.473147 0.707107
v -0.473147 -0.525483 0.707107
vn -0.473147 -0.525483 0.707107
v -0.415627 -0.572061 0.707107
vn -0.415627 -0.572061 0.707107
v -0.353553 -0.612372 0.707107
vn -0.353553 -0.612372 0.707107
v -0.287606 -0.645974 0.707107
vn -0.287606 -0.645974 0.707107
v -0.218508 -0.672499 0.707107
vn -0.218508 -0.672499 0.707107
v -0.147016 -0.691655 0.707107
vn -0.147016 -0.691655 0.707107
v -0.073913 -0.703233 0.707107
vn -0.073913 -0.703233 0.707107
v -0.000000 -0.707107 0.707107
vn -0.000000 -0.707107 0.707107
v 0.073913 -0.703233 0.707107
vn 0.073913 -0.703233 0.707107
v 0.147016 -0.691655 0.707107
vn 0.147016 -0.691655 0.707107
v 0.218508 -0.672499 0.707107
vn 0.218508 -0.672499 0.707107
v 0.287606 -0.645974 0.707107
vn 0.287606 -0.645974 0.707107
v 0.353553 -0.612372 0.707107
vn 0.353553 -0.612372 0.707107
v 0.415627 -0.572061 0.707107
vn 0.415627 -0.572061 0.707107
v 0.473147 -0.525483 0.707107
vn 0.473147 -0.525483 0.707107
v 0.525483 -0.473147 0.707107
vn 0.525483 -0.473147 0.707107
v 0.572061 -0.415627 0.707107
vn 0.572061 -0.415627 0.707107
v 0.612372 -0.353553 0.707107
vn 0.612372 -0.353553 0.707107
v 0.645974 -0.287606 0.707107
vn 0.645974 -0.287606 0.707107
v 0.672499 -0.218508 0.707107
vn 0.672499 -0.218508 0.707107
v 0.691655 -0.147016 0.707107
vn 0.691655 -0.147016 0.707107
v 0.703233 -0.073913 0.707107
vn 0.703233 -0.073913 0.707107
v 0.743145 0.000000 0.669131
vn 0.743145 0.000000 0.669131
v 0.739074 0.077680 0.669131
vn 0.739074 0.077680 0.669131
v 0.726905 0.154508 0.669131
vn 0.726905 0.154508 0.669131
v 0.706773 0.229644 0.669131
vn 0.706773 0.229644 0.669131
v 0.678897 0.302264 0.669131
vn 0.678897 0.302264 0.669131
v 0.643582 0.371572 0.669131
vn 0.643582 0.371572 0.669131
v 0.601217 0.436810 0.669131
vn 0.601217 0.436810 0.669131
v 0.552264 0.497261 0.669131
vn 0.552264 0.497261 0.669131
v 0.497261 0.552264 0.669131
vn 0.497261 0.552264 0.669131
v 0.436810 0.601217 0.669131
vn 0.436810 0.601217 0.669131
v 0.371572 0.643582 0.669131
vn 0.371572 0.643582 0.669131
v 0.302264 0.678897 0.669131
vn 0.302264 0.678897 0.669131
v 0.229644 0.706773 0.669131
vn 0.229644 0.706773 0.669131
v 0.154508 0.726905 0.669131
vn 0.154508 0.726905 0.669131
v 0.077680 0.739074 0.669131
vn 0.077680 0.739074 0.669131
v 0.000000 0.743145 0.669131
vn 0.000000 0.743145 0.669131
v -0.077680 0.739074 0.669131
vn -0.077680 0.739074 0.669131
v -0.154508 0.726905 0.669131
vn -0.154508 0.726905 0.669131
v -0.229644 0.706773 0.669131
vn -0.229644 0.706773 0.669131
v -0.302264 0.678897 0.669131
vn -0.302264 0.678897 0.669131
v -0.371572 0.643582 0.669131
vn -0.371572 0.643582 0.669131
v -0.436810 0.601217 0.669131
vn -0.436810 0.601217 0.669131
v -0.497261 0.552264 0.669131
vn -0.497261 0.552264 0.669131
v -0.552264 0.497261 0.669131
vn -0.552264 0.497261 0.669131
v -0.601217 0.436810 0.669131
vn -0.601217 0.436810 0.669131
v -0.643582 0.371572 0.669131
vn -0.643582 0.371572 0.669131
v -0.678897 0.302264 0.669131
vn -0.678897 0.302264 0.669131
v -0.706773 0.229644 0.669131
vn -0.706773 0.229644 0.669131
v -0.726905 0.154508 0.669131
vn -0.726905 0.154508 0.669131
v -0.739074 0.077680 0.669131
vn -0.739074 0.077680 0.669131
v -0.743145 0.000000 0.669131
vn -0.743145 0.000000 0.669131
v -0.739074 -0.077680 0.669131
vn -0.739074 -0.077680 0.669131
v -0.726905 -0.154508 0.669131
vn -0.726905 -0.154508 0.669131
v -0.706773 -0.229644 0.669131
vn -0.706773 -0.229644 0.669131
v -0.678897 -0.302264 0.669131
vn -0.678897 -0.302264 0.669131
v -0.643582 -0.371572 0.669131
vn -0.643582 -0.371572 0.669131
v -0.601217 -0.436810 0.669131
vn -0.601217 -0.436810 0.669131
v -0.552264 -0.497261 0.669131
vn -0.552264 -0.497261 0.669131
v -0.497261 -0.552264 0.669131
vn -0.497261 -0.552264 0.669131
v -0.436810 -0.601217 0.669131
vn -0.436810 -0.601217 0.669131
v -0.371572 -0.643582 0.669131
vn -0.371572 -0.643582 0.669131
v -0.302264 -0.678897 0.669131
vn -0.302264 -0.678897 0.669131
v -0.229644 -0.706773 0.669131
vn -0.229644 -0.706773 0.669131
v -0.154508 -0.726905 0.669131
vn -0.154508 -0.726905 0.669131
v -0.077680 -0.739074 0.669131
vn -0.077680 -0.739074 0.669131
v -0.000000 -0.743145 0.669131
vn -0.000000 -0.743145 0.669131
v 0.077680 -0.739074 0.669131
vn 0.077680 -0.739074 0.669131
v 0.154508 -0.726905 0.669131
vn 0.154508 -0.726905 0.669131
v 0.229644 -0.706773 0.669131
vn 0.229644 -0.706773 0.669131
v 0.302264 -0.678897 0.669131
vn 0.302264 -0.678897 0.669131
v 0.371572 -0.643582 0.669131
vn 0.371572 -0.643582 0.669131
v 0.436810 -0.601217 0.669131
vn 0.436810 -0.601217 0.669131
v 0.497261 -0.552264 0.669131
vn 0.497261 -0.552264 0.669131
v 0.552264 -0.497261 0.669131
vn 0.552264 -0.497261 0.669131
v 0.601217 -0.436810 0.669131
vn 0.601217 -0.436810 0.669131
v 0.643582 -0.371572 0.669131
vn 0.643582 -0.371572 0.669131
v 0.678897 -0.302264 0.669131
vn 0.678897 -0.302264 0.669131
v 0.706773 -0.229644 0.669131
vn 0.706773 -0.229644 0.669131
v 0.726905 -0.154508 0.669131
vn 0.726905 -0.154508 0.669131
v 0.739074 -0.077680 0.669131
vn 0.739074 -0.077680 0.669131
v 0.777146 0.000000 0.629320
vn 0.777146 0.000000 0.629320
v 0.772889 0.081234 0.629320
vn 0.772889 0.081234 0.629320
v 0.760163 0.161578 0.629320
vn 0.760163 0.161578 0.629320
v 0.739110 0.240151 0.629320
vn 0.739110 0.240151 0.629320
v 0.709958 0.316094 0.629320
vn 0.709958 0.316094 0.629320
v 0.673028 0.388573 0.629320
vn 0.673028 0.388573 0.629320
v 0.628724 0.456795 0.629320
vn 0.628724 0.456795 0.629320
v 0.577532 0.520012 0.629320
vn 0.577532 0.520012 0.629320
v 0.520012 0.577532 0.629320
vn 0.520012 0.577532 0.629320
v 0.456795 0.628724 0.629320
vn 0.456795 0.628724 0.629320
v 0.388573 0.673028 0.629320
vn 0.388573 0.673028 0.629320
v 0.316094 0.709958 0.629320
vn 0.316094 0.709958 0.629320
v 0.240151 0.739110 0.629320
vn 0.240151 0.739110 0.629320
v 0.161578 0.760163 0.629320
vn 0.161578 0.760163 0.629320
v 0.081234 0.772889 0.629320
vn 0.081234 0.772889 0.629320
v 0.000000 0.777146 0.629320
vn 0.000000 0.777146 0.629320
v -0.081234 0.772889 0.629320
vn -0.081234 0.772889 0.629320
v -0.161578 0.760163 0.629320
vn -0.161578 0.760163 0.629320
v -0.240151 0.739110 0.629320
vn -0.240151 0.739110 0.629320
v -0.316094 0.709958 0.629320
vn -0.316094 0.709958 0.629320
v -0.388573 0.673028 0.629320
vn -0.388573 0.673028 0.629320
v -0.456795 0.628724 0.629320
vn -0.456795 0.628724 0.629320
v -0.520012 0.577532 0.629320
vn -0.520012 0.577532 0.629320
v -0.577532 0.520012 0.629320
vn -0.577532 0.520012 0.629320
v -0.628724 0.456795 0.629320
vn -0.628724 0.456795 0.629320
v -0.673028 0.388573 0.629320
vn -0.673028 0.388573 0.629320
v -0.709958 0.316094 0.629320
vn -0.709958 0.316094 0.629320
v -0.739110 0.240151 0.629320
vn -0.739110 0.240151 0.629320
v -0.760163 0.161578 0.629320
vn -0.760163 0.161578 0.629320
v -0.772889 0.081234 0.629320
vn -0.772889 0.081234 0.629320
v -0.777146 0.000000 0.629320
vn -0.777146 0.000000 0.629320
v -0.772889 -0.081234 0.629320
vn -0.772889 -0.081234 0.629320
v -0.760163 -0.161578 0.629320
vn -0.760163 -0.161578 0.629320
v -0.739110 -0.240151 0.629320
vn -0.739110 -0.240151 0.629320
v -0.709958 -0.316094 0.629320
vn -0.709958 -0.316094 0.629320
v -0.673028 -0.388573 0.629320
vn -0.673028 -0.388573 0.629320
v -0.628724 -0.456795 0.629320
vn -0.628724 -0.456795 0.629320
v -0.577532 -0.520012 0.629320
vn -0.577532 -0.520012 0.629320
v -0.520012 -0.577532 0.629320
vn -0.520012 -0.577532 0.629320
v -0.456795 -0.628724 0.629320
vn -0.456795 -0.628724 0.629320
v -0.388573 -0.673028 0.629320
vn -0.388573 -0.673028 0.629320
v -0.316094 -0.709958 0.629320
vn -0.316094 -0.709958 0.629320
v -0.240151 -0.739110 0.629320
vn -0.240151 -0.739110 0.629320
v -0.161578 -0.760163 0.629320
vn -0.161578 -0.760163 0.629320
v -0.081234 -0.772889 0.629320
vn -0.081234 -0.772889 0.629320
v -0.000000 -0.777146 0.629320
vn -0.000000 -0.777146 0.629320
v 0.081234 -0.772889 0.629320
vn 0.081234 -0.772889 0.629320
v 0.161578 -0.760163 0.629320
vn 0.161578 -0.760163 0.629320
v 0.240151 -0.739110 0.629320
vn 0.240151 -0.739110 0.629320
v 0.316094 -0.709958 0.629320
vn 0.316094 -0.709958 0.629320
v 0.388573 -0.673028 0.629320
vn 0.388573 -0.673028 0.629320
v 0.456795 -0.628724 0.629320
vn 0.456795 -0.628724 0.629320
v 0.520012 -0.577532 0.629320
vn 0.520012 -0.577532 0.629320
v 0.577532 -0.520012 0.629320
vn 0.577532 -0.520012 0.629320
v 0.628724 -0.456795 0.629320
vn 0.628724 -0.456795 0.629320
v 0.673028 -0.388573 0.629320
vn 0.673028 -0.388573 0.629320
v 0.709958 -0.316094 0.629320
vn 0.709958 -0.316094 0.629320
v 0.739110 -0.240151 0.629320
vn 0.739110 -0.240151 0.629320
v 0.760163 -0.161578 0.629320
vn 0.760163 -0.161578 0.629320
v 0.772889 -0.081234 0.629320
vn 0.772889 -0.081234 0.629320
v 0.809017 0.000000 0.587785
vn 0.809017 0.000000 0.587785
v 0.804585 0.084565 0.587785
vn 0.804585 0.084565 0.587785
v 0.791338 0.168204 0.587785
vn 0.791338 0.168204 0.587785
v 0.769421 0.250000 0.587785
vn 0.769421 0.250000 0.587785
v 0.739074 0.329057 0.587785
vn 0.739074 0.329057 0.587785
v 0.700629 0.404508 0.587785
vn 0.700629 0.404508 0.587785
v 0.654508 0.475528 0.587785
vn 0.654508 0.475528 0.587785
v 0.601217 0.541338 0.587785
vn 0.601217 0.541338 0.587785
v 0.541338 0.601217 0.587785
vn 0.541338 0.601217 0.587785
v 0.475528 0.654508 0.587785
vn 0.475528 0.654508 0.587785
v 0.404508 0.700629 0.587785
vn 0.404508 0.700629 0.587785
v 0.329057 0.739074 0.587785
vn 0.329057 0.739074 0.587785
v 0.250000 0.769421 0.587785
vn 0.250000 0.769421 0.587785
v 0.168204 0.791338 0.587785
vn 0.168204 0.791338 0.587785
v 0.084565 0.804585 0.587785
vn 0.084565 0.804585 0.587785
v 0.000000 0.809017 0.587785
vn 0.000000 0.809017 0.587785
v -0.084565 0.804585 0.587785
vn -0.084565 0.804585 0.587785
v -0.168204 0.791338 0.587785
vn -0.168204 0.791338 0.587785
v -0.250000 0.769421 0.587785
vn -0.250000 0.769421 0.587785
v -0.329057 0.739074 0.587785
vn -0.329057 0.739074 0.587785
v -0.404508 0.700629 0.587785
vn -0.404508 0.700629 0.587785
v -0.475528 0.654508 0.587785
vn -0.475528 0.654508 0.587785
v -0.541338 0.601217 0.587785
vn -0.541338 0.601217 0.587785
v -0.601217 0.541338 0.587785
vn -0.601217 0.541338 0.587785
v -0.654508 0.475528 0.587785
vn -0.654508 0.475528 0.587785
v -0.700629 0.404508 0.587785
vn -0.700629 0.404508 0.587785
v -0.739074 0.329057 0.587785
vn -0.739074 0.329057 0.587785
v -0.769421 0.250000 0.587785
vn -0.769421 0.250000 0.587785
v -0.791338 0.168204 0.587785
vn -0.791338 0.168204 0.587785
v -0.804585 0.084565 0.587785
vn -0.804585 0.084565 0.587785
v -0.809017 0.000000 0.587785
vn -0.809017 0.000000 0.587785
v -0.804585 -0.084565 0.587785
vn -0.804585 -0.084565 0.587785
v -0.791338 -0.168204 0.587785
vn -0.791338 -0.168204 0.587785
v -0.769421 -0.250000 0.587785
vn -0.769421 -0.250000 0.587785
v -0.739074 -0.329057 0.587785
vn -0.739074 -0.329057 0.587785
v -0.700629 -0.404508 0.587785
vn -0.700629 -0.404508 0.587785
v -0.654508 -0.475528 0.587785
vn -0.654508 -0.475528 0.587785
v -0.601217 -0.541338 0.587785
vn -0.601217 -0.541338 0.587785
v -0.541338 -0.601217 0.587785
vn -0.541338 -0.601217 0.587785
v -0.475528 -0.654508 0.587785
vn -0.475528 -0.654508 0.587785
v -0.404508 -0.700629 0.587785
vn -0.404508 -0.700629 0.587785
v -0.329057 -0.739074 0.587785
vn -0.329057 -0.739074 0.587785
v -0.250000 -0.769421 0.587785
vn -0.250000 -0.769421 0.587785
v -0.168204 -0.791338 0.587785
vn -0.168204 -0.791338 0.587785
v -0.084565 -0.804585 0.587785
vn -0.084565 -0.804585 0.587785
v -0.000000 -0.809017 0.587785
vn -0.000000 -0.809017 0.587785
v 0.084565 -0.804585 0.587785
vn 0.084565 -0.804585 0.587785
v 0.168204 -0.791338 0.587785
vn 0.168204 -0.791338 0.587785
v 0.250000 -0.769421 0.587785
vn 0.250000 -0.769421 0.587785
v 0.329057 -0.739074 0.587785
vn 0.329057 -0.739074 0.587785
v 0.404508 -0.700629 0.587785
vn 0.404508 -0.700629 0.587785
v 0.475528 -0.654508 0.587785
vn 0.475528 -0.654508 0.587785
v 0.541338 -0.601217 0.587785
vn 0.541338 -0.601217 0.587785
v 0.601217 -0.541338 0.587785
vn 0.601217 -0.541338 0.587785
v 0.654508 -0.475528 0.587785
vn 0.654508 -0.475528 0.587785
v 0.700629 -0.404508 0.587785
vn 0.700629 -0.404508 0.587785
v 0.739074 -0.329057 0.587785
vn 0.739074 -0.329057 0.587785
v 0.769421 -0.250000 0.587785
vn 0.769421 -0.250000 0.587785
v 0.791338 -0.168204 0.587785
vn 0.791338 -0.168204 0.587785
v 0.804585 -0.084565 0.587785
vn 0.804585 -0.084565 0.587785
v 0.838671 0.000000 0.544639
vn 0.838671 0.000000 0.544639
v 0.834076 0.087665 0.544639
vn 0.834076 0.087665 0.544639
v 0.820344 0.174369 0.544639
vn 0.820344 0.174369 0.544639
v 0.797623 0.259163 0.544639
vn 0.797623 0.259163 0.544639
v 0.766164 0.341118 0.544639
vn 0.766164 0.341118 0.544639
v 0.726310 0.419335 0.544639
vn 0.726310 0.419335 0.544639
v 0.678499 0.492958 0.544639
vn 0.678499 0.492958 0.544639
v 0.623254 0.561180 0.544639
vn 0.623254 0.561180 0.544639
v 0.561180 0.623254 0.544639
vn 0.561180 0.623254 0.544639
v 0.492958 0.678499 0.544639
vn 0.492958 0.678499 0.544639
v 0.419335 0.726310 0.544639
vn 0.419335 0.726310 0.544639
v 0.341118 0.766164 0.544639
vn 0.341118 0.766164 0.544639
v 0.259163 0.797623 0.544639
vn 0.259163 0.797623 0.544639
v 0.174369 0.820344 0.544639
vn 0.174369 0.820344 0.544639
v 0.087665 0.834076 0.544639
vn 0.087665 0.834076 0.544639
v 0.000000 0.838671 0.544639
vn 0.000000 0.838671 0.544639
v -0.087665 0.834076 0.544639
vn -0.087665 0.834076 0.544639
v -0.174369 0.820344 0.544639
vn -0.174369 0.820344 0.544639
v -0.259163 0.797623 0.544639
vn -0.259163 0.797623 0.544639
v -0.341118 0.766164 0.544639
vn -0.341118 0.766164 0.544639
v -0.419335 0.726310 0.544639
vn -0.419335 0.726310 0.544639
v -0.492958 0.678499 0.544639
vn -0.492958 0.678499 0.544639
v -0.561180 0.623254 0.544639
vn -0.561180 0.623254 0.544639
v -0.623254 0.561180 0.544639
vn -0.623254 0.561180 0.544639
v -0.678499 0.492958 0.544639
vn -0.678499 0.492958 0.544639
v -0.726310 0.419335 0.544639
vn -0.726310 0.419335 0.544639
v -0.766164 0.341118 0.544639
vn -0.766164 0.341118 0.544639
v -0.797623 0.259163 0.544639
vn -0.797623 0.259163 0.544639
v -0.820344 0.174369 0.544639
vn -0.820344 0.174369 0.544639
v -0.834076 0.087665 0.544639
vn -0.834076 0.087665 0.544639
v -0.838671 0.000000 0.544639
vn -0.838671 0.000000 0.544639
v -0.834076 -0.087665 0.544639
vn -0.834076 -0.087665 0.544639
v -0.820344 -0.174369 0.544639
vn -0.820344 -0.174369 0.544639
v -0.797623 -0.259163 0.544639
vn -0.797623 -0.259163 0.544639
v -0.766164 -0.341118 0.544639
vn -0.766164 -0.341118 0.544639
v -0.726310 -0.419335 0.544639
vn -0.726310 -0.419335 0.544639
v -0.678499 -0.492958 0.544639
vn -0.678499 -0.492958 0.544639
v -0.623254 -0.561180 0.544639
vn -0.623254 -0.561180 0.544639
v -0.561180 -0.623254 0.544639
vn -0.561180 -0.623254 0.544639
v -0.492958 -0.678499 0.544639
vn -0.492958 -0.678499 0.544639
v -0.419335 -0.726310 0.544639
vn -0.419335 -0.726310 0.544639
v -0.341118 -0.766164 0.544639
vn -0.341118 -0.766164 0.544639
v -0.259163 -0.797623 0.544639
vn -0.259163 -0.797623 0.544639
v -0.174369 -0.820344 0.544639
vn -0.174369 -0.820344 0.544639
v -0.087665 -0.834076 0.544639
vn -0.087665 -0.834076 0.544639
v -0.000000 -0.838671 0.544639
vn -0.000000 -0.838671 0.544639
v 0.087665 -0.834076 0.544639
vn 0.087665 -0.834076 0.544639
v 0.174369 -0.820344 0.544639
vn 0.174369 -0.820344 0.544639
v 0.259163 -0.797623 0.544639
vn 0.259163 -0.797623 0.544639
v 0.341118 -0.766164 0.544639
vn 0.341118 -0.766164 0.544639
v 0.419335 -0.726310 0.544639
vn 0.419335 -0.726310 0.544639
v 0.492958 -0.678499 0.544639
vn 0.492958 -0.678499 0.544639
v 0.561180 -0.623254 0.544639
vn 0.561180 -0.623254 0.544639
v 0.623254 -0.561180 0.544639
vn 0.623254 -0.561180 0.544639
v 0.678499 -0.492958 0.544639
vn 0.678499 -0.492958 0.544639
v 0.726310 -0.419335 0.544639
vn 0.726310 -0.419335 0.544639
v 0.766164 -0.341118 0.544639
vn 0.766164 -0.341118 0.544639
v 0.797623 -0.259163 0.544639
vn 0.797623 -0.259163 0.544639
v 0.820344 -0.174369 0.544639
vn 0.820344 -0.174369 0.544639
v 0.834076 -0.087665 0.544639
vn 0.834076 -0.087665 0.544639
v 0.866025 0.000000 0.500000
vn 0.866025 0.000000 0.500000
v 0.861281 0.090524 0.500000
vn 0.861281 0.090524 0.500000
v 0.847101 0.180057 0.500000
vn 0.847101 0.180057 0.500000
v 0.823639 0.267617 0.500000
vn 0.823639 0.267617 0.500000
v 0.791154 0.352244 0.500000
vn 0.791154 0.352244 0.500000
v 0.750000 0.433013 0.500000
vn 0.750000 0.433013 0.500000
v 0.700629 0.509037 0.500000
vn 0.700629 0.509037 0.500000
v 0.643582 0.579484 0.500000
vn 0.643582 0.579484 0.500000
v 0.579484 0.643582 0.500000
vn 0.579484 0.643582 0.500000
v 0.509037 0.700629 0.500000
vn 0.509037 0.700629 0.500000
v 0.433013 0.750000 0.500000
vn 0.433013 0.750000 0.500000
v 0.352244 0.791154 0.500000
vn 0.352244 0.791154 0.500000
v 0.267617 0.823639 0.500000
vn 0.267617 0.823639 0.500000
v 0.180057 0.847101 0.500000
vn 0.180057 0.847101 0.500000
v 0.090524 0.861281 0.500000
vn 0.090524 0.861281 0.500000
v 0.000000 0.866025 0.500000
vn 0.000000 0.866025 0.500000
v -0.090524 0.861281 0.500000
vn -0.090524 0.861281 0.500000
v -0.180057 0.847101 0.500000
vn -0.180057 0.847101 0.500000
v -0.267617 0.823639 0.500000
vn -0.267617 0.823639 0.500000
v -0.352244 0.791154 0.500000
vn -0.352244 0.791154 0.500000
v -0.433013 0.750000 0.500000
vn -0.433013 0.750000 0.500000
v -0.509037 0.700629 0.500000
vn -0.509037 0.700629 0.500000
v -0.579484 0.643582 0.500000
vn -0.579484 0.643582 0.500000
v -0.643582 0.579484 0.500000
vn -0.643582 0.579484 0.500000
v -0.700629 0.509037 0.500000
vn -0.700629 0.509037 0.500000
v -0.750000 0.433013 0.500000
vn -0.750000 0.433013 0.500000
v -0.791154 0.352244 0.500000
vn -0.791154 0.352244 0.500000
v -0.823639 0.267617 0.500000
vn -0.823639 0.267617 0.500000
v -0.847101 0.180057 0.500000
vn -0.847101 0.180057 0.500000
v -0.861281 0.090524 0.500000
vn -0.861281 0.090524 0.500000
v -0.866025 0.000000 0.500000
vn -0.866025 0.000000 0.500000
v -0.861281 -0.090524 0.500000
vn -0.861281 -0.090524 0.500000
v -0.847101 -0.180057 0.500000
vn -0.847101 -0.180057 0.500000
v -0.823639 -0.267617 0.500000
vn -0.823639 -0.267617 0.500000
v -0.791154 -0.352244 0.500000
vn -0.791154 -0.352244 0.500000
v -0.750000 -0.433013 0.500000
vn -0.750000 -0.433013 0.500000
v -0.700629 -0.509037 0.500000
vn -0.700629 -0.509037 0.500000
v -0.643582 -0.579484 0.500000
vn -0.643582 -0.579484 0.500000
v -0.579484 -0.643582 0.500000
vn -0.579484 -0.643582 0.500000
v -0.509037 -0.700629 0.500000
vn -0.509037 -0.700629 0.500000
v -0.433013 -0.750000 0.500000
vn -0.433013 -0.750000 0.500000
v -0.352244 -0.791154 0.500000
vn -0.352244 -0.791154 0.500000
v -0.267617 -0.823639 0.500000
vn -0.267617 -0.823639 0.500000
v -0.180057 -0.847101 0.500000
vn -0.180057 -0.847101 0.500000
v -0.090524 -0.861281 0.500000
vn -0.090524 -0.861281 0.500000
v -0.000000 -0.866025 0.500000
vn -0.000000 -0.866025 0.500000
v 0.090524 -0.861281 0.500000
vn 0.090524 -0.861281 0.500000
v 0.180057 -0.847101 0.500000
vn 0.180057 -0.847101 0.500000
v 0.267617 -0.823639 0.500000
vn 0.267617 -0.823639 0.500000
v 0.352244 -0.791154 0.500000
vn 0.352244 -0.791154 0.500000
v 0.433013 -0.750000 0.500000
vn 0.433013 -0.750000 0.500000
v 0.509037 -0.700629 0.500000
vn 0.509037 -0.700629 0.500000
v 0.579484 -0.643582 0.500000
vn 0.579484 -0.643582 0.500000
v 0.643582 -0.579484 0.500000
vn 0.643582 -0.579484 0.500000
v 0.700629 -0.509037 0.500000
vn 0.700629 -0.509037 0.500000
v 0.750000 -0.433013 0.500000
vn 0.750000 -0.433013 0.500000
v 0.791154 -0.352244 0.500000
vn 0.791154 -0.352244 0.500000
v 0.823639 -0.267617 0.500000
vn 0.823639 -0.267617 0.500000
v 0.847101 -0.180057 0.500000
vn 0.847101 -0.180057 0.500000
v 0.861281 -0.090524 0.500000
vn 0.861281 -0.090524 0.500000
v 0.891007 0.000000 0.453990
vn 0.891007 0.000000 0.453990
v 0.886125 0.093136 0.453990
vn 0.886125 0.093136 0.453990
v 0.871536 0.185251 0.453990
vn 0.871536 0.185251 0.453990
v 0.847398 0.275336 0.453990
vn 0.847398 0.275336 0.453990
v 0.813975 0.362405 0.453990
vn 0.813975 0.362405 0.453990
v 0.771634 0.445503 0.453990
vn 0.771634 0.445503 0.453990
v 0.720839 0.523720 0.453990
vn 0.720839 0.523720 0.453990
v 0.662147 0.596200 0.453990
vn 0.662147 0.596200 0.453990
v 0.596200 0.662147 0.453990
vn 0.596200 0.662147 0.453990
v 0.523720 0.720839 0.453990
vn 0.523720 0.720839 0.453990
v 0.445503 0.771634 0.453990
vn 0.445503 0.771634 0.453990
v 0.362405 0.813975 0.453990
vn 0.362405 0.813975 0.453990
v 0.275336 0.847398 0.453990
vn 0.275336 0.847398 0.453990
v 0.185251 0.871536 0.453990
vn 0.185251 0.871536 0.453990
v 0.093136 0.886125 0.453990
vn 0.093136 0.886125 0.453990
v 0.000000 0.891007 0.453990
vn 0.000000 0.891007 0.453990
v -0.093136 0.886125 0.453990
vn -0.093136 0.886125 0.453990
v -0.185251 0.871536 0.453990
vn -0.185251 0.871536 0.453990
v -0.275336 0.847398 0.453990
vn -0.275336 0.847398 0.453990
v -0.362405 0.813975 0.453990
vn -0.362405 0.813975 0.453990
v -0.445503 0.771634 0.453990
vn -0.445503 0.771634 0.453990
v -0.523720 0.720839 0.453990
vn -0.523720 0.720839 0.453990
v -0.596200 0.662147 0.453990
vn -0.596200 0.662147 0.453990
v -0.662147 0.596200 0.453990
vn -0.662147 0.596200 0.453990
v -0.720839 0.523720 0.453990
vn -0.720839 0.523720 0.453990
v -0.771634 0.445503 0.453990
vn -0.771634 0.445503 0.453990
v -0.813975 0.362405 0.453990
vn -0.813975 0.362405 0.453990
v -0.847398 0.275336 0.453990
vn -0.847398 0.275336 0.453990
v -0.871536 0.185251 0.453990
vn -0.871536 0.185251 0.453990
v -0.886125 0.093136 0.453990
vn -0.886125 0.093136 0.453990
v -0.891007 0.000000 0.453990
vn -0.891007 0.000000 0.453990
v -0.886125 -0.093136 0.453990
vn -0.886125 -0.093136 0.453990
v -0.871536 -0.185251 0.453990
vn -0.871536 -0.185251 0.453990
v -0.847398 -0.275336 0.453990
vn -0.847398 -0.275336 0.453990
v -0.813975 -0.362405 0.453990
vn -0.813975 -0.362405 0.453990
v -0.771634 -0.445503 0.453990
vn -0.771634 -0.445503 0.453990
v -0.720839 -0.523720 0.453990
vn -0.720839 -0.523720 0.453990
v -0.662147 -0.596200 0.453990
vn -0.662147 -0.596200 0.453990
v -0.596200 -0.662147 0.453990
vn -0.596200 -0.662147 0.453990
v -0.523720 -0.720839 0.453990
vn -0.523720 -0.720839 0.453990
v -0.445503 -0.771634 0.453990
vn -0.445503 -0.771634 0.453990
v -0.362405 -0.813975 0.453990
vn -0.362405 -0.813975 0.453990
v -0.275336 -0.847398 0.453990
vn -0.275336 -0.847398 0.453990
v -0.185251 -0.871536 0.453990
vn -0.185251 -0.871536 0.453990
v -0.093136 -0.886125 0.453990
vn -0.093136 -0.886125 0.453990
v -0.000000 -0.891007 0.453990
vn -0.000000 -0.891007 0.453990
v 0.093136 -0.886125 0.453990
vn 0.093136 -0.886125 0.453990
v 0.185251 -0.871536 0.453990
vn 0.185251 -0.871536 0.453990
v 0.275336 -0.847398 0.453990
vn 0.275336 -0.847398 0.453990
v 0.362405 -0.813975 0.453990
vn 0.362405 -0.813975 0.453990
v 0.445503 -0.771634 0.453990
vn 0.445503 -0.771634 0.453990
v 0.523720 -0.720839 0.453990
vn 0.523720 -0.720839 0.453990
v 0.596200 -0.662147 0.453990
vn 0.596200 -0.662147 0.453990
v 0.662147 -0.596200 0.453990
vn 0.662147 -0.596200 0.453990
v 0.720839 -0.523720 0.453990
vn 0.720839 -0.523720 0.453990
v 0.771634 -0.445503 0.453990
vn 0.771634 -0.445503 0.453990
v 0.813975 -0.362405 0.453990
vn 0.813975 -0.362405 0.453990
v 0.847398 -0.275336 0.453990
vn 0.847398 -0.275336 0.453990
v 0.871536 -0.185251 0.453990
vn 0.871536 -0.185251 0.453990
v 0.886125 -0.093136 0.453990
vn 0.886125 -0.093136 0.453990
v 0.913545 0.000000 0.406737
vn 0.913545 0.000000 0.406737
v 0.908541 0.095492 0.406737
vn 0.908541 0.095492 0.406737
v 0.893582 0.189937 0.406737
vn 0.893582 0.189937 0.406737
v 0.868833 0.282301 0.406737
vn 0.868833 0.282301 0.406737
v 0.834565 0.371572 0.406737
vn 0.834565 0.371572 0.406737
v 0.791154 0.456773 0.406737
vn 0.791154 0.456773 0.406737
v 0.739074 0.536969 0.406737
vn 0.739074 0.536969 0.406737
v 0.678897 0.611281 0.406737
vn 0.678897 0.611281 0.406737
v 0.611281 0.678897 0.406737
vn 0.611281 0.678897 0.406737
v 0.536969 0.739074 0.406737
vn 0.536969 0.739074 0.406737
v 0.456773 0.791154 0.406737
vn 0.456773 0.791154 0.406737
v 0.371572 0.834565 0.406737
vn 0.371572 0.834565 0.406737
v 0.282301 0.868833 0.406737
vn 0.282301 0.868833 0.406737
v 0.189937 0.893582 0.406737
vn 0.189937 0.893582 0.406737
v 0.095492 0.908541 0.406737
vn 0.095492 0.908541 0.406737
v 0.000000 0.913545 0.406737
vn 0.000000 0.913545 0.406737
v -0.095492 0.908541 0.406737
vn -0.095492 0.908541 0.406737
v -0.189937 0.893582 0.406737
vn -0.189937 0.893582 0.406737
v -0.282301 0.868833 0.406737
vn -0.282301 0.868833 0.406737
v -0.371572 0.834565 0.406737
vn -0.371572 0.834565 0.406737
v -0.456773 0.791154 0.406737
vn -0.456773 0.791154 0.406737
v -0.536969 0.739074 0.406737
vn -0.536969 0.739074 0.406737
v -0.611281 0.678897 0.406737
vn -0.611281 0.678897 0.406737
v -0.678897 0.611281 0.406737
vn -0.678897 0.611281 0.406737
v -0.739074 0.536969 0.406737
vn -0.739074 0.536969 0.406737
v -0.791154 0.456773 0.406737
vn -0.791154 0.456773 0.406737
v -0.834565 0.371572 0.406737
vn -0.834565 0.371572 0.406737
v -0.868833 0.282301 0.406737
vn -0.868833 0.282301 0.406737
v -0.893582 0.189937 0.406737
vn -0.893582 0.189937 0.406737
v -0.908541 0.095492 0.406737
vn -0.908541 0.095492 0.406737
v -0.913545 0.000000 0.406737
vn -0.913545 0.000000 0.406737
v -0.908541 -0.095492 0.406737
vn -0.908541 -0.095492 0.406737
v -0.893582 -0.189937 0.406737
vn -0.893582 -0.189937 0.406737
v -0.868833 -0.282301 0.406737
vn -0.868833 -0.282301 0.406737
v -0.834565 -0.371572 0.406737
vn -0.834565 -0.371572 0.406737
v -0.791154 -0.456773 0.406737
vn -0.791154 -0.456773 0.406737
v -0.739074 -0.536969 0.406737
vn -0.739074 -0.536969 0.406737
v -0.678897 -0.611281 0.406737
vn -0.678897 -0.611281 0.406737
v -0.611281 -0.678897 0.406737
vn -0.611281 -0.678897 0.406737
v -0.536969 -0.739074 0.406737
vn -0.536969 -0.739074 0.406737
v -0.456773 -0.791154 0.406737
vn -0.456773 -0.791154 0.406737
v -0.371572 -0.834565 0.406737
vn -0.371572 -0.834565 0.406737
v -0.282301 -0.868833 0.406737
vn -0.282301 -0.868833 0.406737
v -0.189937 -0.893582 0.406737
vn -0.189937 -0.893582 0.406737
v -0.095492 -0.908541 0.406737
vn -0.095492 -0.908541 0.406737
v -0.000000 -0.913545 0.406737
vn -0.000000 -0.913545 0.406737
v 0.095492 -0.908541 0.406737
vn 0.095492 -0.908541 0.406737
v 0.189937 -0.893582 0.406737
vn 0.189937 -0.893582 0.406737
v 0.282301 -0.868833 0.406737
vn 0.282301 -0.868833 0.406737
v 0.371572 -0.834565 0.406737
vn 0.371572 -0.834565 0.406737
v 0.456773 -0.791154 0.406737
vn 0.456773 -0.791154 0.406737
v 0.536969 -0.739074 0.406737
vn 0.536969 -0.739074 0.406737
v 0.611281 -0.678897 0.406737
vn 0.611281 -0.678897 0.406737
v 0.678897 -0.611281 0.406737
vn 0.678897 -0.611281 0.406737
v 0.739074 -0.536969 0.406737
vn 0.739074 -0.536969 0.406737
v 0.791154 -0.456773 0.406737
vn 0.791154 -0.456773 0.406737
v 0.834565 -0.371572 0.406737
vn 0.834565 -0.371572 0.406737
v 0.868833 -0.282301 0.406737
vn 0.868833 -0.282301 0.406737
v 0.893582 -0.189937 0.406737
vn 0.893582 -0.189937 0.406737
v 0.908541 -0.095492 0.406737
vn 0.908541 -0.095492 0.406737
v 0.933580 0.000000 0.358368
vn 0.933580 0.000000 0.358368
v 0.928466 0.097586 0.358368
vn 0.928466 0.097586 0.358368
v 0.913179 0.194102 0.358368
vn 0.913179 0.194102 0.358368
v 0.887888 0.288492 0.358368
vn 0.887888 0.288492 0.358368
v 0.852868 0.379721 0.358368
vn 0.852868 0.379721 0.358368
v 0.808504 0.466790 0.358368
vn 0.808504 0.466790 0.358368
v 0.755282 0.548745 0.358368
vn 0.755282 0.548745 0.358368
v 0.693785 0.624687 0.358368
vn 0.693785 0.624687 0.358368
v 0.624687 0.693785 0.358368
vn 0.624687 0.693785 0.358368
v 0.548745 0.755282 0.358368
vn 0.548745 0.755282 0.358368
v 0.466790 0.808504 0.358368
vn 0.466790 0.808504 0.358368
v 0.379721 0.852868 0.358368
vn 0.379721 0.852868 0.358368
v 0.288492 0.887888 0.358368
vn 0.288492 0.887888 0.358368
v 0.194102 0.913179 0.358368
vn 0.194102 0.913179 0.358368
v 0.097586 0.928466 0.358368
vn 0.097586 0.928466 0.358368
v 0.000000 0.933580 0.358368
vn 0.000000 0.933580 0.358368
v -0.097586 0.928466 0.358368
vn -0.097586 0.928466 0.358368
v -0.194102 0.913179 0.358368
vn -0.194102 0.913179 0.358368
v -0.288492 0.887888 0.358368
vn -0.288492 0.887888 0.358368
v -0.379721 0.852868 0.358368
vn -0.379721 0.852868 0.358368
v -0.466790 0.808504 0.358368
vn -0.466790 0.808504 0.358368
v -0.548745 0.755282 0.358368
vn -0.548745 0.755282 0.358368
v -0.624687 0.693785 0.358368
vn -0.624687 0.693785 0.358368
v -0.693785 0.624687 0.358368
vn -0.693785 0.624687 0.358368
v -0.755282 0.548745 0.358368
vn -0.755282 0.548745 0.358368
v -0.808504 0.466790 0.358368
vn -0.808504 0.466790 0.358368
v -0.852868 0.379721 0.358368
vn -0.852868 0.379721 0.358368
v -0.887888 0.288492 0.358368
vn -0.887888 0.288492 0.358368
v -0.913179 0.194102 0.358368
vn -0.913179 0.194102 0.358368
v -0.928466 0.097586 0.358368
vn -0.928466 0.097586 0.358368
v -0.933580 0.000000 0.358368
vn -0.933580 0.000000 0.358368
v -0.928466 -0.097586 0.358368
vn -0.928466 -0.097586 0.358368
v -0.913179 -0.194102 0.358368
vn -0.913179 -0.194102 0.358368
v -0.887888 -0.288492 0.358368
vn -0.887888 -0.288492 0.358368
v -0.852868 -0.379721 0.358368
vn -0.852868 -0.379721 0.358368
v -0.808504 -0.466790 0.358368
vn -0.808504 -0.466790 0.358368
v -0.755282 -0.548745 0.358368
vn -0.755282 -0.548745 0.358368
v -0.693785 -0.624687 0.358368
vn -0.693785 -0.624687 0.358368
v -0.624687 -0.693785 0.358368
vn -0.624687 -0.693785 0.358368
v -0.548745 -0.755282 0.358368
vn -0.548745 -0.755282 0.358368
v -0.466790 -0.808504 0.358368
vn -0.466790 -0.808504 0.358368
v -0.379721 -0.852868 0.358368
vn -0.379721 -0.852868 0.358368
v -0.288492 -0.887888 0.358368
vn -0.288492 -0.887888 0.358368
v -0.194102 -0.913179 0.358368
vn -0.194102 -0.913179 0.358368
v -0.097586 -0.928466 0.358368
vn -0.097586 -0.928466 0.358368
v -0.000000 -0.933580 0.358368
vn -0.000000 -0.933580 0.358368
v 0.097586 -0.928466 0.358368
vn 0.097586 -0.928466 0.358368
v 0.194102 -0.913179 0.358368
vn 0.194102 -0.913179 0.358368
v 0.288492 -0.887888 0.358368
vn 0.288492 -0.887888 0.358368
v 0.379721 -0.852868 0.358368
vn 0.379721 -0.852868 0.358368
v 0.466790 -0.808504 0.358368
vn 0.466790 -0.808504 0.358368
v 0.548745 -0.755282 0.358368
vn 0.548745 -0.755282 0.358368
v 0.624687 -0.693785 0.358368
vn 0.624687 -0.693785 0.358368
v 0.693785 -0.624687 0.358368
vn 0.693785 -0.624687 0.358368
v 0.755282 -0.548745 0.358368
vn 0.755282 -0.548745 0.358368
v 0.808504 -0.466790 0.358368
vn 0.808504 -0.466790 0.358368
v 0.852868 -0.379721 0.358368
vn 0.852868 -0.379721 0.358368
v 0.887888 -0.288492 0.358368
vn 0.887888 -0.288492 0.358368
v 0.913179 -0.194102 0.358368
vn 0.913179 -0.194102 0.358368
v 0.928466 -0.097586 0.358368
vn 0.928466 -0.097586 0.358368
v 0.951057 0.000000 0.309017
vn 0.951057 0.000000 0.309017
v 0.945847 0.099412 0.309017
vn 0.945847 0.099412 0.309017
v 0.930274 0.197736 0.309017
vn 0.930274 0.197736 0.309017
v 0.904508 0.293893 0.309017
vn 0.904508 0.293893 0.309017
v 0.868833 0.386830 0.309017
vn 0.868833 0.386830 0.309017
v 0.823639 0.475528 0.309017
vn 0.823639 0.475528 0.309017
v 0.769421 0.559017 0.309017
vn 0.769421 0.559017 0.309017
v 0.706773 0.636381 0.309017
vn 0.706773 0.636381 0.309017
v 0.636381 0.706773 0.309017
vn 0.636381 0.706773 0.309017
v 0.559017 0.769421 0.309017
vn 0.559017 0.769421 0.309017
v 0.475528 0.823639 0.309017
vn 0.475528 0.823639 0.309017
v 0.386830 0.868833 0.309017
vn 0.386830 0.868833 0.309017
v 0.293893 0.904508 0.309017
vn 0.293893 0.904508 0.309017
v 0.197736 0.930274 0.309017
vn 0.197736 0.930274 0.309017
v 0.099412 0.945847 0.309017
vn 0.099412 0.945847 0.309017
v 0.000000 0.951057 0.309017
vn 0.000000 0.951057 0.309017
v -0.099412 0.945847 0.309017
vn -0.099412 0.945847 0.309017
v -0.197736 0.930274 0.309017
vn -0.197736 0.930274 0.309017
v -0.293893 0.904508 0.309017
vn -0.293893 0.904508 0.309017
v -0.386830 0.868833 0.309017
vn -0.386830 0.868833 0.309017
v -0.475528 0.823639 0.309017
vn -0.475528 0.823639 0.309017
v -0.559017 0.769421 0.309017
vn -0.559017 0.769421 0.309017
v -0.636381 0.706773 0.309017
vn -0.636381 0.706773 0.309017
v -0.706773 0.636381 0.309017
vn -0.706773 0.636381 0.309017
v -0.769421 0.559017 0.309017
vn -0.769421 0.559017 0.309017
v -0.823639 0.475528 0.309017
vn -0.823639 0.475528 0.309017
v -0.868833 0.386830 0.309017
vn -0.868833 0.386830 0.309017
v -0.904508 0.293893 0.309017
vn -0.904508 0.293893 0.309017
v -0.930274 0.197736 0.309017
vn -0.930274 0.197736 0.309017
v -0.945847 0.099412 0.309017
vn -0.945847 0.099412 0.309017
v -0.951057 0.000000 0.309017
vn -0.951057 0.000000 0.309017
v -0.945847 -0.099412 0.309017
vn -0.945847 -0.099412 0.309017
v -0.930274 -0.197736 0.309017
vn -0.930274 -0.197736 0.309017
v -0.904508 -0.293893 0.309017
vn -0.904508 -0.293893 0.309017
v -0.868833 -0.386830 0.309017
vn -0.868833 -0.386830 0.309017
v -0.823639 -0.475528 0.309017
vn -0.823639 -0.475528 0.309017
v -0.769421 -0.559017 0.309017
vn -0.769421 -0.559017 0.309017
v -0.706773 -0.636381 0.309017
vn -0.706773 -0.636381 0.309017
v -0.636381 -0.706773 0.309017
vn -0.636381 -0.706773 0.309017
v -0.559017 -0.769421 0.309017
vn -0.559017 -0.769421 0.309017
v -0.475528 -0.823639 0.309017
vn -0.475528 -0.823639 0.309017
v -0.386830 -0.868833 0.309017
vn -0.386830 -0.868833 0.309017
v -0.293893 -0.904508 0.309017
vn -0.293893 -0.904508 0.309017
v -0.197736 -0.930274 0.309017
vn -0.197736 -0.930274 0.309017
v -0.099412 -0.945847 0.309017
vn -0.099412 -0.945847 0.309017
v -0.000000 -0.951057 0.309017
vn -0.000000 -0.951057 0.309017
v 0.099412 -0.945847 0.309017
vn 0.099412 -0.945847 0.309017
v 0.197736 -0.930274 0.309017
vn 0.197736 -0.930274 0.309017
v 0.293893 -0.904508 0.309017
vn 0.293893 -0.904508 0.309017
v 0.386830 -0.868833 0.309017
vn 0.386830 -0.868833 0.309017
v 0.475528 -0.823639 0.309017
vn 0.475528 -0.823639 0.309017
v 0.559017 -0.769421 0.309017
vn 0.559017 -0.769421 0.309017
v 0.636381 -0.706773 0.309017
vn 0.636381 -0.706773 0.309017
v 0.706773 -0.636381 0.309017
vn 0.706773 -0.636381 0.309017
v 0.769421 -0.559017 0.309017
vn 0.769421 -0.559017 0.309017
v 0.823639 -0.475528 0.309017
vn 0.823639 -0.475528 0.309017
v 0.868833 -0.386830 0.309017
vn 0.868833 -0.386830 0.309017
v 0.904508 -0.293893 0.309017
vn 0.904508 -0.293893 0.309017
v 0.930274 -0.197736 0.309017
vn 0.930274 -0.197736 0.309017
v 0.945847 -0.099412 0.309017
vn 0.945847 -0.099412 0.309017
v 0.965926 0.000000 0.258819
vn 0.965926 0.000000 0.258819
v 0.960634 0.100967 0.258819
vn 0.960634 0.100967 0.258819
v 0.944818 0.200827 0.258819
vn 0.944818 0.200827 0.258819
v 0.918650 0.298487 0.258819
vn 0.918650 0.298487 0.258819
v 0.882417 0.392877 0.258819
vn 0.882417 0.392877 0.258819
v 0.836516 0.482963 0.258819
vn 0.836516 0.482963 0.258819
v 0.781450 0.567757 0.258819
vn 0.781450 0.567757 0.258819
v 0.717823 0.646331 0.258819
vn 0.717823 0.646331 0.258819
v 0.646331 0.717823 0.258819
vn 0.646331 0.717823 0.258819
v 0.567757 0.781450 0.258819
vn 0.567757 0.781450 0.258819
v 0.482963 0.836516 0.258819
vn 0.482963 0.836516 0.258819
v 0.392877 0.882417 0.258819
vn 0.392877 0.882417 0.258819
v 0.298487 0.918650 0.258819
vn 0.298487 0.918650 0.258819
v 0.200827 0.944818 0.258819
vn 0.200827 0.944818 0.258819
v 0.100967 0.960634 0.258819
vn 0.100967 0.960634 0.258819
v 0.000000 0.965926 0.258819
vn 0.000000 0.965926 0.258819
v -0.100967 0.960634 0.258819
vn -0.100967 0.960634 0.258819
v -0.200827 0.944818 0.258819
vn -0.200827 0.944818 0.258819
v -0.298487 0.918650 0.258819
vn -0.298487 0.918650 0.258819
v -0.392877 0.882417 0.258819
vn -0.392877 0.882417 0.258819
v -0.482963 0.836516 0.258819
vn -0.482963 0.836516 0.258819
v -0.567757 0.781450 0.258819
vn -0.567757 0.781450 0.258819
v -0.646331 0.717823 0.258819
vn -0.646331 0.717823 0.258819
v -0.717823 0.646331 0.258819
vn -0.717823 0.646331 0.258819
v -0.781450 0.567757 0.258819
vn -0.781450 0.567757 0.258819
v -0.836516 0.482963 0.258819
vn -0.836516 0.482963 0.258819
v -0.882417 0.392877 0.258819
vn -0.882417 0.392877 0.258819
v -0.918650 0.298487 0.258819
vn -0.918650 0.298487 0.258819
v -0.944818 0.200827 0.258819
vn -0.944818 0.200827 0.258819
v -0.960634 0.100967 0.258819
vn -0.960634 0.100967 0.258819
v -0.965926 0.000000 0.258819
vn -0.965926 0.000000 0.258819
v -0.960634 -0.100967 0.258819
vn -0.960634 -0.100967 0.258819
v -0.944818 -0.200827 0.258819
vn -0.944818 -0.200827 0.258819
v -0.918650 -0.298487 0.258819
vn -0.918650 -0.298487 0.258819
v -0.882417 -0.392877 0.258819
vn -0.882417 -0.392877 0.258819
v -0.836516 -0.482963 0.258819
vn -0.836516 -0.482963 0.258819
v -0.781450 -0.567757 0.258819
vn -0.781450 -0.567757 0.258819
v -0.717823 -0.646331 0.258819
vn -0.717823 -0.646331 0.258819
v -0.646331 -0.717823 0.258819
vn -0.646331 -0.717823 0.258819
v -0.567757 -0.781450 0.258819
vn -0.567757 -0.781450 0.258819
v -0.482963 -0.836516 0.258819
vn -0.482963 -0.836516 0.258819
v -0.392877 -0.882417 0.258819
vn -0.392877 -0.882417 0.258819
v -0.298487 -0.918650 0.258819
vn -0.298487 -0.918650 0.258819
v -0.200827 -0.944818 0.258819
vn -0.200827 -0.944818 0.258819
v -0.100967 -0.960634 0.258819
vn -0.100967 -0.960634 0.258819
v -0.000000 -0.965926 0.258819
vn -0.000000 -0.965926 0.258819
v 0.100967 -0.960634 0.258819
vn 0.100967 -0.960634 0.258819
v 0.200827 -0.944818 0.258819
vn 0.200827 -0.944818 0.258819
v 0.298487 -0.918650 0.258819
vn 0.298487 -0.918650 0.258819
v 0.392877 -0.882417 0.258819
vn 0.392877 -0.882417 0.258819
v 0.482963 -0.836516 0.258819
vn 0.482963 -0.836516 0.258819
v 0.567757 -0.781450 0.258819
vn 0.567757 -0.781450 0.258819
v 0.646331 -0.717823 0.258819
vn 0.646331 -0.717823 0.258819
v 0.717823 -0.646331 0.258819
vn 0.717823 -0.646331 0.258819
v 0.781450 -0.567757 0.258819
vn 0.781450 -0.567757 0.258819
v 0.836516 -0.482963 0.258819
vn 0.836516 -0.482963 0.258819
v 0.882417 -0.392877 0.258819
vn 0.882417 -0.392877 0.258819
v 0.918650 -0.298487 0.258819
vn 0.918650 -0.298487 0.258819
v 0.944818 -0.200827 0.258819
vn 0.944818 -0.200827 0.258819
v 0.960634 -0.100967 0.258819
vn 0.960634 -0.100967 0.258819
v 0.978148 0.000000 0.207912
vn 0.978148 0.000000 0.207912
v 0.972789 0.102244 0.207912
vn 0.972789 0.102244 0.207912
v 0.956773 0.203368 0.207912
vn 0.956773 0.203368 0.207912
v 0.930274 0.302264 0.207912
vn 0.930274 0.302264 0.207912
v 0.893582 0.397848 0.207912
vn 0.893582 0.397848 0.207912
v 0.847101 0.489074 0.207912
vn 0.847101 0.489074 0.207912
v 0.791338 0.574941 0.207912
vn 0.791338 0.574941 0.207912
v 0.726905 0.654508 0.207912
vn 0.726905 0.654508 0.207912
v 0.654508 0.726905 0.207912
vn 0.654508 0.726905 0.207912
v 0.574941 0.791338 0.207912
vn 0.574941 0.791338 0.207912
v 0.489074 0.847101 0.207912
vn 0.489074 0.847101 0.207912
v 0.397848 0.893582 0.207912
vn 0.397848 0.893582 0.207912
v 0.302264 0.930274 0.207912
vn 0.302264 0.930274 0.207912
v 0.203368 0.956773 0.207912
vn 0.203368 0.956773 0.207912
v 0.102244 0.972789 0.207912
vn 0.102244 0.972789 0.207912
v 0.000000 0.978148 0.207912
vn 0.000000 0.978148 0.207912
v -0.102244 0.972789 0.207912
vn -0.102244 0.972789 0.207912
v -0.203368 0.956773 0.207912
vn -0.203368 0.956773 0.207912
v -0.302264 0.930274 0.207912
vn -0.302264 0.930274 0.207912
v -0.397848 0.893582 0.207912
vn -0.397848 0.893582 0.207912
v -0.489074 0.847101 0.207912
vn -0.489074 0.847101 0.207912
v -0.574941 0.791338 0.207912
vn -0.574941 0.791338 0.207912
v -0.654508 0.726905 0.207912
vn -0.654508 0.726905 0.207912
v -0.726905 0.654508 0.207912
vn -0.726905 0.654508 0.207912
v -0.791338 0.574941 0.207912
vn -0.791338 0.574941 0.207912
v -0.847101 0.489074 0.207912
vn -0.847101 0.489074 0.207912
v -0.893582 0.397848 0.207912
vn -0.893582 0.397848 0.207912
v -0.930274 0.302264 0.207912
vn -0.930274 0.302264 0.207912
v -0.956773 0.203368 0.207912
vn -0.956773 0.203368 0.207912
v -0.972789 0.102244 0.207912
vn -0.972789 0.102244 0.207912
v -0.978148 0.000000 0.207912
vn -0.978148 0.000000 0.207912
v -0.972789 -0.102244 0.207912
vn -0.972789 -0.102244 0.207912
v -0.956773 -0.203368 0.207912
vn -0.956773 -0.203368 0.207912
v -0.930274 -0.302264 0.207912
vn -0.930274 -0.302264 0.207912
v -0.893582 -0.397848 0.207912
vn -0.893582 -0.397848 0.207912
v -0.847101 -0.489074 0.207912
vn -0.847101 -0.489074 0.207912
v -0.791338 -0.574941 0.207912
vn -0.791338 -0.574941 0.207912
v -0.726905 -0.654508 0.207912
vn -0.726905 -0.654508 0.207912
v -0.654508 -0.726905 0.207912
vn -0.654508 -0.726905 0.207912
v -0.574941 -0.791338 0.207912
vn -0.574941 -0.791338 0.207912
v -0.489074 -0.847101 0.207912
vn -0.489074 -0.847101 0.207912
v -0.397848 -0.893582 0.207912
vn -0.397848 -0.893582 0.207912
v -0.302264 -0.930274 0.207912
vn -0.302264 -0.930274 0.207912
v -0.203368 -0.956773 0.207912
vn -0.203368 -0.956773 0.207912
v -0.102244 -0.972789 0.207912
vn -0.102244 -0.972789 0.207912
v -0.000000 -0.978148 0.207912
vn -0.000000 -0.978148 0.207912
v 0.102244 -0.972789 0.207912
vn 0.102244 -0.972789 0.207912
v 0.203368 -0.956773 0.207912
vn 0.203368 -0.956773 0.207912
v 0.302264 -0.930274 0.207912
vn 0.302264 -0.930274 0.207912
v 0.397848 -0.893582 0.207912
vn 0.397848 -0.893582 0.207912
v 0.489074 -0.847101 0.207912
vn 0.489074 -0.847101 0.207912
v 0.574941 -0.791338 0.207912
vn 0.574941 -0.791338 0.207912
v 0.654508 -0.726905 0.207912
vn 0.654508 -0.726905 0.207912
v 0.726905 -0.654508 0.207912
vn 0.726905 -0.654508 0.207912
v 0.791338 -0.574941 0.207912
vn 0.791338 -0.574941 0.207912
v 0.847101 -0.489074 0.207912
vn 0.847101 -0.489074 0.207912
v 0.893582 -0.397848 0.207912
vn 0.893582 -0.397848 0.207912
v 0.930274 -0.302264 0.207912
vn 0.930274 -0.302264 0.207912
v 0.956773 -0.203368 0.207912
vn 0.956773 -0.203368 0.207912
v 0.972789 -0.102244 0.207912
vn 0.972789 -0.102244 0.207912
v 0.987688 0.000000 0.156434
vn 0.987688 0.000000 0.156434
v 0.982278 0.103242 0.156434
vn 0.982278 0.103242 0.156434
v 0.966105 0.205352 0.156434
vn 0.966105 0.205352 0.156434
v 0.939347 0.305212 0.156434
vn 0.939347 0.305212 0.156434
v 0.902298 0.401729 0.156434
vn 0.902298 0.401729 0.156434
v 0.855363 0.493844 0.156434
vn 0.855363 0.493844 0.156434
v 0.799057 0.580549 0.156434
vn 0.799057 0.580549 0.156434
v 0.733995 0.660892 0.156434
vn 0.733995 0.660892 0.156434
v 0.660892 0.733995 0.156434
vn 0.660892 0.733995 0.156434
v 0.580549 0.799057 0.156434
vn 0.580549 0.799057 0.156434
v 0.493844 0.855363 0.156434
vn 0.493844 0.855363 0.156434
v 0.401729 0.902298 0.156434
vn 0.401729 0.902298 0.156434
v 0.305212 0.939347 0.156434
vn 0.305212 0.939347 0.156434
v 0.205352 0.966105 0.156434
vn 0.205352 0.966105 0.156434
v 0.103242 0.982278 0.156434
vn 0.103242 0.982278 0.156434
v 0.000000 0.987688 0.156434
vn 0.000000 0.987688 0.156434
v -0.103242 0.982278 0.156434
vn -0.103242 0.982278 0.156434
v -0.205352 0.966105 0.156434
vn -0.205352 0.966105 0.156434
v -0.305212 0.939347 0.156434
vn -0.305212 0.939347 0.156434
v -0.401729 0.902298 0.156434
vn -0.401729 0.902298 0.156434
v -0.493844 0.855363 0.156434
vn -0.493844 0.855363 0.156434
v -0.580549 0.799057 0.156434
vn -0.580549 0.799057 0.156434
v -0.660892 0.733995 0.156434
vn -0.660892 0.733995 0.156434
v -0.733995 0.660892 0.156434
vn -0.733995 0.660892 0.156434
v -0.799057 0.580549 0.156434
vn -0.799057 0.580549 0.156434
v -0.855363 0.493844 0.156434
vn -0.855363 0.493844 0.156434
v -0.902298 0.401729 0.156434
vn -0.902298 0.401729 0.156434
v -0.939347 0.305212 0.156434
vn -0.939347 0.305212 0.156434
v -0.966105 0.205352 0.156434
vn -0.966105 0.205352 0.156434
v -0.982278 0.103242 0.156434
vn -0.982278 0.103242 0.156434
v -0.987688 0.000000 0.156434
vn -0.987688 0.000000 0.156434
v -0.982278 -0.103242 0.156434
vn -0.982278 -0.103242 0.156434
v -0.966105 -0.205352 0.156434
vn -0.966105 -0.205352 0.156434
v -0.939347 -0.305212 0.156434
vn -0.939347 -0.305212 0.156434
v -0.902298 -0.401729 0.156434
vn -0.902298 -0.401729 0.156434
v -0.855363 -0.493844 0.156434
vn -0.855363 -0.493844 0.156434
v -0.799057 -0.580549 0.156434
vn -0.799057 -0.580549 0.156434
v -0.733995 -0.660892 0.156434
vn -0.733995 -0.660892 0.156434
v -0.660892 -0.733995 0.156434
vn -0.660892 -0.733995 0.156434
v -0.580549 -0.799057 0.156434
vn -0.580549 -0.799057 0.156434
v -0.493844 -0.855363 0.156434
vn -0.493844 -0.855363 0.156434
v -0.401729 -0.902298 0.156434
vn -0.401729 -0.902298 0.156434
v -0.305212 -0.939347 0.156434
vn -0.305212 -0.939347 0.156434
v -0.205352 -0.966105 0.156434
vn -0.205352 -0.966105 0.156434
v -0.103242 -0.982278 0.156434
vn -0.103242 -0.982278 0.156434
v -0.000000 -0.987688 0.156434
vn -0.000000 -0.987688 0.156434
v 0.103242 -0.982278 0.156434
vn 0.103242 -0.982278 0.156434
v 0.205352 -0.966105 0.156434
vn 0.205352 -0.966105 0.156434
v 0.305212 -0.939347 0.156434
vn 0.305212 -0.939347 0.156434
v 0.401729 -0.902298 0.156434
vn 0.401729 -0.902298 0.156434
v 0.493844 -0.855363 0.156434
vn 0.493844 -0.855363 0.156434
v 0.580549 -0.799057 0.156434
vn 0.580549 -0.799057 0.156434
v 0.660892 -0.733995 0.156434
vn 0.660892 -0.733995 0.156434
v 0.733995 -0.660892 0.156434
vn 0.733995 -0.660892 0.156434
v 0.799057 -0.580549 0.156434
vn 0.799057 -0.580549 0.156434
v 0.855363 -0.493844 0.156434
vn 0.855363 -0.493844 0.156434
v 0.902298 -0.401729 0.156434
vn 0.902298 -0.401729 0.156434
v 0.939347 -0.305212 0.156434
vn 0.939347 -0.305212 0.156434
v 0.966105 -0.205352 0.156434
vn 0.966105 -0.205352 0.156434
v 0.982278 -0.103242 0.156434
vn 0.982278 -0.103242 0.156434
v 0.994522 0.000000 0.104528
vn 0.994522 0.000000 0.104528
v 0.989074 0.103956 0.104528
vn 0.989074 0.103956 0.104528
v 0.972789 0.206773 0.104528
vn 0.972789 0.206773 0.104528
v 0.945847 0.307324 0.104528
vn 0.945847 0.307324 0.104528
v 0.908541 0.404508 0.104528
vn 0.908541 0.404508 0.104528
v 0.861281 0.497261 0.104528
vn 0.861281 0.497261 0.104528
v 0.804585 0.584565 0.104528
vn 0.804585 0.584565 0.104528
v 0.739074 0.665465 0.104528
vn 0.739074 0.665465 0.104528
v 0.665465 0.739074 0.104528
vn 0.665465 0.739074 0.104528
v 0.584565 0.804585 0.104528
vn 0.584565 0.804585 0.104528
v 0.497261 0.861281 0.104528
vn 0.497261 0.861281 0.104528
v 0.404508 0.908541 0.104528
vn 0.404508 0.908541 0.104528
v 0.307324 0.945847 0.104528
vn 0.307324 0.945847 0.104528
v 0.206773 0.972789 0.104528
vn 0.206773 0.972789 0.104528
v 0.103956 0.989074 0.104528
vn 0.103956 0.989074 0.104528
v 0.000000 0.994522 0.104528
vn 0.000000 0.994522 0.104528
v -0.103956 0.989074 0.104528
vn -0.103956 0.989074 0.104528
v -0.206773 0.972789 0.104528
vn -0.206773 0.972789 0.104528
v -0.307324 0.945847 0.104528
vn -0.307324 0.945847 0.104528
v -0.404508 0.908541 0.104528
vn -0.404508 0.908541 0.104528
v -0.497261 0.861281 0.104528
vn -0.497261 0.861281 0.104528
v -0.584565 0.804585 0.104528
vn -0.584565 0.804585 0.104528
v -0.665465 0.739074 0.104528
vn -0.665465 0.739074 0.104528
v -0.739074 0.665465 0.104528
vn -0.739074 0.665465 0.104528
v -0.804585 0.584565 0.104528
vn -0.804585 0.584565 0.104528
v -0.861281 0.497261 0.104528
vn -0.861281 0.497261 0.104528
v -0.908541 0.404508 0.104528
vn -0.908541 0.404508 0.104528
v -0.945847 0.307324 0.104528
vn -0.945847 0.307324 0.104528
v -0.972789 0.206773 0.104528
vn -0.972789 0.206773 0.104528
v -0.989074 0.103956 0.104528
vn -0.989074 0.103956 0.104528
v -0.994522 0.000000 0.104528
vn -0.994522 0.000000 0.104528
v -0.989074 -0.103956 0.104528
vn -0.989074 -0.103956 0.104528
v -0.972789 -0.206773 0.104528
vn -0.972789 -0.206773 0.104528
v -0.945847 -0.307324 0.104528
vn -0.945847 -0.307324 0.104528
v -0.908541 -0.404508 0.104528
vn -0.908541 -0.404508 0.104528
v -0.861281 -0.497261 0.104528
vn -0.861281 -0.497261 0.104528
v -0.804585 -0.584565 0.104528
vn -0.804585 -0.584565 0.104528
v -0.739074 -0.665465 0.104528
vn -0.739074 -0.665465 0.104528
v -0.665465 -0.739074 0.104528
vn -0.665465 -0.739074 0.104528
v -0.584565 -0.804585 0.104528
vn -0.584565 -0.804585 0.104528
v -0.497261 -0.861281 0.104528
vn -0.497261 -0.861281 0.104528
v -0.404508 -0.908541 0.104528
vn -0.404508 -0.908541 0.104528
v -0.307324 -0.945847 0.104528
vn -0.307324 -0.945847 0.104528
v -0.206773 -0.972789 0.104528
vn -0.206773 -0.972789 0.104528
v -0.103956 -0.989074 0.104528
vn -0.103956 -0.989074 0.104528
v -0.000000 -0.994522 0.104528
vn -0.000000 -0.994522 0.104528
v 0.103956 -0.989074 0.104528
vn 0.103956 -0.989074 0.104528
v 0.206773 -0.972789 0.104528
vn 0.206773 -0.972789 0.104528
v 0.307324 -0.945847 0.104528
vn 0.307324 -0.945847 0.104528
v 0.404508 -0.908541 0.104528
vn 0.404508 -0.908541 0.104528
v 0.497261 -0.861281 0.104528
vn 0.497261 -0.861281 0.104528
v 0.584565 -0.804585 0.104528
vn 0.584565 -0.804585 0.104528
v 0.665465 -0.739074 0.104528
vn 0.665465 -0.739074 0.104528
v 0.739074 -0.665465 0.104528
vn 0.739074 -0.665465 0.104528
v 0.804585 -0.584565 0.104528
vn 0.804585 -0.584565 0.104528
v 0.861281 -0.497261 0.104528
vn 0.861281 -0.497261 0.104528
v 0.908541 -0.404508 0.104528
vn 0.908541 -0.404508 0.104528
v 0.945847 -0.307324 0.104528
vn 0.945847 -0.307324 0.104528
v 0.972789 -0.206773 0.104528
vn 0.972789 -0.206773 0.104528
v 0.989074 -0.103956 0.104528
vn 0.989074 -0.103956 0.104528
v 0.998630 0.000000 0.052336
vn 0.998630 0.000000 0.052336
v 0.993159 0.104385 0.052336
vn 0.993159 0.104385 0.052336
v 0.976807 0.207627 0.052336
vn 0.976807 0.207627 0.052336
v 0.949753 0.308593 0.052336
vn 0.949753 0.308593 0.052336
v 0.912293 0.406179 0.052336
vn 0.912293 0.406179 0.052336
v 0.864839 0.499315 0.052336
vn 0.864839 0.499315 0.052336
v 0.807908 0.586980 0.052336
vn 0.807908 0.586980 0.052336
v 0.742126 0.668214 0.052336
vn 0.742126 0.668214 0.052336
v 0.668214 0.742126 0.052336
vn 0.668214 0.742126 0.052336
v 0.586980 0.807908 0.052336
vn 0.586980 0.807908 0.052336
v 0.499315 0.864839 0.052336
vn 0.499315 0.864839 0.052336
v 0.406179 0.912293 0.052336
vn 0.406179 0.912293 0.052336
v 0.308593 0.949753 0.052336
vn 0.308593 0.949753 0.052336
v 0.207627 0.976807 0.052336
vn 0.207627 0.976807 0.052336
v 0.104385 0.993159 0.052336
vn 0.104385 0.993159 0.052336
v 0.000000 0.998630 0.052336
vn 0.000000 0.998630 0.052336
v -0.104385 0.993159 0.052336
vn -0.104385 0.993159 0.052336
v -0.207627 0.976807 0.052336
vn -0.207627 0.976807 0.052336
v -0.308593 0.949753 0.052336
vn -0.308593 0.949753 0.052336
v -0.406179 0.912293 0.052336
vn -0.406179 0.912293 0.052336
v -0.499315 0.864839 0.052336
vn -0.499315 0.864839 0.052336
v -0.586980 0.807908 0.052336
vn -0.586980 0.807908 0.052336
v -0.668214 0.742126 0.052336
vn -0.668214 0.742126 0.052336
v -0.742126 0.668214 0.052336
vn -0.742126 0.668214 0.052336
v -0.807908 0.586980 0.052336
vn -0.807908 0.586980 0.052336
v -0.864839 0.499315 0.052336
vn -0.864839 0.499315 0.052336
v -0.912293 0.406179 0.052336
vn -0.912293 0.406179 0.052336
v -0.949753 0.308593 0.052336
vn -0.949753 0.308593 0.052336
v -0.976807 0.207627 0.052336
vn -0.976807 0.207627 0.052336
v -0.993159 0.104385 0.052336
vn -0.993159 0.104385 0.052336
v -0.998630 0.000000 0.052336
vn -0.998630 0.000000 0.052336
v -0.993159 -0.104385 0.052336
vn -0.993159 -0.104385 0.052336
v -0.976807 -0.207627 0.052336
vn -0.976807 -0.207627 0.052336
v -0.949753 -0.308593 0.052336
vn -0.949753 -0.308593 0.052336
v -0.912293 -0.406179 0.052336
vn -0.912293 -0.406179 0.052336
v -0.864839 -0.499315 0.052336
vn -0.864839 -0.499315 0.052336
v -0.807908 -0.586980 0.052336
vn -0.807908 -0.586980 0.052336
v -0.742126 -0.668214 0.052336
vn -0.742126 -0.668214 0.052336
v -0.668214 -0.742126 0.052336
vn -0.668214 -0.742126 0.052336
v -0.586980 -0.807908 0.052336
vn -0.586980 -0.807908 0.052336
v -0.499315 -0.864839 0.052336
vn -0.499315 -0.864839 0.052336
v -0.406179 -0.912293 0.052336
vn -0.406179 -0.912293 0.052336
v -0.308593 -0.949753 0.052336
vn -0.308593 -0.949753 0.052336
v -0.207627 -0.976807 0.052336
vn -0.207627 -0.976807 0.052336
v -0.104385 -0.993159 0.052336
vn -0.104385 -0.993159 0.052336
v -0.000000 -0.998630 0.052336
vn -0.000000 -0.998630 0.052336
v 0.104385 -0.993159 0.052336
vn 0.104385 -0.993159 0.052336
v 0.207627 -0.976807 0.052336
vn 0.207627 -0.976807 0.052336
v 0.308593 -0.949753 0.052336
vn 0.308593 -0.949753 0.052336
v 0.406179 -0.912293 0.052336
vn 0.406179 -0.912293 0.052336
v 0.499315 -0.864839 0.052336
vn 0.499315 -0.864839 0.052336
v 0.586980 -0.807908 0.052336
vn 0.586980 -0.807908 0.052336
v 0.668214 -0.742126 0.052336
vn 0.668214 -0.742126 0.052336
v 0.742126 -0.668214 0.052336
vn 0.742126 -0.668214 0.052336
v 0.807908 -0.586980 0.052336
vn 0.807908 -0.586980 0.052336
v 0.864839 -0.499315 0.052336
vn 0.864839 -0.499315 0.052336
v 0.912293 -0.406179 0.052336
vn 0.912293 -0.406179 0.052336
v 0.949753 -0.308593 0.052336
vn 0.949753 -0.308593 0.052336
v 0.976807 -0.207627 0.052336
vn 0.976807 -0.207627 0.052336
v 0.993159 -0.104385 0.052336
vn 0.993159 -0.104385 0.052336
v 1.000000 0.000000 0.000000
vn 1.000000 0.000000 0.000000
v 0.994522 0.104528 0.000000
vn 0.994522 0.104528 0.000000
v 0.978148 0.207912 0.000000
vn 0.978148 0.207912 0.000000
v 0.951057 0.309017 0.000000
vn 0.951057 0.309017 0.000000
v 0.913545 0.406737 0.000000
vn 0.913545 0.406737 0.000000
v 0.866025 0.500000 0.000000
vn 0.866025 0.500000 0.000000
v 0.809017 0.587785 0.000000
vn 0.809017 0.587785 0.000000
v 0.743145 0.669131 0.000000
vn 0.743145 0.669131 0.000000
v 0.669131 0.743145 0.000000
vn 0.669131 0.743145 0.000000
v 0.587785 0.809017 0.000000
vn 0.587785 0.809017 0.000000
v 0.500000 0.866025 0.000000
vn 0.500000 0.866025 0.000000
v 0.406737 0.913545 0.000000
vn 0.406737 0.913545 0.000000
v 0.309017 0.951057 0.000000
vn 0.309017 0.951057 0.000000
v 0.207912 0.978148 0.000000
vn 0.207912 0.978148 0.000000
v 0.104528 0.994522 0.000000
vn 0.104528 0.994522 0.000000
v 0.000000 1.000000 0.000000
vn 0.000000 1.000000 0.000000
v -0.104528 0.994522 0.000000
vn -0.104528 0.994522 0.000000
v -0.207912 0.978148 0.000000
vn -0.207912 0.978148 0.000000
v -0.309017 0.951057 0.000000
vn -0.309017 0.951057 0.000000
v -0.406737 0.913545 0.000000
vn -0.406737 0.913545 0.000000
v -0.500000 0.866025 0.000000
vn -0.500000 0.866025 0.000000
v -0.587785 0.809017 0.000000
vn -0.587785 0.809017 0.000000
v -0.669131 0.743145 0.000000
vn -0.669131 0.743145 0.000000
v -0.743145 0.669131 0.000000
vn -0.743145 0.669131 0.000000
v -0.809017 0.587785 0.000000
vn -0.809017 0.587785 0.000000
v -0.866025 0.500000 0.000000
vn -0.866025 0.500000 0.000000
v -0.913545 0.406737 0.000000
vn -0.913545 0.406737 0.000000
v -0.951057 0.309017 0.000000
vn -0.951057 0.309017 0.000000
v -0.978148 0.207912 0.000000
vn -0.978148 0.207912 0.000000
v -0.994522 0.104528 0.000000
vn -0.994522 0.104528 0.000000
v -1.000000 0.000000 0.000000
vn -1.000000 0.000000 0.000000
v -0.994522 -0.104528 0.000000
vn -0.994522 -0.104528 0.000000
v -0.978148 -0.207912 0.000000
vn -0.978148 -0.207912 0.000000
v -0.951057 -0.309017 0.000000
vn -0.951057 -0.309017 0.000000
v -0.913545 -0.406737 0.000000
vn -0.913545 -0.406737 0.000000
v -0.866025 -0.500000 0.000000
vn -0.866025 -0.500000 0.000000
v -0.809017 -0.587785 0.000000
vn -0.809017 -0.587785 0.000000
v -0.743145 -0.669131 0.000000
vn -0.743145 -0.669131 0.000000
v -0.669131 -0.743145 0.000000
vn -0.669131 -0.743145 0.000000
v -0.587785 -0.809017 0.000000
vn -0.587785 -0.809017 0.000000
v -0.500000 -0.866025 0.000000
vn -0.500000 -0.866025 0.000000
v -0.406737 -0.913545 0.000000
vn -0.406737 -0.913545 0.000000
v -0.309017 -0.951057 0.000000
vn -0.309017 -0.951057 0.000000
v -0.207912 -0.978148 0.000000
vn -0.207912 -0.978148 0.000000
v -0.104528 -0.994522 0.000000
vn -0.104528 -0.994522 0.000000
v -0.000000 -1.000000 0.000000
vn -0.000000 -1.000000 0.000000
v 0.104528 -0.994522 0.000000
vn 0.104528 -0.994522 0.000000
v 0.207912 -0.978148 0.000000
vn 0.207912 -0.978148 0.000000
v 0.309017 -0.951057 0.000000
vn 0.309017 -0.951057 0.000000
v 0.406737 -0.913545 0.000000
vn 0.406737 -0.913545 0.000000
v 0.500000 -0.866025 0.000000
vn 0.500000 -0.866025 0.000000
v 0.587785 -0.809017 0.000000
vn 0.587785 -0.809017 0.000000
v 0.669131 -0.743145 0.000000
vn 0.669131 -0.743145 0.000000
v 0.743145 -0.669131 0.000000
vn 0.743145 -0.669131 0.000000
v 0.809017 -0.587785 0.000000
vn 0.809017 -0.587785 0.000000
v 0.866025 -0.500000 0.000000
vn 0.866025 -0.500000 0.000000
v 0.913545 -0.406737 0.000000
vn 0.913545 -0.406737 0.000000
v 0.951057 -0.309017 0.000000
vn 0.951057 -0.309017 0.000000
v 0.978148 -0.207912 0.000000
vn 0.978148 -0.207912 0.000000
v 0.994522 -0.104528 0.000000
vn 0.994522 -0.104528 0.000000
v 0.998630 0.000000 -0.052336
vn 0.998630 0.000000 -0.052336
v 0.993159 0.104385 -0.052336
vn 0.993159 0.104385 -0.052336
v 0.976807 0.207627 -0.052336
vn 0.976807 0.207627 -0.052336
v 0.949753 0.308593 -0.052336
vn 0.949753 0.308593 -0.052336
v 0.912293 0.406179 -0.052336
vn 0.912293 0.406179 -0.052336
v 0.864839 0.499315 -0.052336
vn 0.864839 0.499315 -0.052336
v 0.807908 0.586980 -0.052336
vn 0.807908 0.586980 -0.052336
v 0.742126 0.668214 -0.052336
vn 0.742126 0.668214 -0.052336
v 0.668214 0.742126 -0.052336
vn 0.668214 0.742126 -0.052336
v 0.586980 0.807908 -0.052336
vn 0.586980 0.807908 -0.052336
v 0.499315 0.864839 -0.052336
vn 0.499315 0.864839 -0.052336
v 0.406179 0.912293 -0.052336
vn 0.406179 0.912293 -0.052336
v 0.308593 0.949753 -0.052336
vn 0.308593 0.949753 -0.052336
v 0.207627 0.976807 -0.052336
vn 0.207627 0.976807 -0.052336
v 0.104385 0.993159 -0.052336
vn 0.104385 0.993159 -0.052336
v 0.000000 0.998630 -0.052336
vn 0.000000 0.998630 -0.052336
v -0.104385 0.993159 -0.052336
vn -0.104385 0.993159 -0.052336
v -0.207627 0.976807 -0.052336
vn -0.207627 0.976807 -0.052336
v -0.308593 0.949753 -0.052336
vn -0.308593 0.949753 -0.052336
v -0.406179 0.912293 -0.052336
vn -0.406179 0.912293 -0.052336
v -0.499315 0.864839 -0.052336
vn -0.499315 0.864839 -0.052336
v -0.586980 0.807908 -0.052336
vn -0.586980 0.807908 -0.052336
v -0.668214 0.742126 -0.052336
vn -0.668214 0.742126 -0.052336
v -0.742126 0.668214 -0.052336
vn -0.742126 0.668214 -0.052336
v -0.807908 0.586980 -0.052336
vn -0.807908 0.586980 -0.052336
v -0.864839 0.499315 -0.052336
vn -0.864839 0.499315 -0.052336
v -0.912293 0.406179 -0.052336
vn -0.912293 0.406179 -0.052336
v -0.949753 0.308593 -0.052336
vn -0.949753 0.308593 -0.052336
v -0.976807 0.207627 -0.052336
vn -0.976807 0.207627 -0.052336
v -0.993159 0.104385 -0.052336
vn -0.993159 0.104385 -0.052336
v -0.998630 0.000000 -0.052336
vn -0.998630 0.000000 -0.052336
v -0.993159 -0.104385 -0.052336
vn -0.993159 -0.104385 -0.052336
v -0.976807 -0.207627 -0.052336
vn -0.976807 -0.207627 -0.052336
v -0.949753 -0.308593 -0.052336
vn -0.949753 -0.308593 -0.052336
v -0.912293 -0.406179 -0.052336
vn -0.912293 -0.406179 -0.052336
v -0.864839 -0.499315 -0.052336
vn -0.864839 -0.499315 -0.052336
v -0.807908 -0.586980 -0.052336
vn -0.807908 -0.586980 -0.052336
v -0.742126 -0.668214 -0.052336
vn -0.742126 -0.668214 -0.052336
v -0.668214 -0.742126 -0.052336
vn -0.668214 -0.742126 -0.052336
v -0.586980 -0.807908 -0.052336
vn -0.586980 -0.807908 -0.052336
v -0.499315 -0.864839 -0.052336
vn -0.499315 -0.864839 -0.052336
v -0.406179 -0.912293 -0.052336
vn -0.406179 -0.912293 -0.052336
v -0.308593 -0.949753 -0.052336
vn -0.308593 -0.949753 -0.052336
v -0.207627 -0.976807 -0.052336
vn -0.207627 -0.976807 -0.052336
v -0.104385 -0.993159 -0.052336
vn -0.104385 -0.993159 -0.052336
v -0.000000 -0.998630 -0.052336
vn -0.000000 -0.998630 -0.052336
v 0.104385 -0.993159 -0.052336
vn 0.104385 -0.993159 -0.052336
v 0.207627 -0.976807 -0.052336
vn 0.207627 -0.976807 -0.052336
v 0.308593 -0.949753 -0.052336
vn 0.308593 -0.949753 -0.052336
v 0.406179 -0.912293 -0.052336
vn 0.406179 -0.912293 -0.052336
v 0.499315 -0.864839 -0.052336
vn 0.499315 -0.864839 -0.052336
v 0.586980 -0.807908 -0.052336
vn 0.586980 -0.807908 -0.052336
v 0.668214 -0.742126 -0.052336
vn 0.668214 -0.742126 -0.052336
v 0.742126 -0.668214 -0.052336
vn 0.742126 -0.668214 -0.052336
v 0.807908 -0.586980 -0.052336
vn 0.807908 -0.586980 -0.052336
v 0.864839 -0.499315 -0.052336
vn 0.864839 -0.499315 -0.052336
v 0.912293 -0.406179 -0.052336
vn 0.912293 -0.406179 -0.052336
v 0.949753 -0.308593 -0.052336
vn 0.949753 -0.308593 -0.052336
v 0.976807 -0.207627 -0.052336
vn 0.976807 -0.207627 -0.052336
v 0.993159 -0.104385 -0.052336
vn 0.993159 -0.104385 -0.052336
v 0.994522 0.000000 -0.104528
vn 0.994522 0.000000 -0.104528
v 0.989074 0.103956 -0.104528
vn 0.989074 0.103956 -0.104528
v 0.972789 0.206773 -0.104528
vn 0.972789 0.206773 -0.104528
v 0.945847 0.307324 -0.104528
vn 0.945847 0.307324 -0.104528
v 0.908541 0.404508 -0.104528
vn 0.908541 0.404508 -0.104528
v 0.861281 0.497261 -0.104528
vn 0.861281 0.497261 -0.104528
v 0.804585 0.584565 -0.104528
vn 0.804585 0.584565 -0.104528
v 0.739074 0.665465 -0.104528
vn 0.739074 0.665465 -0.104528
v 0.665465 0.739074 -0.104528
vn 0.665465 0.739074 -0.104528
v 0.584565 0.804585 -0.104528
vn 0.584565 0.804585 -0.104528
v 0.497261 0.861281 -0.104528
vn 0.497261 0.861281 -0.104528
v 0.404508 0.908541 -0.104528
vn 0.404508 0.908541 -0.104528
v 0.307324 0.945847 -0.104528
vn 0.307324 0.945847 -0.104528
v 0.206773 0.972789 -0.104528
vn 0.206773 0.972789 -0.104528
v 0.103956 0.989074 -0.104528
vn 0.103956 0.989074 -0.104528
v 0.000000 0.994522 -0.104528
vn 0.000000 0.994522 -0.104528
v -0.103956 0.989074 -0.104528
vn -0.103956 0.989074 -0.104528
v -0.206773 0.972789 -0.104528
vn -0.206773 0.972789 -0.104528
v -0.307324 0.945847 -0.104528
vn -0.307324 0.945847 -0.104528
v -0.404508 0.908541 -0.104528
vn -0.404508 0.908541 -0.104528
v -0.497261 0.861281 -0.104528
vn -0.497261 0.861281 -0.104528
v -0.584565 0.804585 -0.104528
vn -0.584565 0.804585 -0.104528
v -0.665465 0.739074 -0.104528
vn -0.665465 0.739074 -0.104528
v -0.739074 0.665465 -0.104528
vn -0.739074 0.665465 -0.104528
v -0.804585 0.584565 -0.104528
vn -0.804585 0.584565 -0.104528
v -0.861281 0.497261 -0.104528
vn -0.861281 0.497261 -0.104528
v -0.908541 0.404508 -0.104528
vn -0.908541 0.404508 -0.104528
v -0.945847 0.307324 -0.104528
vn -0.945847 0.307324 -0.104528
v -0.972789 0.206773 -0.104528
vn -0.972789 0.206773 -0.104528
v -0.989074 0.103956 -0.104528
vn -0.989074 0.103956 -0.104528
v -0.994522 0.000000 -0.104528
vn -0.994522 0.000000 -0.104528
v -0.989074 -0.103956 -0.104528
vn -0.989074 -0.103956 -0.104528
v -0.972789 -0.206773 -0.104528
vn -0.972789 -0.206773 -0.104528
v -0.945847 -0.307324 -0.104528
vn -0.945847 -0.307324 -0.104528
v -0.908541 -0.404508 -0.104528
vn -0.908541 -0.404508 -0.104528
v -0.861281 -0.497261 -0.104528
vn -0.861281 -0.497261 -0.104528
v -0.804585 -0.584565 -0.104528
vn -0.804585 -0.584565 -0.104528
v -0.739074 -0.665465 -0.104528
vn -0.739074 -0.665465 -0.104528
v -0.665465 -0.739074 -0.104528
vn -0.665465 -0.739074 -0.104528
v -0.584565 -0.804585 -0.104528
vn -0.584565 -0.804585 -0.104528
v -0.497261 -0.861281 -0.104528
vn -0.497261 -0.861281 -0.104528
v -0.404508 -0.908541 -0.104528
vn -0.404508 -0.908541 -0.104528
v -0.307324 -0.945847 -0.104528
vn -0.307324 -0.945847 -0.104528
v -0.206773 -0.972789 -0.104528
vn -0.206773 -0.972789 -0.104528
v -0.103956 -0.989074 -0.104528
vn -0.103956 -0.989074 -0.104528
v -0.000000 -0.994522 -0.104528
vn -0.000000 -0.994522 -0.104528
v 0.103956 -0.989074 -0.104528
vn 0.103956 -0.989074 -0.104528
v 0.206773 -0.972789 -0.104528
vn 0.206773 -0.972789 -0.104528
v 0.307324 -0.945847 -0.104528
vn 0.307324 -0.945847 -0.104528
v 0.404508 -0.908541 -0.104528
vn 0.404508 -0.908541 -0.104528
v 0.497261 -0.861281 -0.104528
vn 0.497261 -0.861281 -0.104528
v 0.584565 -0.804585 -0.104528
vn 0.584565 -0.804585 -0.104528
v 0.665465 -0.739074 -0.104528
vn 0.665465 -0.739074 -0.104528
v 0.739074 -0.665465 -0.104528
vn 0.739074 -0.665465 -0.104528
v 0.804585 -0.584565 -0.104528
vn 0.804585 -0.584565 -0.104528
v 0.861281 -0.497261 -0.104528
vn 0.861281 -0.497261 -0.104528
v 0.908541 -0.404508 -0.104528
vn 0.908541 -0.404508 -0.104528
v 0.945847 -0.307324 -0.104528
vn 0.945847 -0.307324 -0.104528
v 0.972789 -0.206773 -0.104528
vn 0.972789 -0.206773 -0.104528
v 0.989074 -0.103956 -0.104528
vn 0.989074 -0.103956 -0.104528
v 0.987688 0.000000 -0.156434
vn 0.987688 0.000000 -0.156434
v 0.982278 0.103242 -0.156434
vn 0.982278 0.103242 -0.156434
v 0.966105 0.205352 -0.156434
vn 0.966105 0.205352 -0.156434
v 0.939347 0.305212 -0.156434
vn 0.939347 0.305212 -0.156434
v 0.902298 0.401729 -0.156434
vn 0.902298 0.401729 -0.156434
v 0.855363 0.493844 -0.156434
vn 0.855363 0.493844 -0.156434
v 0.799057 0.580549 -0.156434
vn 0.799057 0.580549 -0.156434
v 0.733995 0.660892 -0.156434
vn 0.733995 0.660892 -0.156434
v 0.660892 0.733995 -0.156434
vn 0.660892 0.733995 -0.156434
v 0.580549 0.799057 -0.156434
vn 0.580549 0.799057 -0.156434
v 0.493844 0.855363 -0.156434
vn 0.493844 0.855363 -0.156434
v 0.401729 0.902298 -0.156434
vn 0.401729 0.902298 -0.156434
v 0.305212 0.939347 -0.156434
vn 0.305212 0.939347 -0.156434
v 0.205352 0.966105 -0.156434
vn 0.205352 0.966105 -0.156434
v 0.103242 0.982278 -0.156434
vn 0.103242 0.982278 -0.156434
v 0.000000 0.987688 -0.156434
vn 0.000000 0.987688 -0.156434
v -0.103242 0.982278 -0.156434
vn -0.103242 0.982278 -0.156434
v -0.205352 0.966105 -0.156434
vn -0.205352 0.966105 -0.156434
v -0.305212 0.939347 -0.156434
vn -0.305212 0.939347 -0.156434
v -0.401729 0.902298 -0.156434
vn -0.401729 0.902298 -0.156434
v -0.493844 0.855363 -0.156434
vn -0.493844 0.855363 -0.156434
v -0.580549 0.799057 -0.156434
vn -0.580549 0.799057 -0.156434
v -0.660892 0.733995 -0.156434
vn -0.660892 0.733995 -0.156434
v -0.733995 0.660892 -0.156434
vn -0.733995 0.660892 -0.156434
v -0.799057 0.580549 -0.156434
vn -0.799057 0.580549 -0.156434
v -0.855363 0.493844 -0.156434
vn -0.855363 0.493844 -0.156434
v -0.902298 0.401729 -0.156434
vn -0.902298 0.401729 -0.156434
v -0.939347 0.305212 -0.156434
vn -0.939347 0.305212 -0.156434
v -0.966105 0.205352 -0.156434
vn -0.966105 0.205352 -0.156434
v -0.982278 0.103242 -0.156434
vn -0.982278 0.103242 -0.156434
v -0.987688 0.000000 -0.156434
vn -0.987688 0.000000 -0.156434
v -0.982278 -0.103242 -0.156434
vn -0.982278 -0.103242 -0.156434
v -0.966105 -0.205352 -0.156434
vn -0.966105 -0.205352 -0.156434
v -0.939347 -0.305212 -0.156434
vn -0.939347 -0.305212 -0.156434
v -0.902298 -0.401729 -0.156434
vn -0.902298 -0.401729 -0.156434
v -0.855363 -0.493844 -0.156434
vn -0.855363 -0.493844 -0.156434
v -0.799057 -0.580549 -0.156434
vn -0.799057 -0.580549 -0.156434
v -0.733995 -0.660892 -0.156434
vn -0.733995 -0.660892 -0.156434
v -0.660892 -0.733995 -0.156434
vn -0.660892 -0.733995 -0.156434
v -0.580549 -0.799057 -0.156434
vn -0.580549 -0.799057 -0.156434
v -0.493844 -0.855363 -0.156434
vn -0.493844 -0.855363 -0.156434
v -0.401729 -0.902298 -0.156434
vn -0.401729 -0.902298 -0.156434
v -0.305212 -0.939347 -0.156434
vn -0.305212 -0.939347 -0.156434
v -0.205352 -0.966105 -0.156434
vn -0.205352 -0.966105 -0.156434
v -0.103242 -0.982278 -0.156434
vn -0.103242 -0.982278 -0.156434
v -0.000000 -0.987688 -0.156434
vn -0.000000 -0.987688 -0.156434
v 0.103242 -0.982278 -0.156434
vn 0.103242 -0.982278 -0.156434
v 0.205352 -0.966105 -0.156434
vn 0.205352 -0.966105 -0.156434
v 0.305212 -0.939347 -0.156434
vn 0.305212 -0.939347 -0.156434
v 0.401729 -0.902298 -0.156434
vn 0.401729 -0.902298 -0.156434
v 0.493844 -0.855363 -0.156434
vn 0.493844 -0.855363 -0.156434
v 0.580549 -0.799057 -0.156434
vn 0.580549 -0.799057 -0.156434
v 0.660892 -0.733995 -0.156434
vn 0.660892 -0.733995 -0.156434
v 0.733995 -0.660892 -0.156434
vn 0.733995 -0.660892 -0.156434
v 0.799057 -0.580549 -0.156434
vn 0.799057 -0.580549 -0.156434
v 0.855363 -0.493844 -0.156434
vn 0.855363 -0.493844 -0.156434
v 0.902298 -0.401729 -0.156434
vn 0.902298 -0.401729 -0.156434
v 0.939347 -0.305212 -0.156434
vn 0.939347 -0.305212 -0.156434
v 0.966105 -0.205352 -0.156434
vn 0.966105 -0.205352 -0.156434
v 0.982278 -0.103242 -0.156434
vn 0.982278 -0.103242 -0.156434
v 0.978148 0.000000 -0.207912
vn 0.978148 0.000000 -0.207912
v 0.972789 0.102244 -0.207912
vn 0.972789 0.102244 -0.207912
v 0.956773 0.203368 -0.207912
vn 0.956773 0.203368 -0.207912
v 0.930274 0.302264 -0.207912
vn 0.930274 0.302264 -0.207912
v 0.893582 0.397848 -0.207912
vn 0.893582 0.397848 -0.207912
v 0.847101 0.489074 -0.207912
vn 0.847101 0.489074 -0.207912
v 0.791338 0.574941 -0.207912
vn 0.791338 0.574941 -0.207912
v 0.726905 0.654508 -0.207912
vn 0.726905 0.654508 -0.207912
v 0.654508 0.726905 -0.207912
vn 0.654508 0.726905 -0.207912
v 0.574941 0.791338 -0.207912
vn 0.574941 0.791338 -0.207912
v 0.489074 0.847101 -0.207912
vn 0.489074 0.847101 -0.207912
v 0.397848 0.893582 -0.207912
vn 0.397848 0.893582 -0.207912
v 0.302264 0.930274 -0.207912
vn 0.302264 0.930274 -0.207912
v 0.203368 0.956773 -0.207912
vn 0.203368 0.956773 -0.207912
v 0.102244 0.972789 -0.207912
vn 0.102244 0.972789 -0.207912
v 0.000000 0.978148 -0.207912
vn 0.000000 0.978148 -0.207912
v -0.102244 0.972789 -0.207912
vn -0.102244 0.972789 -0.207912
v -0.203368 0.956773 -0.207912
vn -0.203368 0.956773 -0.207912
v -0.302264 0.930274 -0.207912
vn -0.302264 0.930274 -0.207912
v -0.397848 0.893582 -0.207912
vn -0.397848 0.893582 -0.207912
v -0.489074 0.847101 -0.207912
vn -0.489074 0.847101 -0.207912
v -0.574941 0.791338 -0.207912
vn -0.574941 0.791338 -0.207912
v -0.654508 0.726905 -0.207912
vn -0.654508 0.726905 -0.207912
v -0.726905 0.654508 -0.207912
vn -0.726905 0.654508 -0.207912
v -0.791338 0.574941 -0.207912
vn -0.791338 0.574941 -0.207912
v -0.847101 0.489074 -0.207912
vn -0.847101 0.489074 -0.207912
v -0.893582 0.397848 -0.207912
vn -0.893582 0.397848 -0.207912
v -0.930274 0.302264 -0.207912
vn -0.930274 0.302264 -0.207912
v -0.956773 0.203368 -0.207912
vn -0.956773 0.203368 -0.207912
v -0.972789 0.102244 -0.207912
vn -0.972789 0.102244 -0.207912
v -0.978148 0.000000 -0.207912
vn -0.978148 0.000000 -0.207912
v -0.972789 -0.102244 -0.207912
vn -0.972789 -0.102244 -0.207912
v -0.956773 -0.203368 -0.207912
vn -0.956773 -0.203368 -0.207912
v -0.930274 -0.302264 -0.207912
vn -0.930274 -0.302264 -0.207912
v -0.893582 -0.397848 -0.207912
vn -0.893582 -0.397848 -0.207912
v -0.847101 -0.489074 -0.207912
vn -0.847101 -0.489074 -0.207912
v -0.791338 -0.574941 -0.207912
vn -0.791338 -0.574941 -0.207912
v -0.726905 -0.654508 -0.207912
vn -0.726905 -0.654508 -0.207912
v -0.654508 -0.726905 -0.207912
vn -0.654508 -0.726905 -0.207912
v -0.574941 -0.791338 -0.207912
vn -0.574941 -0.791338 -0.207912
v -0.489074 -0.847101 -0.207912
vn -0.489074 -0.847101 -0.207912
v -0.397848 -0.893582 -0.207912
vn -0.397848 -0.893582 -0.207912
v -0.302264 -0.930274 -0.207912
vn -0.302264 -0.930274 -0.207912
v -0.203368 -0.956773 -0.207912
vn -0.203368 -0.956773 -0.207912
v -0.102244 -0.972789 -0.207912
vn -0.102244 -0.972789 -0.207912
v -0.000000 -0.978148 -0.207912
vn -0.000000 -0.978148 -0.207912
v 0.102244 -0.972789 -0.207912
vn 0.102244 -0.972789 -0.207912
v 0.203368 -0.956773 -0.207912
vn 0.203368 -0.956773 -0.207912
v 0.302264 -0.930274 -0.207912
vn 0.302264 -0.930274 -0.207912
v 0.397848 -0.893582 -0.207912
vn 0.397848 -0.893582 -0.207912
v 0.489074 -0.847101 -0.207912
vn 0.489074 -0.847101 -0.207912
v 0.574941 -0.791338 -0.207912
vn 0.574941 -0.791338 -0.207912
v 0.654508 -0.726905 -0.207912
vn 0.654508 -0.726905 -0.207912
v 0.726905 -0.654508 -0.207912
vn 0.726905 -0.654508 -0.207912
v 0.791338 -0.574941 -0.207912
vn 0.791338 -0.574941 -0.207912
v 0.847101 -0.489074 -0.207912
vn 0.847101 -0.489074 -0.207912
v 0.893582 -0.397848 -0.207912
vn 0.893582 -0.397848 -0.207912
v 0.930274 -0.302264 -0.207912
vn 0.930274 -0.302264 -0.207912
v 0.956773 -0.203368 -0.207912
vn 0.956773 -0.203368 -0.207912
v 0.972789 -0.102244 -0.207912
vn 0.972789 -0.102244 -0.207912
v 0.965926 0.000000 -0.258819
vn 0.965926 0.000000 -0.258819
v 0.960634 0.100967 -0.258819
vn 0.960634 0.100967 -0.258819
v 0.944818 0.200827 -0.258819
vn 0.944818 0.200827 -0.258819
v 0.918650 0.298487 -0.258819
vn 0.918650 0.298487 -0.258819
v 0.882417 0.392877 -0.258819
vn 0.882417 0.392877 -0.258819
v 0.836516 0.482963 -0.258819
vn 0.836516 0.482963 -0.258819
v 0.781450 0.567757 -0.258819
vn 0.781450 0.567757 -0.258819
v 0.717823 0.646331 -0.258819
vn 0.717823 0.646331 -0.258819
v 0.646331 0.717823 -0.258819
vn 0.646331 0.717823 -0.258819
v 0.567757 0.781450 -0.258819
vn 0.567757 0.781450 -0.258819
v 0.482963 0.836516 -0.258819
vn 0.482963 0.836516 -0.258819
v 0.392877 0.882417 -0.258819
vn 0.392877 0.882417 -0.258819
v 0.298487 0.918650 -0.258819
vn 0.298487 0.918650 -0.258819
v 0.200827 0.944818 -0.258819
vn 0.200827 0.944818 -0.258819
v 0.100967 0.960634 -0.258819
vn 0.100967 0.960634 -0.258819
v 0.000000 0.965926 -0.258819
vn 0.000000 0.965926 -0.258819
v -0.100967 0.960634 -0.258819
vn -0.100967 0.960634 -0.258819
v -0.200827 0.944818 -0.258819
vn -0.200827 0.944818 -0.258819
v -0.298487 0.918650 -0.258819
vn -0.298487 0.918650 -0.258819
v -0.392877 0.882417 -0.258819
vn -0.392877 0.882417 -0.258819
v -0.482963 0.836516 -0.258819
vn -0.482963 0.836516 -0.258819
v -0.567757 0.781450 -0.258819
vn -0.567757 0.781450 -0.258819
v -0.646331 0.717823 -0.258819
vn -0.646331 0.717823 -0.258819
v -0.717823 0.646331 -0.258819
vn -0.717823 0.646331 -0.258819
v -0.781450 0.567757 -0.258819
vn -0.781450 0.567757 -0.258819
v -0.836516 0.482963 -0.258819
vn -0.836516 0.482963 -0.258819
v -0.882417 0.392877 -0.258819
vn -0.882417 0.392877 -0.258819
v -0.918650 0.298487 -0.258819
vn -0.918650 0.298487 -0.258819
v -0.944818 0.200827 -0.258819
vn -0.944818 0.200827 -0.258819
v -0.960634 0.100967 -0.258819
vn -0.960634 0.100967 -0.258819
v -0.965926 0.000000 -0.258819
vn -0.965926 0.000000 -0.258819
v -0.960634 -0.100967 -0.258819
vn -0.960634 -0.100967 -0.258819
v -0.944818 -0.200827 -0.258819
vn -0.944818 -0.200827 -0.258819
v -0.918650 -0.298487 -0.258819
vn -0.918650 -0.298487 -0.258819
v -0.882417 -0.392877 -0.258819
vn -0.882417 -0.392877 -0.258819
v -0.836516 -0.482963 -0.258819
vn -0.836516 -0.482963 -0.258819
v -0.781450 -0.567757 -0.258819
vn -0.781450 -0.567757 -0.258819
v -0.717823 -0.646331 -0.258819
vn -0.717823 -0.646331 -0.258819
v -0.646331 -0.717823 -0.258819
vn -0.646331 -0.717823 -0.258819
v -0.567757 -0.781450 -0.258819
vn -0.567757 -0.781450 -0.258819
v -0.482963 -0.836516 -0.258819
vn -0.482963 -0.836516 -0.258819
v -0.392877 -0.882417 -0.258819
vn -0.392877 -0.882417 -0.258819
v -0.298487 -0.918650 -0.258819
vn -0.298487 -0.918650 -0.258819
v -0.200827 -0.944818 -0.258819
vn -0.200827 -0.944818 -0.258819
v -0.100967 -0.960634 -0.258819
vn -0.100967 -0.960634 -0.258819
v -0.000000 -0.965926 -0.258819
vn -0.000000 -0.965926 -0.258819
v 0.100967 -0.960634 -0.258819
vn 0.100967 -0.960634 -0.258819
v 0.200827 -0.944818 -0.258819
vn 0.200827 -0.944818 -0.258819
v 0.298487 -0.918650 -0.258819
vn 0.298487 -0.918650 -0.258819
v 0.392877 -0.882417 -0.258819
vn 0.392877 -0.882417 -0.258819
v 0.482963 -0.836516 -0.258819
vn 0.482963 -0.836516 -0.258819
v 0.567757 -0.781450 -0.258819
vn 0.567757 -0.781450 -0.258819
v 0.646331 -0.717823 -0.258819
vn 0.646331 -0.717823 -0.258819
v 0.717823 -0.646331 -0.258819
vn 0.717823 -0.646331 -0.258819
v 0.781450 -0.567757 -0.258819
vn 0.781450 -0.567757 -0.258819
v 0.836516 -0.482963 -0.258819
vn 0.836516 -0.482963 -0.258819
v 0.882417 -0.392877 -0.258819
vn 0.882417 -0.392877 -0.258819
v 0.918650 -0.298487 -0.258819
vn 0.918650 -0.298487 -0.258819
v 0.944818 -0.200827 -0.258819
vn 0.944818 -0.200827 -0.258819
v 0.960634 -0.100967 -0.258819
vn 0.960634 -0.100967 -0.258819
v 0.951057 0.000000 -0.309017
vn 0.951057 0.000000 -0.309017
v 0.945847 0.099412 -0.309017
vn 0.945847 0.099412 -0.309017
v 0.930274 0.197736 -0.309017
vn 0.930274 0.197736 -0.309017
v 0.904508 0.293893 -0.309017
vn 0.904508 0.293893 -0.309017
v 0.868833 0.386830 -0.309017
vn 0.868833 0.386830 -0.309017
v 0.823639 0.475528 -0.309017
vn 0.823639 0.475528 -0.309017
v 0.769421 0.559017 -0.309017
vn 0.769421 0.559017 -0.309017
v 0.706773 0.636381 -0.309017
vn 0.706773 0.636381 -0.309017
v 0.636381 0.706773 -0.309017
vn 0.636381 0.706773 -0.309017
v 0.559017 0.769421 -0.309017
vn 0.559017 0.769421 -0.309017
v 0.475528 0.823639 -0.309017
vn 0.475528 0.823639 -0.309017
v 0.386830 0.868833 -0.309017
vn 0.386830 0.868833 -0.309017
v 0.293893 0.904508 -0.309017
vn 0.293893 0.904508 -0.309017
v 0.197736 0.930274 -0.309017
vn 0.197736 0.930274 -0.309017
v 0.099412 0.945847 -0.309017
vn 0.099412 0.945847 -0.309017
v 0.000000 0.951057 -0.309017
vn 0.000000 0.951057 -0.309017
v -0.099412 0.945847 -0.309017
vn -0.099412 0.945847 -0.309017
v -0.197736 0.930274 -0.309017
vn -0.197736 0.930274 -0.309017
v -0.293893 0.904508 -0.309017
vn -0.293893 0.904508 -0.309017
v -0.386830 0.868833 -0.309017
vn -0.386830 0.868833 -0.309017
v -0.475528 0.823639 -0.309017
vn -0.475528 0.823639 -0.309017
v -0.559017 0.769421 -0.309017
vn -0.559017 0.769421 -0.309017
v -0.636381 0.706773 -0.309017
vn -0.636381 0.706773 -0.309017
v -0.706773 0.636381 -0.309017
vn -0.706773 0.636381 -0.309017
v -0.769421 0.559017 -0.309017
vn -0.769421 0.559017 -0.309017
v -0.823639 0.475528 -0.309017
vn -0.823639 0.475528 -0.309017
v -0.868833 0.386830 -0.309017
vn -0.868833 0.386830 -0.309017
v -0.904508 0.293893 -0.309017
vn -0.904508 0.293893 -0.309017
v -0.930274 0.197736 -0.309017
vn -0.930274 0.197736 -0.309017
v -0.945847 0.099412 -0.309017
vn -0.945847 0.099412 -0.309017
v -0.951057 0.000000 -0.309017
vn -0.951057 0.000000 -0.309017
v -0.945847 -0.099412 -0.309017
vn -0.945847 -0.099412 -0.309017
v -0.930274 -0.197736 -0.309017
vn -0.930274 -0.197736 -0.309017
v -0.904508 -0.293893 -0.309017
vn -0.904508 -0.293893 -0.309017
v -0.868833 -0.386830 -0.309017
vn -0.868833 -0.386830 -0.309017
v -0.823639 -0.475528 -0.309017
vn -0.823639 -0.475528 -0.309017
v -0.769421 -0.559017 -0.309017
vn -0.769421 -0.559017 -0.309017
v -0.706773 -0.636381 -0.309017
vn -0.706773 -0.636381 -0.309017
v -0.636381 -0.706773 -0.309017
vn -0.636381 -0.706773 -0.309017
v -0.559017 -0.769421 -0.309017
vn -0.559017 -0.769421 -0.309017
v -0.475528 -0.823639 -0.309017
vn -0.475528 -0.823639 -0.309017
v -0.386830 -0.868833 -0.309017
vn -0.386830 -0.868833 -0.309017
v -0.293893 -0.904508 -0.309017
vn -0.293893 -0.904508 -0.309017
v -0.197736 -0.930274 -0.309017
vn -0.197736 -0.930274 -0.309017
v -0.099412 -0.945847 -0.309017
vn -0.099412 -0.945847 -0.309017
v -0.000000 -0.951057 -0.309017
vn -0.000000 -0.951057 -0.309017
v 0.099412 -0.945847 -0.309017
vn 0.099412 -0.945847 -0.309017
v 0.197736 -0.930274 -0.309017
vn 0.197736 -0.930274 -0.309017
v 0.293893 -0.904508 -0.309017
vn 0.293893 -0.904508 -0.309017
v 0.386830 -0.868833 -0.309017
vn 0.386830 -0.868833 -0.309017
v 0.475528 -0.823639 -0.309017
vn 0.475528 -0.823639 -0.309017
v 0.559017 -0.769421 -0.309017
vn 0.559017 -0.769421 -0.309017
v 0.636381 -0.706773 -0.309017
vn 0.636381 -0.706773 -0.309017
v 0.706773 -0.636381 -0.309017
vn 0.706773 -0.636381 -0.309017
v 0.769421 -0.559017 -0.309017
vn 0.769421 -0.559017 -0.309017
v 0.823639 -0.475528 -0.309017
vn 0.823639 -0.475528 -0.309017
v 0.868833 -0.386830 -0.309017
vn 0.868833 -0.386830 -0.309017
v 0.904508 -0.293893 -0.309017
vn 0.904508 -0.293893 -0.309017
v 0.930274 -0.197736 -0.309017
vn 0.930274 -0.197736 -0.309017
v 0.945847 -0.099412 -0.309017
vn 0.945847 -0.099412 -0.309017
v 0.933580 0.000000 -0.358368
vn 0.933580 0.000000 -0.358368
v 0.928466 0.097586 -0.358368
vn 0.928466 0.097586 -0.358368
v 0.913179 0.194102 -0.358368
vn 0.913179 0.194102 -0.358368
v 0.887888 0.288492 -0.358368
vn 0.887888 0.288492 -0.358368
v 0.852868 0.379721 -0.358368
vn 0.852868 0.379721 -0.358368
v 0.808504 0.466790 -0.358368
vn 0.808504 0.466790 -0.358368
v 0.755282 0.548745 -0.358368
vn 0.755282 0.548745 -0.358368
v 0.693785 0.624687 -0.358368
vn 0.693785 0.624687 -0.358368
v 0.624687 0.693785 -0.358368
vn 0.624687 0.693785 -0.358368
v 0.548745 0.755282 -0.358368
vn 0.548745 0.755282 -0.358368
v 0.466790 0.808504 -0.358368
vn 0.466790 0.808504 -0.358368
v 0.379721 0.852868 -0.358368
vn 0.379721 0.852868 -0.358368
v 0.288492 0.887888 -0.358368
vn 0.288492 0.887888 -0.358368
v 0.194102 0.913179 -0.358368
vn 0.194102 0.913179 -0.358368
v 0.097586 0.928466 -0.358368
vn 0.097586 0.928466 -0.358368
v 0.000000 0.933580 -0.358368
vn 0.000000 0.933580 -0.358368
v -0.097586 0.928466 -0.358368
vn -0.097586 0.928466 -0.358368
v -0.194102 0.913179 -0.358368
vn -0.194102 0.913179 -0.358368
v -0.288492 0.887888 -0.358368
vn -0.288492 0.887888 -0.358368
v -0.379721 0.852868 -0.358368
vn -0.379721 0.852868 -0.358368
v -0.466790 0.808504 -0.358368
vn -0.466790 0.808504 -0.358368
v -0.548745 0.755282 -0.358368
vn -0.548745 0.755282 -0.358368
v -0.624687 0.693785 -0.358368
vn -0.624687 0.693785 -0.358368
v -0.693785 0.624687 -0.358368
vn -0.693785 0.624687 -0.358368
v -0.755282 0.548745 -0.358368
vn -0.755282 0.548745 -0.358368
v -0.808504 0.466790 -0.358368
vn -0.808504 0.466790 -0.358368
v -0.852868 0.379721 -0.358368
vn -0.852868 0.379721 -0.358368
v -0.887888 0.288492 -0.358368
vn -0.887888 0.288492 -0.358368
v -0.913179 0.194102 -0.358368
vn -0.913179 0.194102 -0.358368
v -0.928466 0.097586 -0.358368
vn -0.928466 0.097586 -0.358368
v -0.933580 0.000000 -0.358368
vn -0.933580 0.000000 -0.358368
v -0.928466 -0.097586 -0.358368
vn -0.928466 -0.097586 -0.358368
v -0.913179 -0.194102 -0.358368
vn -0.913179 -0.194102 -0.358368
v -0.887888 -0.288492 -0.358368
vn -0.887888 -0.288492 -0.358368
v -0.852868 -0.379721 -0.358368
vn -0.852868 -0.379721 -0.358368
v -0.808504 -0.466790 -0.358368
vn -0.808504 -0.466790 -0.358368
v -0.755282 -0.548745 -0.358368
vn -0.755282 -0.548745 -0.358368
v -0.693785 -0.624687 -0.358368
vn -0.693785 -0.624687 -0.358368
v -0.624687 -0.693785 -0.358368
vn -0.624687 -0.693785 -0.358368
v -0.548745 -0.755282 -0.358368
vn -0.548745 -0.755282 -0.358368
v -0.466790 -0.808504 -0.358368
vn -0.466790 -0.808504 -0.358368
v -0.379721 -0.852868 -0.358368
vn -0.379721 -0.852868 -0.358368
v -0.288492 -0.887888 -0.358368
vn -0.288492 -0.887888 -0.358368
v -0.194102 -0.913179 -0.358368
vn -0.194102 -0.913179 -0.358368
v -0.097586 -0.928466 -0.358368
vn -0.097586 -0.928466 -0.358368
v -0.000000 -0.933580 -0.358368
vn -0.000000 -0.933580 -0.358368
v 0.097586 -0.928466 -0.358368
vn 0.097586 -0.928466 -0.358368
v 0.194102 -0.913179 -0.358368
vn 0.194102 -0.913179 -0.358368
v 0.288492 -0.887888 -0.358368
vn 0.288492 -0.887888 -0.358368
v 0.379721 -0.852868 -0.358368
vn 0.379721 -0.852868 -0.358368
v 0.466790 -0.808504 -0.358368
vn 0.466790 -0.808504 -0.358368
v 0.548745 -0.755282 -0.358368
vn 0.548745 -0.755282 -0.358368
v 0.624687 -0.693785 -0.358368
vn 0.624687 -0.693785 -0.358368
v 0.693785 -0.624687 -0.358368
vn 0.693785 -0.624687 -0.358368
v 0.755282 -0.548745 -0.358368
vn 0.755282 -0.548745 -0.358368
v 0.808504 -0.466790 -0.358368
vn 0.808504 -0.466790 -0.358368
v 0.852868 -0.379721 -0.358368
vn 0.852868 -0.379721 -0.358368
v 0.887888 -0.288492 -0.358368
vn 0.887888 -0.288492 -0.358368
v 0.913179 -0.194102 -0.358368
vn 0.913179 -0.194102 -0.358368
v 0.928466 -0.097586 -0.358368
vn 0.928466 -0.097586 -0.358368
v 0.913545 0.000000 -0.406737
vn 0.913545 0.000000 -0.406737
v 0.908541 0.095492 -0.406737
vn 0.908541 0.095492 -0.406737
v 0.893582 0.189937 -0.406737
vn 0.893582 0.189937 -0.406737
v 0.868833 0.282301 -0.406737
vn 0.868833 0.282301 -0.406737
v 0.834565 0.371572 -0.406737
vn 0.834565 0.371572 -0.406737
v 0.791154 0.456773 -0.406737
vn 0.791154 0.456773 -0.406737
v 0.739074 0.536969 -0.406737
vn 0.739074 0.536969 -0.406737
v 0.678897 0.611281 -0.406737
vn 0.678897 0.611281 -0.406737
v 0.611281 0.678897 -0.406737
vn 0.611281 0.678897 -0.406737
v 0.536969 0.739074 -0.406737
vn 0.536969 0.739074 -0.406737
v 0.456773 0.791154 -0.406737
vn 0.456773 0.791154 -0.406737
v 0.371572 0.834565 -0.406737
vn 0.371572 0.834565 -0.406737
v 0.282301 0.868833 -0.406737
vn 0.282301 0.868833 -0.406737
v 0.189937 0.893582 -0.406737
vn 0.189937 0.893582 -0.406737
v 0.095492 0.908541 -0.406737
vn 0.095492 0.908541 -0.406737
v 0.000000 0.913545 -0.406737
vn 0.000000 0.913545 -0.406737
v -0.095492 0.908541 -0.406737
vn -0.095492 0.908541 -0.406737
v -0.189937 0.893582 -0.406737
vn -0.189937 0.893582 -0.406737
v -0.282301 0.868833 -0.406737
vn -0.282301 0.868833 -0.406737
v -0.371572 0.834565 -0.406737
vn -0.371572 0.834565 -0.406737
v -0.456773 0.791154 -0.406737
vn -0.456773 0.791154 -0.406737
v -0.536969 0.739074 -0.406737
vn -0.536969 0.739074 -0.406737
v -0.611281 0.678897 -0.406737
vn -0.611281 0.678897 -0.406737
v -0.678897 0.611281 -0.406737
vn -0.678897 0.611281 -0.406737
v -0.739074 0.536969 -0.406737
vn -0.739074 0.536969 -0.406737
v -0.791154 0.456773 -0.406737
vn -0.791154 0.456773 -0.406737
v -0.834565 0.371572 -0.406737
vn -0.834565 0.371572 -0.406737
v -0.868833 0.282301 -0.406737
vn -0.868833 0.282301 -0.406737
v -0.893582 0.189937 -0.406737
vn -0.893582 0.189937 -0.406737
v -0.908541 0.095492 -0.406737
vn -0.908541 0.095492 -0.406737
v -0.913545 0.000000 -0.406737
vn -0.913545 0.000000 -0.406737
v -0.908541 -0.095492 -0.406737
vn -0.908541 -0.095492 -0.406737
v -0.893582 -0.189937 -0.406737
vn -0.893582 -0.189937 -0.406737
v -0.868833 -0.282301 -0.406737
vn -0.868833 -0.282301 -0.406737
v -0.834565 -0.371572 -0.406737
vn -0.834565 -0.371572 -0.406737
v -0.791154 -0.456773 -0.406737
vn -0.791154 -0.456773 -0.406737
v -0.739074 -0.536969 -0.406737
vn -0.739074 -0.536969 -0.406737
v -0.678897 -0.611281 -0.406737
vn -0.678897 -0.611281 -0.406737
v -0.611281 -0.678897 -0.406737
vn -0.611281 -0.678897 -0.406737
v -0.536969 -0.739074 -0.406737
vn -0.536969 -0.739074 -0.406737
v -0.456773 -0.791154 -0.406737
vn -0.456773 -0.791154 -0.406737
v -0.371572 -0.834565 -0.406737
vn -0.371572 -0.834565 -0.406737
v -0.282301 -0.868833 -0.406737
vn -0.282301 -0.868833 -0.406737
v -0.189937 -0.893582 -0.406737
vn -0.189937 -0.893582 -0.406737
v -0.095492 -0.908541 -0.406737
vn -0.095492 -0.908541 -0.406737
v -0.000000 -0.913545 -0.406737
vn -0.000000 -0.913545 -0.406737
v 0.095492 -0.908541 -0.406737
vn 0.095492 -0.908541 -0.406737
v 0.189937 -0.893582 -0.406737
vn 0.189937 -0.893582 -0.406737
v 0.282301 -0.868833 -0.406737
vn 0.282301 -0.868833 -0.406737
v 0.371572 -0.834565 -0.406737
vn 0.371572 -0.834565 -0.406737
v 0.456773 -0.791154 -0.406737
vn 0.456773 -0.791154 -0.406737
v 0.536969 -0.739074 -0.406737
vn 0.536969 -0.739074 -0.406737
v 0.611281 -0.678897 -0.406737
vn 0.611281 -0.678897 -0.406737
v 0.678897 -0.611281 -0.406737
vn 0.678897 -0.611281 -0.406737
v 0.739074 -0.536969 -0.406737
vn 0.739074 -0.536969 -0.406737
v 0.791154 -0.456773 -0.406737
vn 0.791154 -0.456773 -0.406737
v 0.834565 -0.371572 -0.406737
vn 0.834565 -0.371572 -0.406737
v 0.868833 -0.282301 -0.406737
vn 0.868833 -0.282301 -0.406737
v 0.893582 -0.189937 -0.406737
vn 0.893582 -0.189937 -0.406737
v 0.908541 -0.095492 -0.406737
vn 0.908541 -0.095492 -0.406737
v 0.891007 0.000000 -0.453990
vn 0.891007 0.000000 -0.453990
v 0.886125 0.093136 -0.453990
vn 0.886125 0.093136 -0.453990
v 0.871536 0.185251 -0.453990
vn 0.871536 0.185251 -0.453990
v 0.847398 0.275336 -0.453990
vn 0.847398 0.275336 -0.453990
v 0.813975 0.362405 -0.453990
vn 0.813975 0.362405 -0.453990
v 0.771634 0.445503 -0.453990
vn 0.771634 0.445503 -0.453990
v 0.720839 0.523720 -0.453990
vn 0.720839 0.523720 -0.453990
v 0.662147 0.596200 -0.453990
vn 0.662147 0.596200 -0.453990
v 0.596200 0.662147 -0.453990
vn 0.596200 0.662147 -0.453990
v 0.523720 0.720839 -0.453990
vn 0.523720 0.720839 -0.453990
v 0.445503 0.771634 -0.453990
vn 0.445503 0.771634 -0.453990
v 0.362405 0.813975 -0.453990
vn 0.362405 0.813975 -0.453990
v 0.275336 0.847398 -0.453990
vn 0.275336 0.847398 -0.453990
v 0.185251 0.871536 -0.453990
vn 0.185251 0.871536 -0.453990
v 0.093136 0.886125 -0.453990
vn 0.093136 0.886125 -0.453990
v 0.000000 0.891007 -0.453990
vn 0.000000 0.891007 -0.453990
v -0.093136 0.886125 -0.453990
vn -0.093136 0.886125 -0.453990
v -0.185251 0.871536 -0.453990
vn -0.185251 0.871536 -0.453990
v -0.275336 0.847398 -0.453990
vn -0.275336 0.847398 -0.453990
v -0.362405 0.813975 -0.453990
vn -0.362405 0.813975 -0.453990
v -0.445503 0.771634 -0.453990
vn -0.445503 0.771634 -0.453990
v -0.523720 0.720839 -0.453990
vn -0.523720 0.720839 -0.453990
v -0.596200 0.662147 -0.453990
vn -0.596200 0.662147 -0.453990
v -0.662147 0.596200 -0.453990
vn -0.662147 0.596200 -0.453990
v -0.720839 0.523720 -0.453990
vn -0.720839 0.523720 -0.453990
v -0.771634 0.445503 -0.453990
vn -0.771634 0.445503 -0.453990
v -0.813975 0.362405 -0.453990
vn -0.813975 0.362405 -0.453990
v -0.847398 0.275336 -0.453990
vn -0.847398 0.275336 -0.453990
v -0.871536 0.185251 -0.453990
vn -0.871536 0.185251 -0.453990
v -0.886125 0.093136 -0.453990
vn -0.886125 0.093136 -0.453990
v -0.891007 0.000000 -0.453990
vn -0.891007 0.000000 -0.453990
v -0.886125 -0.093136 -0.453990
vn -0.886125 -0.093136 -0.453990
v -0.871536 -0.185251 -0.453990
vn -0.871536 -0.185251 -0.453990
v -0.847398 -0.275336 -0.453990
vn -0.847398 -0.275336 -0.453990
v -0.813975 -0.362405 -0.453990
vn -0.813975 -0.362405 -0.453990
v -0.771634 -0.445503 -0.453990
vn -0.771634 -0.445503 -0.453990
v -0.720839 -0.523720 -0.453990
vn -0.720839 -0.523720 -0.453990
v -0.662147 -0.596200 -0.453990
vn -0.662147 -0.596200 -0.453990
v -0.596200 -0.662147 -0.453990
vn -0.596200 -0.662147 -0.453990
v -0.523720 -0.720839 -0.453990
vn -0.523720 -0.720839 -0.453990
v -0.445503 -0.771634 -0.453990
vn -0.445503 -0.771634 -0.453990
v -0.362405 -0.813975 -0.453990
vn -0.362405 -0.813975 -0.453990
v -0.275336 -0.847398 -0.453990
vn -0.275336 -0.847398 -0.453990
v -0.185251 -0.871536 -0.453990
vn -0.185251 -0.871536 -0.453990
v -0.093136 -0.886125 -0.453990
vn -0.093136 -0.886125 -0.453990
v -0.000000 -0.891007 -0.453990
vn -0.000000 -0.891007 -0.453990
v 0.093136 -0.886125 -0.453990
vn 0.093136 -0.886125 -0.453990
v 0.185251 -0.871536 -0.453990
vn 0.185251 -0.871536 -0.453990
v 0.275336 -0.847398 -0.453990
vn 0.275336 -0.847398 -0.453990
v 0.362405 -0.813975 -0.453990
vn 0.362405 -0.813975 -0.453990
v 0.445503 -0.771634 -0.453990
vn 0.445503 -0.771634 -0.453990
v 0.523720 -0.720839 -0.453990
vn 0.523720 -0.720839 -0.453990
v 0.596200 -0.662147 -0.453990
vn 0.596200 -0.662147 -0.453990
v 0.662147 -0.596200 -0.453990
vn 0.662147 -0.596200 -0.453990
v 0.720839 -0.523720 -0.453990
vn 0.720839 -0.523720 -0.453990
v 0.771634 -0.445503 -0.453990
vn 0.771634 -0.445503 -0.453990
v 0.813975 -0.362405 -0.453990
vn 0.813975 -0.362405 -0.453990
v 0.847398 -0.275336 -0.453990
vn 0.847398 -0.275336 -0.453990
v 0.871536 -0.185251 -0.453990
vn 0.871536 -0.185251 -0.453990
v 0.886125 -0.093136 -0.453990
vn 0.886125 -0.093136 -0.453990
v 0.866025 0.000000 -0.500000
vn 0.866025 0.000000 -0.500000
v 0.861281 0.090524 -0.500000
vn 0.861281 0.090524 -0.500000
v 0.847101 0.180057 -0.500000
vn 0.847101 0.180057 -0.500000
v 0.823639 0.267617 -0.500000
vn 0.823639 0.267617 -0.500000
v 0.791154 0.352244 -0.500000
vn 0.791154 0.352244 -0.500000
v 0.750000 0.433013 -0.500000
vn 0.750000 0.433013 -0.500000
v 0.700629 0.509037 -0.500000
vn 0.700629 0.509037 -0.500000
v 0.643582 0.579484 -0.500000
vn 0.643582 0.579484 -0.500000
v 0.579484 0.643582 -0.500000
vn 0.579484 0.643582 -0.500000
v 0.509037 0.700629 -0.500000
vn 0.509037 0.700629 -0.500000
v 0.433013 0.750000 -0.500000
vn 0.433013 0.750000 -0.500000
v 0.352244 0.791154 -0.500000
vn 0.352244 0.791154 -0.500000
v 0.267617 0.823639 -0.500000
vn 0.267617 0.823639 -0.500000
v 0.180057 0.847101 -0.500000
vn 0.180057 0.847101 -0.500000
v 0.090524 0.861281 -0.500000
vn 0.090524 0.861281 -0.500000
v 0.000000 0.866025 -0.500000
vn 0.000000 0.866025 -0.500000
v -0.090524 0.861281 -0.500000
vn -0.090524 0.861281 -0.500000
v -0.180057 0.847101 -0.500000
vn -0.180057 0.847101 -0.500000
v -0.267617 0.823639 -0.500000
vn -0.267617 0.823639 -0.500000
v -0.352244 0.791154 -0.500000
vn -0.352244 0.791154 -0.500000
v -0.433013 0.750000 -0.500000
vn -0.433013 0.750000 -0.500000
v -0.509037 0.700629 -0.500000
vn -0.509037 0.700629 -0.500000
v -0.579484 0.643582 -0.500000
vn -0.579484 0.643582 -0.500000
v -0.643582 0.579484 -0.500000
vn -0.643582 0.579484 -0.500000
v -0.700629 0.509037 -0.500000
vn -0.700629 0.509037 -0.500000
v -0.750000 0.433013 -0.500000
vn -0.750000 0.433013 -0.500000
v -0.791154 0.352244 -0.500000
vn -0.791154 0.352244 -0.500000
v -0.823639 0.267617 -0.500000
vn -0.823639 0.267617 -0.500000
v -0.847101 0.180057 -0.500000
vn -0.847101 0.180057 -0.500000
v -0.861281 0.090524 -0.500000
vn -0.861281 0.090524 -0.500000
v -0.866025 0.000000 -0.500000
vn -0.866025 0.000000 -0.500000
v -0.861281 -0.090524 -0.500000
vn -0.861281 -0.090524 -0.500000
v -0.847101 -0.180057 -0.500000
vn -0.847101 -0.180057 -0.500000
v -0.823639 -0.267617 -0.500000
vn -0.823639 -0.267617 -0.500000
v -0.791154 -0.352244 -0.500000
vn -0.791154 -0.352244 -0.500000
v -0.750000 -0.433013 -0.500000
vn -0.750000 -0.433013 -0.500000
v -0.700629 -0.509037 -0.500000
vn -0.700629 -0.509037 -0.500000
v -0.643582 -0.579484 -0.500000
vn -0.643582 -0.579484 -0.500000
v -0.579484 -0.643582 -0.500000
vn -0.579484 -0.643582 -0.500000
v -0.509037 -0.700629 -0.500000
vn -0.509037 -0.700629 -0.500000
v -0.433013 -0.750000 -0.500000
vn -0.433013 -0.750000 -0.500000
v -0.352244 -0.791154 -0.500000
vn -0.352244 -0.791154 -0.500000
v -0.267617 -0.823639 -0.500000
vn -0.267617 -0.823639 -0.500000
v -0.180057 -0.847101 -0.500000
vn -0.180057 -0.847101 -0.500000
v -0.090524 -0.861281 -0.500000
vn -0.090524 -0.861281 -0.500000
v -0.000000 -0.866025 -0.500000
vn -0.000000 -0.866025 -0.500000
v 0.090524 -0.861281 -0.500000
vn 0.090524 -0.861281 -0.500000
v 0.180057 -0.847101 -0.500000
vn 0.180057 -0.847101 -0.500000
v 0.267617 -0.823639 -0.500000
vn 0.267617 -0.823639 -0.500000
v 0.352244 -0.791154 -0.500000
vn 0.352244 -0.791154 -0.500000
v 0.433013 -0.750000 -0.500000
vn 0.433013 -0.750000 -0.500000
v 0.509037 -0.700629 -0.500000
vn 0.509037 -0.700629 -0.500000
v 0.579484 -0.643582 -0.500000
vn 0.579484 -0.643582 -0.500000
v 0.643582 -0.579484 -0.500000
vn 0.643582 -0.579484 -0.500000
v 0.700629 -0.509037 -0.500000
vn 0.700629 -0.509037 -0.500000
v 0.750000 -0.433013 -0.500000
vn 0.750000 -0.433013 -0.500000
v 0.791154 -0.352244 -0.500000
vn 0.791154 -0.352244 -0.500000
v 0.823639 -0.267617 -0.500000
vn 0.823639 -0.267617 -0.500000
v 0.847101 -0.180057 -0.500000
vn 0.847101 -0.180057 -0.500000
v 0.861281 -0.090524 -0.500000
vn 0.861281 -0.090524 -0.500000
v 0.838671 0.000000 -0.544639
vn 0.838671 0.000000 -0.544639
v 0.834076 0.087665 -0.544639
vn 0.834076 0.087665 -0.544639
v 0.820344 0.174369 -0.544639
vn 0.820344 0.174369 -0.544639
v 0.797623 0.259163 -0.544639
vn 0.797623 0.259163 -0.544639
v 0.766164 0.341118 -0.544639
vn 0.766164 0.341118 -0.544639
v 0.726310 0.419335 -0.544639
vn 0.726310 0.419335 -0.544639
v 0.678499 0.492958 -0.544639
vn 0.678499 0.492958 -0.544639
v 0.623254 0.561180 -0.544639
vn 0.623254 0.561180 -0.544639
v 0.561180 0.623254 -0.544639
vn 0.561180 0.623254 -0.544639
v 0.492958 0.678499 -0.544639
vn 0.492958 0.678499 -0.544639
v 0.419335 0.726310 -0.544639
vn 0.419335 0.726310 -0.544639
v 0.341118 0.766164 -0.544639
vn 0.341118 0.766164 -0.544639
v 0.259163 0.797623 -0.544639
vn 0.259163 0.797623 -0.544639
v 0.174369 0.820344 -0.544639
vn 0.174369 0.820344 -0.544639
v 0.087665 0.834076 -0.544639
vn 0.087665 0.834076 -0.544639
v 0.000000 0.838671 -0.544639
vn 0.000000 0.838671 -0.544639
v -0.087665 0.834076 -0.544639
vn -0.087665 0.834076 -0.544639
v -0.174369 0.820344 -0.544639
vn -0.174369 0.820344 -0.544639
v -0.259163 0.797623 -0.544639
vn -0.259163 0.797623 -0.544639
v -0.341118 0.766164 -0.544639
vn -0.341118 0.766164 -0.544639
v -0.419335 0.726310 -0.544639
vn -0.419335 0.726310 -0.544639
v -0.492958 0.678499 -0.544639
vn -0.492958 0.678499 -0.544639
v -0.561180 0.623254 -0.544639
vn -0.561180 0.623254 -0.544639
v -0.623254 0.561180 -0.544639
vn -0.623254 0.561180 -0.544639
v -0.678499 0.492958 -0.544639
vn -0.678499 0.492958 -0.544639
v -0.726310 0.419335 -0.544639
vn -0.726310 0.419335 -0.544639
v -0.766164 0.341118 -0.544639
vn -0.766164 0.341118 -0.544639
v -0.797623 0.259163 -0.544639
vn -0.797623 0.259163 -0.544639
v -0.820344 0.174369 -0.544639
vn -0.820344 0.174369 -0.544639
v -0.834076 0.087665 -0.544639
vn -0.834076 0.087665 -0.544639
v -0.838671 0.000000 -0.544639
vn -0.838671 0.000000 -0.544639
v -0.834076 -0.087665 -0.544639
vn -0.834076 -0.087665 -0.544639
v -0.820344 -0.174369 -0.544639
vn -0.820344 -0.174369 -0.544639
v -0.797623 -0.259163 -0.544639
vn -0.797623 -0.259163 -0.544639
v -0.766164 -0.341118 -0.544639
vn -0.766164 -0.341118 -0.544639
v -0.726310 -0.419335 -0.544639
vn -0.726310 -0.419335 -0.544639
v -0.678499 -0.492958 -0.544639
vn -0.678499 -0.492958 -0.544639
v -0.623254 -0.561180 -0.544639
vn -0.623254 -0.561180 -0.544639
v -0.561180 -0.623254 -0.544639
vn -0.561180 -0.623254 -0.544639
v -0.492958 -0.678499 -0.544639
vn -0.492958 -0.678499 -0.544639
v -0.419335 -0.726310 -0.544639
vn -0.419335 -0.726310 -0.544639
v -0.341118 -0.766164 -0.544639
vn -0.341118 -0.766164 -0.544639
v -0.259163 -0.797623 -0.544639
vn -0.259163 -0.797623 -0.544639
v -0.174369 -0.820344 -0.544639
vn -0.174369 -0.820344 -0.544639
v -0.087665 -0.834076 -0.544639
vn -0.087665 -0.834076 -0.544639
v -0.000000 -0.838671 -0.544639
vn -0.000000 -0.838671 -0.544639
v 0.087665 -0.834076 -0.544639
vn 0.087665 -0.834076 -0.544639
v 0.174369 -0.820344 -0.544639
vn 0.174369 -0.820344 -0.544639
v 0.259163 -0.797623 -0.544639
vn 0.259163 -0.797623 -0.544639
v 0.341118 -0.766164 -0.544639
vn 0.341118 -0.766164 -0.544639
v 0.419335 -0.726310 -0.544639
vn 0.419335 -0.726310 -0.544639
v 0.492958 -0.678499 -0.544639
vn 0.492958 -0.678499 -0.544639
v 0.561180 -0.623254 -0.544639
vn 0.561180 -0.623254 -0.544639
v 0.623254 -0.561180 -0.544639
vn 0.623254 -0.561180 -0.544639
v 0.678499 -0.492958 -0.544639
vn 0.678499 -0.492958 -0.544639
v 0.726310 -0.419335 -0.544639
vn 0.726310 -0.419335 -0.544639
v 0.766164 -0.341118 -0.544639
vn 0.766164 -0.341118 -0.544639
v 0.797623 -0.259163 -0.544639
vn 0.797623 -0.259163 -0.544639
v 0.820344 -0.174369 -0.544639
vn 0.820344 -0.174369 -0.544639
v 0.834076 -0.087665 -0.544639
vn 0.834076 -0.087665 -0.544639
v 0.809017 0.000000 -0.587785
vn 0.809017 0.000000 -0.587785
v 0.804585 0.084565 -0.587785
vn 0.804585 0.084565 -0.587785
v 0.791338 0.168204 -0.587785
vn 0.791338 0.168204 -0.587785
v 0.769421 0.250000 -0.587785
vn 0.769421 0.250000 -0.587785
v 0.739074 0.329057 -0.587785
vn 0.739074 0.329057 -0.587785
v 0.700629 0.404508 -0.587785
vn 0.700629 0.404508 -0.587785
v 0.654508 0.475528 -0.587785
vn 0.654508 0.475528 -0.587785
v 0.601217 0.541338 -0.587785
vn 0.601217 0.541338 -0.587785
v 0.541338 0.601217 -0.587785
vn 0.541338 0.601217 -0.587785
v 0.475528 0.654508 -0.587785
vn 0.475528 0.654508 -0.587785
v 0.404508 0.700629 -0.587785
vn 0.404508 0.700629 -0.587785
v 0.329057 0.739074 -0.587785
vn 0.329057 0.739074 -0.587785
v 0.250000 0.769421 -0.587785
vn 0.250000 0.769421 -0.587785
v 0.168204 0.791338 -0.587785
vn 0.168204 0.791338 -0.587785
v 0.084565 0.804585 -0.587785
vn 0.084565 0.804585 -0.587785
v 0.000000 0.809017 -0.587785
vn 0.000000 0.809017 -0.587785
v -0.084565 0.804585 -0.587785
vn -0.084565 0.804585 -0.587785
v -0.168204 0.791338 -0.587785
vn -0.168204 0.791338 -0.587785
v -0.250000 0.769421 -0.587785
vn -0.250000 0.769421 -0.587785
v -0.329057 0.739074 -0.587785
vn -0.329057 0.739074 -0.587785
v -0.404508 0.700629 -0.587785
vn -0.404508 0.700629 -0.587785
v -0.475528 0.654508 -0.587785
vn -0.475528 0.654508 -0.587785
v -0.541338 0.601217 -0.587785
vn -0.541338 0.601217 -0.587785
v -0.601217 0.541338 -0.587785
vn -0.601217 0.541338 -0.587785
v -0.654508 0.475528 -0.587785
vn -0.654508 0.475528 -0.587785
v -0.700629 0.404508 -0.587785
vn -0.700629 0.404508 -0.587785
v -0.739074 0.329057 -0.587785
vn -0.739074 0.329057 -0.587785
v -0.769421 0.250000 -0.587785
vn -0.769421 0.250000 -0.587785
v -0.791338 0.168204 -0.587785
vn -0.791338 0.168204 -0.587785
v -0.804585 0.084565 -0.587785
vn -0.804585 0.084565 -0.587785
v -0.809017 0.000000 -0.587785
vn -0.809017 0.000000 -0.587785
v -0.804585 -0.084565 -0.587785
vn -0.804585 -0.084565 -0.587785
v -0.791338 -0.168204 -0.587785
vn -0.791338 -0.168204 -0.587785
v -0.769421 -0.250000 -0.587785
vn -0.769421 -0.250000 -0.587785
v -0.739074 -0.329057 -0.587785
vn -0.739074 -0.329057 -0.587785
v -0.700629 -0.404508 -0.587785
vn -0.700629 -0.404508 -0.587785
v -0.654508 -0.475528 -0.587785
vn -0.654508 -0.475528 -0.587785
v -0.601217 -0.541338 -0.587785
vn -0.601217 -0.541338 -0.587785
v -0.541338 -0.601217 -0.587785
vn -0.541338 -0.601217 -0.587785
v -0.475528 -0.654508 -0.587785
vn -0.475528 -0.654508 -0.587785
v -0.404508 -0.700629 -0.587785
vn -0.404508 -0.700629 -0.587785
v -0.329057 -0.739074 -0.587785
vn -0.329057 -0.739074 -0.587785
v -0.250000 -0.769421 -0.587785
vn -0.250000 -0.769421 -0.587785
v -0.168204 -0.791338 -0.587785
vn -0.168204 -0.791338 -0.587785
v -0.084565 -0.804585 -0.587785
vn -0.084565 -0.804585 -0.587785
v -0.000000 -0.809017 -0.587785
vn -0.000000 -0.809017 -0.587785
v 0.084565 -0.804585 -0.587785
vn 0.084565 -0.804585 -0.587785
v 0.168204 -0.791338 -0.587785
vn 0.168204 -0.791338 -0.587785
v 0.250000 -0.769421 -0.587785
vn 0.250000 -0.769421 -0.587785
v 0.329057 -0.739074 -0.587785
vn 0.329057 -0.739074 -0.587785
v 0.404508 -0.700629 -0.587785
vn 0.404508 -0.700629 -0.587785
v 0.475528 -0.654508 -0.587785
vn 0.475528 -0.654508 -0.587785
v 0.541338 -0.601217 -0.587785
vn 0.541338 -0.601217 -0.587785
v 0.601217 -0.541338 -0.587785
vn 0.601217 -0.541338 -0.587785
v 0.654508 -0.475528 -0.587785
vn 0.654508 -0.475528 -0.587785
v 0.700629 -0.404508 -0.587785
vn 0.700629 -0.404508 -0.587785
v 0.739074 -0.329057 -0.587785
vn 0.739074 -0.329057 -0.587785
v 0.769421 -0.250000 -0.587785
vn 0.769421 -0.250000 -0.587785
v 0.791338 -0.168204 -0.587785
vn 0.791338 -0.168204 -0.587785
v 0.804585 -0.084565 -0.587785
vn 0.804585 -0.084565 -0.587785
v 0.777146 0.000000 -0.629320
vn 0.777146 0.000000 -0.629320
v 0.772889 0.081234 -0.629320
vn 0.772889 0.081234 -0.629320
v 0.760163 0.161578 -0.629320
vn 0.760163 0.161578 -0.629320
v 0.739110 0.240151 -0.629320
vn 0.739110 0.240151 -0.629320
v 0.709958 0.316094 -0.629320
vn 0.709958 0.316094 -0.629320
v 0.673028 0.388573 -0.629320
vn 0.673028 0.388573 -0.629320
v 0.628724 0.456795 -0.629320
vn 0.628724 0.456795 -0.629320
v 0.577532 0.520012 -0.629320
vn 0.577532 0.520012 -0.629320
v 0.520012 0.577532 -0.629320
vn 0.520012 0.577532 -0.629320
v 0.456795 0.628724 -0.629320
vn 0.456795 0.628724 -0.629320
v 0.388573 0.673028 -0.629320
vn 0.388573 0.673028 -0.629320
v 0.316094 0.709958 -0.629320
vn 0.316094 0.709958 -0.629320
v 0.240151 0.739110 -0.629320
vn 0.240151 0.739110 -0.629320
v 0.161578 0.760163 -0.629320
vn 0.161578 0.760163 -0.629320
v 0.081234 0.772889 -0.629320
vn 0.081234 0.772889 -0.629320
v 0.000000 0.777146 -0.629320
vn 0.000000 0.777146 -0.629320
v -0.081234 0.772889 -0.629320
vn -0.081234 0.772889 -0.629320
v -0.161578 0.760163 -0.629320
vn -0.161578 0.760163 -0.629320
v -0.240151 0.739110 -0.629320
vn -0.240151 0.739110 -0.629320
v -0.316094 0.709958 -0.629320
vn -0.316094 0.709958 -0.629320
v -0.388573 0.673028 -0.629320
vn -0.388573 0.673028 -0.629320
v -0.456795 0.628724 -0.629320
vn -0.456795 0.628724 -0.629320
v -0.520012 0.577532 -0.629320
vn -0.520012 0.577532 -0.629320
v -0.577532 0.520012 -0.629320
vn -0.577532 0.520012 -0.629320
v -0.628724 0.456795 -0.629320
vn -0.628724 0.456795 -0.629320
v -0.673028 0.388573 -0.629320
vn -0.673028 0.388573 -0.629320
v -0.709958 0.316094 -0.629320
vn -0.709958 0.316094 -0.629320
v -0.739110 0.240151 -0.629320
vn -0.739110 0.240151 -0.629320
v -0.760163 0.161578 -0.629320
vn -0.760163 0.161578 -0.629320
v -0.772889 0.081234 -0.629320
vn -0.772889 0.081234 -0.629320
v -0.777146 0.000000 -0.629320
vn -0.777146 0.000000 -0.629320
v -0.772889 -0.081234 -0.629320
vn -0.772889 -0.081234 -0.629320
v -0.760163 -0.161578 -0.629320
vn -0.760163 -0.161578 -0.629320
v -0.739110 -0.240151 -0.629320
vn -0.739110 -0.240151 -0.629320
v -0.709958 -0.316094 -0.629320
vn -0.709958 -0.316094 -0.629320
v -0.673028 -0.388573 -0.629320
vn -0.673028 -0.388573 -0.629320
v -0.628724 -0.456795 -0.629320
vn -0.628724 -0.456795 -0.629320
v -0.577532 -0.520012 -0.629320
vn -0.577532 -0.520012 -0.629320
v -0.520012 -0.577532 -0.629320
vn -0.520012 -0.577532 -0.629320
v -0.456795 -0.628724 -0.629320
vn -0.456795 -0.628724 -0.629320
v -0.388573 -0.673028 -0.629320
vn -0.388573 -0.673028 -0.629320
v -0.316094 -0.709958 -0.629320
vn -0.316094 -0.709958 -0.629320
v -0.240151 -0.739110 -0.629320
vn -0.240151 -0.739110 -0.629320
v -0.161578 -0.760163 -0.629320
vn -0.161578 -0.760163 -0.629320
v -0.081234 -0.772889 -0.629320
vn -0.081234 -0.772889 -0.629320
v -0.000000 -0.777146 -0.629320
vn -0.000000 -0.777146 -0.629320
v 0.081234 -0.772889 -0.629320
vn 0.081234 -0.772889 -0.629320
v 0.161578 -0.760163 -0.629320
vn 0.161578 -0.760163 -0.629320
v 0.240151 -0.739110 -0.629320
vn 0.240151 -0.739110 -0.629320
v 0.316094 -0.709958 -0.629320
vn 0.316094 -0.709958 -0.629320
v 0.388573 -0.673028 -0.629320
vn 0.388573 -0.673028 -0.629320
v 0.456795 -0.628724 -0.629320
vn 0.456795 -0.628724 -0.629320
v 0.520012 -0.577532 -0.629320
vn 0.520012 -0.577532 -0.629320
v 0.577532 -0.520012 -0.629320
vn 0.577532 -0.520012 -0.629320
v 0.628724 -0.456795 -0.629320
vn 0.628724 -0.456795 -0.629320
v 0.673028 -0.388573 -0.629320
vn 0.673028 -0.388573 -0.629320
v 0.709958 -0.316094 -0.629320
vn 0.709958 -0.316094 -0.629320
v 0.739110 -0.240151 -0.629320
vn 0.739110 -0.240151 -0.629320
v 0.760163 -0.161578 -0.629320
vn 0.760163 -0.161578 -0.629320
v 0.772889 -0.081234 -0.629320
vn 0.772889 -0.081234 -0.629320
v 0.743145 0.000000 -0.669131
vn 0.743145 0.000000 -0.669131
v 0.739074 0.077680 -0.669131
vn 0.739074 0.077680 -0.669131
v 0.726905 0.154508 -0.669131
vn 0.726905 0.154508 -0.669131
v 0.706773 0.229644 -0.669131
vn 0.706773 0.229644 -0.669131
v 0.678897 0.302264 -0.669131
vn 0.678897 0.302264 -0.669131
v 0.643582 0.371572 -0.669131
vn 0.643582 0.371572 -0.669131
v 0.601217 0.436810 -0.669131
vn 0.601217 0.436810 -0.669131
v 0.552264 0.497261 -0.669131
vn 0.552264 0.497261 -0.669131
v 0.497261 0.552264 -0.669131
vn 0.497261 0.552264 -0.669131
v 0.436810 0.601217 -0.669131
vn 0.436810 0.601217 -0.669131
v 0.371572 0.643582 -0.669131
vn 0.371572 0.643582 -0.669131
v 0.302264 0.678897 -0.669131
vn 0.302264 0.678897 -0.669131
v 0.229644 0.706773 -0.669131
vn 0.229644 0.706773 -0.669131
v 0.154508 0.726905 -0.669131
vn 0.154508 0.726905 -0.669131
v 0.077680 0.739074 -0.669131
vn 0.077680 0.739074 -0.669131
v 0.000000 0.743145 -0.669131
vn 0.000000 0.743145 -0.669131
v -0.077680 0.739074 -0.669131
vn -0.077680 0.739074 -0.669131
v -0.154508 0.726905 -0.669131
vn -0.154508 0.726905 -0.669131
v -0.229644 0.706773 -0.669131
vn -0.229644 0.706773 -0.669131
v -0.302264 0.678897 -0.669131
vn -0.302264 0.678897 -0.669131
v -0.371572 0.643582 -0.669131
vn -0.371572 0.643582 -0.669131
v -0.436810 0.601217 -0.669131
vn -0.436810 0.601217 -0.669131
v -0.497261 0.552264 -0.669131
vn -0.497261 0.552264 -0.669131
v -0.552264 0.497261 -0.669131
vn -0.552264 0.497261 -0.669131
v -0.601217 0.436810 -0.669131
vn -0.601217 0.436810 -0.669131
v -0.643582 0.371572 -0.669131
vn -0.643582 0.371572 -0.669131
v -0.678897 0.302264 -0.669131
vn -0.678897 0.302264 -0.669131
v -0.706773 0.229644 -0.669131
vn -0.706773 0.229644 -0.669131
v -0.726905 0.154508 -0.669131
vn -0.726905 0.154508 -0.669131
v -0.739074 0.077680 -0.669131
vn -0.739074 0.077680 -0.669131
v -0.743145 0.000000 -0.669131
vn -0.743145 0.000000 -0.669131
v -0.739074 -0.077680 -0.669131
vn -0.739074 -0.077680 -0.669131
v -0.726905 -0.154508 -0.669131
vn -0.726905 -0.154508 -0.669131
v -0.706773 -0.229644 -0.669131
vn -0.706773 -0.229644 -0.669131
v -0.678897 -0.302264 -0.669131
vn -0.678897 -0.302264 -0.669131
v -0.643582 -0.371572 -0.669131
vn -0.643582 -0.371572 -0.669131
v -0.601217 -0.436810 -0.669131
vn -0.601217 -0.436810 -0.669131
v -0.552264 -0.497261 -0.669131
vn -0.552264 -0.497261 -0.669131
v -0.497261 -0.552264 -0.669131
vn -0.497261 -0.552264 -0.669131
v -0.436810 -0.601217 -0.669131
vn -0.436810 -0.601217 -0.669131
v -0.371572 -0.643582 -0.669131
vn -0.371572 -0.643582 -0.669131
v -0.302264 -0.678897 -0.669131
vn -0.302264 -0.678897 -0.669131
v -0.229644 -0.706773 -0.669131
vn -0.229644 -0.706773 -0.669131
v -0.154508 -0.726905 -0.669131
vn -0.154508 -0.726905 -0.669131
v -0.077680 -0.739074 -0.669131
vn -0.077680 -0.739074 -0.669131
v -0.000000 -0.743145 -0.669131
vn -0.000000 -0.743145 -0.669131
v 0.077680 -0.739074 -0.669131
vn 0.077680 -0.739074 -0.669131
v 0.154508 -0.726905 -0.669131
vn 0.154508 -0.726905 -0.669131
v 0.229644 -0.706773 -0.669131
vn 0.229644 -0.706773 -0.669131
v 0.302264 -0.678897 -0.669131
vn 0.302264 -0.678897 -0.669131
v 0.371572 -0.643582 -0.669131
vn 0.371572 -0.643582 -0.669131
v 0.436810 -0.601217 -0.669131
vn 0.436810 -0.601217 -0.669131
v 0.497261 -0.552264 -0.669131
vn 0.497261 -0.552264 -0.669131
v 0.552264 -0.497261 -0.669131
vn 0.552264 -0.497261 -0.669131
v 0.601217 -0.436810 -0.669131
vn 0.601217 -0.436810 -0.669131
v 0.643582 -0.371572 -0.669131
vn 0.643582 -0.371572 -0.669131
v 0.678897 -0.302264 -0.669131
vn 0.678897 -0.302264 -0.669131
v 0.706773 -0.229644 -0.669131
vn 0.706773 -0.229644 -0.669131
v 0.726905 -0.154508 -0.669131
vn 0.726905 -0.154508 -0.669131
v 0.739074 -0.077680 -0.669131
vn 0.739074 -0.077680 -0.669131
v 0.707107 0.000000 -0.707107
vn 0.707107 0.000000 -0.707107
v 0.703233 0.073913 -0.707107
vn 0.703233 0.073913 -0.707107
v 0.691655 0.147016 -0.707107
vn 0.691655 0.147016 -0.707107
v 0.672499 0.218508 -0.707107
vn 0.672499 0.218508 -0.707107
v 0.645974 0.287606 -0.707107
vn 0.645974 0.287606 -0.707107
v 0.612372 0.353553 -0.707107
vn 0.612372 0.353553 -0.707107
v 0.572061 0.415627 -0.707107
vn 0.572061 0.415627 -0.707107
v 0.525483 0.473147 -0.707107
vn 0.525483 0.473147 -0.707107
v 0.473147 0.525483 -0.707107
vn 0.473147 0.525483 -0.707107
v 0.415627 0.572061 -0.707107
vn 0.415627 0.572061 -0.707107
v 0.353553 0.612372 -0.707107
vn 0.353553 0.612372 -0.707107
v 0.287606 0.645974 -0.707107
vn 0.287606 0.645974 -0.707107
v 0.218508 0.672499 -0.707107
vn 0.218508 0.672499 -0.707107
v 0.147016 0.691655 -0.707107
vn 0.147016 0.691655 -0.707107
v 0.073913 0.703233 -0.707107
vn 0.073913 0.703233 -0.707107
v 0.000000 0.707107 -0.707107
vn 0.000000 0.707107 -0.707107
v -0.073913 0.703233 -0.707107
vn -0.073913 0.703233 -0.707107
v -0.147016 0.691655 -0.707107
vn -0.147016 0.691655 -0.707107
v -0.218508 0.672499 -0.707107
vn -0.218508 0.672499 -0.707107
v -0.287606 0.645974 -0.707107
vn -0.287606 0.645974 -0.707107
v -0.353553 0.612372 -0.707107
vn -0.353553 0.612372 -0.707107
v -0.415627 0.572061 -0.707107
vn -0.415627 0.572061 -0.707107
v -0.473147 0.525483 -0.707107
vn -0.473147 0.525483 -0.707107
v -0.525483 0.473147 -0.707107
vn -0.525483 0.473147 -0.707107
v -0.572061 0.415627 -0.707107
vn -0.572061 0.415627 -0.707107
v -0.612372 0.353553 -0.707107
vn -0.612372 0.353553 -0.707107
v -0.645974 0.287606 -0.707107
vn -0.645974 0.287606 -0.707107
v -0.672499 0.218508 -0.707107
vn -0.672499 0.218508 -0.707107
v -0.691655 0.147016 -0.707107
vn -0.691655 0.147016 -0.707107
v -0.703233 0.073913 -0.707107
vn -0.703233 0.073913 -0.707107
v -0.707107 0.000000 -0.707107
vn -0.707107 0.000000 -0.707107
v -0.703233 -0.073913 -0.707107
vn -0.703233 -0.073913 -0.707107
v -0.691655 -0.147016 -0.707107
vn -0.691655 -0.147016 -0.707107
v -0.672499 -0.218508 -0.707107
vn -0.672499 -0.218508 -0.707107
v -0.645974 -0.287606 -0.707107
vn -0.645974 -0.287606 -0.707107
v -0.612372 -0.353553 -0.707107
vn -0.612372 -0.353553 -0.707107
v -0.572061 -0.415627 -0.707107
vn -0.572061 -0.415627 -0.707107
v -0.525483 -0.473147 -0.707107
vn -0.525483 -0.473147 -0.707107
v -0.473147 -0.525483 -0.707107
vn -0.473147 -0.525483 -0.707107
v -0.415627 -0.572061 -0.707107
vn -0.415627 -0.572061 -0.707107
v -0.353553 -0.612372 -0.707107
vn -0.353553 -0.612372 -0.707107
v -0.287606 -0.645974 -0.707107
vn -0.287606 -0.645974 -0.707107
v -0.218508 -0.672499 -0.707107
vn -0.218508 -0.672499 -0.707107
v -0.147016 -0.691655 -0.707107
vn -0.147016 -0.691655 -0.707107
v -0.073913 -0.703233 -0.707107
vn -0.073913 -0.703233 -0.707107
v -0.000000 -0.707107 -0.707107
vn -0.000000 -0.707107 -0.707107
v 0.073913 -0.703233 -0.707107
vn 0.073913 -0.703233 -0.707107
v 0.147016 -0.691655 -0.707107
vn 0.147016 -0.691655 -0.707107
v 0.218508 -0.672499 -0.707107
vn 0.218508 -0.672499 -0.707107
v 0.287606 -0.645974 -0.707107
vn 0.287606 -0.645974 -0.707107
v 0.353553 -0.612372 -0.707107
vn 0.353553 -0.612372 -0.707107
v 0.415627 -0.572061 -0.707107
vn 0.415627 -0.572061 -0.707107
v 0.473147 -0.525483 -0.707107
vn 0.473147 -0.525483 -0.707107
v 0.525483 -0.473147 -0.707107
vn 0.525483 -0.473147 -0.707107
v 0.572061 -0.415627 -0.707107
vn 0.572061 -0.415627 -0.707107
v 0.612372 -0.353553 -0.707107
vn 0.612372 -0.353553 -0.707107
v 0.645974 -0.287606 -0.707107
vn 0.645974 -0.287606 -0.707107
v 0.672499 -0.218508 -0.707107
vn 0.672499 -0.218508 -0.707107
v 0.691655 -0.147016 -0.707107
vn 0.691655 -0.147016 -0.707107
v 0.703233 -0.073913 -0.707107
vn 0.703233 -0.073913 -0.707107
v 0.669131 0.000000 -0.743145
vn 0.669131 0.000000 -0.743145
v 0.665465 0.069943 -0.743145
vn 0.665465 0.069943 -0.743145
v 0.654508 0.139120 -0.743145
vn 0.654508 0.139120 -0.743145
v 0.636381 0.206773 -0.743145
vn 0.636381 0.206773 -0.743145
v 0.611281 0.272160 -0.743145
vn 0.611281 0.272160 -0.743145
v 0.579484 0.334565 -0.743145
vn 0.579484 0.334565 -0.743145
v 0.541338 0.393305 -0.743145
vn 0.541338 0.393305 -0.743145
v 0.497261 0.447736 -0.743145
vn 0.497261 0.447736 -0.743145
v 0.447736 0.497261 -0.743145
vn 0.447736 0.497261 -0.743145
v 0.393305 0.541338 -0.743145
vn 0.393305 0.541338 -0.743145
v 0.334565 0.579484 -0.743145
vn 0.334565 0.579484 -0.743145
v 0.272160 0.611281 -0.743145
vn 0.272160 0.611281 -0.743145
v 0.206773 0.636381 -0.743145
vn 0.206773 0.636381 -0.743145
v 0.139120 0.654508 -0.743145
vn 0.139120 0.654508 -0.743145
v 0.069943 0.665465 -0.743145
vn 0.069943 0.665465 -0.743145
v 0.000000 0.669131 -0.743145
vn 0.000000 0.669131 -0.743145
v -0.069943 0.665465 -0.743145
vn -0.069943 0.665465 -0.743145
v -0.139120 0.654508 -0.743145
vn -0.139120 0.654508 -0.743145
v -0.206773 0.636381 -0.743145
vn -0.206773 0.636381 -0.743145
v -0.272160 0.611281 -0.743145
vn -0.272160 0.611281 -0.743145
v -0.334565 0.579484 -0.743145
vn -0.334565 0.579484 -0.743145
v -0.393305 0.541338 -0.743145
vn -0.393305 0.541338 -0.743145
v -0.447736 0.497261 -0.743145
vn -0.447736 0.497261 -0.743145
v -0.497261 0.447736 -0.743145
vn -0.497261 0.447736 -0.743145
v -0.541338 0.393305 -0.743145
vn -0.541338 0.393305 -0.743145
v -0.579484 0.334565 -0.743145
vn -0.579484 0.334565 -0.743145
v -0.611281 0.272160 -0.743145
vn -0.611281 0.272160 -0.743145
v -0.636381 0.206773 -0.743145
vn -0.636381 0.206773 -0.743145
v -0.654508 0.139120 -0.743145
vn -0.654508 0.139120 -0.743145
v -0.665465 0.069943 -0.743145
vn -0.665465 0.069943 -0.743145
v -0.669131 0.000000 -0.743145
vn -0.669131 0.000000 -0.743145
v -0.665465 -0.069943 -0.743145
vn -0.665465 -0.069943 -0.743145
v -0.654508 -0.139120 -0.743145
vn -0.654508 -0.139120 -0.743145
v -0.636381 -0.206773 -0.743145
vn -0.636381 -0.206773 -0.743145
v -0.611281 -0.272160 -0.743145
vn -0.611281 -0.272160 -0.743145
v -0.579484 -0.334565 -0.743145
vn -0.579484 -0.334565 -0.743145
v -0.541338 -0.393305 -0.743145
vn -0.541338 -0.393305 -0.743145
v -0.497261 -0.447736 -0.743145
vn -0.497261 -0.447736 -0.743145
v -0.447736 -0.497261 -0.743145
vn -0.447736 -0.497261 -0.743145
v -0.393305 -0.541338 -0.743145
vn -0.393305 -0.541338 -0.743145
v -0.334565 -0.579484 -0.743145
vn -0.334565 -0.579484 -0.743145
v -0.272160 -0.611281 -0.743145
vn -0.272160 -0.611281 -0.743145
v -0.206773 -0.636381 -0.743145
vn -0.206773 -0.636381 -0.743145
v -0.139120 -0.654508 -0.743145
vn -0.139120 -0.654508 -0.743145
v -0.069943 -0.665465 -0.743145
vn -0.069943 -0.665465 -0.743145
v -0.000000 -0.669131 -0.743145
vn -0.000000 -0.669131 -0.743145
v 0.069943 -0.665465 -0.743145
vn 0.069943 -0.665465 -0.743145
v 0.139120 -0.654508 -0.743145
vn 0.139120 -0.654508 -0.743145
v 0.206773 -0.636381 -0.743145
vn 0.206773 -0.636381 -0.743145
v 0.272160 -0.611281 -0.743145
vn 0.272160 -0.611281 -0.743145
v 0.334565 -0.579484 -0.743145
vn 0.334565 -0.579484 -0.743145
v 0.393305 -0.541338 -0.743145
vn 0.393305 -0.541338 -0.743145
v 0.447736 -0.497261 -0.743145
vn 0.447736 -0.497261 -0.743145
v 0.497261 -0.447736 -0.743145
vn 0.497261 -0.447736 -0.743145
v 0.541338 -0.393305 -0.743145
vn 0.541338 -0.393305 -0.743145
v 0.579484 -0.334565 -0.743145
vn 0.579484 -0.334565 -0.743145
v 0.611281 -0.272160 -0.743145
vn 0.611281 -0.272160 -0.743145
v 0.636381 -0.206773 -0.743145
vn 0.636381 -0.206773 -0.743145
v 0.654508 -0.139120 -0.743145
vn 0.654508 -0.139120 -0.743145
v 0.665465 -0.069943 -0.743145
vn 0.665465 -0.069943 -0.743145
v 0.629320 0.000000 -0.777146
vn 0.629320 0.000000 -0.777146
v 0.625873 0.065782 -0.777146
vn 0.625873 0.065782 -0.777146
v 0.615568 0.130843 -0.777146
vn 0.615568 0.130843 -0.777146
v 0.598519 0.194471 -0.777146
vn 0.598519 0.194471 -0.777146
v 0.574913 0.255968 -0.777146
vn 0.574913 0.255968 -0.777146
v 0.545007 0.314660 -0.777146
vn 0.545007 0.314660 -0.777146
v 0.509131 0.369905 -0.777146
vn 0.509131 0.369905 -0.777146
v 0.467676 0.421098 -0.777146
vn 0.467676 0.421098 -0.777146
v 0.421098 0.467676 -0.777146
vn 0.421098 0.467676 -0.777146
v 0.369905 0.509131 -0.777146
vn 0.369905 0.509131 -0.777146
v 0.314660 0.545007 -0.777146
vn 0.314660 0.545007 -0.777146
v 0.255968 0.574913 -0.777146
vn 0.255968 0.574913 -0.777146
v 0.194471 0.598519 -0.777146
vn 0.194471 0.598519 -0.777146
v 0.130843 0.615568 -0.777146
vn 0.130843 0.615568 -0.777146
v 0.065782 0.625873 -0.777146
vn 0.065782 0.625873 -0.777146
v 0.000000 0.629320 -0.777146
vn 0.000000 0.629320 -0.777146
v -0.065782 0.625873 -0.777146
vn -0.065782 0.625873 -0.777146
v -0.130843 0.615568 -0.777146
vn -0.130843 0.615568 -0.777146
v -0.194471 0.598519 -0.777146
vn -0.194471 0.598519 -0.777146
v -0.255968 0.574913 -0.777146
vn -0.255968 0.574913 -0.777146
v -0.314660 0.545007 -0.777146
vn -0.314660 0.545007 -0.777146
v -0.369905 0.509131 -0.777146
vn -0.369905 0.509131 -0.777146
v -0.421098 0.467676 -0.777146
vn -0.421098 0.467676 -0.777146
v -0.467676 0.421098 -0.777146
vn -0.467676 0.421098 -0.777146
v -0.509131 0.369905 -0.777146
vn -0.509131 0.369905 -0.777146
v -0.545007 0.314660 -0.777146
vn -0.545007 0.314660 -0.777146
v -0.574913 0.255968 -0.777146
vn -0.574913 0.255968 -0.777146
v -0.598519 0.194471 -0.777146
vn -0.598519 0.194471 -0.777146
v -0.615568 0.130843 -0.777146
vn -0.615568 0.130843 -0.777146
v -0.625873 0.065782 -0.777146
vn -0.625873 0.065782 -0.777146
v -0.629320 0.000000 -0.777146
vn -0.629320 0.000000 -0.777146
v -0.625873 -0.065782 -0.777146
vn -0.625873 -0.065782 -0.777146
v -0.615568 -0.130843 -0.777146
vn -0.615568 -0.130843 -0.777146
v -0.598519 -0.194471 -0.777146
vn -0.598519 -0.194471 -0.777146
v -0.574913 -0.255968 -0.777146
vn -0.574913 -0.255968 -0.777146
v -0.545007 -0.314660 -0.777146
vn -0.545007 -0.314660 -0.777146
v -0.509131 -0.369905 -0.777146
vn -0.509131 -0.369905 -0.777146
v -0.467676 -0.421098 -0.777146
vn -0.467676 -0.421098 -0.777146
v -0.421098 -0.467676 -0.777146
vn -0.421098 -0.467676 -0.777146
v -0.369905 -0.509131 -0.777146
vn -0.369905 -0.509131 -0.777146
v -0.314660 -0.545007 -0.777146
vn -0.314660 -0.545007 -0.777146
v -0.255968 -0.574913 -0.777146
vn -0.255968 -0.574913 -0.777146
v -0.194471 -0.598519 -0.777146
vn -0.194471 -0.598519 -0.777146
v -0.130843 -0.615568 -0.777146
vn -0.130843 -0.615568 -0.777146
v -0.065782 -0.625873 -0.777146
vn -0.065782 -0.625873 -0.777146
v -0.000000 -0.629320 -0.777146
vn -0.000000 -0.629320 -0.777146
v 0.065782 -0.625873 -0.777146
vn 0.065782 -0.625873 -0.777146
v 0.130843 -0.615568 -0.777146
vn 0.130843 -0.615568 -0.777146
v 0.194471 -0.598519 -0.777146
vn 0.194471 -0.598519 -0.777146
v 0.255968 -0.574913 -0.777146
vn 0.255968 -0.574913 -0.777146
v 0.314660 -0.545007 -0.777146
vn 0.314660 -0.545007 -0.777146
v 0.369905 -0.509131 -0.777146
vn 0.369905 -0.509131 -0.777146
v 0.421098 -0.467676 -0.777146
vn 0.421098 -0.467676 -0.777146
v 0.467676 -0.421098 -0.777146
vn 0.467676 -0.421098 -0.777146
v 0.509131 -0.369905 -0.777146
vn 0.509131 -0.369905 -0.777146
v 0.545007 -0.314660 -0.777146
vn 0.545007 -0.314660 -0.777146
v 0.574913 -0.255968 -0.777146
vn 0.574913 -0.255968 -0.777146
v 0.598519 -0.194471 -0.777146
vn 0.598519 -0.194471 -0.777146
v 0.615568 -0.130843 -0.777146
vn 0.615568 -0.130843 -0.777146
v 0.625873 -0.065782 -0.777146
vn 0.625873 -0.065782 -0.777146
v 0.587785 0.000000 -0.809017
vn 0.587785 0.000000 -0.809017
v 0.584565 0.061440 -0.809017
vn 0.584565 0.061440 -0.809017
v 0.574941 0.122207 -0.809017
vn 0.574941 0.122207 -0.809017
v 0.559017 0.181636 -0.809017
vn 0.559017 0.181636 -0.809017
v 0.536969 0.239074 -0.809017
vn 0.536969 0.239074 -0.809017
v 0.509037 0.293893 -0.809017
vn 0.509037 0.293893 -0.809017
v 0.475528 0.345492 -0.809017
vn 0.475528 0.345492 -0.809017
v 0.436810 0.393305 -0.809017
vn 0.436810 0.393305 -0.809017
v 0.393305 0.436810 -0.809017
vn 0.393305 0.436810 -0.809017
v 0.345492 0.475528 -0.809017
vn 0.345492 0.475528 -0.809017
v 0.293893 0.509037 -0.809017
vn 0.293893 0.509037 -0.809017
v 0.239074 0.536969 -0.809017
vn 0.239074 0.536969 -0.809017
v 0.181636 0.559017 -0.809017
vn 0.181636 0.559017 -0.809017
v 0.122207 0.574941 -0.809017
vn 0.122207 0.574941 -0.809017
v 0.061440 0.584565 -0.809017
vn 0.061440 0.584565 -0.809017
v 0.000000 0.587785 -0.809017
vn 0.000000 0.587785 -0.809017
v -0.061440 0.584565 -0.809017
vn -0.061440 0.584565 -0.809017
v -0.122207 0.574941 -0.809017
vn -0.122207 0.574941 -0.809017
v -0.181636 0.559017 -0.809017
vn -0.181636 0.559017 -0.809017
v -0.239074 0.536969 -0.809017
vn -0.239074 0.536969 -0.809017
v -0.293893 0.509037 -0.809017
vn -0.293893 0.509037 -0.809017
v -0.345492 0.475528 -0.809017
vn -0.345492 0.475528 -0.809017
v -0.393305 0.436810 -0.809017
vn -0.393305 0.436810 -0.809017
v -0.436810 0.393305 -0.809017
vn -0.436810 0.393305 -0.809017
v -0.475528 0.345492 -0.809017
vn -0.475528 0.345492 -0.809017
v -0.509037 0.293893 -0.809017
vn -0.509037 0.293893 -0.809017
v -0.536969 0.239074 -0.809017
vn -0.536969 0.239074 -0.809017
v -0.559017 0.181636 -0.809017
vn -0.559017 0.181636 -0.809017
v -0.574941 0.122207 -0.809017
vn -0.574941 0.122207 -0.809017
v -0.584565 0.061440 -0.809017
vn -0.584565 0.061440 -0.809017
v -0.587785 0.000000 -0.809017
vn -0.587785 0.000000 -0.809017
v -0.584565 -0.061440 -0.809017
vn -0.584565 -0.061440 -0.809017
v -0.574941 -0.122207 -0.809017
vn -0.574941 -0.122207 -0.809017
v -0.559017 -0.181636 -0.809017
vn -0.559017 -0.181636 -0.809017
v -0.536969 -0.239074 -0.809017
vn -0.536969 -0.239074 -0.809017
v -0.509037 -0.293893 -0.809017
vn -0.509037 -0.293893 -0.809017
v -0.475528 -0.345492 -0.809017
vn -0.475528 -0.345492 -0.809017
v -0.436810 -0.393305 -0.809017
vn -0.436810 -0.393305 -0.809017
v -0.393305 -0.436810 -0.809017
vn -0.393305 -0.436810 -0.809017
v -0.345492 -0.475528 -0.809017
vn -0.345492 -0.475528 -0.809017
v -0.293893 -0.509037 -0.809017
vn -0.293893 -0.509037 -0.809017
v -0.239074 -0.536969 -0.809017
vn -0.239074 -0.536969 -0.809017
v -0.181636 -0.559017 -0.809017
vn -0.181636 -0.559017 -0.809017
v -0.122207 -0.574941 -0.809017
vn -0.122207 -0.574941 -0.809017
v -0.061440 -0.584565 -0.809017
vn -0.061440 -0.584565 -0.809017
v -0.000000 -0.587785 -0.809017
vn -0.000000 -0.587785 -0.809017
v 0.061440 -0.584565 -0.809017
vn 0.061440 -0.584565 -0.809017
v 0.122207 -0.574941 -0.809017
vn 0.122207 -0.574941 -0.809017
v 0.181636 -0.559017 -0.809017
vn 0.181636 -0.559017 -0.809017
v 0.239074 -0.536969 -0.809017
vn 0.239074 -0.536969 -0.809017
v 0.293893 -0.509037 -0.809017
vn 0.293893 -0.509037 -0.809017
v 0.345492 -0.475528 -0.809017
vn 0.345492 -0.475528 -0.809017
v 0.393305 -0.436810 -0.809017
vn 0.393305 -0.436810 -0.809017
v 0.436810 -0.393305 -0.809017
vn 0.436810 -0.393305 -0.809017
v 0.475528 -0.345492 -0.809017
vn 0.475528 -0.345492 -0.809017
v 0.509037 -0.293893 -0.809017
vn 0.509037 -0.293893 -0.809017
v 0.536969 -0.239074 -0.809017
vn 0.536969 -0.239074 -0.809017
v 0.559017 -0.181636 -0.809017
vn 0.559017 -0.181636 -0.809017
v 0.574941 -0.122207 -0.809017
vn 0.574941 -0.122207 -0.809017
v 0.584565 -0.061440 -0.809017
vn 0.584565 -0.061440 -0.809017
v 0.544639 0.000000 -0.838671
vn 0.544639 0.000000 -0.838671
v 0.541655 0.056930 -0.838671
vn 0.541655 0.056930 -0.838671
v 0.532737 0.113237 -0.838671
vn 0.532737 0.113237 -0.838671
v 0.517983 0.168303 -0.838671
vn 0.517983 0.168303 -0.838671
v 0.497553 0.221525 -0.838671
vn 0.497553 0.221525 -0.838671
v 0.471671 0.272320 -0.838671
vn 0.471671 0.272320 -0.838671
v 0.440622 0.320131 -0.838671
vn 0.440622 0.320131 -0.838671
v 0.404746 0.364435 -0.838671
vn 0.404746 0.364435 -0.838671
v 0.364435 0.404746 -0.838671
vn 0.364435 0.404746 -0.838671
v 0.320131 0.440622 -0.838671
vn 0.320131 0.440622 -0.838671
v 0.272320 0.471671 -0.838671
vn 0.272320 0.471671 -0.838671
v 0.221525 0.497553 -0.838671
vn 0.221525 0.497553 -0.838671
v 0.168303 0.517983 -0.838671
vn 0.168303 0.517983 -0.838671
v 0.113237 0.532737 -0.838671
vn 0.113237 0.532737 -0.838671
v 0.056930 0.541655 -0.838671
vn 0.056930 0.541655 -0.838671
v 0.000000 0.544639 -0.838671
vn 0.000000 0.544639 -0.838671
v -0.056930 0.541655 -0.838671
vn -0.056930 0.541655 -0.838671
v -0.113237 0.532737 -0.838671
vn -0.113237 0.532737 -0.838671
v -0.168303 0.517983 -0.838671
vn -0.168303 0.517983 -0.838671
v -0.221525 0.497553 -0.838671
vn -0.221525 0.497553 -0.838671
v -0.272320 0.471671 -0.838671
vn -0.272320 0.471671 -0.838671
v -0.320131 0.440622 -0.838671
vn -0.320131 0.440622 -0.838671
v -0.364435 0.404746 -0.838671
vn -0.364435 0.404746 -0.838671
v -0.404746 0.364435 -0.838671
vn -0.404746 0.364435 -0.838671
v -0.440622 0.320131 -0.838671
vn -0.440622 0.320131 -0.838671
v -0.471671 0.272320 -0.838671
vn -0.471671 0.272320 -0.838671
v -0.497553 0.221525 -0.838671
vn -0.497553 0.221525 -0.838671
v -0.517983 0.168303 -0.838671
vn -0.517983 0.168303 -0.838671
v -0.532737 0.113237 -0.838671
vn -0.532737 0.113237 -0.838671
v -0.541655 0.056930 -0.838671
vn -0.541655 0.056930 -0.838671
v -0.544639 0.000000 -0.838671
vn -0.544639 0.000000 -0.838671
v -0.541655 -0.056930 -0.838671
vn -0.541655 -0.056930 -0.838671
v -0.532737 -0.113237 -0.838671
vn -0.532737 -0.113237 -0.838671
v -0.517983 -0.168303 -0.838671
vn -0.517983 -0.168303 -0.838671
v -0.497553 -0.221525 -0.838671
vn -0.497553 -0.221525 -0.838671
v -0.471671 -0.272320 -0.838671
vn -0.471671 -0.272320 -0.838671
v -0.440622 -0.320131 -0.838671
vn -0.440622 -0.320131 -0.838671
v -0.404746 -0.364435 -0.838671
vn -0.404746 -0.364435 -0.838671
v -0.364435 -0.404746 -0.838671
vn -0.364435 -0.404746 -0.838671
v -0.320131 -0.440622 -0.838671
vn -0.320131 -0.440622 -0.838671
v -0.272320 -0.471671 -0.838671
vn -0.272320 -0.471671 -0.838671
v -0.221525 -0.497553 -0.838671
vn -0.221525 -0.497553 -0.838671
v -0.168303 -0.517983 -0.838671
vn -0.168303 -0.517983 -0.838671
v -0.113237 -0.532737 -0.838671
vn -0.113237 -0.532737 -0.838671
v -0.056930 -0.541655 -0.838671
vn -0.056930 -0.541655 -0.838671
v -0.000000 -0.544639 -0.838671
vn -0.000000 -0.544639 -0.838671
v 0.056930 -0.541655 -0.838671
vn 0.056930 -0.541655 -0.838671
v 0.113237 -0.532737 -0.838671
vn 0.113237 -0.532737 -0.838671
v 0.168303 -0.517983 -0.838671
vn 0.168303 -0.517983 -0.838671
v 0.221525 -0.497553 -0.838671
vn 0.221525 -0.497553 -0.838671
v 0.272320 -0.471671 -0.838671
vn 0.272320 -0.471671 -0.838671
v 0.320131 -0.440622 -0.838671
vn 0.320131 -0.440622 -0.838671
v 0.364435 -0.404746 -0.838671
vn 0.364435 -0.404746 -0.838671
v 0.404746 -0.364435 -0.838671
vn 0.404746 -0.364435 -0.838671
v 0.440622 -0.320131 -0.838671
vn 0.440622 -0.320131 -0.838671
v 0.471671 -0.272320 -0.838671
vn 0.471671 -0.272320 -0.838671
v 0.497553 -0.221525 -0.838671
vn 0.497553 -0.221525 -0.838671
v 0.517983 -0.168303 -0.838671
vn 0.517983 -0.168303 -0.838671
v 0.532737 -0.113237 -0.838671
vn 0.532737 -0.113237 -0.838671
v 0.541655 -0.056930 -0.838671
vn 0.541655 -0.056930 -0.838671
v 0.500000 0.000000 -0.866025
vn 0.500000 0.000000 -0.866025
v 0.497261 0.052264 -0.866025
vn 0.497261 0.052264 -0.866025
v 0.489074 0.103956 -0.866025
vn 0.489074 0.103956 -0.866025
v 0.475528 0.154508 -0.866025
vn 0.475528 0.154508 -0.866025
v 0.456773 0.203368 -0.866025
vn 0.456773 0.203368 -0.866025
v 0.433013 0.250000 -0.866025
vn 0.433013 0.250000 -0.866025
v 0.404508 0.293893 -0.866025
vn 0.404508 0.293893 -0.866025
v 0.371572 0.334565 -0.866025
vn 0.371572 0.334565 -0.866025
v 0.334565 0.371572 -0.866025
vn 0.334565 0.371572 -0.866025
v 0.293893 0.404508 -0.866025
vn 0.293893 0.404508 -0.866025
v 0.250000 0.433013 -0.866025
vn 0.250000 0.433013 -0.866025
v 0.203368 0.456773 -0.866025
vn 0.203368 0.456773 -0.866025
v 0.154508 0.475528 -0.866025
vn 0.154508 0.475528 -0.866025
v 0.103956 0.489074 -0.866025
vn 0.103956 0.489074 -0.866025
v 0.052264 0.497261 -0.866025
vn 0.052264 0.497261 -0.866025
v 0.000000 0.500000 -0.866025
vn 0.000000 0.500000 -0.866025
v -0.052264 0.497261 -0.866025
vn -0.052264 0.497261 -0.866025
v -0.103956 0.489074 -0.866025
vn -0.103956 0.489074 -0.866025
v -0.154508 0.475528 -0.866025
vn -0.154508 0.475528 -0.866025
v -0.203368 0.456773 -0.866025
vn -0.203368 0.456773 -0.866025
v -0.250000 0.433013 -0.866025
vn -0.250000 0.433013 -0.866025
v -0.293893 0.404508 -0.866025
vn -0.293893 0.404508 -0.866025
v -0.334565 0.371572 -0.866025
vn -0.334565 0.371572 -0.866025
v -0.371572 0.334565 -0.866025
vn -0.371572 0.334565 -0.866025
v -0.404508 0.293893 -0.866025
vn -0.404508 0.293893 -0.866025
v -0.433013 0.250000 -0.866025
vn -0.433013 0.250000 -0.866025
v -0.456773 0.203368 -0.866025
vn -0.456773 0.203368 -0.866025
v -0.475528 0.154508 -0.866025
vn -0.475528 0.154508 -0.866025
v -0.489074 0.103956 -0.866025
vn -0.489074 0.103956 -0.866025
v -0.497261 0.052264 -0.866025
vn -0.497261 0.052264 -0.866025
v -0.500000 0.000000 -0.866025
vn -0.500000 0.000000 -0.866025
v -0.497261 -0.052264 -0.866025
vn -0.497261 -0.052264 -0.866025
v -0.489074 -0.103956 -0.866025
vn -0.489074 -0.103956 -0.866025
v -0.475528 -0.154508 -0.866025
vn -0.475528 -0.154508 -0.866025
v -0.456773 -0.203368 -0.866025
vn -0.456773 -0.203368 -0.866025
v -0.433013 -0.250000 -0.866025
vn -0.433013 -0.250000 -0.866025
v -0.404508 -0.293893 -0.866025
vn -0.404508 -0.293893 -0.866025
v -0.371572 -0.334565 -0.866025
vn -0.371572 -0.334565 -0.866025
v -0.334565 -0.371572 -0.866025
vn -0.334565 -0.371572 -0.866025
v -0.293893 -0.404508 -0.866025
vn -0.293893 -0.404508 -0.866025
v -0.250000 -0.433013 -0.866025
vn -0.250000 -0.433013 -0.866025
v -0.203368 -0.456773 -0.866025
vn -0.203368 -0.456773 -0.866025
v -0.154508 -0.475528 -0.866025
vn -0.154508 -0.475528 -0.866025
v -0.103956 -0.489074 -0.866025
vn -0.103956 -0.489074 -0.866025
v -0.052264 -0.497261 -0.866025
vn -0.052264 -0.497261 -0.866025
v -0.000000 -0.500000 -0.866025
vn -0.000000 -0.500000 -0.866025
v 0.052264 -0.497261 -0.866025
vn 0.052264 -0.497261 -0.866025
v 0.103956 -0.489074 -0.866025
vn 0.103956 -0.489074 -0.866025
v 0.154508 -0.475528 -0.866025
vn 0.154508 -0.475528 -0.866025
v 0.203368 -0.456773 -0.866025
vn 0.203368 -0.456773 -0.866025
v 0.250000 -0.433013 -0.866025
vn 0.250000 -0.433013 -0.866025
v 0.293893 -0.404508 -0.866025
vn 0.293893 -0.404508 -0.866025
v 0.334565 -0.371572 -0.866025
vn 0.334565 -0.371572 -0.866025
v 0.371572 -0.334565 -0.866025
vn 0.371572 -0.334565 -0.866025
v 0.404508 -0.293893 -0.866025
vn 0.404508 -0.293893 -0.866025
v 0.433013 -0.250000 -0.866025
vn 0.433013 -0.250000 -0.866025
v 0.456773 -0.203368 -0.866025
vn 0.456773 -0.203368 -0.866025
v 0.475528 -0.154508 -0.866025
vn 0.475528 -0.154508 -0.866025
v 0.489074 -0.103956 -0.866025
vn 0.489074 -0.103956 -0.866025
v 0.497261 -0.052264 -0.866025
vn 0.497261 -0.052264 -0.866025
v 0.453990 0.000000 -0.891007
vn 0.453990 0.000000 -0.891007
v 0.451503 0.047455 -0.891007
vn 0.451503 0.047455 -0.891007
v 0.444070 0.094390 -0.891007
vn 0.444070 0.094390 -0.891007
v 0.431771 0.140291 -0.891007
vn 0.431771 0.140291 -0.891007
v 0.414741 0.184655 -0.891007
vn 0.414741 0.184655 -0.891007
v 0.393167 0.226995 -0.891007
vn 0.393167 0.226995 -0.891007
v 0.367286 0.266849 -0.891007
vn 0.367286 0.266849 -0.891007
v 0.337381 0.303779 -0.891007
vn 0.337381 0.303779 -0.891007
v 0.303779 0.337381 -0.891007
vn 0.303779 0.337381 -0.891007
v 0.266849 0.367286 -0.891007
vn 0.266849 0.367286 -0.891007
v 0.226995 0.393167 -0.891007
vn 0.226995 0.393167 -0.891007
v 0.184655 0.414741 -0.891007
vn 0.184655 0.414741 -0.891007
v 0.140291 0.431771 -0.891007
vn 0.140291 0.431771 -0.891007
v 0.094390 0.444070 -0.891007
vn 0.094390 0.444070 -0.891007
v 0.047455 0.451503 -0.891007
vn 0.047455 0.451503 -0.891007
v 0.000000 0.453990 -0.891007
vn 0.000000 0.453990 -0.891007
v -0.047455 0.451503 -0.891007
vn -0.047455 0.451503 -0.891007
v -0.094390 0.444070 -0.891007
vn -0.094390 0.444070 -0.891007
v -0.140291 0.431771 -0.891007
vn -0.140291 0.431771 -0.891007
v -0.184655 0.414741 -0.891007
vn -0.184655 0.414741 -0.891007
v -0.226995 0.393167 -0.891007
vn -0.226995 0.393167 -0.891007
v -0.266849 0.367286 -0.891007
vn -0.266849 0.367286 -0.891007
v -0.303779 0.337381 -0.891007
vn -0.303779 0.337381 -0.891007
v -0.337381 0.303779 -0.891007
vn -0.337381 0.303779 -0.891007
v -0.367286 0.266849 -0.891007
vn -0.367286 0.266849 -0.891007
v -0.393167 0.226995 -0.891007
vn -0.393167 0.226995 -0.891007
v -0.414741 0.184655 -0.891007
vn -0.414741 0.184655 -0.891007
v -0.431771 0.140291 -0.891007
vn -0.431771 0.140291 -0.891007
v -0.444070 0.094390 -0.891007
vn -0.444070 0.094390 -0.891007
v -0.451503 0.047455 -0.891007
vn -0.451503 0.047455 -0.891007
v -0.453990 0.000000 -0.891007
vn -0.453990 0.000000 -0.891007
v -0.451503 -0.047455 -0.891007
vn -0.451503 -0.047455 -0.891007
v -0.444070 -0.094390 -0.891007
vn -0.444070 -0.094390 -0.891007
v -0.431771 -0.140291 -0.891007
vn -0.431771 -0.140291 -0.891007
v -0.414741 -0.184655 -0.891007
vn -0.414741 -0.184655 -0.891007
v -0.393167 -0.226995 -0.891007
vn -0.393167 -0.226995 -0.891007
v -0.367286 -0.266849 -0.891007
vn -0.367286 -0.266849 -0.891007
v -0.337381 -0.303779 -0.891007
vn -0.337381 -0.303779 -0.891007
v -0.303779 -0.337381 -0.891007
vn -0.303779 -0.337381 -0.891007
v -0.266849 -0.367286 -0.891007
vn -0.266849 -0.367286 -0.891007
v -0.226995 -0.393167 -0.891007
vn -0.226995 -0.393167 -0.891007
v -0.184655 -0.414741 -0.891007
vn -0.184655 -0.414741 -0.891007
v -0.140291 -0.431771 -0.891007
vn -0.140291 -0.431771 -0.891007
v -0.094390 -0.444070 -0.891007
vn -0.094390 -0.444070 -0.891007
v -0.047455 -0.451503 -0.891007
vn -0.047455 -0.451503 -0.891007
v -0.000000 -0.453990 -0.891007
vn -0.000000 -0.453990 -0.891007
v 0.047455 -0.451503 -0.891007
vn 0.047455 -0.451503 -0.891007
v 0.094390 -0.444070 -0.891007
vn 0.094390 -0.444070 -0.891007
v 0.140291 -0.431771 -0.891007
vn 0.140291 -0.431771 -0.891007
v 0.184655 -0.414741 -0.891007
vn 0.184655 -0.414741 -0.891007
v 0.226995 -0.393167 -0.891007
vn 0.226995 -0.393167 -0.891007
v 0.266849 -0.367286 -0.891007
vn 0.266849 -0.367286 -0.891007
v 0.303779 -0.337381 -0.891007
vn 0.303779 -0.337381 -0.891007
v 0.337381 -0.303779 -0.891007
vn 0.337381 -0.303779 -0.891007
v 0.367286 -0.266849 -0.891007
vn 0.367286 -0.266849 -0.891007
v 0.393167 -0.226995 -0.891007
vn 0.393167 -0.226995 -0.891007
v 0.414741 -0.184655 -0.891007
vn 0.414741 -0.184655 -0.891007
v 0.431771 -0.140291 -0.891007
vn 0.431771 -0.140291 -0.891007
v 0.444070 -0.094390 -0.891007
vn 0.444070 -0.094390 -0.891007
v 0.451503 -0.047455 -0.891007
vn 0.451503 -0.047455 -0.891007
v 0.406737 0.000000 -0.913545
vn 0.406737 0.000000 -0.913545
v 0.404508 0.042516 -0.913545
vn 0.404508 0.042516 -0.913545
v 0.397848 0.084565 -0.913545
vn 0.397848 0.084565 -0.913545
v 0.386830 0.125689 -0.913545
vn 0.386830 0.125689 -0.913545
v 0.371572 0.165435 -0.913545
vn 0.371572 0.165435 -0.913545
v 0.352244 0.203368 -0.913545
vn 0.352244 0.203368 -0.913545
v 0.329057 0.239074 -0.913545
vn 0.329057 0.239074 -0.913545
v 0.302264 0.272160 -0.913545
vn 0.302264 0.272160 -0.913545
v 0.272160 0.302264 -0.913545
vn 0.272160 0.302264 -0.913545
v 0.239074 0.329057 -0.913545
vn 0.239074 0.329057 -0.913545
v 0.203368 0.352244 -0.913545
vn 0.203368 0.352244 -0.913545
v 0.165435 0.371572 -0.913545
vn 0.165435 0.371572 -0.913545
v 0.125689 0.386830 -0.913545
vn 0.125689 0.386830 -0.913545
v 0.084565 0.397848 -0.913545
vn 0.084565 0.397848 -0.913545
v 0.042516 0.404508 -0.913545
vn 0.042516 0.404508 -0.913545
v 0.000000 0.406737 -0.913545
vn 0.000000 0.406737 -0.913545
v -0.042516 0.404508 -0.913545
vn -0.042516 0.404508 -0.913545
v -0.084565 0.397848 -0.913545
vn -0.084565 0.397848 -0.913545
v -0.125689 0.386830 -0.913545
vn -0.125689 0.386830 -0.913545
v -0.165435 0.371572 -0.913545
vn -0.165435 0.371572 -0.913545
v -0.203368 0.352244 -0.913545
vn -0.203368 0.352244 -0.913545
v -0.239074 0.329057 -0.913545
vn -0.239074 0.329057 -0.913545
v -0.272160 0.302264 -0.913545
vn -0.272160 0.302264 -0.913545
v -0.302264 0.272160 -0.913545
vn -0.302264 0.272160 -0.913545
v -0.329057 0.239074 -0.913545
vn -0.329057 0.239074 -0.913545
v -0.352244 0.203368 -0.913545
vn -0.352244 0.203368 -0.913545
v -0.371572 0.165435 -0.913545
vn -0.371572 0.165435 -0.913545
v -0.386830 0.125689 -0.913545
vn -0.386830 0.125689 -0.913545
v -0.397848 0.084565 -0.913545
vn -0.397848 0.084565 -0.913545
v -0.404508 0.042516 -0.913545
vn -0.404508 0.042516 -0.913545
v -0.406737 0.000000 -0.913545
vn -0.406737 0.000000 -0.913545
v -0.404508 -0.042516 -0.913545
vn -0.404508 -0.042516 -0.913545
v -0.397848 -0.084565 -0.913545
vn -0.397848 -0.084565 -0.913545
v -0.386830 -0.125689 -0.913545
vn -0.386830 -0.125689 -0.913545
v -0.371572 -0.165435 -0.913545
vn -0.371572 -0.165435 -0.913545
v -0.352244 -0.203368 -0.913545
vn -0.352244 -0.203368 -0.913545
v -0.329057 -0.239074 -0.913545
vn -0.329057 -0.239074 -0.913545
v -0.302264 -0.272160 -0.913545
vn -0.302264 -0.272160 -0.913545
v -0.272160 -0.302264 -0.913545
vn -0.272160 -0.302264 -0.913545
v -0.239074 -0.329057 -0.913545
vn -0.239074 -0.329057 -0.913545
v -0.203368 -0.352244 -0.913545
vn -0.203368 -0.352244 -0.913545
v -0.165435 -0.371572 -0.913545
vn -0.165435 -0.371572 -0.913545
v -0.125689 -0.386830 -0.913545
vn -0.125689 -0.386830 -0.913545
v -0.084565 -0.397848 -0.913545
vn -0.084565 -0.397848 -0.913545
v -0.042516 -0.404508 -0.913545
vn -0.042516 -0.404508 -0.913545
v -0.000000 -0.406737 -0.913545
vn -0.000000 -0.406737 -0.913545
v 0.042516 -0.404508 -0.913545
vn 0.042516 -0.404508 -0.913545
v 0.084565 -0.397848 -0.913545
vn 0.084565 -0.397848 -0.913545
v 0.125689 -0.386830 -0.913545
vn 0.125689 -0.386830 -0.913545
v 0.165435 -0.371572 -0.913545
vn 0.165435 -0.371572 -0.913545
v 0.203368 -0.352244 -0.913545
vn 0.203368 -0.352244 -0.913545
v 0.239074 -0.329057 -0.913545
vn 0.239074 -0.329057 -0.913545
v 0.272160 -0.302264 -0.913545
vn 0.272160 -0.302264 -0.913545
v 0.302264 -0.272160 -0.913545
vn 0.302264 -0.272160 -0.913545
v 0.329057 -0.239074 -0.913545
vn 0.329057 -0.239074 -0.913545
v 0.352244 -0.203368 -0.913545
vn 0.352244 -0.203368 -0.913545
v 0.371572 -0.165435 -0.913545
vn 0.371572 -0.165435 -0.913545
v 0.386830 -0.125689 -0.913545
vn 0.386830 -0.125689 -0.913545
v 0.397848 -0.084565 -0.913545
vn 0.397848 -0.084565 -0.913545
v 0.404508 -0.042516 -0.913545
vn 0.404508 -0.042516 -0.913545
v 0.358368 0.000000 -0.933580
vn 0.358368 0.000000 -0.933580
v 0.356405 0.037460 -0.933580
vn 0.356405 0.037460 -0.933580
v 0.350537 0.074509 -0.933580
vn 0.350537 0.074509 -0.933580
v 0.340828 0.110742 -0.933580
vn 0.340828 0.110742 -0.933580
v 0.327385 0.145761 -0.933580
vn 0.327385 0.145761 -0.933580
v 0.310356 0.179184 -0.933580
vn 0.310356 0.179184 -0.933580
v 0.289926 0.210643 -0.933580
vn 0.289926 0.210643 -0.933580
v 0.266319 0.239795 -0.933580
vn 0.266319 0.239795 -0.933580
v 0.239795 0.266319 -0.933580
vn 0.239795 0.266319 -0.933580
v 0.210643 0.289926 -0.933580
vn 0.210643 0.289926 -0.933580
v 0.179184 0.310356 -0.933580
vn 0.179184 0.310356 -0.933580
v 0.145761 0.327385 -0.933580
vn 0.145761 0.327385 -0.933580
v 0.110742 0.340828 -0.933580
vn 0.110742 0.340828 -0.933580
v 0.074509 0.350537 -0.933580
vn 0.074509 0.350537 -0.933580
v 0.037460 0.356405 -0.933580
vn 0.037460 0.356405 -0.933580
v 0.000000 0.358368 -0.933580
vn 0.000000 0.358368 -0.933580
v -0.037460 0.356405 -0.933580
vn -0.037460 0.356405 -0.933580
v -0.074509 0.350537 -0.933580
vn -0.074509 0.350537 -0.933580
v -0.110742 0.340828 -0.933580
vn -0.110742 0.340828 -0.933580
v -0.145761 0.327385 -0.933580
vn -0.145761 0.327385 -0.933580
v -0.179184 0.310356 -0.933580
vn -0.179184 0.310356 -0.933580
v -0.210643 0.289926 -0.933580
vn -0.210643 0.289926 -0.933580
v -0.239795 0.266319 -0.933580
vn -0.239795 0.266319 -0.933580
v -0.266319 0.239795 -0.933580
vn -0.266319 0.239795 -0.933580
v -0.289926 0.210643 -0.933580
vn -0.289926 0.210643 -0.933580
v -0.310356 0.179184 -0.933580
vn -0.310356 0.179184 -0.933580
v -0.327385 0.145761 -0.933580
vn -0.327385 0.145761 -0.933580
v -0.340828 0.110742 -0.933580
vn -0.340828 0.110742 -0.933580
v -0.350537 0.074509 -0.933580
vn -0.350537 0.074509 -0.933580
v -0.356405 0.037460 -0.933580
vn -0.356405 0.037460 -0.933580
v -0.358368 0.000000 -0.933580
vn -0.358368 0.000000 -0.933580
v -0.356405 -0.037460 -0.933580
vn -0.356405 -0.037460 -0.933580
v -0.350537 -0.074509 -0.933580
vn -0.350537 -0.074509 -0.933580
v -0.340828 -0.110742 -0.933580
vn -0.340828 -0.110742 -0.933580
v -0.327385 -0.145761 -0.933580
vn -0.327385 -0.145761 -0.933580
v -0.310356 -0.179184 -0.933580
vn -0.310356 -0.179184 -0.933580
v -0.289926 -0.210643 -0.933580
vn -0.289926 -0.210643 -0.933580
v -0.266319 -0.239795 -0.933580
vn -0.266319 -0.239795 -0.933580
v -0.239795 -0.266319 -0.933580
vn -0.239795 -0.266319 -0.933580
v -0.210643 -0.289926 -0.933580
vn -0.210643 -0.289926 -0.933580
v -0.179184 -0.310356 -0.933580
vn -0.179184 -0.310356 -0.933580
v -0.145761 -0.327385 -0.933580
vn -0.145761 -0.327385 -0.933580
v -0.110742 -0.340828 -0.933580
vn -0.110742 -0.340828 -0.933580
v -0.074509 -0.350537 -0.933580
vn -0.074509 -0.350537 -0.933580
v -0.037460 -0.356405 -0.933580
vn -0.037460 -0.356405 -0.933580
v -0.000000 -0.358368 -0.933580
vn -0.000000 -0.358368 -0.933580
v 0.037460 -0.356405 -0.933580
vn 0.037460 -0.356405 -0.933580
v 0.074509 -0.350537 -0.933580
vn 0.074509 -0.350537 -0.933580
v 0.110742 -0.340828 -0.933580
vn 0.110742 -0.340828 -0.933580
v 0.145761 -0.327385 -0.933580
vn 0.145761 -0.327385 -0.933580
v 0.179184 -0.310356 -0.933580
vn 0.179184 -0.310356 -0.933580
v 0.210643 -0.289926 -0.933580
vn 0.210643 -0.289926 -0.933580
v 0.239795 -0.266319 -0.933580
vn 0.239795 -0.266319 -0.933580
v 0.266319 -0.239795 -0.933580
vn 0.266319 -0.239795 -0.933580
v 0.289926 -0.210643 -0.933580
vn 0.289926 -0.210643 -0.933580
v 0.310356 -0.179184 -0.933580
vn 0.310356 -0.179184 -0.933580
v 0.327385 -0.145761 -0.933580
vn 0.327385 -0.145761 -0.933580
v 0.340828 -0.110742 -0.933580
vn 0.340828 -0.110742 -0.933580
v 0.350537 -0.074509 -0.933580
vn 0.350537 -0.074509 -0.933580
v 0.356405 -0.037460 -0.933580
vn 0.356405 -0.037460 -0.933580
v 0.309017 0.000000 -0.951057
vn 0.309017 0.000000 -0.951057
v 0.307324 0.032301 -0.951057
vn 0.307324 0.032301 -0.951057
v 0.302264 0.064248 -0.951057
vn 0.302264 0.064248 -0.951057
v 0.293893 0.095492 -0.951057
vn 0.293893 0.095492 -0.951057
v 0.282301 0.125689 -0.951057
vn 0.282301 0.125689 -0.951057
v 0.267617 0.154508 -0.951057
vn 0.267617 0.154508 -0.951057
v 0.250000 0.181636 -0.951057
vn 0.250000 0.181636 -0.951057
v 0.229644 0.206773 -0.951057
vn 0.229644 0.206773 -0.951057
v 0.206773 0.229644 -0.951057
vn 0.206773 0.229644 -0.951057
v 0.181636 0.250000 -0.951057
vn 0.181636 0.250000 -0.951057
v 0.154508 0.267617 -0.951057
vn 0.154508 0.267617 -0.951057
v 0.125689 0.282301 -0.951057
vn 0.125689 0.282301 -0.951057
v 0.095492 0.293893 -0.951057
vn 0.095492 0.293893 -0.951057
v 0.064248 0.302264 -0.951057
vn 0.064248 0.302264 -0.951057
v 0.032301 0.307324 -0.951057
vn 0.032301 0.307324 -0.951057
v 0.000000 0.309017 -0.951057
vn 0.000000 0.309017 -0.951057
v -0.032301 0.307324 -0.951057
vn -0.032301 0.307324 -0.951057
v -0.064248 0.302264 -0.951057
vn -0.064248 0.302264 -0.951057
v -0.095492 0.293893 -0.951057
vn -0.095492 0.293893 -0.951057
v -0.125689 0.282301 -0.951057
vn -0.125689 0.282301 -0.951057
v -0.154508 0.267617 -0.951057
vn -0.154508 0.267617 -0.951057
v -0.181636 0.250000 -0.951057
vn -0.181636 0.250000 -0.951057
v -0.206773 0.229644 -0.951057
vn -0.206773 0.229644 -0.951057
v -0.229644 0.206773 -0.951057
vn -0.229644 0.206773 -0.951057
v -0.250000 0.181636 -0.951057
vn -0.250000 0.181636 -0.951057
v -0.267617 0.154508 -0.951057
vn -0.267617 0.154508 -0.951057
v -0.282301 0.125689 -0.951057
vn -0.282301 0.125689 -0.951057
v -0.293893 0.095492 -0.951057
vn -0.293893 0.095492 -0.951057
v -0.302264 0.064248 -0.951057
vn -0.302264 0.064248 -0.951057
v -0.307324 0.032301 -0.951057
vn -0.307324 0.032301 -0.951057
v -0.309017 0.000000 -0.951057
vn -0.309017 0.000000 -0.951057
v -0.307324 -0.032301 -0.951057
vn -0.307324 -0.032301 -0.951057
v -0.302264 -0.064248 -0.951057
vn -0.302264 -0.064248 -0.951057
v -0.293893 -0.095492 -0.951057
vn -0.293893 -0.095492 -0.951057
v -0.282301 -0.125689 -0.951057
vn -0.282301 -0.125689 -0.951057
v -0.267617 -0.154508 -0.951057
vn -0.267617 -0.154508 -0.951057
v -0.250000 -0.181636 -0.951057
vn -0.250000 -0.181636 -0.951057
v -0.229644 -0.206773 -0.951057
vn -0.229644 -0.206773 -0.951057
v -0.206773 -0.229644 -0.951057
vn -0.206773 -0.229644 -0.951057
v -0.181636 -0.250000 -0.951057
vn -0.181636 -0.250000 -0.951057
v -0.154508 -0.267617 -0.951057
vn -0.154508 -0.267617 -0.951057
v -0.125689 -0.282301 -0.951057
vn -0.125689 -0.282301 -0.951057
v -0.095492 -0.293893 -0.951057
vn -0.095492 -0.293893 -0.951057
v -0.064248 -0.302264 -0.951057
vn -0.064248 -0.302264 -0.951057
v -0.032301 -0.307324 -0.951057
vn -0.032301 -0.307324 -0.951057
v -0.000000 -0.309017 -0.951057
vn -0.000000 -0.309017 -0.951057
v 0.032301 -0.307324 -0.951057
vn 0.032301 -0.307324 -0.951057
v 0.064248 -0.302264 -0.951057
vn 0.064248 -0.302264 -0.951057
v 0.095492 -0.293893 -0.951057
vn 0.095492 -0.293893 -0.951057
v 0.125689 -0.282301 -0.951057
vn 0.125689 -0.282301 -0.951057
v 0.154508 -0.267617 -0.951057
vn 0.154508 -0.267617 -0.951057
v 0.181636 -0.250000 -0.951057
vn 0.181636 -0.250000 -0.951057
v 0.206773 -0.229644 -0.951057
vn 0.206773 -0.229644 -0.951057
v 0.229644 -0.206773 -0.951057
vn 0.229644 -0.206773 -0.951057
v 0.250000 -0.181636 -0.951057
vn 0.250000 -0.181636 -0.951057
v 0.267617 -0.154508 -0.951057
vn 0.267617 -0.154508 -0.951057
v 0.282301 -0.125689 -0.951057
vn 0.282301 -0.125689 -0.951057
v 0.293893 -0.095492 -0.951057
vn 0.293893 -0.095492 -0.951057
v 0.302264 -0.064248 -0.951057
vn 0.302264 -0.064248 -0.951057
v 0.307324 -0.032301 -0.951057
vn 0.307324 -0.032301 -0.951057
v 0.258819 0.000000 -0.965926
vn 0.258819 0.000000 -0.965926
v 0.257401 0.027054 -0.965926
vn 0.257401 0.027054 -0.965926
v 0.253163 0.053812 -0.965926
vn 0.253163 0.053812 -0.965926
v 0.246152 0.079979 -0.965926
vn 0.246152 0.079979 -0.965926
v 0.236443 0.105271 -0.965926
vn 0.236443 0.105271 -0.965926
v 0.224144 0.129410 -0.965926
vn 0.224144 0.129410 -0.965926
v 0.209389 0.152130 -0.965926
vn 0.209389 0.152130 -0.965926
v 0.192340 0.173184 -0.965926
vn 0.192340 0.173184 -0.965926
v 0.173184 0.192340 -0.965926
vn 0.173184 0.192340 -0.965926
v 0.152130 0.209389 -0.965926
vn 0.152130 0.209389 -0.965926
v 0.129410 0.224144 -0.965926
vn 0.129410 0.224144 -0.965926
v 0.105271 0.236443 -0.965926
vn 0.105271 0.236443 -0.965926
v 0.079979 0.246152 -0.965926
vn 0.079979 0.246152 -0.965926
v 0.053812 0.253163 -0.965926
vn 0.053812 0.253163 -0.965926
v 0.027054 0.257401 -0.965926
vn 0.027054 0.257401 -0.965926
v 0.000000 0.258819 -0.965926
vn 0.000000 0.258819 -0.965926
v -0.027054 0.257401 -0.965926
vn -0.027054 0.257401 -0.965926
v -0.053812 0.253163 -0.965926
vn -0.053812 0.253163 -0.965926
v -0.079979 0.246152 -0.965926
vn -0.079979 0.246152 -0.965926
v -0.105271 0.236443 -0.965926
vn -0.105271 0.236443 -0.965926
v -0.129410 0.224144 -0.965926
vn -0.129410 0.224144 -0.965926
v -0.152130 0.209389 -0.965926
vn -0.152130 0.209389 -0.965926
v -0.173184 0.192340 -0.965926
vn -0.173184 0.192340 -0.965926
v -0.192340 0.173184 -0.965926
vn -0.192340 0.173184 -0.965926
v -0.209389 0.152130 -0.965926
vn -0.209389 0.152130 -0.965926
v -0.224144 0.129410 -0.965926
vn -0.224144 0.129410 -0.965926
v -0.236443 0.105271 -0.965926
vn -0.236443 0.105271 -0.965926
v -0.246152 0.079979 -0.965926
vn -0.246152 0.079979 -0.965926
v -0.253163 0.053812 -0.965926
vn -0.253163 0.053812 -0.965926
v -0.257401 0.027054 -0.965926
vn -0.257401 0.027054 -0.965926
v -0.258819 0.000000 -0.965926
vn -0.258819 0.000000 -0.965926
v -0.257401 -0.027054 -0.965926
vn -0.257401 -0.027054 -0.965926
v -0.253163 -0.053812 -0.965926
vn -0.253163 -0.053812 -0.965926
v -0.246152 -0.079979 -0.965926
vn -0.246152 -0.079979 -0.965926
v -0.236443 -0.105271 -0.965926
vn -0.236443 -0.105271 -0.965926
v -0.224144 -0.129410 -0.965926
vn -0.224144 -0.129410 -0.965926
v -0.209389 -0.152130 -0.965926
vn -0.209389 -0.152130 -0.965926
v -0.192340 -0.173184 -0.965926
vn -0.192340 -0.173184 -0.965926
v -0.173184 -0.192340 -0.965926
vn -0.173184 -0.192340 -0.965926
v -0.152130 -0.209389 -0.965926
vn -0.152130 -0.209389 -0.965926
v -0.129410 -0.224144 -0.965926
vn -0.129410 -0.224144 -0.965926
v -0.105271 -0.236443 -0.965926
vn -0.105271 -0.236443 -0.965926
v -0.079979 -0.246152 -0.965926
vn -0.079979 -0.246152 -0.965926
v -0.053812 -0.253163 -0.965926
vn -0.053812 -0.253163 -0.965926
v -0.027054 -0.257401 -0.965926
vn -0.027054 -0.257401 -0.965926
v -0.000000 -0.258819 -0.965926
vn -0.000000 -0.258819 -0.965926
v 0.027054 -0.257401 -0.965926
vn 0.027054 -0.257401 -0.965926
v 0.053812 -0.253163 -0.965926
vn 0.053812 -0.253163 -0.965926
v 0.079979 -0.246152 -0.965926
vn 0.079979 -0.246152 -0.965926
v 0.105271 -0.236443 -0.965926
vn 0.105271 -0.236443 -0.965926
v 0.129410 -0.224144 -0.965926
vn 0.129410 -0.224144 -0.965926
v 0.152130 -0.209389 -0.965926
vn 0.152130 -0.209389 -0.965926
v 0.173184 -0.192340 -0.965926
vn 0.173184 -0.192340 -0.965926
v 0.192340 -0.173184 -0.965926
vn 0.192340 -0.173184 -0.965926
v 0.209389 -0.152130 -0.965926
vn 0.209389 -0.152130 -0.965926
v 0.224144 -0.129410 -0.965926
vn 0.224144 -0.129410 -0.965926
v 0.236443 -0.105271 -0.965926
vn 0.236443 -0.105271 -0.965926
v 0.246152 -0.079979 -0.965926
vn 0.246152 -0.079979 -0.965926
v 0.253163 -0.053812 -0.965926
vn 0.253163 -0.053812 -0.965926
v 0.257401 -0.027054 -0.965926
vn 0.257401 -0.027054 -0.965926
v 0.207912 0.000000 -0.978148
vn 0.207912 0.000000 -0.978148
v 0.206773 0.021733 -0.978148
vn 0.206773 0.021733 -0.978148
v 0.203368 0.043227 -0.978148
vn 0.203368 0.043227 -0.978148
v 0.197736 0.064248 -0.978148
vn 0.197736 0.064248 -0.978148
v 0.189937 0.084565 -0.978148
vn 0.189937 0.084565 -0.978148
v 0.180057 0.103956 -0.978148
vn 0.180057 0.103956 -0.978148
v 0.168204 0.122207 -0.978148
vn 0.168204 0.122207 -0.978148
v 0.154508 0.139120 -0.978148
vn 0.154508 0.139120 -0.978148
v 0.139120 0.154508 -0.978148
vn 0.139120 0.154508 -0.978148
v 0.122207 0.168204 -0.978148
vn 0.122207 0.168204 -0.978148
v 0.103956 0.180057 -0.978148
vn 0.103956 0.180057 -0.978148
v 0.084565 0.189937 -0.978148
vn 0.084565 0.189937 -0.978148
v 0.064248 0.197736 -0.978148
vn 0.064248 0.197736 -0.978148
v 0.043227 0.203368 -0.978148
vn 0.043227 0.203368 -0.978148
v 0.021733 0.206773 -0.978148
vn 0.021733 0.206773 -0.978148
v 0.000000 0.207912 -0.978148
vn 0.000000 0.207912 -0.978148
v -0.021733 0.206773 -0.978148
vn -0.021733 0.206773 -0.978148
v -0.043227 0.203368 -0.978148
vn -0.043227 0.203368 -0.978148
v -0.064248 0.197736 -0.978148
vn -0.064248 0.197736 -0.978148
v -0.084565 0.189937 -0.978148
vn -0.084565 0.189937 -0.978148
v -0.103956 0.180057 -0.978148
vn -0.103956 0.180057 -0.978148
v -0.122207 0.168204 -0.978148
vn -0.122207 0.168204 -0.978148
v -0.139120 0.154508 -0.978148
vn -0.139120 0.154508 -0.978148
v -0.154508 0.139120 -0.978148
vn -0.154508 0.139120 -0.978148
v -0.168204 0.122207 -0.978148
vn -0.168204 0.122207 -0.978148
v -0.180057 0.103956 -0.978148
vn -0.180057 0.103956 -0.978148
v -0.189937 0.084565 -0.978148
vn -0.189937 0.084565 -0.978148
v -0.197736 0.064248 -0.978148
vn -0.197736 0.064248 -0.978148
v -0.203368 0.043227 -0.978148
vn -0.203368 0.043227 -0.978148
v -0.206773 0.021733 -0.978148
vn -0.206773 0.021733 -0.978148
v -0.207912 0.000000 -0.978148
vn -0.207912 0.000000 -0.978148
v -0.206773 -0.021733 -0.978148
vn -0.206773 -0.021733 -0.978148
v -0.203368 -0.043227 -0.978148
vn -0.203368 -0.043227 -0.978148
v -0.197736 -0.064248 -0.978148
vn -0.197736 -0.064248 -0.978148
v -0.189937 -0.084565 -0.978148
vn -0.189937 -0.084565 -0.978148
v -0.180057 -0.103956 -0.978148
vn -0.180057 -0.103956 -0.978148
v -0.168204 -0.122207 -0.978148
vn -0.168204 -0.122207 -0.978148
v -0.154508 -0.139120 -0.978148
vn -0.154508 -0.139120 -0.978148
v -0.139120 -0.154508 -0.978148
vn -0.139120 -0.154508 -0.978148
v -0.122207 -0.168204 -0.978148
vn -0.122207 -0.168204 -0.978148
v -0.103956 -0.180057 -0.978148
vn -0.103956 -0.180057 -0.978148
v -0.084565 -0.189937 -0.978148
vn -0.084565 -0.189937 -0.978148
v -0.064248 -0.197736 -0.978148
vn -0.064248 -0.197736 -0.978148
v -0.043227 -0.203368 -0.978148
vn -0.043227 -0.203368 -0.978148
v -0.021733 -0.206773 -0.978148
vn -0.021733 -0.206773 -0.978148
v -0.000000 -0.207912 -0.978148
vn -0.000000 -0.207912 -0.978148
v 0.021733 -0.206773 -0.978148
vn 0.021733 -0.206773 -0.978148
v 0.043227 -0.203368 -0.978148
vn 0.043227 -0.203368 -0.978148
v 0.064248 -0.197736 -0.978148
vn 0.064248 -0.197736 -0.978148
v 0.084565 -0.189937 -0.978148
vn 0.084565 -0.189937 -0.978148
v 0.103956 -0.180057 -0.978148
vn 0.103956 -0.180057 -0.978148
v 0.122207 -0.168204 -0.978148
vn 0.122207 -0.168204 -0.978148
v 0.139120 -0.154508 -0.978148
vn 0.139120 -0.154508 -0.978148
v 0.154508 -0.139120 -0.978148
vn 0.154508 -0.139120 -0.978148
v 0.168204 -0.122207 -0.978148
vn 0.168204 -0.122207 -0.978148
v 0.180057 -0.103956 -0.978148
vn 0.180057 -0.103956 -0.978148
v 0.189937 -0.084565 -0.978148
vn 0.189937 -0.084565 -0.978148
v 0.197736 -0.064248 -0.978148
vn 0.197736 -0.064248 -0.978148
v 0.203368 -0.043227 -0.978148
vn 0.203368 -0.043227 -0.978148
v 0.206773 -0.021733 -0.978148
vn 0.206773 -0.021733 -0.978148
v 0.156434 0.000000 -0.987688
vn 0.156434 0.000000 -0.987688
v 0.155578 0.016352 -0.987688
vn 0.155578 0.016352 -0.987688
v 0.153016 0.032525 -0.987688
vn 0.153016 0.032525 -0.987688
v 0.148778 0.048341 -0.987688
vn 0.148778 0.048341 -0.987688
v 0.142910 0.063628 -0.987688
vn 0.142910 0.063628 -0.987688
v 0.135476 0.078217 -0.987688
vn 0.135476 0.078217 -0.987688
v 0.126558 0.091950 -0.987688
vn 0.126558 0.091950 -0.987688
v 0.116253 0.104675 -0.987688
vn 0.116253 0.104675 -0.987688
v 0.104675 0.116253 -0.987688
vn 0.104675 0.116253 -0.987688
v 0.091950 0.126558 -0.987688
vn 0.091950 0.126558 -0.987688
v 0.078217 0.135476 -0.987688
vn 0.078217 0.135476 -0.987688
v 0.063628 0.142910 -0.987688
vn 0.063628 0.142910 -0.987688
v 0.048341 0.148778 -0.987688
vn 0.048341 0.148778 -0.987688
v 0.032525 0.153016 -0.987688
vn 0.032525 0.153016 -0.987688
v 0.016352 0.155578 -0.987688
vn 0.016352 0.155578 -0.987688
v 0.000000 0.156434 -0.987688
vn 0.000000 0.156434 -0.987688
v -0.016352 0.155578 -0.987688
vn -0.016352 0.155578 -0.987688
v -0.032525 0.153016 -0.987688
vn -0.032525 0.153016 -0.987688
v -0.048341 0.148778 -0.987688
vn -0.048341 0.148778 -0.987688
v -0.063628 0.142910 -0.987688
vn -0.063628 0.142910 -0.987688
v -0.078217 0.135476 -0.987688
vn -0.078217 0.135476 -0.987688
v -0.091950 0.126558 -0.987688
vn -0.091950 0.126558 -0.987688
v -0.104675 0.116253 -0.987688
vn -0.104675 0.116253 -0.987688
v -0.116253 0.104675 -0.987688
vn -0.116253 0.104675 -0.987688
v -0.126558 0.091950 -0.987688
vn -0.126558 0.091950 -0.987688
v -0.135476 0.078217 -0.987688
vn -0.135476 0.078217 -0.987688
v -0.142910 0.063628 -0.987688
vn -0.142910 0.063628 -0.987688
v -0.148778 0.048341 -0.987688
vn -0.148778 0.048341 -0.987688
v -0.153016 0.032525 -0.987688
vn -0.153016 0.032525 -0.987688
v -0.155578 0.016352 -0.987688
vn -0.155578 0.016352 -0.987688
v -0.156434 0.000000 -0.987688
vn -0.156434 0.000000 -0.987688
v -0.155578 -0.016352 -0.987688
vn -0.155578 -0.016352 -0.987688
v -0.153016 -0.032525 -0.987688
vn -0.153016 -0.032525 -0.987688
v -0.148778 -0.048341 -0.987688
vn -0.148778 -0.048341 -0.987688
v -0.142910 -0.063628 -0.987688
vn -0.142910 -0.063628 -0.987688
v -0.135476 -0.078217 -0.987688
vn -0.135476 -0.078217 -0.987688
v -0.126558 -0.091950 -0.987688
vn -0.126558 -0.091950 -0.987688
v -0.116253 -0.104675 -0.987688
vn -0.116253 -0.104675 -0.987688
v -0.104675 -0.116253 -0.987688
vn -0.104675 -0.116253 -0.987688
v -0.091950 -0.126558 -0.987688
vn -0.091950 -0.126558 -0.987688
v -0.078217 -0.135476 -0.987688
vn -0.078217 -0.135476 -0.987688
v -0.063628 -0.142910 -0.987688
vn -0.063628 -0.142910 -0.987688
v -0.048341 -0.148778 -0.987688
vn -0.048341 -0.148778 -0.987688
v -0.032525 -0.153016 -0.987688
vn -0.032525 -0.153016 -0.987688
v -0.016352 -0.155578 -0.987688
vn -0.016352 -0.155578 -0.987688
v -0.000000 -0.156434 -0.987688
vn -0.000000 -0.156434 -0.987688
v 0.016352 -0.155578 -0.987688
vn 0.016352 -0.155578 -0.987688
v 0.032525 -0.153016 -0.987688
vn 0.032525 -0.153016 -0.987688
v 0.048341 -0.148778 -0.987688
vn 0.048341 -0.148778 -0.987688
v 0.063628 -0.142910 -0.987688
vn 0.063628 -0.142910 -0.987688
v 0.078217 -0.135476 -0.987688
vn 0.078217 -0.135476 -0.987688
v 0.091950 -0.126558 -0.987688
vn 0.091950 -0.126558 -0.987688
v 0.104675 -0.116253 -0.987688
vn 0.104675 -0.116253 -0.987688
v 0.116253 -0.104675 -0.987688
vn 0.116253 -0.104675 -0.987688
v 0.126558 -0.091950 -0.987688
vn 0.126558 -0.091950 -0.987688
v 0.135476 -0.078217 -0.987688
vn 0.135476 -0.078217 -0.987688
v 0.142910 -0.063628 -0.987688
vn 0.142910 -0.063628 -0.987688
v 0.148778 -0.048341 -0.987688
vn 0.148778 -0.048341 -0.987688
v 0.153016 -0.032525 -0.987688
vn 0.153016 -0.032525 -0.987688
v 0.155578 -0.016352 -0.987688
vn 0.155578 -0.016352 -0.987688
v 0.104528 0.000000 -0.994522
vn 0.104528 0.000000 -0.994522
v 0.103956 0.010926 -0.994522
vn 0.103956 0.010926 -0.994522
v 0.102244 0.021733 -0.994522
vn 0.102244 0.021733 -0.994522
v 0.099412 0.032301 -0.994522
vn 0.099412 0.032301 -0.994522
v 0.095492 0.042516 -0.994522
vn 0.095492 0.042516 -0.994522
v 0.090524 0.052264 -0.994522
vn 0.090524 0.052264 -0.994522
v 0.084565 0.061440 -0.994522
vn 0.084565 0.061440 -0.994522
v 0.077680 0.069943 -0.994522
vn 0.077680 0.069943 -0.994522
v 0.069943 0.077680 -0.994522
vn 0.069943 0.077680 -0.994522
v 0.061440 0.084565 -0.994522
vn 0.061440 0.084565 -0.994522
v 0.052264 0.090524 -0.994522
vn 0.052264 0.090524 -0.994522
v 0.042516 0.095492 -0.994522
vn 0.042516 0.095492 -0.994522
v 0.032301 0.099412 -0.994522
vn 0.032301 0.099412 -0.994522
v 0.021733 0.102244 -0.994522
vn 0.021733 0.102244 -0.994522
v 0.010926 0.103956 -0.994522
vn 0.010926 0.103956 -0.994522
v 0.000000 0.104528 -0.994522
vn 0.000000 0.104528 -0.994522
v -0.010926 0.103956 -0.994522
vn -0.010926 0.103956 -0.994522
v -0.021733 0.102244 -0.994522
vn -0.021733 0.102244 -0.994522
v -0.032301 0.099412 -0.994522
vn -0.032301 0.099412 -0.994522
v -0.042516 0.095492 -0.994522
vn -0.042516 0.095492 -0.994522
v -0.052264 0.090524 -0.994522
vn -0.052264 0.090524 -0.994522
v -0.061440 0.084565 -0.994522
vn -0.061440 0.084565 -0.994522
v -0.069943 0.077680 -0.994522
vn -0.069943 0.077680 -0.994522
v -0.077680 0.069943 -0.994522
vn -0.077680 0.069943 -0.994522
v -0.084565 0.061440 -0.994522
vn -0.084565 0.061440 -0.994522
v -0.090524 0.052264 -0.994522
vn -0.090524 0.052264 -0.994522
v -0.095492 0.042516 -0.994522
vn -0.095492 0.042516 -0.994522
v -0.099412 0.032301 -0.994522
vn -0.099412 0.032301 -0.994522
v -0.102244 0.021733 -0.994522
vn -0.102244 0.021733 -0.994522
v -0.103956 0.010926 -0.994522
vn -0.103956 0.010926 -0.994522
v -0.104528 0.000000 -0.994522
vn -0.104528 0.000000 -0.994522
v -0.103956 -0.010926 -0.994522
vn -0.103956 -0.010926 -0.994522
v -0.102244 -0.021733 -0.994522
vn -0.102244 -0.021733 -0.994522
v -0.099412 -0.032301 -0.994522
vn -0.099412 -0.032301 -0.994522
v -0.095492 -0.042516 -0.994522
vn -0.095492 -0.042516 -0.994522
v -0.090524 -0.052264 -0.994522
vn -0.090524 -0.052264 -0.994522
v -0.084565 -0.061440 -0.994522
vn -0.084565 -0.061440 -0.994522
v -0.077680 -0.069943 -0.994522
vn -0.077680 -0.069943 -0.994522
v -0.069943 -0.077680 -0.994522
vn -0.069943 -0.077680 -0.994522
v -0.061440 -0.084565 -0.994522
vn -0.061440 -0.084565 -0.994522
v -0.052264 -0.090524 -0.994522
vn -0.052264 -0.090524 -0.994522
v -0.042516 -0.095492 -0.994522
vn -0.042516 -0.095492 -0.994522
v -0.032301 -0.099412 -0.994522
vn -0.032301 -0.099412 -0.994522
v -0.021733 -0.102244 -0.994522
vn -0.021733 -0.102244 -0.994522
v -0.010926 -0.103956 -0.994522
vn -0.010926 -0.103956 -0.994522
v -0.000000 -0.104528 -0.994522
vn -0.000000 -0.104528 -0.994522
v 0.010926 -0.103956 -0.994522
vn 0.010926 -0.103956 -0.994522
v 0.021733 -0.102244 -0.994522
vn 0.021733 -0.102244 -0.994522
v 0.032301 -0.099412 -0.994522
vn 0.032301 -0.099412 -0.994522
v 0.042516 -0.095492 -0.994522
vn 0.042516 -0.095492 -0.994522
v 0.052264 -0.090524 -0.994522
vn 0.052264 -0.090524 -0.994522
v 0.061440 -0.084565 -0.994522
vn 0.061440 -0.084565 -0.994522
v 0.069943 -0.077680 -0.994522
vn 0.069943 -0.077680 -0.994522
v 0.077680 -0.069943 -0.994522
vn 0.077680 -0.069943 -0.994522
v 0.084565 -0.061440 -0.994522
vn 0.084565 -0.061440 -0.994522
v 0.090524 -0.052264 -0.994522
vn 0.090524 -0.052264 -0.994522
v 0.095492 -0.042516 -0.994522
vn 0.095492 -0.042516 -0.994522
v 0.099412 -0.032301 -0.994522
vn 0.099412 -0.032301 -0.994522
v 0.102244 -0.021733 -0.994522
vn 0.102244 -0.021733 -0.994522
v 0.103956 -0.010926 -0.994522
vn 0.103956 -0.010926 -0.994522
v 0.052336 0.000000 -0.998630
vn 0.052336 0.000000 -0.998630
v 0.052049 0.005471 -0.998630
vn 0.052049 0.005471 -0.998630
v 0.051192 0.010881 -0.998630
vn 0.051192 0.010881 -0.998630
v 0.049774 0.016173 -0.998630
vn 0.049774 0.016173 -0.998630
v 0.047811 0.021287 -0.998630
vn 0.047811 0.021287 -0.998630
v 0.045324 0.026168 -0.998630
vn 0.045324 0.026168 -0.998630
v 0.042341 0.030762 -0.998630
vn 0.042341 0.030762 -0.998630
v 0.038893 0.035020 -0.998630
vn 0.038893 0.035020 -0.998630
v 0.035020 0.038893 -0.998630
vn 0.035020 0.038893 -0.998630
v 0.030762 0.042341 -0.998630
vn 0.030762 0.042341 -0.998630
v 0.026168 0.045324 -0.998630
vn 0.026168 0.045324 -0.998630
v 0.021287 0.047811 -0.998630
vn 0.021287 0.047811 -0.998630
v 0.016173 0.049774 -0.998630
vn 0.016173 0.049774 -0.998630
v 0.010881 0.051192 -0.998630
vn 0.010881 0.051192 -0.998630
v 0.005471 0.052049 -0.998630
vn 0.005471 0.052049 -0.998630
v 0.000000 0.052336 -0.998630
vn 0.000000 0.052336 -0.998630
v -0.005471 0.052049 -0.998630
vn -0.005471 0.052049 -0.998630
v -0.010881 0.051192 -0.998630
vn -0.010881 0.051192 -0.998630
v -0.016173 0.049774 -0.998630
vn -0.016173 0.049774 -0.998630
v -0.021287 0.047811 -0.998630
vn -0.021287 0.047811 -0.998630
v -0.026168 0.045324 -0.998630
vn -0.026168 0.045324 -0.998630
v -0.030762 0.042341 -0.998630
vn -0.030762 0.042341 -0.998630
v -0.035020 0.038893 -0.998630
vn -0.035020 0.038893 -0.998630
v -0.038893 0.035020 -0.998630
vn -0.038893 0.035020 -0.998630
v -0.042341 0.030762 -0.998630
vn -0.042341 0.030762 -0.998630
v -0.045324 0.026168 -0.998630
vn -0.045324 0.026168 -0.998630
v -0.047811 0.021287 -0.998630
vn -0.047811 0.021287 -0.998630
v -0.049774 0.016173 -0.998630
vn -0.049774 0.016173 -0.998630
v -0.051192 0.010881 -0.998630
vn -0.051192 0.010881 -0.998630
v -0.052049 0.005471 -0.998630
vn -0.052049 0.005471 -0.998630
v -0.052336 0.000000 -0.998630
vn -0.052336 0.000000 -0.998630
v -0.052049 -0.005471 -0.998630
vn -0.052049 -0.005471 -0.998630
v -0.051192 -0.010881 -0.998630
vn -0.051192 -0.010881 -0.998630
v -0.049774 -0.016173 -0.998630
vn -0.049774 -0.016173 -0.998630
v -0.047811 -0.021287 -0.998630
vn -0.047811 -0.021287 -0.998630
v -0.045324 -0.026168 -0.998630
vn -0.045324 -0.026168 -0.998630
v -0.042341 -0.030762 -0.998630
vn -0.042341 -0.030762 -0.998630
v -0.038893 -0.035020 -0.998630
vn -0.038893 -0.035020 -0.998630
v -0.035020 -0.038893 -0.998630
vn -0.035020 -0.038893 -0.998630
v -0.030762 -0.042341 -0.998630
vn -0.030762 -0.042341 -0.998630
v -0.026168 -0.045324 -0.998630
vn -0.026168 -0.045324 -0.998630
v -0.021287 -0.047811 -0.998630
vn -0.021287 -0.047811 -0.998630
v -0.016173 -0.049774 -0.998630
vn -0.016173 -0.049774 -0.998630
v -0.010881 -0.051192 -0.998630
vn -0.010881 -0.051192 -0.998630
v -0.005471 -0.052049 -0.998630
vn -0.005471 -0.052049 -0.998630
v -0.000000 -0.052336 -0.998630
vn -0.000000 -0.052336 -0.998630
v 0.005471 -0.052049 -0.998630
vn 0.005471 -0.052049 -0.998630
v 0.010881 -0.051192 -0.998630
vn 0.010881 -0.051192 -0.998630
v 0.016173 -0.049774 -0.998630
vn 0.016173 -0.049774 -0.998630
v 0.021287 -0.047811 -0.998630
vn 0.021287 -0.047811 -0.998630
v 0.026168 -0.045324 -0.998630
vn 0.026168 -0.045324 -0.998630
v 0.030762 -0.042341 -0.998630
vn 0.030762 -0.042341 -0.998630
v 0.035020 -0.038893 -0.998630
vn 0.035020 -0.038893 -0.998630
v 0.038893 -0.035020 -0.998630
vn 0.038893 -0.035020 -0.998630
v 0.042341 -0.030762 -0.998630
vn 0.042341 -0.030762 -0.998630
v 0.045324 -0.026168 -0.998630
vn 0.045324 -0.026168 -0.998630
v 0.047811 -0.021287 -0.998630
vn 0.047811 -0.021287 -0.998630
v 0.049774 -0.016173 -0.998630
vn 0.049774 -0.016173 -0.998630
v 0.051192 -0.010881 -0.998630
vn 0.051192 -0.010881 -0.998630
v 0.052049 -0.005471 -0.998630
vn 0.052049 -0.005471 -0.998630
f 1//1 2//2 61//61
f 2//2 3//3 62//62
f 3//3 4//4 63//63
f 4//4 5//5 64//64
f 5//5 6//6 65//65
f 6//6 7//7 66//66
f 7//7 8//8 67//67
f 8//8 9//9 68//68
f 9//9 10//10 69//69
f 10//10 11//11 70//70
f 11//11 12//12 71//71
f 12//12 13//13 72//72
f 13//13 14//14 73//73
f 14//14 15//15 74//74
f 15//15 16//16 75//75
f 16//16 17//17 76//76
f 17//17 18//18 77//77
f 18//18 19//19 78//78
f 19//19 20//20 79//79
f 20//20 21//21 80//80
f 21//21 22//22 81//81
f 22//22 23//23 82//82
f 23//23 24//24 83//83
f 24//24 25//25 84//84
f 25//25 26//26 85//85
f 26//26 27//27 86//86
f 27//27 28//28 87//87
f 28//28 29//29 88//88
f 29//29 30//30 89//89
f 30//30 31//31 90//90
f 31//31 32//32 91//91
f 32//32 33//33 92//92
f 33//33 34//34 93//93
f 34//34 35//35 94//94
f 35//35 36//36 95//95
f 36//36 37//37 96//96
f 37//37 38//38 97//97
f 38//38 39//39 98//98
f 39//39 40//40 99//99
f 40//40 41//41 100//100
f 41//41 42//42 101//101
f 42//42 43//43 102//102
f 43//43 44//44 103//103
f 44//44 45//45 104//104
f 45//45 46//46 105//105
f 46//46 47//47 106//106
f 47//47 48//48 107//107
f 48//48 49//49 108//108
f 49//49 50//50 109//109
f 50//50 51//51 110//110
f 51//51 52//52 111//111
f 52//52 53//53 112//112
f 53//53 54//54 113//113
f 54//54 55//55 114//114
f 55//55 56//56 115//115
f 56//56 57//57 116//116
f 57//57 58//58 117//117
f 58//58 59//59 118//118
f 59//59 60//60 119//119
f 60//60 61//61 120//120
f 61//61 62//62 121//121
f 62//62 63//63 122//122
f 63//63 64//64 123//123
f 64//64 65//65 124//124
f 65//65 66//66 125//125
f 66//66 67//67 126//126
f 67//67 68//68 127//127
f 68//68 69//69 128//128
f 69//69 70//70 129//129
f 70//70 71//71 130//130
f 71//71 72//72 131//131
f 72//72 73//73 132//132
f 73//73 74//74 133//133
f 74//74 75//75 134//134
f 75//75 76//76 135//135
f 76//76 77//77 136//136
f 77//77 78//78 137//137
f 78//78 79//79 138//138
f 79//79 80//80 139//139
f 80//80 81//81 140//140
f 81//81 82//82 141//141
f 82//82 83//83 142//142
f 83//83 84//84 143//143
f 84//84 85//85 144//144
f 85//85 86//86 145//145
f 86//86 87//87 146//146
f 87//87 88//88 147//147
f 88//88 89//89 148//148
f 89//89 90//90 149//149
f 90//90 91//91 150//150
f 91//91 92//92 151//151
f 92//92 93//93 152//152
f 93//93 94//94 153//153
f 94//94 95//95 154//154
f 95//95 96//96 155//155
f 96//96 97//97 156//156
f 97//97 98//98 157//157
f 98//98 99//99 158//158
f 99//99 100//100 159//159
f 100//100 101//101 160//160
f 101//101 102//102 161//161
f 102//102 103//103 162//162
f 103//103 104//104 163//163
f 104//104 105//105 164//164
f 105//105 106//106 165//165
f 106//106 107//107 166//166
f 107//107 108//108 167//167
f 108//108 109//109 168//168
f 109//109 110//110 169//169
f 110//110 111//111 170//170
f 111//111 112//112 171//171
f 112//112 113//113 172//172
f 113//113 114//114 173//173
f 114//114 115//115 174//174
f 115//115 116//116 175//175
f 116//116 117//117 176//176
f 117//117 118//118 177//177
f 118//118 119//119 178//178
f 119//119 120//120 179//179
f 120//120 121//121 180//180
f 121//121 122//122 181//181
f 122//122 123//123 182//182
f 123//123 124//124 183//183
f 124//124 125//125 184//184
f 125//125 126//126 185//185
f 126//126 127//127 186//186
f 127//127 128//128 187//187
f 128//128 129//129 188//188
f 129//129 130//130 189//189
f 130//130 131//131 190//190
f 131//131 132//132 191//191
f 132//132 133//133 192//192
f 133//133 134//134 193//193
f 134//134 135//135 194//194
f 135//135 136//136 195//195
f 136//136 137//137 196//196
f 137//137 138//138 197//197
f 138//138 139//139 198//198
f 139//139 140//140 199//199
f 140//140 141//141 200//200
f 141//141 142//142 201//201
f 142//142 143//143 202//202
f 143//143 144//144 203//203
f 144//144 145//145 204//204
f 145//145 146//146 205//205
f 146//146 147//147 206//206
f 147//147 148//148 207//207
f 148//148 149//149 208//208
f 149//149 150//150 209//209
f 150//150 151//151 210//210
f 151//151 152//152 211//211
f 152//152 153//153 212//212
f 153//153 154//154 213//213
f 154//154 155//155 214//214
f 155//155 156//156 215//215
f 156//156 157//157 216//216
f 157//157 158//158 217//217
f 158//158 159//159 218//218
f 159//159 160//160 219//219
f 160//160 161//161 220//220
f 161//161 162//162 221//221
f 162//162 163//163 222//222
f 163//163 164//164 223//223
f 164//164 165//165 224//224
f 165//165 166//166 225//225
f 166//166 167//167 226//226
f 167//167 168//168 227//227
f 168//168 169//169 228//228
f 169//169 170//170 229//229
f 170//170 171//171 230//230
f 171//171 172//172 231//231
f 172//172 173//173 232//232
f 173//173 174//174 233//233
f 174//174 175//175 234//234
f 175//175 176//176 235//235
f 176//176 177//177 236//236
f 177//177 178//178 237//237
f 178//178 179//179 238//238
f 179//179 180//180 239//239
f 180//180 181//181 240//240
f 181//181 182//182 241//241
f 182//182 183//183 242//242
f 183//183 184//184 243//243
f 184//184 185//185 244//244
f 185//185 186//186 245//245
f 186//186 187//187 246//246
f 187//187 188//188 247//247
f 188//188 189//189 248//248
f 189//189 190//190 249//249
f 190//190 191//191 250//250
f 191//191 192//192 251//251
f 192//192 193//193 252//252
f 193//193 194//194 253//253
f 194//194 195//195 254//254
f 195//195 196//196 255//255
f 196//196 197//197 256//256
f 197//197 198//198 257//257
f 198//198 199//199 258//258
f 199//199 200//200 259//259
f 200//200 201//201 260//260
f 201//201 202//202 261//261
f 202//202 203//203 262//262
f 203//203 204//204 263//263
f 204//204 205//205 264//264
f 205//205 206//206 265//265
f 206//206 207//207 266//266
f 207//207 208//208 267//267
f 208//208 209//209 268//268
f 209//209 210//210 269//269
f 210//210 211//211 270//270
f 211//211 212//212 271//271
f 212//212 213//213 272//272
f 213//213 214//214 273//273
f 214//214 215//215 274//274
f 215//215 216//216 275//275
f 216//216 217//217 276//276
f 217//217 218//218 277//277
f 218//218 219//219 278//278
f 219//219 220//220 279//279
f 220//220 221//221 280//280
f 221//221 222//222 281//281
f 222//222 223//223 282//282
f 223//223 224//224 283//283
f 224//224 225//225 284//284
f 225//225 226//226 285//285
f 226//226 227//227 286//286
f 227//227 228//228 287//287
f 228//228 229//229 288//288
f 229//229 230//230 289//289
f 230//230 231//231 290//290
f 231//231 232//232 291//291
f 232//232 233//233 292//292
f 233//233 234//234 293//293
f 234//234 235//235 294//294
f 235//235 236//236 295//295
f 236//236 237//237 296//296
f 237//237 238//238 297//297
f 238//238 239//239 298//298
f 239//239 240//240 299//299
f 240//240 241//241 300//300
f 241//241 242//242 301//301
f 242//242 243//243 302//302
f 243//243 244//244 303//303
f 244//244 245//245 304//304
f 245//245 246//246 305//305
f 246//246 247//247 306//306
f 247//247 248//248 307//307
f 248//248 249//249 308//308
f 249//249 250//250 309//309
f 250//250 251//251 310//310
f 251//251 252//252 311//311
f 252//252 253//253 312//312
f 253//253 254//254 313//313
f 254//254 255//255 314//314
f 255//255 256//256 315//315
f 256//256 257//257 316//316
f 257//257 258//258 317//317
f 258//258 259//259 318//318
f 259//259 260//260 319//319
f 260//260 261//261 320//320
f 261//261 262//262 321//321
f 262//262 263//263 322//322
f 263//263 264//264 323//323
f 264//264 265//265 324//324
f 265//265 266//266 325//325
f 266//266 267//267 326//326
f 267//267 268//268 327//327
f 268//268 269//269 328//328
f 269//269 270//270 329//329
f 270//270 271//271 330//330
f 271//271 272//272 331//331
f 272//272 273//273 332//332
f 273//273 274//274 333//333
f 274//274 275//275 334//334
f 275//275 276//276 335//335
f 276//276 277//277 336//336
f 277//277 278//278 337//337
f 278//278 279//279 338//338
f 279//279 280//280 339//339
f 280//280 281//281 340//340
f 281//281 282//282 341//341
f 282//282 283//283 342//342
f 283//283 284//284 343//343
f 284//284 285//285 344//344
f 285//285 286//286 345//345
f 286//286 287//287 346//346
f 287//287 288//288 347//347
f 288//288 289//289 348//348
f 289//289 290//290 349//349
f 290//290 291//291 350//350
f 291//291 292//292 351//351
f 292//292 293//293 352//352
f 293//293 294//294 353//353
f 294//294 295//295 354//354
f 295//295 296//296 355//355
f 296//296 297//297 356//356
f 297//297 298//298 357//357
f 298//298 299//299 358//358
f 299//299 300//300 359//359
f 300//300 301//301 360//360
f 301//301 302//302 361//361
f 302//302 303//303 362//362
f 303//303 304//304 363//363
f 304//304 305//305 364//364
f 305//305 306//306 365//365
f 306//306 307//307 366//366
f 307//307 308//308 367//367
f 308//308 309//309 368//368
f 309//309 310//310 369//369
f 310//310 311//311 370//370
f 311//311 312//312 371//371
f 312//312 313//313 372//372
f 313//313 314//314 373//373
f 314//314 315//315 374//374
f 315//315 316//316 375//375
f 316//316 317//317 376//376
f 317//317 318//318 377//377
f 318//318 319//319 378//378
f 319//319 320//320 379//379
f 320//320 321//321 380//380
f 321//321 322//322 381//381
f 322//322 323//323 382//382
f 323//323 324//324 383//383
f 324//324 325//325 384//384
f 325//325 326//326 385//385
f 326//326 327//327 386//386
f 327//327 328//328 387//387
f 328//328 329//329 388//388
f 329//329 330//330 389//389
f 330//330 331//331 390//390
f 331//331 332//332 391//391
f 332//332 333//333 392//392
f 333//333 334//334 393//393
f 334//334 335//335 394//394
f 335//335 336//336 395//395
f 336//336 337//337 396//396
f 337//337 338//338 397//397
f 338//338 339//339 398//398
f 339//339 340//340 399//399
f 340//340 341//341 400//400
f 341//341 342//342 401//401
f 342//342 343//343 402//402
f 343//343 344//344 403//403
f 344//344 345//345 404//404
f 345//345 346//346 405//405
f 346//346 347//347 406//406
f 347//347 348//348 407//407
f 348//348 349//349 408//408
f 349//349 350//350 409//409
f 350//350 351//351 410//410
f 351//351 352//352 411//411
f 352//352 353//353 412//412
f 353//353 354//354 413//413
f 354//354 355//355 414//414
f 355//355 356//356 415//415
f 356//356 357//357 416//416
f 357//357 358//358 417//417
f 358//358 359//359 418//418
f 359//359 360//360 419//419
f 360//360 361//361 420//420
f 361//361 362//362 421//421
f 362//362 363//363 422//422
f 363//363 364//364 423//423
f 364//364 365//365 424//424
f 365//365 366//366 425//425
f 366//366 367//367 426//426
f 367//367 368//368 427//427
f 368//368 369//369 428//428
f 369//369 370//370 429//429
f 370//370 371//371 430//430
f 371//371 372//372 431//431
f 372//372 373//373 432//432
f 373//373 374//374 433//433
f 374//374 375//375 434//434
f 375//375 376//376 435//435
f 376//376 377//377 436//436
f 377//377 378//378 437//437
f 378//378 379//379 438//438
f 379//379 380//380 439//439
f 380//380 381//381 440//440
f 381//381 382//382 441//441
f 382//382 383//383 442//442
f 383//383 384//384 443//443
f 384//384 385//385 444//444
f 385//385 386//386 445//445
f 386//386 387//387 446//446
f 387//387 388//388 447//447
f 388//388 389//389 448//448
f 389//389 390//390 449//449
f 390//390 391//391 450//450
f 391//391 392//392 451//451
f 392//392 393//393 452//452
f 393//393 394//394 453//453
f 394//394 395//395 454//454
f 395//395 396//396 455//455
f 396//396 397//397 456//456
f 397//397 398//398 457//457
f 398//398 399//399 458//458
f 399//399 400//400 459//459
f 400//400 401//401 460//460
f 401//401 402//402 461//461
f 402//402 403//403 462//462
f 403//403 404//404 463//463
f 404//404 405//405 464//464
f 405//405 406//406 465//465
f 406//406 407//407 466//466
f 407//407 408//408 467//467
f 408//408 409//409 468//468
f 409//409 410//410 469//469
f 410//410 411//411 470//470
f 411//411 412//412 471//471
f 412//412 413//413 472//472
f 413//413 414//414 473//473
f 414//414 415//415 474//474
f 415//415 416//416 475//475
f 416//416 417//417 476//476
f 417//417 418//418 477//477
f 418//418 419//419 478//478
f 419//419 420//420 479//479
f 420//420 421//421 480//480
f 421//421 422//422 481//481
f 422//422 423//423 482//482
f 423//423 424//424 483//483
f 424//424 425//425 484//484
f 425//425 426//426 485//485
f 426//426 427//427 486//486
f 427//427 428//428 487//487
f 428//428 429//429 488//488
f 429//429 430//430 489//489
f 430//430 431//431 490//490
f 431//431 432//432 491//491
f 432//432 433//433 492//492
f 433//433 434//434 493//493
f 434//434 435//435 494//494
f 435//435 436//436 495//495
f 436//436 437//437 496//496
f 437//437 438//438 497//497
f 438//438 439//439 498//498
f 439//439 440//440 499//499
f 440//440 441//441 500//500
f 441//441 442//442 501//501
f 442//442 443//443 502//502
f 443//443 444//444 503//503
f 444//444 445//445 504//504
f 445//445 446//446 505//505
f 446//446 447//447 506//506
f 447//447 448//448 507//507
f 448//448 449//449 508//508
f 449//449 450//450 509//509
f 450//450 451//451 510//510
f 451//451 452//452 511//511
f 452//452 453//453 512//512
f 453//453 454//454 513//513
f 454//454 455//455 514//514
f 455//455 456//456 515//515
f 456//456 457//457 516//516
f 457//457 458//458 517//517
f 458//458 459//459 518//518
f 459//459 460//460 519//519
f 460//460 461//461 520//520
f 461//461 462//462 521//521
f 462//462 463//463 522//522
f 463//463 464//464 523//523
f 464//464 465//465 524//524
f 465//465 466//466 525//525
f 466//466 467//467 526//526
f 467//467 468//468 527//527
f 468//468 469//469 528//528
f 469//469 470//470 529//529
f 470//470 471//471 530//530
f 471//471 472//472 531//531
f 472//472 473//473 532//532
f 473//473 474//474 533//533
f 474//474 475//475 534//534
f 475//475 476//476 535//535
f 476//476 477//477 536//536
f 477//477 478//478 537//537
f 478//478 479//479 538//538
f 479//479 480//480 539//539
f 480//480 481//481 540//540
f 481//481 482//482 541//541
f 482//482 483//483 542//542
f 483//483 484//484 543//543
f 484//484 485//485 544//544
f 485//485 486//486 545//545
f 486//486 487//487 546//546
f 487//487 488//488 547//547
f 488//488 489//489 548//548
f 489//489 490//490 549//549
f 490//490 491//491 550//550
f 491//491 492//492 551//551
f 492//492 493//493 552//552
f 493//493 494//494 553//553
f 494//494 495//495 554//554
f 495//495 496//496 555//555
f 496//496 497//497 556//556
f 497//497 498//498 557//557
f 498//498 499//499 558//558
f 499//499 500//500 559//559
f 500//500 501//501 560//560
f 501//501 502//502 561//561
f 502//502 503//503 562//562
f 503//503 504//504 563//563
f 504//504 505//505 564//564
f 505//505 506//506 565//565
f 506//506 507//507 566//566
f 507//507 508//508 567//567
f 508//508 509//509 568//568
f 509//509 510//510 569//569
f 510//510 511//511 570//570
f 511//511 512//512 571//571
f 512//512 513//513 572//572
f 513//513 514//514 573//573
f 514//514 515//515 574//574
f 515//515 516//516 575//575
f 516//516 517//517 576//576
f 517//517 518//518 577//577
f 518//518 519//519 578//578
f 519//519 520//520 579//579
f 520//520 521//521 580//580
f 521//521 522//522 581//581
f 522//522 523//523 582//582
f 523//523 524//524 583//583
f 524//524 525//525 584//584
f 525//525 526//526 585//585
f 526//526 527//527 586//586
f 527//527 528//528 587//587
f 528//528 529//529 588//588
f 529//529 530//530 589//589
f 530//530 531//531 590//590
f 531//531 532//532 591//591
f 532//532 533//533 592//592
f 533//533 534//534 593//593
f 534//534 535//535 594//594
f 535//535 536//536 595//595
f 536//536 537//537 596//596
f 537//537 538//538 597//597
f 538//538 539//539 598//598
f 539//539 540//540 599//599
f 540//540 541//541 600//600
f 541//541 542//542 601//601
f 542//542 543//543 602//602
f 543//543 544//544 603//603
f 544//544 545//545 604//604
f 545//545 546//546 605//605
f 546//546 547//547 606//606
f 547//547 548//548 607//607
f 548//548 549//549 608//608
f 549//549 550//550 609//609
f 550//550 551//551 610//610
f 551//551 552//552 611//611
f 552//552 553//553 612//612
f 553//553 554//554 613//613
f 554//554 555//555 614//614
f 555//555 556//556 615//615
f 556//556 557//557 616//616
f 557//557 558//558 617//617
f 558//558 559//559 618//618
f 559//559 560//560 619//619
f 560//560 561//561 620//620
f 561//561 562//562 621//621
f 562//562 563//563 622//622
f 563//563 564//564 623//623
f 564//564 565//565 624//624
f 565//565 566//566 625//625
f 566//566 567//567 626//626
f 567//567 568//568 627//627
f 568//568 569//569 628//628
f 569//569 570//570 629//629
f 570//570 571//571 630//630
f 571//571 572//572 631//631
f 572//572 573//573 632//632
f 573//573 574//574 633//633
f 574//574 575//575 634//634
f 575//575 576//576 635//635
f 576//576 577//577 636//636
f 577//577 578//578 637//637
f 578//578 579//579 638//638
f 579//579 580//580 639//639
f 580//580 581//581 640//640
f 581//581 582//582 641//641
f 582//582 583//583 642//642
f 583//583 584//584 643//643
f 584//584 585//585 644//644
f 585//585 586//586 645//645
f 586//586 587//587 646//646
f 587//587 588//588 647//647
f 588//588 589//589 648//648
f 589//589 590//590 649//649
f 590//590 591//591 650//650
f 591//591 592//592 651//651
f 592//592 593//593 652//652
f 593//593 594//594 653//653
f 594//594 595//595 654//654
f 595//595 596//596 655//655
f 596//596 597//597 656//656
f 597//597 598//598 657//657
f 598//598 599//599 658//658
f 599//599 600//600 659//659
f 600//600 601//601 660//660
f 601//601 602//602 661//661
f 602//602 603//603 662//662
f 603//603 604//604 663//663
f 604//604 605//605 664//664
f 605//605 606//606 665//665
f 606//606 607//607 666//666
f 607//607 608//608 667//667
f 608//608 609//609 668//668
f 609//609 610//610 669//669
f 610//610 611//611 670//670
f 611//611 612//612 671//671
f 612//612 613//613 672//672
f 613//613 614//614 673//673
f 614//614 615//615 674//674
f 615//615 616//616 675//675
f 616//616 617//617 676//676
f 617//617 618//618 677//677
f 618//618 619//619 678//678
f 619//619 620//620 679//679
f 620//620 621//621 680//680
f 621//621 622//622 681//681
f 622//622 623//623 682//682
f 623//623 624//624 683//683
f 624//624 625//625 684//684
f 625//625 626//626 685//685
f 626//626 627//627 686//686
f 627//627 628//628 687//687
f 628//628 629//629 688//688
f 629//629 630//630 689//689
f 630//630 631//631 690//690
f 631//631 632//632 691//691
f 632//632 633//633 692//692
f 633//633 634//634 693//693
f 634//634 635//635 694//694
f 635//635 636//636 695//695
f 636//636 637//637 696//696
f 637//637 638//638 697//697
f 638//638 639//639 698//698
f 639//639 640//640 699//699
f 640//640 641//641 700//700
f 641//641 642//642 701//701
f 642//642 643//643 702//702
f 643//643 644//644 703//703
f 644//644 645//645 704//704
f 645//645 646//646 705//705
f 646//646 647//647 706//706
f 647//647 648//648 707//707
f 648//648 649//649 708//708
f 649//649 650//650 709//709
f 650//650 651//651 710//710
f 651//651 652//652 711//711
f 652//652 653//653 712//712
f 653//653 654//654 713//713
f 654//654 655//655 714//714
f 655//655 656//656 715//715
f 656//656 657//657 716//716
f 657//657 658//658 717//717
f 658//658 659//659 718//718
f 659//659 660//660 719//719
f 660//660 661//661 720//720
f 661//661 662//662 721//721
f 662//662 663//663 722//722
f 663//663 664//664 723//723
f 664//664 665//665 724//724
f 665//665 666//666 725//725
f 666//666 667//667 726//726
f 667//667 668//668 727//727
f 668//668 669//669 728//728
f 669//669 670//670 729//729
f 670//670 671//671 730//730
f 671//671 672//672 731//731
f 672//672 673//673 732//732
f 673//673 674//674 733//733
f 674//674 675//675 734//734
f 675//675 676//676 735//735
f 676//676 677//677 736//736
f 677//677 678//678 737//737
f 678//678 679//679 738//738
f 679//679 680//680 739//739
f 680//680 681//681 740//740
f 681//681 682//682 741//741
f 682//682 683//683 742//742
f 683//683 684//684 743//743
f 684//684 685//685 744//744
f 685//685 686//686 745//745
f 686//686 687//687 746//746
f 687//687 688//688 747//747
f 688//688 689//689 748//748
f 689//689 690//690 749//749
f 690//690 691//691 750//750
f 691//691 692//692 751//751
f 692//692 693//693 752//752
f 693//693 694//694 753//753
f 694//694 695//695 754//754
f 695//695 696//696 755//755
f 696//696 697//697 756//756
f 697//697 698//698 757//757
f 698//698 699//699 758//758
f 699//699 700//700 759//759
f 700//700 701//701 760//760
f 701//701 702//702 761//761
f 702//702 703//703 762//762
f 703//703 704//704 763//763
f 704//704 705//705 764//764
f 705//705 706//706 765//765
f 706//706 707//707 766//766
f 707//707 708//708 767//767
f 708//708 709//709 768//768
f 709//709 710//710 769//769
f 710//710 711//711 770//770
f 711//711 712//712 771//771
f 712//712 713//713 772//772
f 713//713 714//714 773//773
f 714//714 715//715 774//774
f 715//715 716//716 775//775
f 716//716 717//717 776//776
f 717//717 718//718 777//777
f 718//718 719//719 778//778
f 719//719 720//720 779//779
f 720//720 721//721 780//780
f 721//721 722//722 781//781
f 722//722 723//723 782//782
f 723//723 724//724 783//783
f 724//724 725//725 784//784
f 725//725 726//726 785//785
f 726//726 727//727 786//786
f 727//727 728//728 787//787
f 728//728 729//729 788//788
f 729//729 730//730 789//789
f 730//730 731//731 790//790
f 731//731 732//732 791//791
f 732//732 733//733 792//792
f 733//733 734//734 793//793
f 734//734 735//735 794//794
f 735//735 736//736 795//795
f 736//736 737//737 796//796
f 737//737 738//738 797//797
f 738//738 739//739 798//798
f 739//739 740//740 799//799
f 740//740 741//741 800//800
f 741//741 742//742 801//801
f 742//742 743//743 802//802
f 743//743 744//744 803//803
f 744//744 745//745 804//804
f 745//745 746//746 805//805
f 746//746 747//747 806//806
f 747//747 748//748 807//807
f 748//748 749//749 808//808
f 749//749 750//750 809//809
f 750//750 751//751 810//810
f 751//751 752//752 811//811
f 752//752 753//753 812//812
f 753//753 754//754 813//813
f 754//754 755//755 814//814
f 755//755 756//756 815//815
f 756//756 757//757 816//816
f 757//757 758//758 817//817
f 758//758 759//759 818//818
f 759//759 760//760 819//819
f 760//760 761//761 820//820
f 761//761 762//762 821//821
f 762//762 763//763 822//822
f 763//763 764//764 823//823
f 764//764 765//765 824//824
f 765//765 766//766 825//825
f 766//766 767//767 826//826
f 767//767 768//768 827//827
f 768//768 769//769 828//828
f 769//769 770//770 829//829
f 770//770 771//771 830//830
f 771//771 772//772 831//831
f 772//772 773//773 832//832
f 773//773 774//774 833//833
f 774//774 775//775 834//834
f 775//775 776//776 835//835
f 776//776 777//777 836//836
f 777//777 778//778 837//837
f 778//778 779//779 838//838
f 779//779 780//780 839//839
f 780//780 781//781 840//840
f 781//781 782//782 841//841
f 782//782 783//783 842//842
f 783//783 784//784 843//843
f 784//784 785//785 844//844
f 785//785 786//786 845//845
f 786//786 787//787 846//846
f 787//787 788//788 847//847
f 788//788 789//789 848//848
f 789//789 790//790 849//849
f 790//790 791//791 850//850
f 791//791 792//792 851//851
f 792//792 793//793 852//852
f 793//793 794//794 853//853
f 794//794 795//795 854//854
f 795//795 796//796 855//855
f 796//796 797//797 856//856
f 797//797 798//798 857//857
f 798//798 799//799 858//858
f 799//799 800//800 859//859
f 800//800 801//801 860//860
f 801//801 802//802 861//861
f 802//802 803//803 862//862
f 803//803 804//804 863//863
f 804//804 805//805 864//864
f 805//805 806//806 865//865
f 806//806 807//807 866//866
f 807//807 808//808 867//867
f 808//808 809//809 868//868
f 809//809 810//810 869//869
f 810//810 811//811 870//870
f 811//811 812//812 871//871
f 812//812 813//813 872//872
f 813//813 814//814 873//873
f 814//814 815//815 874//874
f 815//815 816//816 875//875
f 816//816 817//817 876//876
f 817//817 818//818 877//877
f 818//818 819//819 878//878
f 819//819 820//820 879//879
f 820//820 821//821 880//880
f 821//821 822//822 881//881
f 822//822 823//823 882//882
f 823//823 824//824 883//883
f 824//824 825//825 884//884
f 825//825 826//826 885//885
f 826//826 827//827 886//886
f 827//827 828//828 887//887
f 828//828 829//829 888//888
f 829//829 830//830 889//889
f 830//830 831//831 890//890
f 831//831 832//832 891//891
f 832//832 833//833 892//892
f 833//833 834//834 893//893
f 834//834 835//835 894//894
f 835//835 836//836 895//895
f 836//836 837//837 896//896
f 837//837 838//838 897//897
f 838//838 839//839 898//898
f 839//839 840//840 899//899
f 840//840 841//841 900//900
f 841//841 842//842 901//901
f 842//842 843//843 902//902
f 843//843 844//844 903//903
f 844//844 845//845 904//904
f 845//845 846//846 905//905
f 846//846 847//847 906//906
f 847//847 848//848 907//907
f 848//848 849//849 908//908
f 849//849 850//850 909//909
f 850//850 851//851 910//910
f 851//851 852//852 911//911
f 852//852 853//853 912//912
f 853//853 854//854 913//913
f 854//854 855//855 914//914
f 855//855 856//856 915//915
f 856//856 857//857 916//916
f 857//857 858//858 917//917
f 858//858 859//859 918//918
f 859//859 860//860 919//919
f 860//860 861//861 920//920
f 861//861 862//862 921//921
f 862//862 863//863 922//922
f 863//863 864//864 923//923
f 864//864 865//865 924//924
f 865//865 866//866 925//925
f 866//866 867//867 926//926
f 867//867 868//868 927//927
f 868//868 869//869 928//928
f 869//869 870//870 929//929
f 870//870 871//871 930//930
f 871//871 872//872 931//931
f 872//872 873//873 932//932
f 873//873 874//874 933//933
f 874//874 875//875 934//934
f 875//875 876//876 935//935
f 876//876 877//877 936//936
f 877//877 878//878 937//937
f 878//878 879//879 938//938
f 879//879 880//880 939//939
f 880//880 881//881 940//940
f 881//881 882//882 941//941
f 882//882 883//883 942//942
f 883//883 884//884 943//943
f 884//884 885//885 944//944
f 885//885 886//886 945//945
f 886//886 887//887 946//946
f 887//887 888//888 947//947
f 888//888 889//889 948//948
f 889//889 890//890 949//949
f 890//890 891//891 950//950
f 891//891 892//892 951//951
f 892//892 893//893 952//952
f 893//893 894//894 953//953
f 894//894 895//895 954//954
f 895//895 896//896 955//955
f 896//896 897//897 956//956
f 897//897 898//898 957//957
f 898//898 899//899 958//958
f 899//899 900//900 959//959
f 900//900 901//901 960//960
f 901//901 902//902 961//961
f 902//902 903//903 962//962
f 903//903 904//904 963//963
f 904//904 905//905 964//964
f 905//905 906//906 965//965
f 906//906 907//907 966//966
f 907//907 908//908 967//967
f 908//908 909//909 968//968
f 909//909 910//910 969//969
f 910//910 911//911 970//970
f 911//911 912//912 971//971
f 912//912 913//913 972//972
f 913//913 914//914 973//973
f 914//914 915//915 974//974
f 915//915 916//916 975//975
f 916//916 917//917 976//976
f 917//917 918//918 977//977
f 918//918 919//919 978//978
f 919//919 920//920 979//979
f 920//920 921//921 980//980
f 921//921 922//922 981//981
f 922//922 923//923 982//982
f 923//923 924//924 983//983
f 924//924 925//925 984//984
f 925//925 926//926 985//985
f 926//926 927//927 986//986
f 927//927 928//928 987//987
f 928//928 929//929 988//988
f 929//929 930//930 989//989
f 930//930 931//931 990//990
f 931//931 932//932 991//991
f 932//932 933//933 992//992
f 933//933 934//934 993//993
f 934//934 935//935 994//994
f 935//935 936//936 995//995
f 936//936 937//937 996//996
f 937//937 938//938 997//997
f 938//938 939//939 998//998
f 939//939 940//940 999//999
f 940//940 941//941 1000//1000
f 941//941 942//942 1001//1001
f 942//942 943//943 1002//1002
f 943//943 944//944 1003//1003
f 944//944 945//945 1004//1004
f 945//945 946//946 1005//1005
f 946//946 947//947 1006//1006
f 947//947 948//948 1007//1007
f 948//948 949//949 1008//1008
f 949//949 950//950 1009//1009
f 950//950 951//951 1010//1010
f 951//951 952//952 1011//1011
f 952//952 953//953 1012//1012
f 953//953 954//954 1013//1013
f 954//954 955//955 1014//1014
f 955//955 956//956 1015//1015
f 956//956 957//957 1016//1016
f 957//957 958//958 1017//1017
f 958//958 959//959 1018//1018
f 959//959 960//960 1019//1019
f 960//960 961//961 1020//1020
f 961//961 962//962 1021//1021
f 962//962 963//963 1022//1022
f 963//963 964//964 1023//1023
f 964//964 965//965 1024//1024
f 965//965 966//966 1025//1025
f 966//966 967//967 1026//1026
f 967//967 968//968 1027//1027
f 968//968 969//969 1028//1028
f 969//969 970//970 1029//1029
f 970//970 971//971 1030//1030
f 971//971 972//972 1031//1031
f 972//972 973//973 1032//1032
f 973//973 974//974 1033//1033
f 974//974 975//975 1034//1034
f 975//975 976//976 1035//1035
f 976//976 977//977 1036//1036
f 977//977 978//978 1037//1037
f 978//978 979//979 1038//1038
f 979//979 980//980 1039//1039
f 980//980 981//981 1040//1040
f 981//981 982//982 1041//1041
f 982//982 983//983 1042//1042
f 983//983 984//984 1043//1043
f 984//984 985//985 1044//1044
f 985//985 986//986 1045//1045
f 986//986 987//987 1046//1046
f 987//987 988//988 1047//1047
f 988//988 989//989 1048//1048
f 989//989 990//990 1049//1049
f 990//990 991//991 1050//1050
f 991//991 992//992 1051//1051
f 992//992 993//993 1052//1052
f 993//993 994//994 1053//1053
f 994//994 995//995 1054//1054
f 995//995 996//996 1055//1055
f 996//996 997//997 1056//1056
f 997//997 998//998 1057//1057
f 998//998 999//999 1058//1058
f 999//999 1000//1000 1059//1059
f 1000//1000 1001//1001 1060//1060
f 1001//1001 1002//1002 1061//1061
f 1002//1002 1003//1003 1062//1062
f 1003//1003 1004//1004 1063//1063
f 1004//1004 1005//1005 1064//1064
f 1005//1005 1006//1006 1065//1065
f 1006//1006 1007//1007 1066//1066
f 1007//1007 1008//1008 1067//1067
f 1008//1008 1009//1009 1068//1068
f 1009//1009 1010//1010 1069//1069
f 1010//1010 1011//1011 1070//1070
f 1011//1011 1012//1012 1071//1071
f 1012//1012 1013//1013 1072//1072
f 1013//1013 1014//1014 1073//1073
f 1014//1014 1015//1015 1074//1074
f 1015//1015 1016//1016 1075//1075
f 1016//1016 1017//1017 1076//1076
f 1017//1017 1018//1018 1077//1077
f 1018//1018 1019//1019 1078//1078
f 1019//1019 1020//1020 1079//1079
f 1020//1020 1021//1021 1080//1080
f 1021//1021 1022//1022 1081//1081
f 1022//1022 1023//1023 1082//1082
f 1023//1023 1024//1024 1083//1083
f 1024//1024 1025//1025 1084//1084
f 1025//1025 1026//1026 1085//1085
f 1026//1026 1027//1027 1086//1086
f 1027//1027 1028//1028 1087//1087
f 1028//1028 1029//1029 1088//1088
f 1029//1029 1030//1030 1089//1089
f 1030//1030 1031//1031 1090//1090
f 1031//1031 1032//1032 1091//1091
f 1032//1032 1033//1033 1092//1092
f 1033//1033 1034//1034 1093//1093
f 1034//1034 1035//1035 1094//1094
f 1035//1035 1036//1036 1095//1095
f 1036//1036 1037//1037 1096//1096
f 1037//1037 1038//1038 1097//1097
f 1038//1038 1039//1039 1098//1098
f 1039//1039 1040//1040 1099//1099
f 1040//1040 1041//1041 1100//1100
f 1041//1041 1042//1042 1101//1101
f 1042//1042 1043//1043 1102//1102
f 1043//1043 1044//1044 1103//1103
f 1044//1044 1045//1045 1104//1104
f 1045//1045 1046//1046 1105//1105
f 1046//1046 1047//1047 1106//1106
f 1047//1047 1048//1048 1107//1107
f 1048//1048 1049//1049 1108//1108
f 1049//1049 1050//1050 1109//1109
f 1050//1050 1051//1051 1110//1110
f 1051//1051 1052//1052 1111//1111
f 1052//1052 1053//1053 1112//1112
f 1053//1053 1054//1054 1113//1113
f 1054//1054 1055//1055 1114//1114
f 1055//1055 1056//1056 1115//1115
f 1056//1056 1057//1057 1116//1116
f 1057//1057 1058//1058 1117//1117
f 1058//1058 1059//1059 1118//1118
f 1059//1059 1060//1060 1119//1119
f 1060//1060 1061//1061 1120//1120
f 1061//1061 1062//1062 1121//1121
f 1062//1062 1063//1063 1122//1122
f 1063//1063 1064//1064 1123//1123
f 1064//1064 1065//1065 1124//1124
f 1065//1065 1066//1066 1125//1125
f 1066//1066 1067//1067 1126//1126
f 1067//1067 1068//1068 1127//1127
f 1068//1068 1069//1069 1128//1128
f 1069//1069 1070//1070 1129//1129
f 1070//1070 1071//1071 1130//1130
f 1071//1071 1072//1072 1131//1131
f 1072//1072 1073//1073 1132//1132
f 1073//1073 1074//1074 1133//1133
f 1074//1074 1075//1075 1134//1134
f 1075//1075 1076//1076 1135//1135
f 1076//1076 1077//1077 1136//1136
f 1077//1077 1078//1078 1137//1137
f 1078//1078 1079//1079 1138//1138
f 1079//1079 1080//1080 1139//1139
f 1080//1080 1081//1081 1140//1140
f 1081//1081 1082//1082 1141//1141
f 1082//1082 1083//1083 1142//1142
f 1083//1083 1084//1084 1143//1143
f 1084//1084 1085//1085 1144//1144
f 1085//1085 1086//1086 1145//1145
f 1086//1086 1087//1087 1146//1146
f 1087//1087 1088//1088 1147//1147
f 1088//1088 1089//1089 1148//1148
f 1089//1089 1090//1090 1149//1149
f 1090//1090 1091//1091 1150//1150
f 1091//1091 1092//1092 1151//1151
f 1092//1092 1093//1093 1152//1152
f 1093//1093 1094//1094 1153//1153
f 1094//1094 1095//1095 1154//1154
f 1095//1095 1096//1096 1155//1155
f 1096//1096 1097//1097 1156//1156
f 1097//1097 1098//1098 1157//1157
f 1098//1098 1099//1099 1158//1158
f 1099//1099 1100//1100 1159//1159
f 1100//1100 1101//1101 1160//1160
f 1101//1101 1102//1102 1161//1161
f 1102//1102 1103//1103 1162//1162
f 1103//1103 1104//1104 1163//1163
f 1104//1104 1105//1105 1164//1164
f 1105//1105 1106//1106 1165//1165
f 1106//1106 1107//1107 1166//1166
f 1107//1107 1108//1108 1167//1167
f 1108//1108 1109//1109 1168//1168
f 1109//1109 1110//1110 1169//1169
f 1110//1110 1111//1111 1170//1170
f 1111//1111 1112//1112 1171//1171
f 1112//1112 1113//1113 1172//1172
f 1113//1113 1114//1114 1173//1173
f 1114//1114 1115//1115 1174//1174
f 1115//1115 1116//1116 1175//1175
f 1116//1116 1117//1117 1176//1176
f 1117//1117 1118//1118 1177//1177
f 1118//1118 1119//1119 1178//1178
f 1119//1119 1120//1120 1179//1179
f 1120//1120 1121//1121 1180//1180
f 1121//1121 1122//1122 1181//1181
f 1122//1122 1123//1123 1182//1182
f 1123//1123 1124//1124 1183//1183
f 1124//1124 1125//1125 1184//1184
f 1125//1125 1126//1126 1185//1185
f 1126//1126 1127//1127 1186//1186
f 1127//1127 1128//1128 1187//1187
f 1128//1128 1129//1129 1188//1188
f 1129//1129 1130//1130 1189//1189
f 1130//1130 1131//1131 1190//1190
f 1131//1131 1132//1132 1191//1191
f 1132//1132 1133//1133 1192//1192
f 1133//1133 1134//1134 1193//1193
f 1134//1134 1135//1135 1194//1194
f 1135//1135 1136//1136 1195//1195
f 1136//1136 1137//1137 1196//1196
f 1137//1137 1138//1138 1197//1197
f 1138//1138 1139//1139 1198//1198
f 1139//1139 1140//1140 1199//1199
f 1140//1140 1141//1141 1200//1200
f 1141//1141 1142//1142 1201//1201
f 1142//1142 1143//1143 1202//1202
f 1143//1143 1144//1144 1203//1203
f 1144//1144 1145//1145 1204//1204
f 1145//1145 1146//1146 1205//1205
f 1146//1146 1147//1147 1206//1206
f 1147//1147 1148//1148 1207//1207
f 1148//1148 1149//1149 1208//1208
f 1149//1149 1150//1150 1209//1209
f 1150//1150 1151//1151 1210//1210
f 1151//1151 1152//1152 1211//1211
f 1152//1152 1153//1153 1212//1212
f 1153//1153 1154//1154 1213//1213
f 1154//1154 1155//1155 1214//1214
f 1155//1155 1156//1156 1215//1215
f 1156//1156 1157//1157 1216//1216
f 1157//1157 1158//1158 1217//1217
f 1158//1158 1159//1159 1218//1218
f 1159//1159 1160//1160 1219//1219
f 1160//1160 1161//1161 1220//1220
f 1161//1161 1162//1162 1221//1221
f 1162//1162 1163//1163 1222//1222
f 1163//1163 1164//1164 1223//1223
f 1164//1164 1165//1165 1224//1224
f 1165//1165 1166//1166 1225//1225
f 1166//1166 1167//1167 1226//1226
f 1167//1167 1168//1168 1227//1227
f 1168//1168 1169//1169 1228//1228
f 1169//1169 1170//1170 1229//1229
f 1170//1170 1171//1171 1230//1230
f 1171//1171 1172//1172 1231//1231
f 1172//1172 1173//1173 1232//1232
f 1173//1173 1174//1174 1233//1233
f 1174//1174 1175//1175 1234//1234
f 1175//1175 1176//1176 1235//1235
f 1176//1176 1177//1177 1236//1236
f 1177//1177 1178//1178 1237//1237
f 1178//1178 1179//1179 1238//1238
f 1179//1179 1180//1180 1239//1239
f 1180//1180 1181//1181 1240//1240
f 1181//1181 1182//1182 1241//1241
f 1182//1182 1183//1183 1242//1242
f 1183//1183 1184//1184 1243//1243
f 1184//1184 1185//1185 1244//1244
f 1185//1185 1186//1186 1245//1245
f 1186//1186 1187//1187 1246//1246
f 1187//1187 1188//1188 1247//1247
f 1188//1188 1189//1189 1248//1248
f 1189//1189 1190//1190 1249//1249
f 1190//1190 1191//1191 1250//1250
f 1191//1191 1192//1192 1251//1251
f 1192//1192 1193//1193 1252//1252
f 1193//1193 1194//1194 1253//1253
f 1194//1194 1195//1195 1254//1254
f 1195//1195 1196//1196 1255//1255
f 1196//1196 1197//1197 1256//1256
f 1197//1197 1198//1198 1257//1257
f 1198//1198 1199//1199 1258//1258
f 1199//1199 1200//1200 1259//1259
f 1200//1200 1201//1201 1260//1260
f 1201//1201 1202//1202 1261//1261
f 1202//1202 1203//1203 1262//1262
f 1203//1203 1204//1204 1263//1263
f 1204//1204 1205//1205 1264//1264
f 1205//1205 1206//1206 1265//1265
f 1206//1206 1207//1207 1266//1266
f 1207//1207 1208//1208 1267//1267
f 1208//1208 1209//1209 1268//1268
f 1209//1209 1210//1210 1269//1269
f 1210//1210 1211//1211 1270//1270
f 1211//1211 1212//1212 1271//1271
f 1212//1212 1213//1213 1272//1272
f 1213//1213 1214//1214 1273//1273
f 1214//1214 1215//1215 1274//1274
f 1215//1215 1216//1216 1275//1275
f 1216//1216 1217//1217 1276//1276
f 1217//1217 1218//1218 1277//1277
f 1218//1218 1219//1219 1278//1278
f 1219//1219 1220//1220 1279//1279
f 1220//1220 1221//1221 1280//1280
f 1221//1221 1222//1222 1281//1281
f 1222//1222 1223//1223 1282//1282
f 1223//1223 1224//1224 1283//1283
f 1224//1224 1225//1225 1284//1284
f 1225//1225 1226//1226 1285//1285
f 1226//1226 1227//1227 1286//1286
f 1227//1227 1228//1228 1287//1287
f 1228//1228 1229//1229 1288//1288
f 1229//1229 1230//1230 1289//1289
f 1230//1230 1231//1231 1290//1290
f 1231//1231 1232//1232 1291//1291
f 1232//1232 1233//1233 1292//1292
f 1233//1233 1234//1234 1293//1293
f 1234//1234 1235//1235 1294//1294
f 1235//1235 1236//1236 1295//1295
f 1236//1236 1237//1237 1296//1296
f 1237//1237 1238//1238 1297//1297
f 1238//1238 1239//1239 1298//1298
f 1239//1239 1240//1240 1299//1299
f 1240//1240 1241//1241 1300//1300
f 1241//1241 1242//1242 1301//1301
f 1242//1242 1243//1243 1302//1302
f 1243//1243 1244//1244 1303//1303
f 1244//1244 1245//1245 1304//1304
f 1245//1245 1246//1246 1305//1305
f 1246//1246 1247//1247 1306//1306
f 1247//1247 1248//1248 1307//1307
f 1248//1248 1249//1249 1308//1308
f 1249//1249 1250//1250 1309//1309
f 1250//1250 1251//1251 1310//1310
f 1251//1251 1252//1252 1311//1311
f 1252//1252 1253//1253 1312//1312
f 1253//1253 1254//1254 1313//1313
f 1254//1254 1255//1255 1314//1314
f 1255//1255 1256//1256 1315//1315
f 1256//1256 1257//1257 1316//1316
f 1257//1257 1258//1258 1317//1317
f 1258//1258 1259//1259 1318//1318
f 1259//1259 1260//1260 1319//1319
f 1260//1260 1261//1261 1320//1320
f 1261//1261 1262//1262 1321//1321
f 1262//1262 1263//1263 1322//1322
f 1263//1263 1264//1264 1323//1323
f 1264//1264 1265//1265 1324//1324
f 1265//1265 1266//1266 1325//1325
f 1266//1266 1267//1267 1326//1326
f 1267//1267 1268//1268 1327//1327
f 1268//1268 1269//1269 1328//1328
f 1269//1269 1270//1270 1329//1329
f 1270//1270 1271//1271 1330//1330
f 1271//1271 1272//1272 1331//1331
f 1272//1272 1273//1273 1332//1332
f 1273//1273 1274//1274 1333//1333
f 1274//1274 1275//1275 1334//1334
f 1275//1275 1276//1276 1335//1335
f 1276//1276 1277//1277 1336//1336
f 1277//1277 1278//1278 1337//1337
f 1278//1278 1279//1279 1338//1338
f 1279//1279 1280//1280 1339//1339
f 1280//1280 1281//1281 1340//1340
f 1281//1281 1282//1282 1341//1341
f 1282//1282 1283//1283 1342//1342
f 1283//1283 1284//1284 1343//1343
f 1284//1284 1285//1285 1344//1344
f 1285//1285 1286//1286 1345//1345
f 1286//1286 1287//1287 1346//1346
f 1287//1287 1288//1288 1347//1347
f 1288//1288 1289//1289 1348//1348
f 1289//1289 1290//1290 1349//1349
f 1290//1290 1291//1291 1350//1350
f 1291//1291 1292//1292 1351//1351
f 1292//1292 1293//1293 1352//1352
f 1293//1293 1294//1294 1353//1353
f 1294//1294 1295//1295 1354//1354
f 1295//1295 1296//1296 1355//1355
f 1296//1296 1297//1297 1356//1356
f 1297//1297 1298//1298 1357//1357
f 1298//1298 1299//1299 1358//1358
f 1299//1299 1300//1300 1359//1359
f 1300//1300 1301//1301 1360//1360
f 1301//1301 1302//1302 1361//1361
f 1302//1302 1303//1303 1362//1362
f 1303//1303 1304//1304 1363//1363
f 1304//1304 1305//1305 1364//1364
f 1305//1305 1306//1306 1365//1365
f 1306//1306 1307//1307 1366//1366
f 1307//1307 1308//1308 1367//1367
f 1308//1308 1309//1309 1368//1368
f 1309//1309 1310//1310 1369//1369
f 1310//1310 1311//1311 1370//1370
f 1311//1311 1312//1312 1371//1371
f 1312//1312 1313//1313 1372//1372
f 1313//1313 1314//1314 1373//1373
f 1314//1314 1315//1315 1374//1374
f 1315//1315 1316//1316 1375//1375
f 1316//1316 1317//1317 1376//1376
f 1317//1317 1318//1318 1377//1377
f 1318//1318 1319//1319 1378//1378
f 1319//1319 1320//1320 1379//1379
f 1320//1320 1321//1321 1380//1380
f 1321//1321 1322//1322 1381//1381
f 1322//1322 1323//1323 1382//1382
f 1323//1323 1324//1324 1383//1383
f 1324//1324 1325//1325 1384//1384
f 1325//1325 1326//1326 1385//1385
f 1326//1326 1327//1327 1386//1386
f 1327//1327 1328//1328 1387//1387
f 1328//1328 1329//1329 1388//1388
f 1329//1329 1330//1330 1389//1389
f 1330//1330 1331//1331 1390//1390
f 1331//1331 1332//1332 1391//1391
f 1332//1332 1333//1333 1392//1392
f 1333//1333 1334//1334 1393//1393
f 1334//1334 1335//1335 1394//1394
f 1335//1335 1336//1336 1395//1395
f 1336//1336 1337//1337 1396//1396
f 1337//1337 1338//1338 1397//1397
f 1338//1338 1339//1339 1398//1398
f 1339//1339 1340//1340 1399//1399
f 1340//1340 1341//1341 1400//1400
f 1341//1341 1342//1342 1401//1401
f 1342//1342 1343//1343 1402//1402
f 1343//1343 1344//1344 1403//1403
f 1344//1344 1345//1345 1404//1404
f 1345//1345 1346//1346 1405//1405
f 1346//1346 1347//1347 1406//1406
f 1347//1347 1348//1348 1407//1407
f 1348//1348 1349//1349 1408//1408
f 1349//1349 1350//1350 1409//1409
f 1350//1350 1351//1351 1410//1410
f 1351//1351 1352//1352 1411//1411
f 1352//1352 1353//1353 1412//1412
f 1353//1353 1354//1354 1413//1413
f 1354//1354 1355//1355 1414//1414
f 1355//1355 1356//1356 1415//1415
f 1356//1356 1357//1357 1416//1416
f 1357//1357 1358//1358 1417//1417
f 1358//1358 1359//1359 1418//1418
f 1359//1359 1360//1360 1419//1419
f 1360//1360 1361//1361 1420//1420
f 1361//1361 1362//1362 1421//1421
f 1362//1362 1363//1363 1422//1422
f 1363//1363 1364//1364 1423//1423
f 1364//1364 1365//1365 1424//1424
f 1365//1365 1366//1366 1425//1425
f 1366//1366 1367//1367 1426//1426
f 1367//1367 1368//1368 1427//1427
f 1368//1368 1369//1369 1428//1428
f 1369//1369 1370//1370 1429//1429
f 1370//1370 1371//1371 1430//1430
f 1371//1371 1372//1372 1431//1431
f 1372//1372 1373//1373 1432//1432
f 1373//1373 1374//1374 1433//1433
f 1374//1374 1375//1375 1434//1434
f 1375//1375 1376//1376 1435//1435
f 1376//1376 1377//1377 1436//1436
f 1377//1377 1378//1378 1437//1437
f 1378//1378 1379//1379 1438//1438
f 1379//1379 1380//1380 1439//1439
f 1380//1380 1381//1381 1440//1440
f 1381//1381 1382//1382 1441//1441
f 1382//1382 1383//1383 1442//1442
f 1383//1383 1384//1384 1443//1443
f 1384//1384 1385//1385 1444//1444
f 1385//1385 1386//1386 1445//1445
f 1386//1386 1387//1387 1446//1446
f 1387//1387 1388//1388 1447//1447
f 1388//1388 1389//1389 1448//1448
f 1389//1389 1390//1390 1449//1449
f 1390//1390 1391//1391 1450//1450
f 1391//1391 1392//1392 1451//1451
f 1392//1392 1393//1393 1452//1452
f 1393//1393 1394//1394 1453//1453
f 1394//1394 1395//1395 1454//1454
f 1395//1395 1396//1396 1455//1455
f 1396//1396 1397//1397 1456//1456
f 1397//1397 1398//1398 1457//1457
f 1398//1398 1399//1399 1458//1458
f 1399//1399 1400//1400 1459//1459
f 1400//1400 1401//1401 1460//1460
f 1401//1401 1402//1402 1461//1461
f 1402//1402 1403//1403 1462//1462
f 1403//1403 1404//1404 1463//1463
f 1404//1404 1405//1405 1464//1464
f 1405//1405 1406//1406 1465//1465
f 1406//1406 1407//1407 1466//1466
f 1407//1407 1408//1408 1467//1467
f 1408//1408 1409//1409 1468//1468
f 1409//1409 1410//1410 1469//1469
f 1410//1410 1411//1411 1470//1470
f 1411//1411 1412//1412 1471//1471
f 1412//1412 1413//1413 1472//1472
f 1413//1413 1414//1414 1473//1473
f 1414//1414 1415//1415 1474//1474
f 1415//1415 1416//1416 1475//1475
f 1416//1416 1417//1417 1476//1476
f 1417//1417 1418//1418 1477//1477
f 1418//1418 1419//1419 1478//1478
f 1419//1419 1420//1420 1479//1479
f 1420//1420 1421//1421 1480//1480
f 1421//1421 1422//1422 1481//1481
f 1422//1422 1423//1423 1482//1482
f 1423//1423 1424//1424 1483//1483
f 1424//1424 1425//1425 1484//1484
f 1425//1425 1426//1426 1485//1485
f 1426//1426 1427//1427 1486//1486
f 1427//1427 1428//1428 1487//1487
f 1428//1428 1429//1429 1488//1488
f 1429//1429 1430//1430 1489//1489
f 1430//1430 1431//1431 1490//1490
f 1431//1431 1432//1432 1491//1491
f 1432//1432 1433//1433 1492//1492
f 1433//1433 1434//1434 1493//1493
f 1434//1434 1435//1435 1494//1494
f 1435//1435 1436//1436 1495//1495
f 1436//1436 1437//1437 1496//1496
f 1437//1437 1438//1438 1497//1497
f 1438//1438 1439//1439 1498//1498
f 1439//1439 1440//1440 1499//1499
f 1440//1440 1441//1441 1500//1500
f 1441//1441 1442//1442 1501//1501
f 1442//1442 1443//1443 1502//1502
f 1443//1443 1444//1444 1503//1503
f 1444//1444 1445//1445 1504//1504
f 1445//1445 1446//1446 1505//1505
f 1446//1446 1447//1447 1506//1506
f 1447//1447 1448//1448 1507//1507
f 1448//1448 1449//1449 1508//1508
f 1449//1449 1450//1450 1509//1509
f 1450//1450 1451//1451 1510//1510
f 1451//1451 1452//1452 1511//1511
f 1452//1452 1453//1453 1512//1512
f 1453//1453 1454//1454 1513//1513
f 1454//1454 1455//1455 1514//1514
f 1455//1455 1456//1456 1515//1515
f 1456//1456 1457//1457 1516//1516
f 1457//1457 1458//1458 1517//1517
f 1458//1458 1459//1459 1518//1518
f 1459//1459 1460//1460 1519//1519
f 1460//1460 1461//1461 1520//1520
f 1461//1461 1462//1462 1521//1521
f 1462//1462 1463//1463 1522//1522
f 1463//1463 1464//1464 1523//1523
f 1464//1464 1465//1465 1524//1524
f 1465//1465 1466//1466 1525//1525
f 1466//1466 1467//1467 1526//1526
f 1467//1467 1468//1468 1527//1527
f 1468//1468 1469//1469 1528//1528
f 1469//1469 1470//1470 1529//1529
f 1470//1470 1471//1471 1530//1530
f 1471//1471 1472//1472 1531//1531
f 1472//1472 1473//1473 1532//1532
f 1473//1473 1474//1474 1533//1533
f 1474//1474 1475//1475 1534//1534
f 1475//1475 1476//1476 1535//1535
f 1476//1476 1477//1477 1536//1536
f 1477//1477 1478//1478 1537//1537
f 1478//1478 1479//1479 1538//1538
f 1479//1479 1480//1480 1539//1539
f 1480//1480 1481//1481 1540//1540
f 1481//1481 1482//1482 1541//1541
f 1482//1482 1483//1483 1542//1542
f 1483//1483 1484//1484 1543//1543
f 1484//1484 1485//1485 1544//1544
f 1485//1485 1486//1486 1545//1545
f 1486//1486 1487//1487 1546//1546
f 1487//1487 1488//1488 1547//1547
f 1488//1488 1489//1489 1548//1548
f 1489//1489 1490//1490 1549//1549
f 1490//1490 1491//1491 1550//1550
f 1491//1491 1492//1492 1551//1551
f 1492//1492 1493//1493 1552//1552
f 1493//1493 1494//1494 1553//1553
f 1494//1494 1495//1495 1554//1554
f 1495//1495 1496//1496 1555//1555
f 1496//1496 1497//1497 1556//1556
f 1497//1497 1498//1498 1557//1557
f 1498//1498 1499//1499 1558//1558
f 1499//1499 1500//1500 1559//1559
f 1500//1500 1501//1501 1560//1560
f 1501//1501 1502//1502 1561//1561
f 1502//1502 1503//1503 1562//1562
f 1503//1503 1504//1504 1563//1563
f 1504//1504 1505//1505 1564//1564
f 1505//1505 1506//1506 1565//1565
f 1506//1506 1507//1507 1566//1566
f 1507//1507 1508//1508 1567//1567
f 1508//1508 1509//1509 1568//1568
f 1509//1509 1510//1510 1569//1569
f 1510//1510 1511//1511 1570//1570
f 1511//1511 1512//1512 1571//1571
f 1512//1512 1513//1513 1572//1572
f 1513//1513 1514//1514 1573//1573
f 1514//1514 1515//1515 1574//1574
f 1515//1515 1516//1516 1575//1575
f 1516//1516 1517//1517 1576//1576
f 1517//1517 1518//1518 1577//1577
f 1518//1518 1519//1519 1578//1578
f 1519//1519 1520//1520 1579//1579
f 1520//1520 1521//1521 1580//1580
f 1521//1521 1522//1522 1581//1581
f 1522//1522 1523//1523 1582//1582
f 1523//1523 1524//1524 1583//1583
f 1524//1524 1525//1525 1584//1584
f 1525//1525 1526//1526 1585//1585
f 1526//1526 1527//1527 1586//1586
f 1527//1527 1528//1528 1587//1587
f 1528//1528 1529//1529 1588//1588
f 1529//1529 1530//1530 1589//1589
f 1530//1530 1531//1531 1590//1590
f 1531//1531 1532//1532 1591//1591
f 1532//1532 1533//1533 1592//1592
f 1533//1533 1534//1534 1593//1593
f 1534//1534 1535//1535 1594//1594
f 1535//1535 1536//1536 1595//1595
f 1536//1536 1537//1537 1596//1596
f 1537//1537 1538//1538 1597//1597
f 1538//1538 1539//1539 1598//1598
f 1539//1539 1540//1540 1599//1599
f 1540//1540 1541//1541 1600//1600
f 1541//1541 1542//1542 1601//1601
f 1542//1542 1543//1543 1602//1602
f 1543//1543 1544//1544 1603//1603
f 1544//1544 1545//1545 1604//1604
f 1545//1545 1546//1546 1605//1605
f 1546//1546 1547//1547 1606//1606
f 1547//1547 1548//1548 1607//1607
f 1548//1548 1549//1549 1608//1608
f 1549//1549 1550//1550 1609//1609
f 1550//1550 1551//1551 1610//1610
f 1551//1551 1552//1552 1611//1611
f 1552//1552 1553//1553 1612//1612
f 1553//1553 1554//1554 1613//1613
f 1554//1554 1555//1555 1614//1614
f 1555//1555 1556//1556 1615//1615
f 1556//1556 1557//1557 1616//1616
f 1557//1557 1558//1558 1617//1617
f 1558//1558 1559//1559 1618//1618
f 1559//1559 1560//1560 1619//1619
f 1560//1560 1561//1561 1620//1620
f 1561//1561 1562//1562 1621//1621
f 1562//1562 1563//1563 1622//1622
f 1563//1563 1564//1564 1623//1623
f 1564//1564 1565//1565 1624//1624
f 1565//1565 1566//1566 1625//1625
f 1566//1566 1567//1567 1626//1626
f 1567//1567 1568//1568 1627//1627
f 1568//1568 1569//1569 1628//1628
f 1569//1569 1570//1570 1629//1629
f 1570//1570 1571//1571 1630//1630
f 1571//1571 1572//1572 1631//1631
f 1572//1572 1573//1573 1632//1632
f 1573//1573 1574//1574 1633//1633
f 1574//1574 1575//1575 1634//1634
f 1575//1575 1576//1576 1635//1635
f 1576//1576 1577//1577 1636//1636
f 1577//1577 1578//1578 1637//1637
f 1578//1578 1579//1579 1638//1638
f 1579//1579 1580//1580 1639//1639
f 1580//1580 1581//1581 1640//1640
f 1581//1581 1582//1582 1641//1641
f 1582//1582 1583//1583 1642//1642
f 1583//1583 1584//1584 1643//1643
f 1584//1584 1585//1585 1644//1644
f 1585//1585 1586//1586 1645//1645
f 1586//1586 1587//1587 1646//1646
f 1587//1587 1588//1588 1647//1647
f 1588//1588 1589//1589 1648//1648
f 1589//1589 1590//1590 1649//1649
f 1590//1590 1591//1591 1650//1650
f 1591//1591 1592//1592 1651//1651
f 1592//1592 1593//1593 1652//1652
f 1593//1593 1594//1594 1653//1653
f 1594//1594 1595//1595 1654//1654
f 1595//1595 1596//1596 1655//1655
f 1596//1596 1597//1597 1656//1656
f 1597//1597 1598//1598 1657//1657
f 1598//1598 1599//1599 1658//1658
f 1599//1599 1600//1600 1659//1659
f 1600//1600 1601//1601 1660//1660
f 1601//1601 1602//1602 1661//1661
f 1602//1602 1603//1603 1662//1662
f 1603//1603 1604//1604 1663//1663
f 1604//1604 1605//1605 1664//1664
f 1605//1605 1606//1606 1665//1665
f 1606//1606 1607//1607 1666//1666
f 1607//1607 1608//1608 1667//1667
f 1608//1608 1609//1609 1668//1668
f 1609//1609 1610//1610 1669//1669
f 1610//1610 1611//1611 1670//1670
f 1611//1611 1612//1612 1671//1671
f 1612//1612 1613//1613 1672//1672
f 1613//1613 1614//1614 1673//1673
f 1614//1614 1615//1615 1674//1674
f 1615//1615 1616//1616 1675//1675
f 1616//1616 1617//1617 1676//1676
f 1617//1617 1618//1618 1677//1677
f 1618//1618 1619//1619 1678//1678
f 1619//1619 1620//1620 1679//1679
f 1620//1620 1621//1621 1680//1680
f 1621//1621 1622//1622 1681//1681
f 1622//1622 1623//1623 1682//1682
f 1623//1623 1624//1624 1683//1683
f 1624//1624 1625//1625 1684//1684
f 1625//1625 1626//1626 1685//1685
f 1626//1626 1627//1627 1686//1686
f 1627//1627 1628//1628 1687//1687
f 1628//1628 1629//1629 1688//1688
f 1629//1629 1630//1630 1689//1689
f 1630//1630 1631//1631 1690//1690
f 1631//1631 1632//1632 1691//1691
f 1632//1632 1633//1633 1692//1692
f 1633//1633 1634//1634 1693//1693
f 1634//1634 1635//1635 1694//1694
f 1635//1635 1636//1636 1695//1695
f 1636//1636 1637//1637 1696//1696
f 1637//1637 1638//1638 1697//1697
f 1638//1638 1639//1639 1698//1698
f 1639//1639 1640//1640 1699//1699
f 1640//1640 1641//1641 1700//1700
f 1641//1641 1642//1642 1701//1701
f 1642//1642 1643//1643 1702//1702
f 1643//1643 1644//1644 1703//1703
f 1644//1644 1645//1645 1704//1704
f 1645//1645 1646//1646 1705//1705
f 1646//1646 1647//1647 1706//1706
f 1647//1647 1648//1648 1707//1707
f 1648//1648 1649//1649 1708//1708
f 1649//1649 1650//1650 1709//1709
f 1650//1650 1651//1651 1710//1710
f 1651//1651 1652//1652 1711//1711
f 1652//1652 1653//1653 1712//1712
f 1653//1653 1654//1654 1713//1713
f 1654//1654 1655//1655 1714//1714
f 1655//1655 1656//1656 1715//1715
f 1656//1656 1657//1657 1716//1716
f 1657//1657 1658//1658 1717//1717
f 1658//1658 1659//1659 1718//1718
f 1659//1659 1660//1660 1719//1719
f 1660//1660 1661//1661 1720//1720
f 1661//1661 1662//1662 1721//1721
f 1662//1662 1663//1663 1722//1722
f 1663//1663 1664//1664 1723//1723
f 1664//1664 1665//1665 1724//1724
f 1665//1665 1666//1666 1725//1725
f 1666//1666 1667//1667 1726//1726
f 1667//1667 1668//1668 1727//1727
f 1668//1668 1669//1669 1728//1728
f 1669//1669 1670//1670 1729//1729
f 1670//1670 1671//1671 1730//1730
f 1671//1671 1672//1672 1731//1731
f 1672//1672 1673//1673 1732//1732
f 1673//1673 1674//1674 1733//1733
f 1674//1674 1675//1675 1734//1734
f 1675//1675 1676//1676 1735//1735
f 1676//1676 1677//1677 1736//1736
f 1677//1677 1678//1678 1737//1737
f 1678//1678 1679//1679 1738//1738
f 1679//1679 1680//1680 1739//1739
f 1680//1680 1681//1681 1740//1740
f 1681//1681 1682//1682 1741//1741
f 1682//1682 1683//1683 1742//1742
f 1683//1683 1684//1684 1743//1743
f 1684//1684 1685//1685 1744//1744
f 1685//1685 1686//1686 1745//1745
f 1686//1686 1687//1687 1746//1746
f 1687//1687 1688//1688 1747//1747
f 1688//1688 1689//1689 1748//1748
f 1689//1689 1690//1690 1749//1749
f 1690//1690 1691//1691 1750//1750
f 1691//1691 1692//1692 1751//1751
f 1692//1692 1693//1693 1752//1752
f 1693//1693 1694//1694 1753//1753
f 1694//1694 1695//1695 1754//1754
f 1695//1695 1696//1696 1755//1755
f 1696//1696 1697//1697 1756//1756
f 1697//1697 1698//1698 1757//1757
f 1698//1698 1699//1699 1758//1758
f 1699//1699 1700//1700 1759//1759
f 1700//1700 1701//1701 1760//1760
f 1701//1701 1702//1702 1761//1761
f 1702//1702 1703//1703 1762//1762
f 1703//1703 1704//1704 1763//1763
f 1704//1704 1705//1705 1764//1764
f 1705//1705 1706//1706 1765//1765
f 1706//1706 1707//1707 1766//1766
f 1707//1707 1708//1708 1767//1767
f 1708//1708 1709//1709 1768//1768
f 1709//1709 1710//1710 1769//1769
f 1710//1710 1711//1711 1770//1770
f 1711//1711 1712//1712 1771//1771
f 1712//1712 1713//1713 1772//1772
f 1713//1713 1714//1714 1773//1773
f 1714//1714 1715//1715 1774//1774
f 1715//1715 1716//1716 1775//1775
f 1716//1716 1717//1717 1776//1776
f 1717//1717 1718//1718 1777//1777
f 1718//1718 1719//1719 1778//1778
f 1719//1719 1720//1720 1779//1779
f 1720//1720 1721//1721 1780//1780
f 1721//1721 1722//1722 1781//1781
f 1722//1722 1723//1723 1782//1782
f 1723//1723 1724//1724 1783//1783
f 1724//1724 1725//1725 1784//1784
f 1725//1725 1726//1726 1785//1785
f 1726//1726 1727//1727 1786//1786
f 1727//1727 1728//1728 1787//1787
f 1728//1728 1729//1729 1788//1788
f 1729//1729 1730//1730 1789//1789
f 1730//1730 1731//1731 1790//1790
f 1731//1731 1732//1732 1791//1791
f 1732//1732 1733//1733 1792//1792
f 1733//1733 1734//1734 1793//1793
f 1734//1734 1735//1735 1794//1794
f 1735//1735 1736//1736 1795//1795
f 1736//1736 1737//1737 1796//1796
f 1737//1737 1738//1738 1797//1797
f 1738//1738 1739//1739 1798//1798
f 1739//1739 1740//1740 1799//1799
f 1740//1740 1741//1741 1800//1800
f 1741//1741 1742//1742 1801//1801
f 1742//1742 1743//1743 1802//1802
f 1743//1743 1744//1744 1803//1803
f 1744//1744 1745//1745 1804//1804
f 1745//1745 1746//1746 1805//1805
f 1746//1746 1747//1747 1806//1806
f 1747//1747 1748//1748 1807//1807
f 1748//1748 1749//1749 1808//1808
f 1749//1749 1750//1750 1809//1809
f 1750//1750 1751//1751 1810//1810
f 1751//1751 1752//1752 1811//1811
f 1752//1752 1753//1753 1812//1812
f 1753//1753 1754//1754 1813//1813
f 1754//1754 1755//1755 1814//1814
f 1755//1755 1756//1756 1815//1815
f 1756//1756 1757//1757 1816//1816
f 1757//1757 1758//1758 1817//1817
f 1758//1758 1759//1759 1818//1818
f 1759//1759 1760//1760 1819//1819
f 1760//1760 1761//1761 1820//1820
f 1761//1761 1762//1762 1821//1821
f 1762//1762 1763//1763 1822//1822
f 1763//1763 1764//1764 1823//1823
f 1764//1764 1765//1765 1824//1824
f 1765//1765 1766//1766 1825//1825
f 1766//1766 1767//1767 1826//1826
f 1767//1767 1768//1768 1827//1827
f 1768//1768 1769//1769 1828//1828
f 1769//1769 1770//1770 1829//1829
f 1770//1770 1771//1771 1830//1830
f 1771//1771 1772//1772 1831//1831
f 1772//1772 1773//1773 1832//1832
f 1773//1773 1774//1774 1833//1833
f 1774//1774 1775//1775 1834//1834
f 1775//1775 1776//1776 1835//1835
f 1776//1776 1777//1777 1836//1836
f 1777//1777 1778//1778 1837//1837
f 1778//1778 1779//1779 1838//1838
f 1779//1779 1780//1780 1839//1839
f 1780//1780 1781//1781 1840//1840
f 1781//1781 1782//1782 1841//1841
f 1782//1782 1783//1783 1842//1842
f 1783//1783 1784//1784 1843//1843
f 1784//1784 1785//1785 1844//1844
f 1785//1785 1786//1786 1845//1845
f 1786//1786 1787//1787 1846//1846
f 1787//1787 1788//1788 1847//1847
f 1788//1788 1789//1789 1848//1848
f 1789//1789 1790//1790 1849//1849
f 1790//1790 1791//1791 1850//1850
f 1791//1791 1792//1792 1851//1851
f 1792//1792 1793//1793 1852//1852
f 1793//1793 1794//1794 1853//1853
f 1794//1794 1795//1795 1854//1854
f 1795//1795 1796//1796 1855//1855
f 1796//1796 1797//1797 1856//1856
f 1797//1797 1798//1798 1857//1857
f 1798//1798 1799//1799 1858//1858
f 1799//1799 1800//1800 1859//1859
f 1800//1800 1801//1801 1860//1860
f 1801//1801 1802//1802 1861//1861
f 1802//1802 1803//1803 1862//1862
f 1803//1803 1804//1804 1863//1863
f 1804//1804 1805//1805 1864//1864
f 1805//1805 1806//1806 1865//1865
f 1806//1806 1807//1807 1866//1866
f 1807//1807 1808//1808 1867//1867
f 1808//1808 1809//1809 1868//1868
f 1809//1809 1810//1810 1869//1869
f 1810//1810 1811//1811 1870//1870
f 1811//1811 1812//1812 1871//1871
f 1812//1812 1813//1813 1872//1872
f 1813//1813 1814//1814 1873//1873
f 1814//1814 1815//1815 1874//1874
f 1815//1815 1816//1816 1875//1875
f 1816//1816 1817//1817 1876//1876
f 1817//1817 1818//1818 1877//1877
f 1818//1818 1819//1819 1878//1878
f 1819//1819 1820//1820 1879//1879
f 1820//1820 1821//1821 1880//1880
f 1821//1821 1822//1822 1881//1881
f 1822//1822 1823//1823 1882//1882
f 1823//1823 1824//1824 1883//1883
f 1824//1824 1825//1825 1884//1884
f 1825//1825 1826//1826 1885//1885
f 1826//1826 1827//1827 1886//1886
f 1827//1827 1828//1828 1887//1887
f 1828//1828 1829//1829 1888//1888
f 1829//1829 1830//1830 1889//1889
f 1830//1830 1831//1831 1890//1890
f 1831//1831 1832//1832 1891//1891
f 1832//1832 1833//1833 1892//1892
f 1833//1833 1834//1834 1893//1893
f 1834//1834 1835//1835 1894//1894
f 1835//1835 1836//1836 1895//1895
f 1836//1836 1837//1837 1896//1896
f 1837//1837 1838//1838 1897//1897
f 1838//1838 1839//1839 1898//1898
f 1839//1839 1840//1840 1899//1899
f 1840//1840 1841//1841 1900//1900
f 1841//1841 1842//1842 1901//1901
f 1842//1842 1843//1843 1902//1902
f 1843//1843 1844//1844 1903//1903
f 1844//1844 1845//1845 1904//1904
f 1845//1845 1846//1846 1905//1905
f 1846//1846 1847//1847 1906//1906
f 1847//1847 1848//1848 1907//1907
f 1848//1848 1849//1849 1908//1908
f 1849//1849 1850//1850 1909//1909
f 1850//1850 1851//1851 1910//1910
f 1851//1851 1852//1852 1911//1911
f 1852//1852 1853//1853 1912//1912
f 1853//1853 1854//1854 1913//1913
f 1854//1854 1855//1855 1914//1914
f 1855//1855 1856//1856 1915//1915
f 1856//1856 1857//1857 1916//1916
f 1857//1857 1858//1858 1917//1917
f 1858//1858 1859//1859 1918//1918
f 1859//1859 1860//1860 1919//1919
f 1860//1860 1861//1861 1920//1920
f 1861//1861 1862//1862 1921//1921
f 1862//1862 1863//1863 1922//1922
f 1863//1863 1864//1864 1923//1923
f 1864//1864 1865//1865 1924//1924
f 1865//1865 1866//1866 1925//1925
f 1866//1866 1867//1867 1926//1926
f 1867//1867 1868//1868 1927//1927
f 1868//1868 1869//1869 1928//1928
f 1869//1869 1870//1870 1929//1929
f 1870//1870 1871//1871 1930//1930
f 1871//1871 1872//1872 1931//1931
f 1872//1872 1873//1873 1932//1932
f 1873//1873 1874//1874 1933//1933
f 1874//1874 1875//1875 1934//1934
f 1875//1875 1876//1876 1935//1935
f 1876//1876 1877//1877 1936//1936
f 1877//1877 1878//1878 1937//1937
f 1878//1878 1879//1879 1938//1938
f 1879//1879 1880//1880 1939//1939
f 1880//1880 1881//1881 1940//1940
f 1881//1881 1882//1882 1941//1941
f 1882//1882 1883//1883 1942//1942
f 1883//1883 1884//1884 1943//1943
f 1884//1884 1885//1885 1944//1944
f 1885//1885 1886//1886 1945//1945
f 1886//1886 1887//1887 1946//1946
f 1887//1887 1888//1888 1947//1947
f 1888//1888 1889//1889 1948//1948
f 1889//1889 1890//1890 1949//1949
f 1890//1890 1891//1891 1950//1950
f 1891//1891 1892//1892 1951//1951
f 1892//1892 1893//1893 1952//1952
f 1893//1893 1894//1894 1953//1953
f 1894//1894 1895//1895 1954//1954
f 1895//1895 1896//1896 1955//1955
f 1896//1896 1897//1897 1956//1956
f 1897//1897 1898//1898 1957//1957
f 1898//1898 1899//1899 1958//1958
f 1899//1899 1900//1900 1959//1959
f 1900//1900 1901//1901 1960//1960
f 1901//1901 1902//1902 1961//1961
f 1902//1902 1903//1903 1962//1962
f 1903//1903 1904//1904 1963//1963
f 1904//1904 1905//1905 1964//1964
f 1905//1905 1906//1906 1965//1965
f 1906//1906 1907//1907 1966//1966
f 1907//1907 1908//1908 1967//1967
f 1908//1908 1909//1909 1968//1968
f 1909//1909 1910//1910 1969//1969
f 1910//1910 1911//1911 1970//1970
f 1911//1911 1912//1912 1971//1971
f 1912//1912 1913//1913 1972//1972
f 1913//1913 1914//1914 1973//1973
f 1914//1914 1915//1915 1974//1974
f 1915//1915 1916//1916 1975//1975
f 1916//1916 1917//1917 1976//1976
f 1917//1917 1918//1918 1977//1977
f 1918//1918 1919//1919 1978//1978
f 1919//1919 1920//1920 1979//1979
f 1920//1920 1921//1921 1980//1980
f 1921//1921 1922//1922 1981//1981
f 1922//1922 1923//1923 1982//1982
f 1923//1923 1924//1924 1983//1983
f 1924//1924 1925//1925 1984//1984
f 1925//1925 1926//1926 1985//1985
f 1926//1926 1927//1927 1986//1986
f 1927//1927 1928//1928 1987//1987
f 1928//1928 1929//1929 1988//1988
f 1929//1929 1930//1930 1989//1989
f 1930//1930 1931//1931 1990//1990
f 1931//1931 1932//1932 1991//1991
f 1932//1932 1933//1933 1992//1992
f 1933//1933 1934//1934 1993//1993
f 1934//1934 1935//1935 1994//1994
f 1935//1935 1936//1936 1995//1995
f 1936//1936 1937//1937 1996//1996
f 1937//1937 1938//1938 1997//1997
f 1938//1938 1939//1939 1998//1998
f 1939//1939 1940//1940 1999//1999
f 1940//1940 1941//1941 2000//2000
f 1941//1941 1942//1942 2001//2001
f 1942//1942 1943//1943 2002//2002
f 1943//1943 1944//1944 2003//2003
f 1944//1944 1945//1945 2004//2004
f 1945//1945 1946//1946 2005//2005
f 1946//1946 1947//1947 2006//2006
f 1947//1947 1948//1948 2007//2007
f 1948//1948 1949//1949 2008//2008
f 1949//1949 1950//1950 2009//2009
f 1950//1950 1951//1951 2010//2010
f 1951//1951 1952//1952 2011//2011
f 1952//1952 1953//1953 2012//2012
f 1953//1953 1954//1954 2013//2013
f 1954//1954 1955//1955 2014//2014
f 1955//1955 1956//1956 2015//2015
f 1956//1956 1957//1957 2016//2016
f 1957//1957 1958//1958 2017//2017
f 1958//1958 1959//1959 2018//2018
f 1959//1959 1960//1960 2019//2019
f 1960//1960 1961//1961 2020//2020
f 1961//1961 1962//1962 2021//2021
f 1962//1962 1963//1963 2022//2022
f 1963//1963 1964//1964 2023//2023
f 1964//1964 1965//1965 2024//2024
f 1965//1965 1966//1966 2025//2025
f 1966//1966 1967//1967 2026//2026
f 1967//1967 1968//1968 2027//2027
f 1968//1968 1969//1969 2028//2028
f 1969//1969 1970//1970 2029//2029
f 1970//1970 1971//1971 2030//2030
f 1971//1971 1972//1972 2031//2031
f 1972//1972 1973//1973 2032//2032
f 1973//1973 1974//1974 2033//2033
f 1974//1974 1975//1975 2034//2034
f 1975//1975 1976//1976 2035//2035
f 1976//1976 1977//1977 2036//2036
f 1977//1977 1978//1978 2037//2037
f 1978//1978 1979//1979 2038//2038
f 1979//1979 1980//1980 2039//2039
f 1980//1980 1981//1981 2040//2040
f 1981//1981 1982//1982 2041//2041
f 1982//1982 1983//1983 2042//2042
f 1983//1983 1984//1984 2043//2043
f 1984//1984 1985//1985 2044//2044
f 1985//1985 1986//1986 2045//2045
f 1986//1986 1987//1987 2046//2046
f 1987//1987 1988//1988 2047//2047
f 1988//1988 1989//1989 2048//2048
f 1989//1989 1990//1990 2049//2049
f 1990//1990 1991//1991 2050//2050
f 1991//1991 1992//1992 2051//2051
f 1992//1992 1993//1993 2052//2052
f 1993//1993 1994//1994 2053//2053
f 1994//1994 1995//1995 2054//2054
f 1995//1995 1996//1996 2055//2055
f 1996//1996 1997//1997 2056//2056
f 1997//1997 1998//1998 2057//2057
f 1998//1998 1999//1999 2058//2058
f 1999//1999 2000//2000 2059//2059
f 2000//2000 2001//2001 2060//2060
f 2001//2001 2002//2002 2061//2061
f 2002//2002 2003//2003 2062//2062
f 2003//2003 2004//2004 2063//2063
f 2004//2004 2005//2005 2064//2064
f 2005//2005 2006//2006 2065//2065
f 2006//2006 2007//2007 2066//2066
f 2007//2007 2008//2008 2067//2067
f 2008//2008 2009//2009 2068//2068
f 2009//2009 2010//2010 2069//2069
f 2010//2010 2011//2011 2070//2070
f 2011//2011 2012//2012 2071//2071
f 2012//2012 2013//2013 2072//2072
f 2013//2013 2014//2014 2073//2073
f 2014//2014 2015//2015 2074//2074
f 2015//2015 2016//2016 2075//2075
f 2016//2016 2017//2017 2076//2076
f 2017//2017 2018//2018 2077//2077
f 2018//2018 2019//2019 2078//2078
f 2019//2019 2020//2020 2079//2079
f 2020//2020 2021//2021 2080//2080
f 2021//2021 2022//2022 2081//2081
f 2022//2022 2023//2023 2082//2082
f 2023//2023 2024//2024 2083//2083
f 2024//2024 2025//2025 2084//2084
f 2025//2025 2026//2026 2085//2085
f 2026//2026 2027//2027 2086//2086
f 2027//2027 2028//2028 2087//2087
f 2028//2028 2029//2029 2088//2088
f 2029//2029 2030//2030 2089//2089
f 2030//2030 2031//2031 2090//2090
f 2031//2031 2032//2032 2091//2091
f 2032//2032 2033//2033 2092//2092
f 2033//2033 2034//2034 2093//2093
f 2034//2034 2035//2035 2094//2094
f 2035//2035 2036//2036 2095//2095
f 2036//2036 2037//2037 2096//2096
f 2037//2037 2038//2038 2097//2097
f 2038//2038 2039//2039 2098//2098
f 2039//2039 2040//2040 2099//2099
f 2040//2040 2041//2041 2100//2100
f 2041//2041 2042//2042 2101//2101
f 2042//2042 2043//2043 2102//2102
f 2043//2043 2044//2044 2103//2103
f 2044//2044 2045//2045 2104//2104
f 2045//2045 2046//2046 2105//2105
f 2046//2046 2047//2047 2106//2106
f 2047//2047 2048//2048 2107//2107
f 2048//2048 2049//2049 2108//2108
f 2049//2049 2050//2050 2109//2109
f 2050//2050 2051//2051 2110//2110
f 2051//2051 2052//2052 2111//2111
f 2052//2052 2053//2053 2112//2112
f 2053//2053 2054//2054 2113//2113
f 2054//2054 2055//2055 2114//2114
f 2055//2055 2056//2056 2115//2115
f 2056//2056 2057//2057 2116//2116
f 2057//2057 2058//2058 2117//2117
f 2058//2058 2059//2059 2118//2118
f 2059//2059 2060//2060 2119//2119
f 2060//2060 2061//2061 2120//2120
f 2061//2061 2062//2062 2121//2121
f 2062//2062 2063//2063 2122//2122
f 2063//2063 2064//2064 2123//2123
f 2064//2064 2065//2065 2124//2124
f 2065//2065 2066//2066 2125//2125
f 2066//2066 2067//2067 2126//2126
f 2067//2067 2068//2068 2127//2127
f 2068//2068 2069//2069 2128//2128
f 2069//2069 2070//2070 2129//2129
f 2070//2070 2071//2071 2130//2130
f 2071//2071 2072//2072 2131//2131
f 2072//2072 2073//2073 2132//2132
f 2073//2073 2074//2074 2133//2133
f 2074//2074 2075//2075 2134//2134
f 2075//2075 2076//2076 2135//2135
f 2076//2076 2077//2077 2136//2136
f 2077//2077 2078//2078 2137//2137
f 2078//2078 2079//2079 2138//2138
f 2079//2079 2080//2080 2139//2139
f 2080//2080 2081//2081 2140//2140
f 2081//2081 2082//2082 2141//2141
f 2082//2082 2083//2083 2142//2142
f 2083//2083 2084//2084 2143//2143
f 2084//2084 2085//2085 2144//2144
f 2085//2085 2086//2086 2145//2145
f 2086//2086 2087//2087 2146//2146
f 2087//2087 2088//2088 2147//2147
f 2088//2088 2089//2089 2148//2148
f 2089//2089 2090//2090 2149//2149
f 2090//2090 2091//2091 2150//2150
f 2091//2091 2092//2092 2151//2151
f 2092//2092 2093//2093 2152//2152
f 2093//2093 2094//2094 2153//2153
f 2094//2094 2095//2095 2154//2154
f 2095//2095 2096//2096 2155//2155
f 2096//2096 2097//2097 2156//2156
f 2097//2097 2098//2098 2157//2157
f 2098//2098 2099//2099 2158//2158
f 2099//2099 2100//2100 2159//2159
f 2100//2100 2101//2101 2160//2160
f 2101//2101 2102//2102 2161//2161
f 2102//2102 2103//2103 2162//2162
f 2103//2103 2104//2104 2163//2163
f 2104//2104 2105//2105 2164//2164
f 2105//2105 2106//2106 2165//2165
f 2106//2106 2107//2107 2166//2166
f 2107//2107 2108//2108 2167//2167
f 2108//2108 2109//2109 2168//2168
f 2109//2109 2110//2110 2169//2169
f 2110//2110 2111//2111 2170//2170
f 2111//2111 2112//2112 2171//2171
f 2112//2112 2113//2113 2172//2172
f 2113//2113 2114//2114 2173//2173
f 2114//2114 2115//2115 2174//2174
f 2115//2115 2116//2116 2175//2175
f 2116//2116 2117//2117 2176//2176
f 2117//2117 2118//2118 2177//2177
f 2118//2118 2119//2119 2178//2178
f 2119//2119 2120//2120 2179//2179
f 2120//2120 2121//2121 2180//2180
f 2121//2121 2122//2122 2181//2181
f 2122//2122 2123//2123 2182//2182
f 2123//2123 2124//2124 2183//2183
f 2124//2124 2125//2125 2184//2184
f 2125//2125 2126//2126 2185//2185
f 2126//2126 2127//2127 2186//2186
f 2127//2127 2128//2128 2187//2187
f 2128//2128 2129//2129 2188//2188
f 2129//2129 2130//2130 2189//2189
f 2130//2130 2131//2131 2190//2190
f 2131//2131 2132//2132 2191//2191
f 2132//2132 2133//2133 2192//2192
f 2133//2133 2134//2134 2193//2193
f 2134//2134 2135//2135 2194//2194
f 2135//2135 2136//2136 2195//2195
f 2136//2136 2137//2137 2196//2196
f 2137//2137 2138//2138 2197//2197
f 2138//2138 2139//2139 2198//2198
f 2139//2139 2140//2140 2199//2199
f 2140//2140 2141//2141 2200//2200
f 2141//2141 2142//2142 2201//2201
f 2142//2142 2143//2143 2202//2202
f 2143//2143 2144//2144 2203//2203
f 2144//2144 2145//2145 2204//2204
f 2145//2145 2146//2146 2205//2205
f 2146//2146 2147//2147 2206//2206
f 2147//2147 2148//2148 2207//2207
f 2148//2148 2149//2149 2208//2208
f 2149//2149 2150//2150 2209//2209
f 2150//2150 2151//2151 2210//2210
f 2151//2151 2152//2152 2211//2211
f 2152//2152 2153//2153 2212//2212
f 2153//2153 2154//2154 2213//2213
f 2154//2154 2155//2155 2214//2214
f 2155//2155 2156//2156 2215//2215
f 2156//2156 2157//2157 2216//2216
f 2157//2157 2158//2158 2217//2217
f 2158//2158 2159//2159 2218//2218
f 2159//2159 2160//2160 2219//2219
f 2160//2160 2161//2161 2220//2220
f 2161//2161 2162//2162 2221//2221
f 2162//2162 2163//2163 2222//2222
f 2163//2163 2164//2164 2223//2223
f 2164//2164 2165//2165 2224//2224
f 2165//2165 2166//2166 2225//2225
f 2166//2166 2167//2167 2226//2226
f 2167//2167 2168//2168 2227//2227
f 2168//2168 2169//2169 2228//2228
f 2169//2169 2170//2170 2229//2229
f 2170//2170 2171//2171 2230//2230
f 2171//2171 2172//2172 2231//2231
f 2172//2172 2173//2173 2232//2232
f 2173//2173 2174//2174 2233//2233
f 2174//2174 2175//2175 2234//2234
f 2175//2175 2176//2176 2235//2235
f 2176//2176 2177//2177 2236//2236
f 2177//2177 2178//2178 2237//2237
f 2178//2178 2179//2179 2238//2238
f 2179//2179 2180//2180 2239//2239
f 2180//2180 2181//2181 2240//2240
f 2181//2181 2182//2182 2241//2241
f 2182//2182 2183//2183 2242//2242
f 2183//2183 2184//2184 2243//2243
f 2184//2184 2185//2185 2244//2244
f 2185//2185 2186//2186 2245//2245
f 2186//2186 2187//2187 2246//2246
f 2187//2187 2188//2188 2247//2247
f 2188//2188 2189//2189 2248//2248
f 2189//2189 2190//2190 2249//2249
f 2190//2190 2191//2191 2250//2250
f 2191//2191 2192//2192 2251//2251
f 2192//2192 2193//2193 2252//2252
f 2193//2193 2194//2194 2253//2253
f 2194//2194 2195//2195 2254//2254
f 2195//2195 2196//2196 2255//2255
f 2196//2196 2197//2197 2256//2256
f 2197//2197 2198//2198 2257//2257
f 2198//2198 2199//2199 2258//2258
f 2199//2199 2200//2200 2259//2259
f 2200//2200 2201//2201 2260//2260
f 2201//2201 2202//2202 2261//2261
f 2202//2202 2203//2203 2262//2262
f 2203//2203 2204//2204 2263//2263
f 2204//2204 2205//2205 2264//2264
f 2205//2205 2206//2206 2265//2265
f 2206//2206 2207//2207 2266//2266
f 2207//2207 2208//2208 2267//2267
f 2208//2208 2209//2209 2268//2268
f 2209//2209 2210//2210 2269//2269
f 2210//2210 2211//2211 2270//2270
f 2211//2211 2212//2212 2271//2271
f 2212//2212 2213//2213 2272//2272
f 2213//2213 2214//2214 2273//2273
f 2214//2214 2215//2215 2274//2274
f 2215//2215 2216//2216 2275//2275
f 2216//2216 2217//2217 2276//2276
f 2217//2217 2218//2218 2277//2277
f 2218//2218 2219//2219 2278//2278
f 2219//2219 2220//2220 2279//2279
f 2220//2220 2221//2221 2280//2280
f 2221//2221 2222//2222 2281//2281
f 2222//2222 2223//2223 2282//2282
f 2223//2223 2224//2224 2283//2283
f 2224//2224 2225//2225 2284//2284
f 2225//2225 2226//2226 2285//2285
f 2226//2226 2227//2227 2286//2286
f 2227//2227 2228//2228 2287//2287
f 2228//2228 2229//2229 2288//2288
f 2229//2229 2230//2230 2289//2289
f 2230//2230 2231//2231 2290//2290
f 2231//2231 2232//2232 2291//2291
f 2232//2232 2233//2233 2292//2292
f 2233//2233 2234//2234 2293//2293
f 2234//2234 2235//2235 2294//2294
f 2235//2235 2236//2236 2295//2295
f 2236//2236 2237//2237 2296//2296
f 2237//2237 2238//2238 2297//2297
f 2238//2238 2239//2239 2298//2298
f 2239//2239 2240//2240 2299//2299
f 2240//2240 2241//2241 2300//2300
f 2241//2241 2242//2242 2301//2301
f 2242//2242 2243//2243 2302//2302
f 2243//2243 2244//2244 2303//2303
f 2244//2244 2245//2245 2304//2304
f 2245//2245 2246//2246 2305//2305
f 2246//2246 2247//2247 2306//2306
f 2247//2247 2248//2248 2307//2307
f 2248//2248 2249//2249 2308//2308
f 2249//2249 2250//2250 2309//2309
f 2250//2250 2251//2251 2310//2310
f 2251//2251 2252//2252 2311//2311
f 2252//2252 2253//2253 2312//2312
f 2253//2253 2254//2254 2313//2313
f 2254//2254 2255//2255 2314//2314
f 2255//2255 2256//2256 2315//2315
f 2256//2256 2257//2257 2316//2316
f 2257//2257 2258//2258 2317//2317
f 2258//2258 2259//2259 2318//2318
f 2259//2259 2260//2260 2319//2319
f 2260//2260 2261//2261 2320//2320
f 2261//2261 2262//2262 2321//2321
f 2262//2262 2263//2263 2322//2322
f 2263//2263 2264//2264 2323//2323
f 2264//2264 2265//2265 2324//2324
f 2265//2265 2266//2266 2325//2325
f 2266//2266 2267//2267 2326//2326
f 2267//2267 2268//2268 2327//2327
f 2268//2268 2269//2269 2328//2328
f 2269//2269 2270//2270 2329//2329
f 2270//2270 2271//2271 2330//2330
f 2271//2271 2272//2272 2331//2331
f 2272//2272 2273//2273 2332//2332
f 2273//2273 2274//2274 2333//2333
f 2274//2274 2275//2275 2334//2334
f 2275//2275 2276//2276 2335//2335
f 2276//2276 2277//2277 2336//2336
f 2277//2277 2278//2278 2337//2337
f 2278//2278 2279//2279 2338//2338
f 2279//2279 2280//2280 2339//2339
f 2280//2280 2281//2281 2340//2340
f 2281//2281 2282//2282 2341//2341
f 2282//2282 2283//2283 2342//2342
f 2283//2283 2284//2284 2343//2343
f 2284//2284 2285//2285 2344//2344
f 2285//2285 2286//2286 2345//2345
f 2286//2286 2287//2287 2346//2346
f 2287//2287 2288//2288 2347//2347
f 2288//2288 2289//2289 2348//2348
f 2289//2289 2290//2290 2349//2349
f 2290//2290 2291//2291 2350//2350
f 2291//2291 2292//2292 2351//2351
f 2292//2292 2293//2293 2352//2352
f 2293//2293 2294//2294 2353//2353
f 2294//2294 2295//2295 2354//2354
f 2295//2295 2296//2296 2355//2355
f 2296//2296 2297//2297 2356//2356
f 2297//2297 2298//2298 2357//2357
f 2298//2298 2299//2299 2358//2358
f 2299//2299 2300//2300 2359//2359
f 2300//2300 2301//2301 2360//2360
f 2301//2301 2302//2302 2361//2361
f 2302//2302 2303//2303 2362//2362
f 2303//2303 2304//2304 2363//2363
f 2304//2304 2305//2305 2364//2364
f 2305//2305 2306//2306 2365//2365
f 2306//2306 2307//2307 2366//2366
f 2307//2307 2308//2308 2367//2367
f 2308//2308 2309//2309 2368//2368
f 2309//2309 2310//2310 2369//2369
f 2310//2310 2311//2311 2370//2370
f 2311//2311 2312//2312 2371//2371
f 2312//2312 2313//2313 2372//2372
f 2313//2313 2314//2314 2373//2373
f 2314//2314 2315//2315 2374//2374
f 2315//2315 2316//2316 2375//2375
f 2316//2316 2317//2317 2376//2376
f 2317//2317 2318//2318 2377//2377
f 2318//2318 2319//2319 2378//2378
f 2319//2319 2320//2320 2379//2379
f 2320//2320 2321//2321 2380//2380
f 2321//2321 2322//2322 2381//2381
f 2322//2322 2323//2323 2382//2382
f 2323//2323 2324//2324 2383//2383
f 2324//2324 2325//2325 2384//2384
f 2325//2325 2326//2326 2385//2385
f 2326//2326 2327//2327 2386//2386
f 2327//2327 2328//2328 2387//2387
f 2328//2328 2329//2329 2388//2388
f 2329//2329 2330//2330 2389//2389
f 2330//2330 2331//2331 2390//2390
f 2331//2331 2332//2332 2391//2391
f 2332//2332 2333//2333 2392//2392
f 2333//2333 2334//2334 2393//2393
f 2334//2334 2335//2335 2394//2394
f 2335//2335 2336//2336 2395//2395
f 2336//2336 2337//2337 2396//2396
f 2337//2337 2338//2338 2397//2397
f 2338//2338 2339//2339 2398//2398
f 2339//2339 2340//2340 2399//2399
f 2340//2340 2341//2341 2400//2400
f 2341//2341 2342//2342 2401//2401
f 2342//2342 2343//2343 2402//2402
f 2343//2343 2344//2344 2403//2403
f 2344//2344 2345//2345 2404//2404
f 2345//2345 2346//2346 2405//2405
f 2346//2346 2347//2347 2406//2406
f 2347//2347 2348//2348 2407//2407
f 2348//2348 2349//2349 2408//2408
f 2349//2349 2350//2350 2409//2409
f 2350//2350 2351//2351 2410//2410
f 2351//2351 2352//2352 2411//2411
f 2352//2352 2353//2353 2412//2412
f 2353//2353 2354//2354 2413//2413
f 2354//2354 2355//2355 2414//2414
f 2355//2355 2356//2356 2415//2415
f 2356//2356 2357//2357 2416//2416
f 2357//2357 2358//2358 2417//2417
f 2358//2358 2359//2359 2418//2418
f 2359//2359 2360//2360 2419//2419
f 2360//2360 2361//2361 2420//2420
f 2361//2361 2362//2362 2421//2421
f 2362//2362 2363//2363 2422//2422
f 2363//2363 2364//2364 2423//2423
f 2364//2364 2365//2365 2424//2424
f 2365//2365 2366//2366 2425//2425
f 2366//2366 2367//2367 2426//2426
f 2367//2367 2368//2368 2427//2427
f 2368//2368 2369//2369 2428//2428
f 2369//2369 2370//2370 2429//2429
f 2370//2370 2371//2371 2430//2430
f 2371//2371 2372//2372 2431//2431
f 2372//2372 2373//2373 2432//2432
f 2373//2373 2374//2374 2433//2433
f 2374//2374 2375//2375 2434//2434
f 2375//2375 2376//2376 2435//2435
f 2376//2376 2377//2377 2436//2436
f 2377//2377 2378//2378 2437//2437
f 2378//2378 2379//2379 2438//2438
f 2379//2379 2380//2380 2439//2439
f 2380//2380 2381//2381 2440//2440
f 2381//2381 2382//2382 2441//2441
f 2382//2382 2383//2383 2442//2442
f 2383//2383 2384//2384 2443//2443
f 2384//2384 2385//2385 2444//2444
f 2385//2385 2386//2386 2445//2445
f 2386//2386 2387//2387 2446//2446
f 2387//2387 2388//2388 2447//2447
f 2388//2388 2389//2389 2448//2448
f 2389//2389 2390//2390 2449//2449
f 2390//2390 2391//2391 2450//2450
f 2391//2391 2392//2392 2451//2451
f 2392//2392 2393//2393 2452//2452
f 2393//2393 2394//2394 2453//2453
f 2394//2394 2395//2395 2454//2454
f 2395//2395 2396//2396 2455//2455
f 2396//2396 2397//2397 2456//2456
f 2397//2397 2398//2398 2457//2457
f 2398//2398 2399//2399 2458//2458
f 2399//2399 2400//2400 2459//2459
f 2400//2400 2401//2401 2460//2460
f 2401//2401 2402//2402 2461//2461
f 2402//2402 2403//2403 2462//2462
f 2403//2403 2404//2404 2463//2463
f 2404//2404 2405//2405 2464//2464
f 2405//2405 2406//2406 2465//2465
f 2406//2406 2407//2407 2466//2466
f 2407//2407 2408//2408 2467//2467
f 2408//2408 2409//2409 2468//2468
f 2409//2409 2410//2410 2469//2469
f 2410//2410 2411//2411 2470//2470
f 2411//2411 2412//2412 2471//2471
f 2412//2412 2413//2413 2472//2472
f 2413//2413 2414//2414 2473//2473
f 2414//2414 2415//2415 2474//2474
f 2415//2415 2416//2416 2475//2475
f 2416//2416 2417//2417 2476//2476
f 2417//2417 2418//2418 2477//2477
f 2418//2418 2419//2419 2478//2478
f 2419//2419 2420//2420 2479//2479
f 2420//2420 2421//2421 2480//2480
f 2421//2421 2422//2422 2481//2481
f 2422//2422 2423//2423 2482//2482
f 2423//2423 2424//2424 2483//2483
f 2424//2424 2425//2425 2484//2484
f 2425//2425 2426//2426 2485//2485
f 2426//2426 2427//2427 2486//2486
f 2427//2427 2428//2428 2487//2487
f 2428//2428 2429//2429 2488//2488
f 2429//2429 2430//2430 2489//2489
f 2430//2430 2431//2431 2490//2490
f 2431//2431 2432//2432 2491//2491
f 2432//2432 2433//2433 2492//2492
f 2433//2433 2434//2434 2493//2493
f 2434//2434 2435//2435 2494//2494
f 2435//2435 2436//2436 2495//2495
f 2436//2436 2437//2437 2496//2496
f 2437//2437 2438//2438 2497//2497
f 2438//2438 2439//2439 2498//2498
f 2439//2439 2440//2440 2499//2499
f 2440//2440 2441//2441 2500//2500
f 2441//2441 2442//2442 2501//2501
f 2442//2442 2443//2443 2502//2502
f 2443//2443 2444//2444 2503//2503
f 2444//2444 2445//2445 2504//2504
f 2445//2445 2446//2446 2505//2505
f 2446//2446 2447//2447 2506//2506
f 2447//2447 2448//2448 2507//2507
f 2448//2448 2449//2449 2508//2508
f 2449//2449 2450//2450 2509//2509
f 2450//2450 2451//2451 2510//2510
f 2451//2451 2452//2452 2511//2511
f 2452//2452 2453//2453 2512//2512
f 2453//2453 2454//2454 2513//2513
f 2454//2454 2455//2455 2514//2514
f 2455//2455 2456//2456 2515//2515
f 2456//2456 2457//2457 2516//2516
f 2457//2457 2458//2458 2517//2517
f 2458//2458 2459//2459 2518//2518
f 2459//2459 2460//2460 2519//2519
f 2460//2460 2461//2461 2520//2520
f 2461//2461 2462//2462 2521//2521
f 2462//2462 2463//2463 2522//2522
f 2463//2463 2464//2464 2523//2523
f 2464//2464 2465//2465 2524//2524
f 2465//2465 2466//2466 2525//2525
f 2466//2466 2467//2467 2526//2526
f 2467//2467 2468//2468 2527//2527
f 2468//2468 2469//2469 2528//2528
f 2469//2469 2470//2470 2529//2529
f 2470//2470 2471//2471 2530//2530
f 2471//2471 2472//2472 2531//2531
f 2472//2472 2473//2473 2532//2532
f 2473//2473 2474//2474 2533//2533
f 2474//2474 2475//2475 2534//2534
f 2475//2475 2476//2476 2535//2535
f 2476//2476 2477//2477 2536//2536
f 2477//2477 2478//2478 2537//2537
f 2478//2478 2479//2479 2538//2538
f 2479//2479 2480//2480 2539//2539
f 2480//2480 2481//2481 2540//2540
f 2481//2481 2482//2482 2541//2541
f 2482//2482 2483//2483 2542//2542
f 2483//2483 2484//2484 2543//2543
f 2484//2484 2485//2485 2544//2544
f 2485//2485 2486//2486 2545//2545
f 2486//2486 2487//2487 2546//2546
f 2487//2487 2488//2488 2547//2547
f 2488//2488 2489//2489 2548//2548
f 2489//2489 2490//2490 2549//2549
f 2490//2490 2491//2491 2550//2550
f 2491//2491 2492//2492 2551//2551
f 2492//2492 2493//2493 2552//2552
f 2493//2493 2494//2494 2553//2553
f 2494//2494 2495//2495 2554//2554
f 2495//2495 2496//2496 2555//2555
f 2496//2496 2497//2497 2556//2556
f 2497//2497 2498//2498 2557//2557
f 2498//2498 2499//2499 2558//2558
f 2499//2499 2500//2500 2559//2559
f 2500//2500 2501//2501 2560//2560
f 2501//2501 2502//2502 2561//2561
f 2502//2502 2503//2503 2562//2562
f 2503//2503 2504//2504 2563//2563
f 2504//2504 2505//2505 2564//2564
f 2505//2505 2506//2506 2565//2565
f 2506//2506 2507//2507 2566//2566
f 2507//2507 2508//2508 2567//2567
f 2508//2508 2509//2509 2568//2568
f 2509//2509 2510//2510 2569//2569
f 2510//2510 2511//2511 2570//2570
f 2511//2511 2512//2512 2571//2571
f 2512//2512 2513//2513 2572//2572
f 2513//2513 2514//2514 2573//2573
f 2514//2514 2515//2515 2574//2574
f 2515//2515 2516//2516 2575//2575
f 2516//2516 2517//2517 2576//2576
f 2517//2517 2518//2518 2577//2577
f 2518//2518 2519//2519 2578//2578
f 2519//2519 2520//2520 2579//2579
f 2520//2520 2521//2521 2580//2580
f 2521//2521 2522//2522 2581//2581
f 2522//2522 2523//2523 2582//2582
f 2523//2523 2524//2524 2583//2583
f 2524//2524 2525//2525 2584//2584
f 2525//2525 2526//2526 2585//2585
f 2526//2526 2527//2527 2586//2586
f 2527//2527 2528//2528 2587//2587
f 2528//2528 2529//2529 2588//2588
f 2529//2529 2530//2530 2589//2589
f 2530//2530 2531//2531 2590//2590
f 2531//2531 2532//2532 2591//2591
f 2532//2532 2533//2533 2592//2592
f 2533//2533 2534//2534 2593//2593
f 2534//2534 2535//2535 2594//2594
f 2535//2535 2536//2536 2595//2595
f 2536//2536 2537//2537 2596//2596
f 2537//2537 2538//2538 2597//2597
f 2538//2538 2539//2539 2598//2598
f 2539//2539 2540//2540 2599//2599
f 2540//2540 2541//2541 2600//2600
f 2541//2541 2542//2542 2601//2601
f 2542//2542 2543//2543 2602//2602
f 2543//2543 2544//2544 2603//2603
f 2544//2544 2545//2545 2604//2604
f 2545//2545 2546//2546 2605//2605
f 2546//2546 2547//2547 2606//2606
f 2547//2547 2548//2548 2607//2607
f 2548//2548 2549//2549 2608//2608
f 2549//2549 2550//2550 2609//2609
f 2550//2550 2551//2551 2610//2610
f 2551//2551 2552//2552 2611//2611
f 2552//2552 2553//2553 2612//2612
f 2553//2553 2554//2554 2613//2613
f 2554//2554 2555//2555 2614//2614
f 2555//2555 2556//2556 2615//2615
f 2556//2556 2557//2557 2616//2616
f 2557//2557 2558//2558 2617//2617
f 2558//2558 2559//2559 2618//2618
f 2559//2559 2560//2560 2619//2619
f 2560//2560 2561//2561 2620//2620
f 2561//2561 2562//2562 2621//2621
f 2562//2562 2563//2563 2622//2622
f 2563//2563 2564//2564 2623//2623
f 2564//2564 2565//2565 2624//2624
f 2565//2565 2566//2566 2625//2625
f 2566//2566 2567//2567 2626//2626
f 2567//2567 2568//2568 2627//2627
f 2568//2568 2569//2569 2628//2628
f 2569//2569 2570//2570 2629//2629
f 2570//2570 2571//2571 2630//2630
f 2571//2571 2572//2572 2631//2631
f 2572//2572 2573//2573 2632//2632
f 2573//2573 2574//2574 2633//2633
f 2574//2574 2575//2575 2634//2634
f 2575//2575 2576//2576 2635//2635
f 2576//2576 2577//2577 2636//2636
f 2577//2577 2578//2578 2637//2637
f 2578//2578 2579//2579 2638//2638
f 2579//2579 2580//2580 2639//2639
f 2580//2580 2581//2581 2640//2640
f 2581//2581 2582//2582 2641//2641
f 2582//2582 2583//2583 2642//2642
f 2583//2583 2584//2584 2643//2643
f 2584//2584 2585//2585 2644//2644
f 2585//2585 2586//2586 2645//2645
f 2586//2586 2587//2587 2646//2646
f 2587//2587 2588//2588 2647//2647
f 2588//2588 2589//2589 2648//2648
f 2589//2589 2590//2590 2649//2649
f 2590//2590 2591//2591 2650//2650
f 2591//2591 2592//2592 2651//2651
f 2592//2592 2593//2593 2652//2652
f 2593//2593 2594//2594 2653//2653
f 2594//2594 2595//2595 2654//2654
f 2595//2595 2596//2596 2655//2655
f 2596//2596 2597//2597 2656//2656
f 2597//2597 2598//2598 2657//2657
f 2598//2598 2599//2599 2658//2658
f 2599//2599 2600//2600 2659//2659
f 2600//2600 2601//2601 2660//2660
f 2601//2601 2602//2602 2661//2661
f 2602//2602 2603//2603 2662//2662
f 2603//2603 2604//2604 2663//2663
f 2604//2604 2605//2605 2664//2664
f 2605//2605 2606//2606 2665//2665
f 2606//2606 2607//2607 2666//2666
f 2607//2607 2608//2608 2667//2667
f 2608//2608 2609//2609 2668//2668
f 2609//2609 2610//2610 2669//2669
f 2610//2610 2611//2611 2670//2670
f 2611//2611 2612//2612 2671//2671
f 2612//2612 2613//2613 2672//2672
f 2613//2613 2614//2614 2673//2673
f 2614//2614 2615//2615 2674//2674
f 2615//2615 2616//2616 2675//2675
f 2616//2616 2617//2617 2676//2676
f 2617//2617 2618//2618 2677//2677
f 2618//2618 2619//2619 2678//2678
f 2619//2619 2620//2620 2679//2679
f 2620//2620 2621//2621 2680//2680
f 2621//2621 2622//2622 2681//2681
f 2622//2622 2623//2623 2682//2682
f 2623//2623 2624//2624 2683//2683
f 2624//2624 2625//2625 2684//2684
f 2625//2625 2626//2626 2685//2685
f 2626//2626 2627//2627 2686//2686
f 2627//2627 2628//2628 2687//2687
f 2628//2628 2629//2629 2688//2688
f 2629//2629 2630//2630 2689//2689
f 2630//2630 2631//2631 2690//2690
f 2631//2631 2632//2632 2691//2691
f 2632//2632 2633//2633 2692//2692
f 2633//2633 2634//2634 2693//2693
f 2634//2634 2635//2635 2694//2694
f 2635//2635 2636//2636 2695//2695
f 2636//2636 2637//2637 2696//2696
f 2637//2637 2638//2638 2697//2697
f 2638//2638 2639//2639 2698//2698
f 2639//2639 2640//2640 2699//2699
f 2640//2640 2641//2641 2700//2700
f 2641//2641 2642//2642 2701//2701
f 2642//2642 2643//2643 2702//2702
f 2643//2643 2644//2644 2703//2703
f 2644//2644 2645//2645 2704//2704
f 2645//2645 2646//2646 2705//2705
f 2646//2646 2647//2647 2706//2706
f 2647//2647 2648//2648 2707//2707
f 2648//2648 2649//2649 2708//2708
f 2649//2649 2650//2650 2709//2709
f 2650//2650 2651//2651 2710//2710
f 2651//2651 2652//2652 2711//2711
f 2652//2652 2653//2653 2712//2712
f 2653//2653 2654//2654 2713//2713
f 2654//2654 2655//2655 2714//2714
f 2655//2655 2656//2656 2715//2715
f 2656//2656 2657//2657 2716//2716
f 2657//2657 2658//2658 2717//2717
f 2658//2658 2659//2659 2718//2718
f 2659//2659 2660//2660 2719//2719
f 2660//2660 2661//2661 2720//2720
f 2661//2661 2662//2662 2721//2721
f 2662//2662 2663//2663 2722//2722
f 2663//2663 2664//2664 2723//2723
f 2664//2664 2665//2665 2724//2724
f 2665//2665 2666//2666 2725//2725
f 2666//2666 2667//2667 2726//2726
f 2667//2667 2668//2668 2727//2727
f 2668//2668 2669//2669 2728//2728
f 2669//2669 2670//2670 2729//2729
f 2670//2670 2671//2671 2730//2730
f 2671//2671 2672//2672 2731//2731
f 2672//2672 2673//2673 2732//2732
f 2673//2673 2674//2674 2733//2733
f 2674//2674 2675//2675 2734//2734
f 2675//2675 2676//2676 2735//2735
f 2676//2676 2677//2677 2736//2736
f 2677//2677 2678//2678 2737//2737
f 2678//2678 2679//2679 2738//2738
f 2679//2679 2680//2680 2739//2739
f 2680//2680 2681//2681 2740//2740
f 2681//2681 2682//2682 2741//2741
f 2682//2682 2683//2683 2742//2742
f 2683//2683 2684//2684 2743//2743
f 2684//2684 2685//2685 2744//2744
f 2685//2685 2686//2686 2745//2745
f 2686//2686 2687//2687 2746//2746
f 2687//2687 2688//2688 2747//2747
f 2688//2688 2689//2689 2748//2748
f 2689//2689 2690//2690 2749//2749
f 2690//2690 2691//2691 2750//2750
f 2691//2691 2692//2692 2751//2751
f 2692//2692 2693//2693 2752//2752
f 2693//2693 2694//2694 2753//2753
f 2694//2694 2695//2695 2754//2754
f 2695//2695 2696//2696 2755//2755
f 2696//2696 2697//2697 2756//2756
f 2697//2697 2698//2698 2757//2757
f 2698//2698 2699//2699 2758//2758
f 2699//2699 2700//2700 2759//2759
f 2700//2700 2701//2701 2760//2760
f 2701//2701 2702//2702 2761//2761
f 2702//2702 2703//2703 2762//2762
f 2703//2703 2704//2704 2763//2763
f 2704//2704 2705//2705 2764//2764
f 2705//2705 2706//2706 2765//2765
f 2706//2706 2707//2707 2766//2766
f 2707//2707 2708//2708 2767//2767
f 2708//2708 2709//2709 2768//2768
f 2709//2709 2710//2710 2769//2769
f 2710//2710 2711//2711 2770//2770
f 2711//2711 2712//2712 2771//2771
f 2712//2712 2713//2713 2772//2772
f 2713//2713 2714//2714 2773//2773
f 2714//2714 2715//2715 2774//2774
f 2715//2715 2716//2716 2775//2775
f 2716//2716 2717//2717 2776//2776
f 2717//2717 2718//2718 2777//2777
f 2718//2718 2719//2719 2778//2778
f 2719//2719 2720//2720 2779//2779
f 2720//2720 2721//2721 2780//2780
f 2721//2721 2722//2722 2781//2781
f 2722//2722 2723//2723 2782//2782
f 2723//2723 2724//2724 2783//2783
f 2724//2724 2725//2725 2784//2784
f 2725//2725 2726//2726 2785//2785
f 2726//2726 2727//2727 2786//2786
f 2727//2727 2728//2728 2787//2787
f 2728//2728 2729//2729 2788//2788
f 2729//2729 2730//2730 2789//2789
f 2730//2730 2731//2731 2790//2790
f 2731//2731 2732//2732 2791//2791
f 2732//2732 2733//2733 2792//2792
f 2733//2733 2734//2734 2793//2793
f 2734//2734 2735//2735 2794//2794
f 2735//2735 2736//2736 2795//2795
f 2736//2736 2737//2737 2796//2796
f 2737//2737 2738//2738 2797//2797
f 2738//2738 2739//2739 2798//2798
f 2739//2739 2740//2740 2799//2799
f 2740//2740 2741//2741 2800//2800
f 2741//2741 2742//2742 2801//2801
f 2742//2742 2743//2743 2802//2802
f 2743//2743 2744//2744 2803//2803
f 2744//2744 2745//2745 2804//2804
f 2745//2745 2746//2746 2805//2805
f 2746//2746 2747//2747 2806//2806
f 2747//2747 2748//2748 2807//2807
f 2748//2748 2749//2749 2808//2808
f 2749//2749 2750//2750 2809//2809
f 2750//2750 2751//2751 2810//2810
f 2751//2751 2752//2752 2811//2811
f 2752//2752 2753//2753 2812//2812
f 2753//2753 2754//2754 2813//2813
f 2754//2754 2755//2755 2814//2814
f 2755//2755 2756//2756 2815//2815
f 2756//2756 2757//2757 2816//2816
f 2757//2757 2758//2758 2817//2817
f 2758//2758 2759//2759 2818//2818
f 2759//2759 2760//2760 2819//2819
f 2760//2760 2761//2761 2820//2820
f 2761//2761 2762//2762 2821//2821
f 2762//2762 2763//2763 2822//2822
f 2763//2763 2764//2764 2823//2823
f 2764//2764 2765//2765 2824//2824
f 2765//2765 2766//2766 2825//2825
f 2766//2766 2767//2767 2826//2826
f 2767//2767 2768//2768 2827//2827
f 2768//2768 2769//2769 2828//2828
f 2769//2769 2770//2770 2829//2829
f 2770//2770 2771//2771 2830//2830
f 2771//2771 2772//2772 2831//2831
f 2772//2772 2773//2773 2832//2832
f 2773//2773 2774//2774 2833//2833
f 2774//2774 2775//2775 2834//2834
f 2775//2775 2776//2776 2835//2835
f 2776//2776 2777//2777 2836//2836
f 2777//2777 2778//2778 2837//2837
f 2778//2778 2779//2779 2838//2838
f 2779//2779 2780//2780 2839//2839
f 2780//2780 2781//2781 2840//2840
f 2781//2781 2782//2782 2841//2841
f 2782//2782 2783//2783 2842//2842
f 2783//2783 2784//2784 2843//2843
f 2784//2784 2785//2785 2844//2844
f 2785//2785 2786//2786 2845//2845
f 2786//2786 2787//2787 2846//2846
f 2787//2787 2788//2788 2847//2847
f 2788//2788 2789//2789 2848//2848
f 2789//2789 2790//2790 2849//2849
f 2790//2790 2791//2791 2850//2850
f 2791//2791 2792//2792 2851//2851
f 2792//2792 2793//2793 2852//2852
f 2793//2793 2794//2794 2853//2853
f 2794//2794 2795//2795 2854//2854
f 2795//2795 2796//2796 2855//2855
f 2796//2796 2797//2797 2856//2856
f 2797//2797 2798//2798 2857//2857
f 2798//2798 2799//2799 2858//2858
f 2799//2799 2800//2800 2859//2859
f 2800//2800 2801//2801 2860//2860
f 2801//2801 2802//2802 2861//2861
f 2802//2802 2803//2803 2862//2862
f 2803//2803 2804//2804 2863//2863
f 2804//2804 2805//2805 2864//2864
f 2805//2805 2806//2806 2865//2865
f 2806//2806 2807//2807 2866//2866
f 2807//2807 2808//2808 2867//2867
f 2808//2808 2809//2809 2868//2868
f 2809//2809 2810//2810 2869//2869
f 2810//2810 2811//2811 2870//2870
f 2811//2811 2812//2812 2871//2871
f 2812//2812 2813//2813 2872//2872
f 2813//2813 2814//2814 2873//2873
f 2814//2814 2815//2815 2874//2874
f 2815//2815 2816//2816 2875//2875
f 2816//2816 2817//2817 2876//2876
f 2817//2817 2818//2818 2877//2877
f 2818//2818 2819//2819 2878//2878
f 2819//2819 2820//2820 2879//2879
f 2820//2820 2821//2821 2880//2880
f 2821//2821 2822//2822 2881//2881
f 2822//2822 2823//2823 2882//2882
f 2823//2823 2824//2824 2883//2883
f 2824//2824 2825//2825 2884//2884
f 2825//2825 2826//2826 2885//2885
f 2826//2826 2827//2827 2886//2886
f 2827//2827 2828//2828 2887//2887
f 2828//2828 2829//2829 2888//2888
f 2829//2829 2830//2830 2889//2889
f 2830//2830 2831//2831 2890//2890
f 2831//2831 2832//2832 2891//2891
f 2832//2832 2833//2833 2892//2892
f 2833//2833 2834//2834 2893//2893
f 2834//2834 2835//2835 2894//2894
f 2835//2835 2836//2836 2895//2895
f 2836//2836 2837//2837 2896//2896
f 2837//2837 2838//2838 2897//2897
f 2838//2838 2839//2839 2898//2898
f 2839//2839 2840//2840 2899//2899
f 2840//2840 2841//2841 2900//2900
f 2841//2841 2842//2842 2901//2901
f 2842//2842 2843//2843 2902//2902
f 2843//2843 2844//2844 2903//2903
f 2844//2844 2845//2845 2904//2904
f 2845//2845 2846//2846 2905//2905
f 2846//2846 2847//2847 2906//2906
f 2847//2847 2848//2848 2907//2907
f 2848//2848 2849//2849 2908//2908
f 2849//2849 2850//2850 2909//2909
f 2850//2850 2851//2851 2910//2910
f 2851//2851 2852//2852 2911//2911
f 2852//2852 2853//2853 2912//2912
f 2853//2853 2854//2854 2913//2913
f 2854//2854 2855//2855 2914//2914
f 2855//2855 2856//2856 2915//2915
f 2856//2856 2857//2857 2916//2916
f 2857//2857 2858//2858 2917//2917
f 2858//2858 2859//2859 2918//2918
f 2859//2859 2860//2860 2919//2919
f 2860//2860 2861//2861 2920//2920
f 2861//2861 2862//2862 2921//2921
f 2862//2862 2863//2863 2922//2922
f 2863//2863 2864//2864 2923//2923
f 2864//2864 2865//2865 2924//2924
f 2865//2865 2866//2866 2925//2925
f 2866//2866 2867//2867 2926//2926
f 2867//2867 2868//2868 2927//2927
f 2868//2868 2869//2869 2928//2928
f 2869//2869 2870//2870 2929//2929
f 2870//2870 2871//2871 2930//2930
f 2871//2871 2872//2872 2931//2931
f 2872//2872 2873//2873 2932//2932
f 2873//2873 2874//2874 2933//2933
f 2874//2874 2875//2875 2934//2934
f 2875//2875 2876//2876 2935//2935
f 2876//2876 2877//2877 2936//2936
f 2877//2877 2878//2878 2937//2937
f 2878//2878 2879//2879 2938//2938
f 2879//2879 2880//2880 2939//2939
f 2880//2880 2881//2881 2940//2940
f 2881//2881 2882//2882 2941//2941
f 2882//2882 2883//2883 2942//2942
f 2883//2883 2884//2884 2943//2943
f 2884//2884 2885//2885 2944//2944
f 2885//2885 2886//2886 2945//2945
f 2886//2886 2887//2887 2946//2946
f 2887//2887 2888//2888 2947//2947
f 2888//2888 2889//2889 2948//2948
f 2889//2889 2890//2890 2949//2949
f 2890//2890 2891//2891 2950//2950
f 2891//2891 2892//2892 2951//2951
f 2892//2892 2893//2893 2952//2952
f 2893//2893 2894//2894 2953//2953
f 2894//2894 2895//2895 2954//2954
f 2895//2895 2896//2896 2955//2955
f 2896//2896 2897//2897 2956//2956
f 2897//2897 2898//2898 2957//2957
f 2898//2898 2899//2899 2958//2958
f 2899//2899 2900//2900 2959//2959
f 2900//2900 2901//2901 2960//2960
f 2901//2901 2902//2902 2961//2961
f 2902//2902 2903//2903 2962//2962
f 2903//2903 2904//2904 2963//2963
f 2904//2904 2905//2905 2964//2964
f 2905//2905 2906//2906 2965//2965
f 2906//2906 2907//2907 2966//2966
f 2907//2907 2908//2908 2967//2967
f 2908//2908 2909//2909 2968//2968
f 2909//2909 2910//2910 2969//2969
f 2910//2910 2911//2911 2970//2970
f 2911//2911 2912//2912 2971//2971
f 2912//2912 2913//2913 2972//2972
f 2913//2913 2914//2914 2973//2973
f 2914//2914 2915//2915 2974//2974
f 2915//2915 2916//2916 2975//2975
f 2916//2916 2917//2917 2976//2976
f 2917//2917 2918//2918 2977//2977
f 2918//2918 2919//2919 2978//2978
f 2919//2919 2920//2920 2979//2979
f 2920//2920 2921//2921 2980//2980
f 2921//2921 2922//2922 2981//2981
f 2922//2922 2923//2923 2982//2982
f 2923//2923 2924//2924 2983//2983
f 2924//2924 2925//2925 2984//2984
f 2925//2925 2926//2926 2985//2985
f 2926//2926 2927//2927 2986//2986
f 2927//2927 2928//2928 2987//2987
f 2928//2928 2929//2929 2988//2988
f 2929//2929 2930//2930 2989//2989
f 2930//2930 2931//2931 2990//2990
f 2931//2931 2932//2932 2991//2991
f 2932//2932 2933//2933 2992//2992
f 2933//2933 2934//2934 2993//2993
f 2934//2934 2935//2935 2994//2994
f 2935//2935 2936//2936 2995//2995
f 2936//2936 2937//2937 2996//2996
f 2937//2937 2938//2938 2997//2997
f 2938//2938 2939//2939 2998//2998
f 2939//2939 2940//2940 2999//2999
f 2940//2940 2941//2941 3000//3000
f 2941//2941 2942//2942 3001//3001
f 2942//2942 2943//2943 3002//3002
f 2943//2943 2944//2944 3003//3003
f 2944//2944 2945//2945 3004//3004
f 2945//2945 2946//2946 3005//3005
f 2946//2946 2947//2947 3006//3006
f 2947//2947 2948//2948 3007//3007
f 2948//2948 2949//2949 3008//3008
f 2949//2949 2950//2950 3009//3009
f 2950//2950 2951//2951 3010//3010
f 2951//2951 2952//2952 3011//3011
f 2952//2952 2953//2953 3012//3012
f 2953//2953 2954//2954 3013//3013
f 2954//2954 2955//2955 3014//3014
f 2955//2955 2956//2956 3015//3015
f 2956//2956 2957//2957 3016//3016
f 2957//2957 2958//2958 3017//3017
f 2958//2958 2959//2959 3018//3018
f 2959//2959 2960//2960 3019//3019
f 2960//2960 2961//2961 3020//3020
f 2961//2961 2962//2962 3021//3021
f 2962//2962 2963//2963 3022//3022
f 2963//2963 2964//2964 3023//3023
f 2964//2964 2965//2965 3024//3024
f 2965//2965 2966//2966 3025//3025
f 2966//2966 2967//2967 3026//3026
f 2967//2967 2968//2968 3027//3027
f 2968//2968 2969//2969 3028//3028
f 2969//2969 2970//2970 3029//3029
f 2970//2970 2971//2971 3030//3030
f 2971//2971 2972//2972 3031//3031
f 2972//2972 2973//2973 3032//3032
f 2973//2973 2974//2974 3033//3033
f 2974//2974 2975//2975 3034//3034
f 2975//2975 2976//2976 3035//3035
f 2976//2976 2977//2977 3036//3036
f 2977//2977 2978//2978 3037//3037
f 2978//2978 2979//2979 3038//3038
f 2979//2979 2980//2980 3039//3039
f 2980//2980 2981//2981 3040//3040
f 2981//2981 2982//2982 3041//3041
f 2982//2982 2983//2983 3042//3042
f 2983//2983 2984//2984 3043//3043
f 2984//2984 2985//2985 3044//3044
f 2985//2985 2986//2986 3045//3045
f 2986//2986 2987//2987 3046//3046
f 2987//2987 2988//2988 3047//3047
f 2988//2988 2989//2989 3048//3048
f 2989//2989 2990//2990 3049//3049
f 2990//2990 2991//2991 3050//3050
f 2991//2991 2992//2992 3051//3051
f 2992//2992 2993//2993 3052//3052
f 2993//2993 2994//2994 3053//3053
f 2994//2994 2995//2995 3054//3054
f 2995//2995 2996//2996 3055//3055
f 2996//2996 2997//2997 3056//3056
f 2997//2997 2998//2998 3057//3057
f 2998//2998 2999//2999 3058//3058
f 2999//2999 3000//3000 3059//3059
f 3000//3000 3001//3001 3060//3060
f 3001//3001 3002//3002 3061//3061
f 3002//3002 3003//3003 3062//3062
f 3003//3003 3004//3004 3063//3063
f 3004//3004 3005//3005 3064//3064
f 3005//3005 3006//3006 3065//3065
f 3006//3006 3007//3007 3066//3066
f 3007//3007 3008//3008 3067//3067
f 3008//3008 3009//3009 3068//3068
f 3009//3009 3010//3010 3069//3069
f 3010//3010 3011//3011 3070//3070
f 3011//3011 3012//3012 3071//3071
f 3012//3012 3013//3013 3072//3072
f 3013//3013 3014//3014 3073//3073
f 3014//3014 3015//3015 3074//3074
f 3015//3015 3016//3016 3075//3075
f 3016//3016 3017//3017 3076//3076
f 3017//3017 3018//3018 3077//3077
f 3018//3018 3019//3019 3078//3078
f 3019//3019 3020//3020 3079//3079
f 3020//3020 3021//3021 3080//3080
f 3021//3021 3022//3022 3081//3081
f 3022//3022 3023//3023 3082//3082
f 3023//3023 3024//3024 3083//3083
f 3024//3024 3025//3025 3084//3084
f 3025//3025 3026//3026 3085//3085
f 3026//3026 3027//3027 3086//3086
f 3027//3027 3028//3028 3087//3087
f 3028//3028 3029//3029 3088//3088
f 3029//3029 3030//3030 3089//3089
f 3030//3030 3031//3031 3090//3090
f 3031//3031 3032//3032 3091//3091
f 3032//3032 3033//3033 3092//3092
f 3033//3033 3034//3034 3093//3093
f 3034//3034 3035//3035 3094//3094
f 3035//3035 3036//3036 3095//3095
f 3036//3036 3037//3037 3096//3096
f 3037//3037 3038//3038 3097//3097
f 3038//3038 3039//3039 3098//3098
f 3039//3039 3040//3040 3099//3099
f 3040//3040 3041//3041 3100//3100
f 3041//3041 3042//3042 3101//3101
f 3042//3042 3043//3043 3102//3102
f 3043//3043 3044//3044 3103//3103
f 3044//3044 3045//3045 3104//3104
f 3045//3045 3046//3046 3105//3105
f 3046//3046 3047//3047 3106//3106
f 3047//3047 3048//3048 3107//3107
f 3048//3048 3049//3049 3108//3108
f 3049//3049 3050//3050 3109//3109
f 3050//3050 3051//3051 3110//3110
f 3051//3051 3052//3052 3111//3111
f 3052//3052 3053//3053 3112//3112
f 3053//3053 3054//3054 3113//3113
f 3054//3054 3055//3055 3114//3114
f 3055//3055 3056//3056 3115//3115
f 3056//3056 3057//3057 3116//3116
f 3057//3057 3058//3058 3117//3117
f 3058//3058 3059//3059 3118//3118
f 3059//3059 3060//3060 3119//3119
f 3060//3060 3061//3061 3120//3120
f 3061//3061 3062//3062 3121//3121
f 3062//3062 3063//3063 3122//3122
f 3063//3063 3064//3064 3123//3123
f 3064//3064 3065//3065 3124//3124
f 3065//3065 3066//3066 3125//3125
f 3066//3066 3067//3067 3126//3126
f 3067//3067 3068//3068 3127//3127
f 3068//3068 3069//3069 3128//3128
f 3069//3069 3070//3070 3129//3129
f 3070//3070 3071//3071 3130//3130
f 3071//3071 3072//3072 3131//3131
f 3072//3072 3073//3073 3132//3132
f 3073//3073 3074//3074 3133//3133
f 3074//3074 3075//3075 3134//3134
f 3075//3075 3076//3076 3135//3135
f 3076//3076 3077//3077 3136//3136
f 3077//3077 3078//3078 3137//3137
f 3078//3078 3079//3079 3138//3138
f 3079//3079 3080//3080 3139//3139
f 3080//3080 3081//3081 3140//3140
f 3081//3081 3082//3082 3141//3141
f 3082//3082 3083//3083 3142//3142
f 3083//3083 3084//3084 3143//3143
f 3084//3084 3085//3085 3144//3144
f 3085//3085 3086//3086 3145//3145
f 3086//3086 3087//3087 3146//3146
f 3087//3087 3088//3088 3147//3147
f 3088//3088 3089//3089 3148//3148
f 3089//3089 3090//3090 3149//3149
f 3090//3090 3091//3091 3150//3150
f 3091//3091 3092//3092 3151//3151
f 3092//3092 3093//3093 3152//3152
f 3093//3093 3094//3094 3153//3153
f 3094//3094 3095//3095 3154//3154
f 3095//3095 3096//3096 3155//3155
f 3096//3096 3097//3097 3156//3156
f 3097//3097 3098//3098 3157//3157
f 3098//3098 3099//3099 3158//3158
f 3099//3099 3100//3100 3159//3159
f 3100//3100 3101//3101 3160//3160
f 3101//3101 3102//3102 3161//3161
f 3102//3102 3103//3103 3162//3162
f 3103//3103 3104//3104 3163//3163
f 3104//3104 3105//3105 3164//3164
f 3105//3105 3106//3106 3165//3165
f 3106//3106 3107//3107 3166//3166
f 3107//3107 3108//3108 3167//3167
f 3108//3108 3109//3109 3168//3168
f 3109//3109 3110//3110 3169//3169
f 3110//3110 3111//3111 3170//3170
f 3111//3111 3112//3112 3171//3171
f 3112//3112 3113//3113 3172//3172
f 3113//3113 3114//3114 3173//3173
f 3114//3114 3115//3115 3174//3174
f 3115//3115 3116//3116 3175//3175
f 3116//3116 3117//3117 3176//3176
f 3117//3117 3118//3118 3177//3177
f 3118//3118 3119//3119 3178//3178
f 3119//3119 3120//3120 3179//3179
f 3120//3120 3121//3121 3180//3180
f 3121//3121 3122//3122 3181//3181
f 3122//3122 3123//3123 3182//3182
f 3123//3123 3124//3124 3183//3183
f 3124//3124 3125//3125 3184//3184
f 3125//3125 3126//3126 3185//3185
f 3126//3126 3127//3127 3186//3186
f 3127//3127 3128//3128 3187//3187
f 3128//3128 3129//3129 3188//3188
f 3129//3129 3130//3130 3189//3189
f 3130//3130 3131//3131 3190//3190
f 3131//3131 3132//3132 3191//3191
f 3132//3132 3133//3133 3192//3192
f 3133//3133 3134//3134 3193//3193
f 3134//3134 3135//3135 3194//3194
f 3135//3135 3136//3136 3195//3195
f 3136//3136 3137//3137 3196//3196
f 3137//3137 3138//3138 3197//3197
f 3138//3138 3139//3139 3198//3198
f 3139//3139 3140//3140 3199//3199
f 3140//3140 3141//3141 3200//3200
f 3141//3141 3142//3142 3201//3201
f 3142//3142 3143//3143 3202//3202
f 3143//3143 3144//3144 3203//3203
f 3144//3144 3145//3145 3204//3204
f 3145//3145 3146//3146 3205//3205
f 3146//3146 3147//3147 3206//3206
f 3147//3147 3148//3148 3207//3207
f 3148//3148 3149//3149 3208//3208
f 3149//3149 3150//3150 3209//3209
f 3150//3150 3151//3151 3210//3210
f 3151//3151 3152//3152 3211//3211
f 3152//3152 3153//3153 3212//3212
f 3153//3153 3154//3154 3213//3213
f 3154//3154 3155//3155 3214//3214
f 3155//3155 3156//3156 3215//3215
f 3156//3156 3157//3157 3216//3216
f 3157//3157 3158//3158 3217//3217
f 3158//3158 3159//3159 3218//3218
f 3159//3159 3160//3160 3219//3219
f 3160//3160 3161//3161 3220//3220
f 3161//3161 3162//3162 3221//3221
f 3162//3162 3163//3163 3222//3222
f 3163//3163 3164//3164 3223//3223
f 3164//3164 3165//3165 3224//3224
f 3165//3165 3166//3166 3225//3225
f 3166//3166 3167//3167 3226//3226
f 3167//3167 3168//3168 3227//3227
f 3168//3168 3169//3169 3228//3228
f 3169//3169 3170//3170 3229//3229
f 3170//3170 3171//3171 3230//3230
f 3171//3171 3172//3172 3231//3231
f 3172//3172 3173//3173 3232//3232
f 3173//3173 3174//3174 3233//3233
f 3174//3174 3175//3175 3234//3234
f 3175//3175 3176//3176 3235//3235
f 3176//3176 3177//3177 3236//3236
f 3177//3177 3178//3178 3237//3237
f 3178//3178 3179//3179 3238//3238
f 3179//3179 3180//3180 3239//3239
f 3180//3180 3181//3181 3240//3240
f 3181//3181 3182//3182 3241//3241
f 3182//3182 3183//3183 3242//3242
f 3183//3183 3184//3184 3243//3243
f 3184//3184 3185//3185 3244//3244
f 3185//3185 3186//3186 3245//3245
f 3186//3186 3187//3187 3246//3246
f 3187//3187 3188//3188 3247//3247
f 3188//3188 3189//3189 3248//3248
f 3189//3189 3190//3190 3249//3249
f 3190//3190 3191//3191 3250//3250
f 3191//3191 3192//3192 3251//3251
f 3192//3192 3193//3193 3252//3252
f 3193//3193 3194//3194 3253//3253
f 3194//3194 3195//3195 3254//3254
f 3195//3195 3196//3196 3255//3255
f 3196//3196 3197//3197 3256//3256
f 3197//3197 3198//3198 3257//3257
f 3198//3198 3199//3199 3258//3258
f 3199//3199 3200//3200 3259//3259
f 3200//3200 3201//3201 3260//3260
f 3201//3201 3202//3202 3261//3261
f 3202//3202 3203//3203 3262//3262
f 3203//3203 3204//3204 3263//3263
f 3204//3204 3205//3205 3264//3264
f 3205//3205 3206//3206 3265//3265
f 3206//3206 3207//3207 3266//3266
f 3207//3207 3208//3208 3267//3267
f 3208//3208 3209//3209 3268//3268
f 3209//3209 3210//3210 3269//3269
f 3210//3210 3211//3211 3270//3270
f 3211//3211 3212//3212 3271//3271
f 3212//3212 3213//3213 3272//3272
f 3213//3213 3214//3214 3273//3273
f 3214//3214 3215//3215 3274//3274
f 3215//3215 3216//3216 3275//3275
f 3216//3216 3217//3217 3276//3276
f 3217//3217 3218//3218 3277//3277
f 3218//3218 3219//3219 3278//3278
f 3219//3219 3220//3220 3279//3279
f 3220//3220 3221//3221 3280//3280
f 3221//3221 3222//3222 3281//3281
f 3222//3222 3223//3223 3282//3282
f 3223//3223 3224//3224 3283//3283
f 3224//3224 3225//3225 3284//3284
f 3225//3225 3226//3226 3285//3285
f 3226//3226 3227//3227 3286//3286
f 3227//3227 3228//3228 3287//3287
f 3228//3228 3229//3229 3288//3288
f 3229//3229 3230//3230 3289//3289
f 3230//3230 3231//3231 3290//3290
f 3231//3231 3232//3232 3291//3291
f 3232//3232 3233//3233 3292//3292
f 3233//3233 3234//3234 3293//3293
f 3234//3234 3235//3235 3294//3294
f 3235//3235 3236//3236 3295//3295
f 3236//3236 3237//3237 3296//3296
f 3237//3237 3238//3238 3297//3297
f 3238//3238 3239//3239 3298//3298
f 3239//3239 3240//3240 3299//3299
f 3240//3240 3241//3241 3300//3300
f 3241//3241 3242//3242 3301//3301
f 3242//3242 3243//3243 3302//3302
f 3243//3243 3244//3244 3303//3303
f 3244//3244 3245//3245 3304//3304
f 3245//3245 3246//3246 3305//3305
f 3246//3246 3247//3247 3306//3306
f 3247//3247 3248//3248 3307//3307
f 3248//3248 3249//3249 3308//3308
f 3249//3249 3250//3250 3309//3309
f 3250//3250 3251//3251 3310//3310
f 3251//3251 3252//3252 3311//3311
f 3252//3252 3253//3253 3312//3312
f 3253//3253 3254//3254 3313//3313
f 3254//3254 3255//3255 3314//3314
f 3255//3255 3256//3256 3315//3315
f 3256//3256 3257//3257 3316//3316
f 3257//3257 3258//3258 3317//3317
f 3258//3258 3259//3259 3318//3318
f 3259//3259 3260//3260 3319//3319
f 3260//3260 3261//3261 3320//3320
f 3261//3261 3262//3262 3321//3321
f 3262//3262 3263//3263 3322//3322
f 3263//3263 3264//3264 3323//3323
f 3264//3264 3265//3265 3324//3324
f 3265//3265 3266//3266 3325//3325
f 3266//3266 3267//3267 3326//3326
f 3267//3267 3268//3268 3327//3327
f 3268//3268 3269//3269 3328//3328
f 3269//3269 3270//3270 3329//3329
f 3270//3270 3271//3271 3330//3330
f 3271//3271 3272//3272 3331//3331
f 3272//3272 3273//3273 3332//3332
f 3273//3273 3274//3274 3333//3333
f 3274//3274 3275//3275 3334//3334
f 3275//3275 3276//3276 3335//3335
f 3276//3276 3277//3277 3336//3336
f 3277//3277 3278//3278 3337//3337
f 3278//3278 3279//3279 3338//3338
f 3279//3279 3280//3280 3339//3339
f 3280//3280 3281//3281 3340//3340
f 3281//3281 3282//3282 3341//3341
f 3282//3282 3283//3283 3342//3342
f 3283//3283 3284//3284 3343//3343
f 3284//3284 3285//3285 3344//3344
f 3285//3285 3286//3286 3345//3345
f 3286//3286 3287//3287 3346//3346
f 3287//3287 3288//3288 3347//3347
f 3288//3288 3289//3289 3348//3348
f 3289//3289 3290//3290 3349//3349
f 3290//3290 3291//3291 3350//3350
f 3291//3291 3292//3292 3351//3351
f 3292//3292 3293//3293 3352//3352
f 3293//3293 3294//3294 3353//3353
f 3294//3294 3295//3295 3354//3354
f 3295//3295 3296//3296 3355//3355
f 3296//3296 3297//3297 3356//3356
f 3297//3297 3298//3298 3357//3357
f 3298//3298 3299//3299 3358//3358
f 3299//3299 3300//3300 3359//3359
f 3300//3300 3301//3301 3360//3360
f 3301//3301 3302//3302 3361//3361
f 3302//3302 3303//3303 3362//3362
f 3303//3303 3304//3304 3363//3363
f 3304//3304 3305//3305 3364//3364
f 3305//3305 3306//3306 3365//3365
f 3306//3306 3307//3307 3366//3366
f 3307//3307 3308//3308 3367//3367
f 3308//3308 3309//3309 3368//3368
f 3309//3309 3310//3310 3369//3369
f 3310//3310 3311//3311 3370//3370
f 3311//3311 3312//3312 3371//3371
f 3312//3312 3313//3313 3372//3372
f 3313//3313 3314//3314 3373//3373
f 3314//3314 3315//3315 3374//3374
f 3315//3315 3316//3316 3375//3375
f 3316//3316 3317//3317 3376//3376
f 3317//3317 3318//3318 3377//3377
f 3318//3318 3319//3319 3378//3378
f 3319//3319 3320//3320 3379//3379
f 3320//3320 3321//3321 3380//3380
f 3321//3321 3322//3322 3381//3381
f 3322//3322 3323//3323 3382//3382
f 3323//3323 3324//3324 3383//3383
f 3324//3324 3325//3325 3384//3384
f 3325//3325 3326//3326 3385//3385
f 3326//3326 3327//3327 3386//3386
f 3327//3327 3328//3328 3387//3387
f 3328//3328 3329//3329 3388//3388
f 3329//3329 3330//3330 3389//3389
f 3330//3330 3331//3331 3390//3390
f 3331//3331 3332//3332 3391//3391
f 3332//3332 3333//3333 3392//3392
f 3333//3333 3334//3334 3393//3393
f 3334//3334 3335//3335 3394//3394
f 3335//3335 3336//3336 3395//3395
f 3336//3336 3337//3337 3396//3396
f 3337//3337 3338//3338 3397//3397
f 3338//3338 3339//3339 3398//3398
f 3339//3339 3340//3340 3399//3399
f 3340//3340 3341//3341 3400//3400
f 3341//3341 3342//3342 3401//3401
f 3342//3342 3343//3343 3402//3402
f 3343//3343 3344//3344 3403//3403
f 3344//3344 3345//3345 3404//3404
f 3345//3345 3346//3346 3405//3405
f 3346//3346 3347//3347 3406//3406
f 3347//3347 3348//3348 3407//3407
f 3348//3348 3349//3349 3408//3408
f 3349//3349 3350//3350 3409//3409
f 3350//3350 3351//3351 3410//3410
f 3351//3351 3352//3352 3411//3411
f 3352//3352 3353//3353 3412//3412
f 3353//3353 3354//3354 3413//3413
f 3354//3354 3355//3355 3414//3414
f 3355//3355 3356//3356 3415//3415
f 3356//3356 3357//3357 3416//3416
f 3357//3357 3358//3358 3417//3417
f 3358//3358 3359//3359 3418//3418
f 3359//3359 3360//3360 3419//3419
f 3360//3360 3361//3361 3420//3420
f 3361//3361 3362//3362 3421//3421
f 3362//3362 3363//3363 3422//3422
f 3363//3363 3364//3364 3423//3423
f 3364//3364 3365//3365 3424//3424
f 3365//3365 3366//3366 3425//3425
f 3366//3366 3367//3367 3426//3426
f 3367//3367 3368//3368 3427//3427
f 3368//3368 3369//3369 3428//3428
f 3369//3369 3370//3370 3429//3429
f 3370//3370 3371//3371 3430//3430
f 3371//3371 3372//3372 3431//3431
f 3372//3372 3373//3373 3432//3432
f 3373//3373 3374//3374 3433//3433
f 3374//3374 3375//3375 3434//3434
f 3375//3375 3376//3376 3435//3435
f 3376//3376 3377//3377 3436//3436
f 3377//3377 3378//3378 3437//3437
f 3378//3378 3379//3379 3438//3438
f 3379//3379 3380//3380 3439//3439
f 3380//3380 3381//3381 3440//3440
f 3381//3381 3382//3382 3441//3441
f 3382//3382 3383//3383 3442//3442
f 3383//3383 3384//3384 3443//3443
f 3384//3384 3385//3385 3444//3444
f 3385//3385 3386//3386 3445//3445
f 3386//3386 3387//3387 3446//3446
f 3387//3387 3388//3388 3447//3447
f 3388//3388 3389//3389 3448//3448
f 3389//3389 3390//3390 3449//3449
f 3390//3390 3391//3391 3450//3450
f 3391//3391 3392//3392 3451//3451
f 3392//3392 3393//3393 3452//3452
f 3393//3393 3394//3394 3453//3453
f 3394//3394 3395//3395 3454//3454
f 3395//3395 3396//3396 3455//3455
f 3396//3396 3397//3397 3456//3456
f 3397//3397 3398//3398 3457//3457
f 3398//3398 3399//3399 3458//3458
f 3399//3399 3400//3400 3459//3459
f 3400//3400 3401//3401 3460//3460
f 3401//3401 3402//3402 3461//3461
f 3402//3402 3403//3403 3462//3462
f 3403//3403 3404//3404 3463//3463
f 3404//3404 3405//3405 3464//3464
f 3405//3405 3406//3406 3465//3465
f 3406//3406 3407//3407 3466//3466
f 3407//3407 3408//3408 3467//3467
f 3408//3408 3409//3409 3468//3468
f 3409//3409 3410//3410 3469//3469
f 3410//3410 3411//3411 3470//3470
f 3411//3411 3412//3412 3471//3471
f 3412//3412 3413//3413 3472//3472
f 3413//3413 3414//3414 3473//3473
f 3414//3414 3415//3415 3474//3474
f 3415//3415 3416//3416 3475//3475
f 3416//3416 3417//3417 3476//3476
f 3417//3417 3418//3418 3477//3477
f 3418//3418 3419//3419 3478//3478
f 3419//3419 3420//3420 3479//3479
f 3420//3420 3421//3421 3480//3480
f 3421//3421 3422//3422 3481//3481
f 3422//3422 3423//3423 3482//3482
f 3423//3423 3424//3424 3483//3483
f 3424//3424 3425//3425 3484//3484
f 3425//3425 3426//3426 3485//3485
f 3426//3426 3427//3427 3486//3486
f 3427//3427 3428//3428 3487//3487
f 3428//3428 3429//3429 3488//3488
f 3429//3429 3430//3430 3489//3489
f 3430//3430 3431//3431 3490//3490
f 3431//3431 3432//3432 3491//3491
f 3432//3432 3433//3433 3492//3492
f 3433//3433 3434//3434 3493//3493
f 3434//3434 3435//3435 3494//3494
f 3435//3435 3436//3436 3495//3495
f 3436//3436 3437//3437 3496//3496
f 3437//3437 3438//3438 3497//3497
f 3438//3438 3439//3439 3498//3498
f 3439//3439 3440//3440 3499//3499
f 3440//3440 3441//3441 3500//3500
f 3441//3441 3442//3442 3501//3501
f 3442//3442 3443//3443 3502//3502
f 3443//3443 3444//3444 3503//3503
f 3444//3444 3445//3445 3504//3504
f 3445//3445 3446//3446 3505//3505
f 3446//3446 3447//3447 3506//3506
f 3447//3447 3448//3448 3507//3507
f 3448//3448 3449//3449 3508//3508
f 3449//3449 3450//3450 3509//3509
f 3450//3450 3451//3451 3510//3510
f 3451//3451 3452//3452 3511//3511
f 3452//3452 3453//3453 3512//3512
f 3453//3453 3454//3454 3513//3513
f 3454//3454 3455//3455 3514//3514
f 3455//3455 3456//3456 3515//3515
f 3456//3456 3457//3457 3516//3516
f 3457//3457 3458//3458 3517//3517
f 3458//3458 3459//3459 3518//3518
f 3459//3459 3460//3460 3519//3519
f 3460//3460 3461//3461 3520//3520
f 3461//3461 3462//3462 3521//3521
f 3462//3462 3463//3463 3522//3522
f 3463//3463 3464//3464 3523//3523
f 3464//3464 3465//3465 3524//3524
f 3465//3465 3466//3466 3525//3525
f 3466//3466 3467//3467 3526//3526
f 3467//3467 3468//3468 3527//3527
f 3468//3468 3469//3469 3528//3528
f 3469//3469 3470//3470 3529//3529
f 3470//3470 3471//3471 3530//3530
f 3471//3471 3472//3472 3531//3531
f 3472//3472 3473//3473 3532//3532
f 3473//3473 3474//3474 3533//3533
f 3474//3474 3475//3475 3534//3534
f 3475//3475 3476//3476 3535//3535
f 3476//3476 3477//3477 3536//3536
f 3477//3477 3478//3478 3537//3537
f 3478//3478 3479//3479 3538//3538
f 3479//3479 3480//3480 3539//3539
f 3480//3480 3481//3481 3540//3540
f 3481//3481 3482//3482 3541//3541
f 3482//3482 3483//3483 3542//3542
f 3483//3483 3484//3484 3543//3543
f 3484//3484 3485//3485 3544//3544
f 3485//3485 3486//3486 3545//3545
f 3486//3486 3487//3487 3546//3546
f 3487//3487 3488//3488 3547//3547
f 3488//3488 3489//3489 3548//3548
f 3489//3489 3490//3490 3549//3549
f 3490//3490 3491//3491 3550//3550
f 3491//3491 3492//3492 3551//3551
f 3492//3492 3493//3493 3552//3552
f 3493//3493 3494//3494 3553//3553
f 3494//3494 3495//3495 3554//3554
f 3495//3495 3496//3496 3555//3555
f 3496//3496 3497//3497 3556//3556
f 3497//3497 3498//3498 3557//3557
f 3498//3498 3499//3499 3558//3558
f 3499//3499 3500//3500 3559//3559
f 3500//3500 3501//3501 3560//3560
f 3501//3501 3502//3502 3561//3561
f 3502//3502 3503//3503 3562//3562
f 3503//3503 3504//3504 3563//3563
f 3504//3504 3505//3505 3564//3564
f 3505//3505 3506//3506 3565//3565
f 3506//3506 3507//3507 3566//3566
f 3507//3507 3508//3508 3567//3567
f 3508//3508 3509//3509 3568//3568
f 3509//3509 3510//3510 3569//3569
f 3510//3510 3511//3511 3570//3570
f 3511//3511 3512//3512 3571//3571
f 3512//3512 3513//3513 3572//3572
f 3513//3513 3514//3514 3573//3573
f 3514//3514 3515//3515 3574//3574
f 3515//3515 3516//3516 3575//3575
f 3516//3516 3517//3517 3576//3576
f 3517//3517 3518//3518 3577//3577
f 3518//3518 3519//3519 3578//3578
f 3519//3519 3520//3520 3579//3579
f 3520//3520 3521//3521 3580//3580
f 3521//3521 3522//3522 3581//3581
f 3522//3522 3523//3523 3582//3582
f 3523//3523 3524//3524 3583//3583
f 3524//3524 3525//3525 3584//3584
f 3525//3525 3526//3526 3585//3585
f 3526//3526 3527//3527 3586//3586
f 3527//3527 3528//3528 3587//3587
f 3528//3528 3529//3529 3588//3588
f 3529//3529 3530//3530 3589//3589
f 3530//3530 3531//3531 3590//3590
f 3531//3531 3532//3532 3591//3591
f 3532//3532 3533//3533 3592//3592
f 3533//3533 3534//3534 3593//3593
f 3534//3534 3535//3535 3594//3594
f 3535//3535 3536//3536 3595//3595
f 3536//3536 3537//3537 3596//3596
f 3537//3537 3538//3538 3597//3597
f 3538//3538 3539//3539 3598//3598
f 3539//3539 3540//3540 3599//3599