<?xml version="1.0"?>
<gpx>
  <trkpt lat="44.00000" lon="20.00000">
    <ele>0</ele>
  </trkpt>
  <trkpt lat="44.00001" lon="20.00001">
    <ele>1</ele>
  </trkpt>
  <trkpt lat="44.00002" lon="20.00002">
    <ele>2</ele>
  </trkpt>
  <trkpt lat="44.00003" lon="20.00003">
    <ele>3</ele>
  </trkpt>
  <trkpt lat="44.00004" lon="20.00004">
    <ele>4</ele>
  </trkpt>
  <trkpt lat="44.00005" lon="20.00005">
    <ele>5</ele>
  </trkpt>
  <trkpt lat="44.00006" lon="20.00006">
    <ele>6</ele>
  </trkpt>
  <trkpt lat="44.00007" lon="20.00007">
    <ele>7</ele>
  </trkpt>
  <trkpt lat="44.00008" lon="20.00008">
    <ele>8</ele>
  </trkpt>
  <trkpt lat="44.00009" lon="20.00009">
    <ele>9</ele>
  </trkpt>
  <trkpt lat="44.00010" lon="20.00010">
    <ele>10</ele>
  </trkpt>
  <trkpt lat="44.00011" lon="20.00011">
    <ele>11</ele>
  </trkpt>
  <trkpt lat="44.00012" lon="20.00012">
    <ele>12</ele>
  </trkpt>
  <trkpt lat="44.00013" lon="20.00013">
    <ele>13</ele>
  </trkpt>
  <trkpt lat="44.00014" lon="20.00014">
    <ele>14</ele>
  </trkpt>
  <trkpt lat="44.00015" lon="20.00015">
    <ele>15</ele>
  </trkpt>
  <trkpt lat="44.00016" lon="20.00016">
    <ele>16</ele>
  </trkpt>
  <trkpt lat="44.00017" lon="20.00017">
    <ele>17</ele>
  </trkpt>
  <trkpt lat="44.00018" lon="20.00018">
    <ele>18</ele>
  </trkpt>
  <trkpt lat="44.00019" lon="20.00019">
    <ele>19</ele>
  </trkpt>
  <trkpt lat="44.00020" lon="20.00020">
    <ele>20</ele>
  </trkpt>
  <trkpt lat="44.00021" lon="20.00021">
    <ele>21</ele>
  </trkpt>
  <trkpt lat="44.00022" lon="20.00022">
    <ele>22</ele>
  </trkpt>
  <trkpt lat="44.00023" lon="20.00023">
    <ele>23</ele>
  </trkpt>
  <trkpt lat="44.00024" lon="20.00024">
    <ele>24</ele>
  </trkpt>
  <trkpt lat="44.00025" lon="20.00025">
    <ele>25</ele>
  </trkpt>
  <trkpt lat="44.00026" lon="20.00026">
    <ele>26</ele>
  </trkpt>
  <trkpt lat="44.00027" lon="20.00027">
    <ele>27</ele>
  </trkpt>
  <trkpt lat="44.00028" lon="20.00028">
    <ele>28</ele>
  </trkpt>
  <trkpt lat="44.00029" lon="20.00029">
    <ele>29</ele>
  </trkpt>
  <trkpt lat="44.00030" lon="20.00030">
    <ele>30</ele>
  </trkpt>
  <trkpt lat="44.00031" lon="20.00031">
    <ele>31</ele>
  </trkpt>
  <trkpt lat="44.00032" lon="20.00032">
    <ele>32</ele>
  </trkpt>
  <trkpt lat="44.00033" lon="20.00033">
    <ele>33</ele>
  </trkpt>
  <trkpt lat="44.00034" lon="20.00034">
    <ele>34</ele>
  </trkpt>
  <trkpt lat="44.00035" lon="20.00035">
    <ele>35</ele>
  </trkpt>
  <trkpt lat="44.00036" lon="20.00036">
    <ele>36</ele>
  </trkpt>
  <trkpt lat="44.00037" lon="20.00037">
    <ele>37</ele>
  </trkpt>
  <trkpt lat="44.00038" lon="20.00038">
    <ele>38</ele>
  </trkpt>
  <trkpt lat="44.00039" lon="20.00039">
    <ele>39</ele>
  </trkpt>
  <trkpt lat="44.00040" lon="20.00040">
    <ele>40</ele>
  </trkpt>
  <trkpt lat="44.00041" lon="20.00041">
    <ele>41</ele>
  </trkpt>
  <trkpt lat="44.00042" lon="20.00042">
    <ele>42</ele>
  </trkpt>
  <trkpt lat="44.00043" lon="20.00043">
    <ele>43</ele>
  </trkpt>
  <trkpt lat="44.00044" lon="20.00044">
    <ele>44</ele>
  </trkpt>
  <trkpt lat="44.00045" lon="20.00045">
    <ele>45</ele>
  </trkpt>
  <trkpt lat="44.00046" lon="20.00046">
    <ele>46</ele>
  </trkpt>
  <trkpt lat="44.00047" lon="20.00047">
    <ele>47</ele>
  </trkpt>
  <trkpt lat="44.00048" lon="20.00048">
    <ele>48</ele>
  </trkpt>
  <trkpt lat="44.00049" lon="20.00049">
    <ele>49</ele>
  </trkpt>
  <trkpt lat="44.00050" lon="20.00050">
    <ele>50</ele>
  </trkpt>
  <trkpt lat="44.00051" lon="20.00051">
    <ele>51</ele>
  </trkpt>
  <trkpt lat="44.00052" lon="20.00052">
    <ele>52</ele>
  </trkpt>
  <trkpt lat="44.00053" lon="20.00053">
    <ele>53</ele>
  </trkpt>
  <trkpt lat="44.00054" lon="20.00054">
    <ele>54</ele>
  </trkpt>
  <trkpt lat="44.00055" lon="20.00055">
    <ele>55</ele>
  </trkpt>
  <trkpt lat="44.00056" lon="20.00056">
    <ele>56</ele>
  </trkpt>
  <trkpt lat="44.00057" lon="20.00057">
    <ele>57</ele>
  </trkpt>
  <trkpt lat="44.00058" lon="20.00058">
    <ele>58</ele>
  </trkpt>
  <trkpt lat="44.00059" lon="20.00059">
    <ele>59</ele>
  </trkpt>
  <trkpt lat="44.00060" lon="20.00060">
    <ele>60</ele>
  </trkpt>
  <trkpt lat="44.00061" lon="20.00061">
    <ele>61</ele>
  </trkpt>
  <trkpt lat="44.00062" lon="20.00062">
    <ele>62</ele>
  </trkpt>
  <trkpt lat="44.00063" lon="20.00063">
    <ele>63</ele>
  </trkpt>
  <trkpt lat="44.00064" lon="20.00064">
    <ele>64</ele>
  </trkpt>
  <trkpt lat="44.00065" lon="20.00065">
    <ele>65</ele>
  </trkpt>
  <trkpt lat="44.00066" lon="20.00066">
    <ele>66</ele>
  </trkpt>
  <trkpt lat="44.00067" lon="20.00067">
    <ele>67</ele>
  </trkpt>
  <trkpt lat="44.00068" lon="20.00068">
    <ele>68</ele>
  </trkpt>
  <trkpt lat="44.00069" lon="20.00069">
    <ele>69</ele>
  </trkpt>
  <trkpt lat="44.00070" lon="20.00070">
    <ele>70</ele>
  </trkpt>
  <trkpt lat="44.00071" lon="20.00071">
    <ele>71</ele>
  </trkpt>
  <trkpt lat="44.00072" lon="20.00072">
    <ele>72</ele>
  </trkpt>
  <trkpt lat="44.00073" lon="20.00073">
    <ele>73</ele>
  </trkpt>
  <trkpt lat="44.00074" lon="20.00074">
    <ele>74</ele>
  </trkpt>
  <trkpt lat="44.00075" lon="20.00075">
    <ele>75</ele>
  </trkpt>
  <trkpt lat="44.00076" lon="20.00076">
    <ele>76</ele>
  </trkpt>
  <trkpt lat="44.00077" lon="20.00077">
    <ele>77</ele>
  </trkpt>
  <trkpt lat="44.00078" lon="20.00078">
    <ele>78</ele>
  </trkpt>
  <trkpt lat="44.00079" lon="20.00079">
    <ele>79</ele>
  </trkpt>
  <trkpt lat="44.00080" lon="20.00080">
    <ele>80</ele>
  </trkpt>
  <trkpt lat="44.00081" lon="20.00081">
    <ele>81</ele>
  </trkpt>
  <trkpt lat="44.00082" lon="20.00082">
    <ele>82</ele>
  </trkpt>
  <trkpt lat="44.00083" lon="20.00083">
    <ele>83</ele>
  </trkpt>
  <trkpt lat="44.00084" lon="20.00084">
    <ele>84</ele>
  </trkpt>
  <trkpt lat="44.00085" lon="20.00085">
    <ele>85</ele>
  </trkpt>
  <trkpt lat="44.00086" lon="20.00086">
    <ele>86</ele>
  </trkpt>
  <trkpt lat="44.00087" lon="20.00087">
    <ele>87</ele>
  </trkpt>
  <trkpt lat="44.00088" lon="20.00088">
    <ele>88</ele>
  </trkpt>
  <trkpt lat="44.00089" lon="20.00089">
    <ele>89</ele>
  </trkpt>
  <trkpt lat="44.00090" lon="20.00090">
    <ele>90</ele>
  </trkpt>
  <trkpt lat="44.00091" lon="20.00091">
    <ele>91</ele>
  </trkpt>
  <trkpt lat="44.00092" lon="20.00092">
    <ele>92</ele>
  </trkpt>
  <trkpt lat="44.00093" lon="20.00093">
    <ele>93</ele>
  </trkpt>
  <trkpt lat="44.00094" lon="20.00094">
    <ele>94</ele>
  </trkpt>
  <trkpt lat="44.00095" lon="20.00095">
    <ele>95</ele>
  </trkpt>
  <trkpt lat="44.00096" lon="20.00096">
    <ele>96</ele>
  </trkpt>
  <trkpt lat="44.00097" lon="20.00097">
    <ele>97</ele>
  </trkpt>
  <trkpt lat="44.00098" lon="20.00098">
    <ele>98</ele>
  </trkpt>
  <trkpt lat="44.00099" lon="20.00099">
    <ele>99</ele>
  </trkpt>
  <trkpt lat="44.00100" lon="20.00100">
    <ele>100</ele>
  </trkpt>
  <trkpt lat="44.00101" lon="20.00101">
    <ele>101</ele>
  </trkpt>
  <trkpt lat="44.00102" lon="20.00102">
    <ele>102</ele>
  </trkpt>
  <trkpt lat="44.00103" lon="20.00103">
    <ele>103</ele>
  </trkpt>
  <trkpt lat="44.00104" lon="20.00104">
    <ele>104</ele>
  </trkpt>
  <trkpt lat="44.00105" lon="20.00105">
    <ele>105</ele>
  </trkpt>
  <trkpt lat="44.00106" lon="20.00106">
    <ele>106</ele>
  </trkpt>
  <trkpt lat="44.00107" lon="20.00107">
    <ele>107</ele>
  </trkpt>
  <trkpt lat="44.00108" lon="20.00108">
    <ele>108</ele>
  </trkpt>
  <trkpt lat="44.00109" lon="20.00109">
    <ele>109</ele>
  </trkpt>
  <trkpt lat="44.00110" lon="20.00110">
    <ele>110</ele>
  </trkpt>
  <trkpt lat="44.00111" lon="20.00111">
    <ele>111</ele>
  </trkpt>
  <trkpt lat="44.00112" lon="20.00112">
    <ele>112</ele>
  </trkpt>
  <trkpt lat="44.00113" lon="20.00113">
    <ele>113</ele>
  </trkpt>
  <trkpt lat="44.00114" lon="20.00114">
    <ele>114</ele>
  </trkpt>
  <trkpt lat="44.00115" lon="20.00115">
    <ele>115</ele>
  </trkpt>
  <trkpt lat="44.00116" lon="20.00116">
    <ele>116</ele>
  </trkpt>
  <trkpt lat="44.00117" lon="20.00117">
    <ele>117</ele>
  </trkpt>
  <trkpt lat="44.00118" lon="20.00118">
    <ele>118</ele>
  </trkpt>
  <trkpt lat="44.00119" lon="20.00119">
    <ele>119</ele>
  </trkpt>
  <trkpt lat="44.00120" lon="20.00120">
    <ele>120</ele>
  </trkpt>
  <trkpt lat="44.00121" lon="20.00121">
    <ele>121</ele>
  </trkpt>
  <trkpt lat="44.00122" lon="20.00122">
    <ele>122</ele>
  </trkpt>
  <trkpt lat="44.00123" lon="20.00123">
    <ele>123</ele>
  </trkpt>
  <trkpt lat="44.00124" lon="20.00124">
    <ele>124</ele>
  </trkpt>
  <trkpt lat="44.00125" lon="20.00125">
    <ele>125</ele>
  </trkpt>
  <trkpt lat="44.00126" lon="20.00126">
    <ele>126</ele>
  </trkpt>
  <trkpt lat="44.00127" lon="20.00127">
    <ele>127</ele>
  </trkpt>
  <trkpt lat="44.00128" lon="20.00128">
    <ele>128</ele>
  </trkpt>
  <trkpt lat="44.00129" lon="20.00129">
    <ele>129</ele>
  </trkpt>
  <trkpt lat="44.00130" lon="20.00130">
    <ele>130</ele>
  </trkpt>
  <trkpt lat="44.00131" lon="20.00131">
    <ele>131</ele>
  </trkpt>
  <trkpt lat="44.00132" lon="20.00132">
    <ele>132</ele>
  </trkpt>
  <trkpt lat="44.00133" lon="20.00133">
    <ele>133</ele>
  </trkpt>
  <trkpt lat="44.00134" lon="20.00134">
    <ele>134</ele>
  </trkpt>
  <trkpt lat="44.00135" lon="20.00135">
    <ele>135</ele>
  </trkpt>
  <trkpt lat="44.00136" lon="20.00136">
    <ele>136</ele>
  </trkpt>
  <trkpt lat="44.00137" lon="20.00137">
    <ele>137</ele>
  </trkpt>
  <trkpt lat="44.00138" lon="20.00138">
    <ele>138</ele>
  </trkpt>
  <trkpt lat="44.00139" lon="20.00139">
    <ele>139</ele>
  </trkpt>
  <trkpt lat="44.00140" lon="20.00140">
    <ele>140</ele>
  </trkpt>
  <trkpt lat="44.00141" lon="20.00141">
    <ele>141</ele>
  </trkpt>
  <trkpt lat="44.00142" lon="20.00142">
    <ele>142</ele>
  </trkpt>
  <trkpt lat="44.00143" lon="20.00143">
    <ele>143</ele>
  </trkpt>
  <trkpt lat="44.00144" lon="20.00144">
    <ele>144</ele>
  </trkpt>
  <trkpt lat="44.00145" lon="20.00145">
    <ele>145</ele>
  </trkpt>
  <trkpt lat="44.00146" lon="20.00146">
    <ele>146</ele>
  </trkpt>
  <trkpt lat="44.00147" lon="20.00147">
    <ele>147</ele>
  </trkpt>
  <trkpt lat="44.00148" lon="20.00148">
    <ele>148</ele>
  </trkpt>
  <trkpt lat="44.00149" lon="20.00149">
    <ele>149</ele>
  </trkpt>
  <trkpt lat="44.00150" lon="20.00150">
    <ele>150</ele>
  </trkpt>
  <trkpt lat="44.00151" lon="20.00151">
    <ele>151</ele>
  </trkpt>
  <trkpt lat="44.00152" lon="20.00152">
    <ele>152</ele>
  </trkpt>
  <trkpt lat="44.00153" lon="20.00153">
    <ele>153</ele>
  </trkpt>
  <trkpt lat="44.00154" lon="20.00154">
    <ele>154</ele>
  </trkpt>
  <trkpt lat="44.00155" lon="20.00155">
    <ele>155</ele>
  </trkpt>
  <trkpt lat="44.00156" lon="20.00156">
    <ele>156</ele>
  </trkpt>
  <trkpt lat="44.00157" lon="20.00157">
    <ele>157</ele>
  </trkpt>
  <trkpt lat="44.00158" lon="20.00158">
    <ele>158</ele>
  </trkpt>
  <trkpt lat="44.00159" lon="20.00159">
    <ele>159</ele>
  </trkpt>
  <trkpt lat="44.00160" lon="20.00160">
    <ele>160</ele>
  </trkpt>
  <trkpt lat="44.00161" lon="20.00161">
    <ele>161</ele>
  </trkpt>
  <trkpt lat="44.00162" lon="20.00162">
    <ele>162</ele>
  </trkpt>
  <trkpt lat="44.00163" lon="20.00163">
    <ele>163</ele>
  </trkpt>
  <trkpt lat="44.00164" lon="20.00164">
    <ele>164</ele>
  </trkpt>
  <trkpt lat="44.00165" lon="20.00165">
    <ele>165</ele>
  </trkpt>
  <trkpt lat="44.00166" lon="20.00166">
    <ele>166</ele>
  </trkpt>
  <trkpt lat="44.00167" lon="20.00167">
    <ele>167</ele>
  </trkpt>
  <trkpt lat="44.00168" lon="20.00168">
    <ele>168</ele>
  </trkpt>
  <trkpt lat="44.00169" lon="20.00169">
    <ele>169</ele>
  </trkpt>
  <trkpt lat="44.00170" lon="20.00170">
    <ele>170</ele>
  </trkpt>
  <trkpt lat="44.00171" lon="20.00171">
    <ele>171</ele>
  </trkpt>
  <trkpt lat="44.00172" lon="20.00172">
    <ele>172</ele>
  </trkpt>
  <trkpt lat="44.00173" lon="20.00173">
    <ele>173</ele>
  </trkpt>
  <trkpt lat="44.00174" lon="20.00174">
    <ele>174</ele>
  </trkpt>
  <trkpt lat="44.00175" lon="20.00175">
    <ele>175</ele>
  </trkpt>
  <trkpt lat="44.00176" lon="20.00176">
    <ele>176</ele>
  </trkpt>
  <trkpt lat="44.00177" lon="20.00177">
    <ele>177</ele>
  </trkpt>
  <trkpt lat="44.00178" lon="20.00178">
    <ele>178</ele>
  </trkpt>
  <trkpt lat="44.00179" lon="20.00179">
    <ele>179</ele>
  </trkpt>
  <trkpt lat="44.00180" lon="20.00180">
    <ele>180</ele>
  </trkpt>
  <trkpt lat="44.00181" lon="20.00181">
    <ele>181</ele>
  </trkpt>
  <trkpt lat="44.00182" lon="20.00182">
    <ele>182</ele>
  </trkpt>
  <trkpt lat="44.00183" lon="20.00183">
    <ele>183</ele>
  </trkpt>
  <trkpt lat="44.00184" lon="20.00184">
    <ele>184</ele>
  </trkpt>
  <trkpt lat="44.00185" lon="20.00185">
    <ele>185</ele>
  </trkpt>
  <trkpt lat="44.00186" lon="20.00186">
    <ele>186</ele>
  </trkpt>
  <trkpt lat="44.00187" lon="20.00187">
    <ele>187</ele>
  </trkpt>
  <trkpt lat="44.00188" lon="20.00188">
    <ele>188</ele>
  </trkpt>
  <trkpt lat="44.00189" lon="20.00189">
    <ele>189</ele>
  </trkpt>
  <trkpt lat="44.00190" lon="20.00190">
    <ele>190</ele>
  </trkpt>
  <trkpt lat="44.00191" lon="20.00191">
    <ele>191</ele>
  </trkpt>
  <trkpt lat="44.00192" lon="20.00192">
    <ele>192</ele>
  </trkpt>
  <trkpt lat="44.00193" lon="20.00193">
    <ele>193</ele>
  </trkpt>
  <trkpt lat="44.00194" lon="20.00194">
    <ele>194</ele>
  </trkpt>
  <trkpt lat="44.00195" lon="20.00195">
    <ele>195</ele>
  </trkpt>
  <trkpt lat="44.00196" lon="20.00196">
    <ele>196</ele>
  </trkpt>
  <trkpt lat="44.00197" lon="20.00197">
    <ele>197</ele>
  </trkpt>
  <trkpt lat="44.00198" lon="20.00198">
    <ele>198</ele>
  </trkpt>
  <trkpt lat="44.00199" lon="20.00199">
    <ele>199</ele>
  </trkpt>
  <trkpt lat="44.00200" lon="20.00200">
    <ele>200</ele>
  </trkpt>
  <trkpt lat="44.00201" lon="20.00201">
    <ele>201</ele>
  </trkpt>
  <trkpt lat="44.00202" lon="20.00202">
    <ele>202</ele>
  </trkpt>
  <trkpt lat="44.00203" lon="20.00203">
    <ele>203</ele>
  </trkpt>
  <trkpt lat="44.00204" lon="20.00204">
    <ele>204</ele>
  </trkpt>
  <trkpt lat="44.00205" lon="20.00205">
    <ele>205</ele>
  </trkpt>
  <trkpt lat="44.00206" lon="20.00206">
    <ele>206</ele>
  </trkpt>
  <trkpt lat="44.00207" lon="20.00207">
    <ele>207</ele>
  </trkpt>
  <trkpt lat="44.00208" lon="20.00208">
    <ele>208</ele>
  </trkpt>
  <trkpt lat="44.00209" lon="20.00209">
    <ele>209</ele>
  </trkpt>
  <trkpt lat="44.00210" lon="20.00210">
    <ele>210</ele>
  </trkpt>
  <trkpt lat="44.00211" lon="20.00211">
    <ele>211</ele>
  </trkpt>
  <trkpt lat="44.00212" lon="20.00212">
    <ele>212</ele>
  </trkpt>
  <trkpt lat="44.00213" lon="20.00213">
    <ele>213</ele>
  </trkpt>
  <trkpt lat="44.00214" lon="20.00214">
    <ele>214</ele>
  </trkpt>
  <trkpt lat="44.00215" lon="20.00215">
    <ele>215</ele>
  </trkpt>
  <trkpt lat="44.00216" lon="20.00216">
    <ele>216</ele>
  </trkpt>
  <trkpt lat="44.00217" lon="20.00217">
    <ele>217</ele>
  </trkpt>
  <trkpt lat="44.00218" lon="20.00218">
    <ele>218</ele>
  </trkpt>
  <trkpt lat="44.00219" lon="20.00219">
    <ele>219</ele>
  </trkpt>
  <trkpt lat="44.00220" lon="20.00220">
    <ele>220</ele>
  </trkpt>
  <trkpt lat="44.00221" lon="20.00221">
    <ele>221</ele>
  </trkpt>
  <trkpt lat="44.00222" lon="20.00222">
    <ele>222</ele>
  </trkpt>
  <trkpt lat="44.00223" lon="20.00223">
    <ele>223</ele>
  </trkpt>
  <trkpt lat="44.00224" lon="20.00224">
    <ele>224</ele>
  </trkpt>
  <trkpt lat="44.00225" lon="20.00225">
    <ele>225</ele>
  </trkpt>
  <trkpt lat="44.00226" lon="20.00226">
    <ele>226</ele>
  </trkpt>
  <trkpt lat="44.00227" lon="20.00227">
    <ele>227</ele>
  </trkpt>
  <trkpt lat="44.00228" lon="20.00228">
    <ele>228</ele>
  </trkpt>
  <trkpt lat="44.00229" lon="20.00229">
    <ele>229</ele>
  </trkpt>
  <trkpt lat="44.00230" lon="20.00230">
    <ele>230</ele>
  </trkpt>
  <trkpt lat="44.00231" lon="20.00231">
    <ele>231</ele>
  </trkpt>
  <trkpt lat="44.00232" lon="20.00232">
    <ele>232</ele>
  </trkpt>
  <trkpt lat="44.00233" lon="20.00233">
    <ele>233</ele>
  </trkpt>
  <trkpt lat="44.00234" lon="20.00234">
    <ele>234</ele>
  </trkpt>
  <trkpt lat="44.00235" lon="20.00235">
    <ele>235</ele>
  </trkpt>
  <trkpt lat="44.00236" lon="20.00236">
    <ele>236</ele>
  </trkpt>
  <trkpt lat="44.00237" lon="20.00237">
    <ele>237</ele>
  </trkpt>
  <trkpt lat="44.00238" lon="20.00238">
    <ele>238</ele>
  </trkpt>
  <trkpt lat="44.00239" lon="20.00239">
    <ele>239</ele>
  </trkpt>
  <trkpt lat="44.00240" lon="20.00240">
    <ele>240</ele>
  </trkpt>
  <trkpt lat="44.00241" lon="20.00241">
    <ele>241</ele>
  </trkpt>
  <trkpt lat="44.00242" lon="20.00242">
    <ele>242</ele>
  </trkpt>
  <trkpt lat="44.00243" lon="20.00243">
    <ele>243</ele>
  </trkpt>
  <trkpt lat="44.00244" lon="20.00244">
    <ele>244</ele>
  </trkpt>
  <trkpt lat="44.00245" lon="20.00245">
    <ele>245</ele>
  </trkpt>
  <trkpt lat="44.00246" lon="20.00246">
    <ele>246</ele>
  </trkpt>
  <trkpt lat="44.00247" lon="20.00247">
    <ele>247</ele>
  </trkpt>
  <trkpt lat="44.00248" lon="20.00248">
    <ele>248</ele>
  </trkpt>
  <trkpt lat="44.00249" lon="20.00249">
    <ele>249</ele>
  </trkpt>
  <trkpt lat="44.00250" lon="20.00250">
    <ele>250</ele>
  </trkpt>
  <trkpt lat="44.00251" lon="20.00251">
    <ele>251</ele>
  </trkpt>
  <trkpt lat="44.00252" lon="20.00252">
    <ele>252</ele>
  </trkpt>
  <trkpt lat="44.00253" lon="20.00253">
    <ele>253</ele>
  </trkpt>
  <trkpt lat="44.00254" lon="20.00254">
    <ele>254</ele>
  </trkpt>
  <trkpt lat="44.00255" lon="20.00255">
    <ele>255</ele>
  </trkpt>
  <trkpt lat="44.00256" lon="20.00256">
    <ele>256</ele>
  </trkpt>
  <trkpt lat="44.00257" lon="20.00257">
    <ele>257</ele>
  </trkpt>
  <trkpt lat="44.00258" lon="20.00258">
    <ele>258</ele>
  </trkpt>
  <trkpt lat="44.00259" lon="20.00259">
    <ele>259</ele>
  </trkpt>
  <trkpt lat="44.00260" lon="20.00260">
    <ele>260</ele>
  </trkpt>
  <trkpt lat="44.00261" lon="20.00261">
    <ele>261</ele>
  </trkpt>
  <trkpt lat="44.00262" lon="20.00262">
    <ele>262</ele>
  </trkpt>
  <trkpt lat="44.00263" lon="20.00263">
    <ele>263</ele>
  </trkpt>
  <trkpt lat="44.00264" lon="20.00264">
    <ele>264</ele>
  </trkpt>
  <trkpt lat="44.00265" lon="20.00265">
    <ele>265</ele>
  </trkpt>
  <trkpt lat="44.00266" lon="20.00266">
    <ele>266</ele>
  </trkpt>
  <trkpt lat="44.00267" lon="20.00267">
    <ele>267</ele>
  </trkpt>
  <trkpt lat="44.00268" lon="20.00268">
    <ele>268</ele>
  </trkpt>
  <trkpt lat="44.00269" lon="20.00269">
    <ele>269</ele>
  </trkpt>
  <trkpt lat="44.00270" lon="20.00270">
    <ele>270</ele>
  </trkpt>
  <trkpt lat="44.00271" lon="20.00271">
    <ele>271</ele>
  </trkpt>
  <trkpt lat="44.00272" lon="20.00272">
    <ele>272</ele>
  </trkpt>
  <trkpt lat="44.00273" lon="20.00273">
    <ele>273</ele>
  </trkpt>
  <trkpt lat="44.00274" lon="20.00274">
    <ele>274</ele>
  </trkpt>
  <trkpt lat="44.00275" lon="20.00275">
    <ele>275</ele>
  </trkpt>
  <trkpt lat="44.00276" lon="20.00276">
    <ele>276</ele>
  </trkpt>
  <trkpt lat="44.00277" lon="20.00277">
    <ele>277</ele>
  </trkpt>
  <trkpt lat="44.00278" lon="20.00278">
    <ele>278</ele>
  </trkpt>
  <trkpt lat="44.00279" lon="20.00279">
    <ele>279</ele>
  </trkpt>
  <trkpt lat="44.00280" lon="20.00280">
    <ele>280</ele>
  </trkpt>
  <trkpt lat="44.00281" lon="20.00281">
    <ele>281</ele>
  </trkpt>
  <trkpt lat="44.00282" lon="20.00282">
    <ele>282</ele>
  </trkpt>
  <trkpt lat="44.00283" lon="20.00283">
    <ele>283</ele>
  </trkpt>
  <trkpt lat="44.00284" lon="20.00284">
    <ele>284</ele>
  </trkpt>
  <trkpt lat="44.00285" lon="20.00285">
    <ele>285</ele>
  </trkpt>
  <trkpt lat="44.00286" lon="20.00286">
    <ele>286</ele>
  </trkpt>
  <trkpt lat="44.00287" lon="20.00287">
    <ele>287</ele>
  </trkpt>
  <trkpt lat="44.00288" lon="20.00288">
    <ele>288</ele>
  </trkpt>
  <trkpt lat="44.00289" lon="20.00289">
    <ele>289</ele>
  </trkpt>
  <trkpt lat="44.00290" lon="20.00290">
    <ele>290</ele>
  </trkpt>
  <trkpt lat="44.00291" lon="20.00291">
    <ele>291</ele>
  </trkpt>
  <trkpt lat="44.00292" lon="20.00292">
    <ele>292</ele>
  </trkpt>
  <trkpt lat="44.00293" lon="20.00293">
    <ele>293</ele>
  </trkpt>
  <trkpt lat="44.00294" lon="20.00294">
    <ele>294</ele>
  </trkpt>
  <trkpt lat="44.00295" lon="20.00295">
    <ele>295</ele>
  </trkpt>
  <trkpt lat="44.00296" lon="20.00296">
    <ele>296</ele>
  </trkpt>
  <trkpt lat="44.00297" lon="20.00297">
    <ele>297</ele>
  </trkpt>
  <trkpt lat="44.00298" lon="20.00298">
    <ele>298</ele>
  </trkpt>
  <trkpt lat="44.00299" lon="20.00299">
    <ele>299</ele>
  </trkpt>
  <trkpt lat="44.00300" lon="20.00300">
    <ele>300</ele>
  </trkpt>
  <trkpt lat="44.00301" lon="20.00301">
    <ele>301</ele>
  </trkpt>
  <trkpt lat="44.00302" lon="20.00302">
    <ele>302</ele>
  </trkpt>
  <trkpt lat="44.00303" lon="20.00303">
    <ele>303</ele>
  </trkpt>
  <trkpt lat="44.00304" lon="20.00304">
    <ele>304</ele>
  </trkpt>
  <trkpt lat="44.00305" lon="20.00305">
    <ele>305</ele>
  </trkpt>
  <trkpt lat="44.00306" lon="20.00306">
    <ele>306</ele>
  </trkpt>
  <trkpt lat="44.00307" lon="20.00307">
    <ele>307</ele>
  </trkpt>
  <trkpt lat="44.00308" lon="20.00308">
    <ele>308</ele>
  </trkpt>
  <trkpt lat="44.00309" lon="20.00309">
    <ele>309</ele>
  </trkpt>
  <trkpt lat="44.00310" lon="20.00310">
    <ele>310</ele>
  </trkpt>
  <trkpt lat="44.00311" lon="20.00311">
    <ele>311</ele>
  </trkpt>
  <trkpt lat="44.00312" lon="20.00312">
    <ele>312</ele>
  </trkpt>
  <trkpt lat="44.00313" lon="20.00313">
    <ele>313</ele>
  </trkpt>
  <trkpt lat="44.00314" lon="20.00314">
    <ele>314</ele>
  </trkpt>
  <trkpt lat="44.00315" lon="20.00315">
    <ele>315</ele>
  </trkpt>
  <trkpt lat="44.00316" lon="20.00316">
    <ele>316</ele>
  </trkpt>
  <trkpt lat="44.00317" lon="20.00317">
    <ele>317</ele>
  </trkpt>
  <trkpt lat="44.00318" lon="20.00318">
    <ele>318</ele>
  </trkpt>
  <trkpt lat="44.00319" lon="20.00319">
    <ele>319</ele>
  </trkpt>
  <trkpt lat="44.00320" lon="20.00320">
    <ele>320</ele>
  </trkpt>
  <trkpt lat="44.00321" lon="20.00321">
    <ele>321</ele>
  </trkpt>
  <trkpt lat="44.00322" lon="20.00322">
    <ele>322</ele>
  </trkpt>
  <trkpt lat="44.00323" lon="20.00323">
    <ele>323</ele>
  </trkpt>
  <trkpt lat="44.00324" lon="20.00324">
    <ele>324</ele>
  </trkpt>
  <trkpt lat="44.00325" lon="20.00325">
    <ele>325</ele>
  </trkpt>
  <trkpt lat="44.00326" lon="20.00326">
    <ele>326</ele>
  </trkpt>
  <trkpt lat="44.00327" lon="20.00327">
    <ele>327</ele>
  </trkpt>
  <trkpt lat="44.00328" lon="20.00328">
    <ele>328</ele>
  </trkpt>
  <trkpt lat="44.00329" lon="20.00329">
    <ele>329</ele>
  </trkpt>
  <trkpt lat="44.00330" lon="20.00330">
    <ele>330</ele>
  </trkpt>
  <trkpt lat="44.00331" lon="20.00331">
    <ele>331</ele>
  </trkpt>
  <trkpt lat="44.00332" lon="20.00332">
    <ele>332</ele>
  </trkpt>
  <trkpt lat="44.00333" lon="20.00333">
    <ele>333</ele>
  </trkpt>
  <trkpt lat="44.00334" lon="20.00334">
    <ele>334</ele>
  </trkpt>
  <trkpt lat="44.00335" lon="20.00335">
    <ele>335</ele>
  </trkpt>
  <trkpt lat="44.00336" lon="20.00336">
    <ele>336</ele>
  </trkpt>
  <trkpt lat="44.00337" lon="20.00337">
    <ele>337</ele>
  </trkpt>
  <trkpt lat="44.00338" lon="20.00338">
    <ele>338</ele>
  </trkpt>
  <trkpt lat="44.00339" lon="20.00339">
    <ele>339</ele>
  </trkpt>
  <trkpt lat="44.00340" lon="20.00340">
    <ele>340</ele>
  </trkpt>
  <trkpt lat="44.00341" lon="20.00341">
    <ele>341</ele>
  </trkpt>
  <trkpt lat="44.00342" lon="20.00342">
    <ele>342</ele>
  </trkpt>
  <trkpt lat="44.00343" lon="20.00343">
    <ele>343</ele>
  </trkpt>
  <trkpt lat="44.00344" lon="20.00344">
    <ele>344</ele>
  </trkpt>
  <trkpt lat="44.00345" lon="20.00345">
    <ele>345</ele>
  </trkpt>
  <trkpt lat="44.00346" lon="20.00346">
    <ele>346</ele>
  </trkpt>
  <trkpt lat="44.00347" lon="20.00347">
    <ele>347</ele>
  </trkpt>
  <trkpt lat="44.00348" lon="20.00348">
    <ele>348</ele>
  </trkpt>
  <trkpt lat="44.00349" lon="20.00349">
    <ele>349</ele>
  </trkpt>
  <trkpt lat="44.00350" lon="20.00350">
    <ele>350</ele>
  </trkpt>
  <trkpt lat="44.00351" lon="20.00351">
    <ele>351</ele>
  </trkpt>
  <trkpt lat="44.00352" lon="20.00352">
    <ele>352</ele>
  </trkpt>
  <trkpt lat="44.00353" lon="20.00353">
    <ele>353</ele>
  </trkpt>
  <trkpt lat="44.00354" lon="20.00354">
    <ele>354</ele>
  </trkpt>
  <trkpt lat="44.00355" lon="20.00355">
    <ele>355</ele>
  </trkpt>
  <trkpt lat="44.00356" lon="20.00356">
    <ele>356</ele>
  </trkpt>
  <trkpt lat="44.00357" lon="20.00357">
    <ele>357</ele>
  </trkpt>
  <trkpt lat="44.00358" lon="20.00358">
    <ele>358</ele>
  </trkpt>
  <trkpt lat="44.00359" lon="20.00359">
    <ele>359</ele>
  </trkpt>
  <trkpt lat="44.00360" lon="20.00360">
    <ele>360</ele>
  </trkpt>
  <trkpt lat="44.00361" lon="20.00361">
    <ele>361</ele>
  </trkpt>
  <trkpt lat="44.00362" lon="20.00362">
    <ele>362</ele>
  </trkpt>
  <trkpt lat="44.00363" lon="20.00363">
    <ele>363</ele>
  </trkpt>
  <trkpt lat="44.00364" lon="20.00364">
    <ele>364</ele>
  </trkpt>
  <trkpt lat="44.00365" lon="20.00365">
    <ele>365</ele>
  </trkpt>
  <trkpt lat="44.00366" lon="20.00366">
    <ele>366</ele>
  </trkpt>
  <trkpt lat="44.00367" lon="20.00367">
    <ele>367</ele>
  </trkpt>
  <trkpt lat="44.00368" lon="20.00368">
    <ele>368</ele>
  </trkpt>
  <trkpt lat="44.00369" lon="20.00369">
    <ele>369</ele>
  </trkpt>
  <trkpt lat="44.00370" lon="20.00370">
    <ele>370</ele>
  </trkpt>
  <trkpt lat="44.00371" lon="20.00371">
    <ele>371</ele>
  </trkpt>
  <trkpt lat="44.00372" lon="20.00372">
    <ele>372</ele>
  </trkpt>
  <trkpt lat="44.00373" lon="20.00373">
    <ele>373</ele>
  </trkpt>
  <trkpt lat="44.00374" lon="20.00374">
    <ele>374</ele>
  </trkpt>
  <trkpt lat="44.00375" lon="20.00375">
    <ele>375</ele>
  </trkpt>
  <trkpt lat="44.00376" lon="20.00376">
    <ele>376</ele>
  </trkpt>
  <trkpt lat="44.00377" lon="20.00377">
    <ele>377</ele>
  </trkpt>
  <trkpt lat="44.00378" lon="20.00378">
    <ele>378</ele>
  </trkpt>
  <trkpt lat="44.00379" lon="20.00379">
    <ele>379</ele>
  </trkpt>
  <trkpt lat="44.00380" lon="20.00380">
    <ele>380</ele>
  </trkpt>
  <trkpt lat="44.00381" lon="20.00381">
    <ele>381</ele>
  </trkpt>
  <trkpt lat="44.00382" lon="20.00382">
    <ele>382</ele>
  </trkpt>
  <trkpt lat="44.00383" lon="20.00383">
    <ele>383</ele>
  </trkpt>
  <trkpt lat="44.00384" lon="20.00384">
    <ele>384</ele>
  </trkpt>
  <trkpt lat="44.00385" lon="20.00385">
    <ele>385</ele>
  </trkpt>
  <trkpt lat="44.00386" lon="20.00386">
    <ele>386</ele>
  </trkpt>
  <trkpt lat="44.00387" lon="20.00387">
    <ele>387</ele>
  </trkpt>
  <trkpt lat="44.00388" lon="20.00388">
    <ele>388</ele>
  </trkpt>
  <trkpt lat="44.00389" lon="20.00389">
    <ele>389</ele>
  </trkpt>
  <trkpt lat="44.00390" lon="20.00390">
    <ele>390</ele>
  </trkpt>
  <trkpt lat="44.00391" lon="20.00391">
    <ele>391</ele>
  </trkpt>
  <trkpt lat="44.00392" lon="20.00392">
    <ele>392</ele>
  </trkpt>
  <trkpt lat="44.00393" lon="20.00393">
    <ele>393</ele>
  </trkpt>
  <trkpt lat="44.00394" lon="20.00394">
    <ele>394</ele>
  </trkpt>
  <trkpt lat="44.00395" lon="20.00395">
    <ele>395</ele>
  </trkpt>
  <trkpt lat="44.00396" lon="20.00396">
    <ele>396</ele>
  </trkpt>
  <trkpt lat="44.00397" lon="20.00397">
    <ele>397</ele>
  </trkpt>
  <trkpt lat="44.00398" lon="20.00398">
    <ele>398</ele>
  </trkpt>
  <trkpt lat="44.00399" lon="20.00399">
    <ele>399</ele>
  </trkpt>
  <trkpt lat="44.00400" lon="20.00400">
    <ele>400</ele>
  </trkpt>
  <trkpt lat="44.00401" lon="20.00401">
    <ele>401</ele>
  </trkpt>
  <trkpt lat="44.00402" lon="20.00402">
    <ele>402</ele>
  </trkpt>
  <trkpt lat="44.00403" lon="20.00403">
    <ele>403</ele>
  </trkpt>
  <trkpt lat="44.00404" lon="20.00404">
    <ele>404</ele>
  </trkpt>
  <trkpt lat="44.00405" lon="20.00405">
    <ele>405</ele>
  </trkpt>
  <trkpt lat="44.00406" lon="20.00406">
    <ele>406</ele>
  </trkpt>
  <trkpt lat="44.00407" lon="20.00407">
    <ele>407</ele>
  </trkpt>
  <trkpt lat="44.00408" lon="20.00408">
    <ele>408</ele>
  </trkpt>
  <trkpt lat="44.00409" lon="20.00409">
    <ele>409</ele>
  </trkpt>
  <trkpt lat="44.00410" lon="20.00410">
    <ele>410</ele>
  </trkpt>
  <trkpt lat="44.00411" lon="20.00411">
    <ele>411</ele>
  </trkpt>
  <trkpt lat="44.00412" lon="20.00412">
    <ele>412</ele>
  </trkpt>
  <trkpt lat="44.00413" lon="20.00413">
    <ele>413</ele>
  </trkpt>
  <trkpt lat="44.00414" lon="20.00414">
    <ele>414</ele>
  </trkpt>
  <trkpt lat="44.00415" lon="20.00415">
    <ele>415</ele>
  </trkpt>
  <trkpt lat="44.00416" lon="20.00416">
    <ele>416</ele>
  </trkpt>
  <trkpt lat="44.00417" lon="20.00417">
    <ele>417</ele>
  </trkpt>
  <trkpt lat="44.00418" lon="20.00418">
    <ele>418</ele>
  </trkpt>
  <trkpt lat="44.00419" lon="20.00419">
    <ele>419</ele>
  </trkpt>
  <trkpt lat="44.00420" lon="20.00420">
    <ele>420</ele>
  </trkpt>
  <trkpt lat="44.00421" lon="20.00421">
    <ele>421</ele>
  </trkpt>
  <trkpt lat="44.00422" lon="20.00422">
    <ele>422</ele>
  </trkpt>
  <trkpt lat="44.00423" lon="20.00423">
    <ele>423</ele>
  </trkpt>
  <trkpt lat="44.00424" lon="20.00424">
    <ele>424</ele>
  </trkpt>
  <trkpt lat="44.00425" lon="20.00425">
    <ele>425</ele>
  </trkpt>
  <trkpt lat="44.00426" lon="20.00426">
    <ele>426</ele>
  </trkpt>
  <trkpt lat="44.00427" lon="20.00427">
    <ele>427</ele>
  </trkpt>
  <trkpt lat="44.00428" lon="20.00428">
    <ele>428</ele>
  </trkpt>
  <trkpt lat="44.00429" lon="20.00429">
    <ele>429</ele>
  </trkpt>
  <trkpt lat="44.00430" lon="20.00430">
    <ele>430</ele>
  </trkpt>
  <trkpt lat="44.00431" lon="20.00431">
    <ele>431</ele>
  </trkpt>
  <trkpt lat="44.00432" lon="20.00432">
    <ele>432</ele>
  </trkpt>
  <trkpt lat="44.00433" lon="20.00433">
    <ele>433</ele>
  </trkpt>
  <trkpt lat="44.00434" lon="20.00434">
    <ele>434</ele>
  </trkpt>
  <trkpt lat="44.00435" lon="20.00435">
    <ele>435</ele>
  </trkpt>
  <trkpt lat="44.00436" lon="20.00436">
    <ele>436</ele>
  </trkpt>
  <trkpt lat="44.00437" lon="20.00437">
    <ele>437</ele>
  </trkpt>
  <trkpt lat="44.00438" lon="20.00438">
    <ele>438</ele>
  </trkpt>
  <trkpt lat="44.00439" lon="20.00439">
    <ele>439</ele>
  </trkpt>
  <trkpt lat="44.00440" lon="20.00440">
    <ele>440</ele>
  </trkpt>
  <trkpt lat="44.00441" lon="20.00441">
    <ele>441</ele>
  </trkpt>
  <trkpt lat="44.00442" lon="20.00442">
    <ele>442</ele>
  </trkpt>
  <trkpt lat="44.00443" lon="20.00443">
    <ele>443</ele>
  </trkpt>
  <trkpt lat="44.00444" lon="20.00444">
    <ele>444</ele>
  </trkpt>
  <trkpt lat="44.00445" lon="20.00445">
    <ele>445</ele>
  </trkpt>
  <trkpt lat="44.00446" lon="20.00446">
    <ele>446</ele>
  </trkpt>
  <trkpt lat="44.00447" lon="20.00447">
    <ele>447</ele>
  </trkpt>
  <trkpt lat="44.00448" lon="20.00448">
    <ele>448</ele>
  </trkpt>
  <trkpt lat="44.00449" lon="20.00449">
    <ele>449</ele>
  </trkpt>
  <trkpt lat="44.00450" lon="20.00450">
    <ele>450</ele>
  </trkpt>
  <trkpt lat="44.00451" lon="20.00451">
    <ele>451</ele>
  </trkpt>
  <trkpt lat="44.00452" lon="20.00452">
    <ele>452</ele>
  </trkpt>
  <trkpt lat="44.00453" lon="20.00453">
    <ele>453</ele>
  </trkpt>
  <trkpt lat="44.00454" lon="20.00454">
    <ele>454</ele>
  </trkpt>
  <trkpt lat="44.00455" lon="20.00455">
    <ele>455</ele>
  </trkpt>
  <trkpt lat="44.00456" lon="20.00456">
    <ele>456</ele>
  </trkpt>
  <trkpt lat="44.00457" lon="20.00457">
    <ele>457</ele>
  </trkpt>
  <trkpt lat="44.00458" lon="20.00458">
    <ele>458</ele>
  </trkpt>
  <trkpt lat="44.00459" lon="20.00459">
    <ele>459</ele>
  </trkpt>
  <trkpt lat="44.00460" lon="20.00460">
    <ele>460</ele>
  </trkpt>
  <trkpt lat="44.00461" lon="20.00461">
    <ele>461</ele>
  </trkpt>
  <trkpt lat="44.00462" lon="20.00462">
    <ele>462</ele>
  </trkpt>
  <trkpt lat="44.00463" lon="20.00463">
    <ele>463</ele>
  </trkpt>
  <trkpt lat="44.00464" lon="20.00464">
    <ele>464</ele>
  </trkpt>
  <trkpt lat="44.00465" lon="20.00465">
    <ele>465</ele>
  </trkpt>
  <trkpt lat="44.00466" lon="20.00466">
    <ele>466</ele>
  </trkpt>
  <trkpt lat="44.00467" lon="20.00467">
    <ele>467</ele>
  </trkpt>
  <trkpt lat="44.00468" lon="20.00468">
    <ele>468</ele>
  </trkpt>
  <trkpt lat="44.00469" lon="20.00469">
    <ele>469</ele>
  </trkpt>
  <trkpt lat="44.00470" lon="20.00470">
    <ele>470</ele>
  </trkpt>
  <trkpt lat="44.00471" lon="20.00471">
    <ele>471</ele>
  </trkpt>
  <trkpt lat="44.00472" lon="20.00472">
    <ele>472</ele>
  </trkpt>
  <trkpt lat="44.00473" lon="20.00473">
    <ele>473</ele>
  </trkpt>
  <trkpt lat="44.00474" lon="20.00474">
    <ele>474</ele>
  </trkpt>
  <trkpt lat="44.00475" lon="20.00475">
    <ele>475</ele>
  </trkpt>
  <trkpt lat="44.00476" lon="20.00476">
    <ele>476</ele>
  </trkpt>
  <trkpt lat="44.00477" lon="20.00477">
    <ele>477</ele>
  </trkpt>
  <trkpt lat="44.00478" lon="20.00478">
    <ele>478</ele>
  </trkpt>
  <trkpt lat="44.00479" lon="20.00479">
    <ele>479</ele>
  </trkpt>
  <trkpt lat="44.00480" lon="20.00480">
    <ele>480</ele>
  </trkpt>
  <trkpt lat="44.00481" lon="20.00481">
    <ele>481</ele>
  </trkpt>
  <trkpt lat="44.00482" lon="20.00482">
    <ele>482</ele>
  </trkpt>
  <trkpt lat="44.00483" lon="20.00483">
    <ele>483</ele>
  </trkpt>
  <trkpt lat="44.00484" lon="20.00484">
    <ele>484</ele>
  </trkpt>
  <trkpt lat="44.00485" lon="20.00485">
    <ele>485</ele>
  </trkpt>
  <trkpt lat="44.00486" lon="20.00486">
    <ele>486</ele>
  </trkpt>
  <trkpt lat="44.00487" lon="20.00487">
    <ele>487</ele>
  </trkpt>
  <trkpt lat="44.00488" lon="20.00488">
    <ele>488</ele>
  </trkpt>
  <trkpt lat="44.00489" lon="20.00489">
    <ele>489</ele>
  </trkpt>
  <trkpt lat="44.00490" lon="20.00490">
    <ele>490</ele>
  </trkpt>
  <trkpt lat="44.00491" lon="20.00491">
    <ele>491</ele>
  </trkpt>
  <trkpt lat="44.00492" lon="20.00492">
    <ele>492</ele>
  </trkpt>
  <trkpt lat="44.00493" lon="20.00493">
    <ele>493</ele>
  </trkpt>
  <trkpt lat="44.00494" lon="20.00494">
    <ele>494</ele>
  </trkpt>
  <trkpt lat="44.00495" lon="20.00495">
    <ele>495</ele>
  </trkpt>
  <trkpt lat="44.00496" lon="20.00496">
    <ele>496</ele>
  </trkpt>
  <trkpt lat="44.00497" lon="20.00497">
    <ele>497</ele>
  </trkpt>
  <trkpt lat="44.00498" lon="20.00498">
    <ele>498</ele>
  </trkpt>
  <trkpt lat="44.00499" lon="20.00499">
    <ele>499</ele>
  </trkpt>
  <trkpt lat="44.00500" lon="20.00500">
    <ele>500</ele>
  </trkpt>
  <trkpt lat="44.00501" lon="20.00501">
    <ele>501</ele>
  </trkpt>
  <trkpt lat="44.00502" lon="20.00502">
    <ele>502</ele>
  </trkpt>
  <trkpt lat="44.00503" lon="20.00503">
    <ele>503</ele>
  </trkpt>
  <trkpt lat="44.00504" lon="20.00504">
    <ele>504</ele>
  </trkpt>
  <trkpt lat="44.00505" lon="20.00505">
    <ele>505</ele>
  </trkpt>
  <trkpt lat="44.00506" lon="20.00506">
    <ele>506</ele>
  </trkpt>
  <trkpt lat="44.00507" lon="20.00507">
    <ele>507</ele>
  </trkpt>
  <trkpt lat="44.00508" lon="20.00508">
    <ele>508</ele>
  </trkpt>
  <trkpt lat="44.00509" lon="20.00509">
    <ele>509</ele>
  </trkpt>
  <trkpt lat="44.00510" lon="20.00510">
    <ele>510</ele>
  </trkpt>
  <trkpt lat="44.00511" lon="20.00511">
    <ele>511</ele>
  </trkpt>
  <trkpt lat="44.00512" lon="20.00512">
    <ele>512</ele>
  </trkpt>
  <trkpt lat="44.00513" lon="20.00513">
    <ele>513</ele>
  </trkpt>
  <trkpt lat="44.00514" lon="20.00514">
    <ele>514</ele>
  </trkpt>
  <trkpt lat="44.00515" lon="20.00515">
    <ele>515</ele>
  </trkpt>
  <trkpt lat="44.00516" lon="20.00516">
    <ele>516</ele>
  </trkpt>
  <trkpt lat="44.00517" lon="20.00517">
    <ele>517</ele>
  </trkpt>
  <trkpt lat="44.00518" lon="20.00518">
    <ele>518</ele>
  </trkpt>
  <trkpt lat="44.00519" lon="20.00519">
    <ele>519</ele>
  </trkpt>
  <trkpt lat="44.00520" lon="20.00520">
    <ele>520</ele>
  </trkpt>
  <trkpt lat="44.00521" lon="20.00521">
    <ele>521</ele>
  </trkpt>
  <trkpt lat="44.00522" lon="20.00522">
    <ele>522</ele>
  </trkpt>
  <trkpt lat="44.00523" lon="20.00523">
    <ele>523</ele>
  </trkpt>
  <trkpt lat="44.00524" lon="20.00524">
    <ele>524</ele>
  </trkpt>
  <trkpt lat="44.00525" lon="20.00525">
    <ele>525</ele>
  </trkpt>
  <trkpt lat="44.00526" lon="20.00526">
    <ele>526</ele>
  </trkpt>
  <trkpt lat="44.00527" lon="20.00527">
    <ele>527</ele>
  </trkpt>
  <trkpt lat="44.00528" lon="20.00528">
    <ele>528</ele>
  </trkpt>
  <trkpt lat="44.00529" lon="20.00529">
    <ele>529</ele>
  </trkpt>
  <trkpt lat="44.00530" lon="20.00530">
    <ele>530</ele>
  </trkpt>
  <trkpt lat="44.00531" lon="20.00531">
    <ele>531</ele>
  </trkpt>
  <trkpt lat="44.00532" lon="20.00532">
    <ele>532</ele>
  </trkpt>
  <trkpt lat="44.00533" lon="20.00533">
    <ele>533</ele>
  </trkpt>
  <trkpt lat="44.00534" lon="20.00534">
    <ele>534</ele>
  </trkpt>
  <trkpt lat="44.00535" lon="20.00535">
    <ele>535</ele>
  </trkpt>
  <trkpt lat="44.00536" lon="20.00536">
    <ele>536</ele>
  </trkpt>
  <trkpt lat="44.00537" lon="20.00537">
    <ele>537</ele>
  </trkpt>
  <trkpt lat="44.00538" lon="20.00538">
    <ele>538</ele>
  </trkpt>
  <trkpt lat="44.00539" lon="20.00539">
    <ele>539</ele>
  </trkpt>
  <trkpt lat="44.00540" lon="20.00540">
    <ele>540</ele>
  </trkpt>
  <trkpt lat="44.00541" lon="20.00541">
    <ele>541</ele>
  </trkpt>
  <trkpt lat="44.00542" lon="20.00542">
    <ele>542</ele>
  </trkpt>
  <trkpt lat="44.00543" lon="20.00543">
    <ele>543</ele>
  </trkpt>
  <trkpt lat="44.00544" lon="20.00544">
    <ele>544</ele>
  </trkpt>
  <trkpt lat="44.00545" lon="20.00545">
    <ele>545</ele>
  </trkpt>
  <trkpt lat="44.00546" lon="20.00546">
    <ele>546</ele>
  </trkpt>
  <trkpt lat="44.00547" lon="20.00547">
    <ele>547</ele>
  </trkpt>
  <trkpt lat="44.00548" lon="20.00548">
    <ele>548</ele>
  </trkpt>
  <trkpt lat="44.00549" lon="20.00549">
    <ele>549</ele>
  </trkpt>
  <trkpt lat="44.00550" lon="20.00550">
    <ele>550</ele>
  </trkpt>
  <trkpt lat="44.00551" lon="20.00551">
    <ele>551</ele>
  </trkpt>
  <trkpt lat="44.00552" lon="20.00552">
    <ele>552</ele>
  </trkpt>
  <trkpt lat="44.00553" lon="20.00553">
    <ele>553</ele>
  </trkpt>
  <trkpt lat="44.00554" lon="20.00554">
    <ele>554</ele>
  </trkpt>
  <trkpt lat="44.00555" lon="20.00555">
    <ele>555</ele>
  </trkpt>
  <trkpt lat="44.00556" lon="20.00556">
    <ele>556</ele>
  </trkpt>
  <trkpt lat="44.00557" lon="20.00557">
    <ele>557</ele>
  </trkpt>
  <trkpt lat="44.00558" lon="20.00558">
    <ele>558</ele>
  </trkpt>
  <trkpt lat="44.00559" lon="20.00559">
    <ele>559</ele>
  </trkpt>
  <trkpt lat="44.00560" lon="20.00560">
    <ele>560</ele>
  </trkpt>
  <trkpt lat="44.00561" lon="20.00561">
    <ele>561</ele>
  </trkpt>
  <trkpt lat="44.00562" lon="20.00562">
    <ele>562</ele>
  </trkpt>
  <trkpt lat="44.00563" lon="20.00563">
    <ele>563</ele>
  </trkpt>
  <trkpt lat="44.00564" lon="20.00564">
    <ele>564</ele>
  </trkpt>
  <trkpt lat="44.00565" lon="20.00565">
    <ele>565</ele>
  </trkpt>
  <trkpt lat="44.00566" lon="20.00566">
    <ele>566</ele>
  </trkpt>
  <trkpt lat="44.00567" lon="20.00567">
    <ele>567</ele>
  </trkpt>
  <trkpt lat="44.00568" lon="20.00568">
    <ele>568</ele>
  </trkpt>
  <trkpt lat="44.00569" lon="20.00569">
    <ele>569</ele>
  </trkpt>
  <trkpt lat="44.00570" lon="20.00570">
    <ele>570</ele>
  </trkpt>
  <trkpt lat="44.00571" lon="20.00571">
    <ele>571</ele>
  </trkpt>
  <trkpt lat="44.00572" lon="20.00572">
    <ele>572</ele>
  </trkpt>
  <trkpt lat="44.00573" lon="20.00573">
    <ele>573</ele>
  </trkpt>
  <trkpt lat="44.00574" lon="20.00574">
    <ele>574</ele>
  </trkpt>
  <trkpt lat="44.00575" lon="20.00575">
    <ele>575</ele>
  </trkpt>
  <trkpt lat="44.00576" lon="20.00576">
    <ele>576</ele>
  </trkpt>
  <trkpt lat="44.00577" lon="20.00577">
    <ele>577</ele>
  </trkpt>
  <trkpt lat="44.00578" lon="20.00578">
    <ele>578</ele>
  </trkpt>
  <trkpt lat="44.00579" lon="20.00579">
    <ele>579</ele>
  </trkpt>
  <trkpt lat="44.00580" lon="20.00580">
    <ele>580</ele>
  </trkpt>
  <trkpt lat="44.00581" lon="20.00581">
    <ele>581</ele>
  </trkpt>
  <trkpt lat="44.00582" lon="20.00582">
    <ele>582</ele>
  </trkpt>
  <trkpt lat="44.00583" lon="20.00583">
    <ele>583</ele>
  </trkpt>
  <trkpt lat="44.00584" lon="20.00584">
    <ele>584</ele>
  </trkpt>
  <trkpt lat="44.00585" lon="20.00585">
    <ele>585</ele>
  </trkpt>
  <trkpt lat="44.00586" lon="20.00586">
    <ele>586</ele>
  </trkpt>
  <trkpt lat="44.00587" lon="20.00587">
    <ele>587</ele>
  </trkpt>
  <trkpt lat="44.00588" lon="20.00588">
    <ele>588</ele>
  </trkpt>
  <trkpt lat="44.00589" lon="20.00589">
    <ele>589</ele>
  </trkpt>
  <trkpt lat="44.00590" lon="20.00590">
    <ele>590</ele>
  </trkpt>
  <trkpt lat="44.00591" lon="20.00591">
    <ele>591</ele>
  </trkpt>
  <trkpt lat="44.00592" lon="20.00592">
    <ele>592</ele>
  </trkpt>
  <trkpt lat="44.00593" lon="20.00593">
    <ele>593</ele>
  </trkpt>
  <trkpt lat="44.00594" lon="20.00594">
    <ele>594</ele>
  </trkpt>
  <trkpt lat="44.00595" lon="20.00595">
    <ele>595</ele>
  </trkpt>
  <trkpt lat="44.00596" lon="20.00596">
    <ele>596</ele>
  </trkpt>
  <trkpt lat="44.00597" lon="20.00597">
    <ele>597</ele>
  </trkpt>
  <trkpt lat="44.00598" lon="20.00598">
    <ele>598</ele>
  </trkpt>
  <trkpt lat="44.00599" lon="20.00599">
    <ele>599</ele>
  </trkpt>
  <trkpt lat="44.00600" lon="20.00600">
    <ele>600</ele>
  </trkpt>
  <trkpt lat="44.00601" lon="20.00601">
    <ele>601</ele>
  </trkpt>
  <trkpt lat="44.00602" lon="20.00602">
    <ele>602</ele>
  </trkpt>
  <trkpt lat="44.00603" lon="20.00603">
    <ele>603</ele>
  </trkpt>
  <trkpt lat="44.00604" lon="20.00604">
    <ele>604</ele>
  </trkpt>
  <trkpt lat="44.00605" lon="20.00605">
    <ele>605</ele>
  </trkpt>
  <trkpt lat="44.00606" lon="20.00606">
    <ele>606</ele>
  </trkpt>
  <trkpt lat="44.00607" lon="20.00607">
    <ele>607</ele>
  </trkpt>
  <trkpt lat="44.00608" lon="20.00608">
    <ele>608</ele>
  </trkpt>
  <trkpt lat="44.00609" lon="20.00609">
    <ele>609</ele>
  </trkpt>
  <trkpt lat="44.00610" lon="20.00610">
    <ele>610</ele>
  </trkpt>
  <trkpt lat="44.00611" lon="20.00611">
    <ele>611</ele>
  </trkpt>
  <trkpt lat="44.00612" lon="20.00612">
    <ele>612</ele>
  </trkpt>
  <trkpt lat="44.00613" lon="20.00613">
    <ele>613</ele>
  </trkpt>
  <trkpt lat="44.00614" lon="20.00614">
    <ele>614</ele>
  </trkpt>
  <trkpt lat="44.00615" lon="20.00615">
    <ele>615</ele>
  </trkpt>
  <trkpt lat="44.00616" lon="20.00616">
    <ele>616</ele>
  </trkpt>
  <trkpt lat="44.00617" lon="20.00617">
    <ele>617</ele>
  </trkpt>
  <trkpt lat="44.00618" lon="20.00618">
    <ele>618</ele>
  </trkpt>
  <trkpt lat="44.00619" lon="20.00619">
    <ele>619</ele>
  </trkpt>
  <trkpt lat="44.00620" lon="20.00620">
    <ele>620</ele>
  </trkpt>
  <trkpt lat="44.00621" lon="20.00621">
    <ele>621</ele>
  </trkpt>
  <trkpt lat="44.00622" lon="20.00622">
    <ele>622</ele>
  </trkpt>
  <trkpt lat="44.00623" lon="20.00623">
    <ele>623</ele>
  </trkpt>
  <trkpt lat="44.00624" lon="20.00624">
    <ele>624</ele>
  </trkpt>
  <trkpt lat="44.00625" lon="20.00625">
    <ele>625</ele>
  </trkpt>
  <trkpt lat="44.00626" lon="20.00626">
    <ele>626</ele>
  </trkpt>
  <trkpt lat="44.00627" lon="20.00627">
    <ele>627</ele>
  </trkpt>
  <trkpt lat="44.00628" lon="20.00628">
    <ele>628</ele>
  </trkpt>
  <trkpt lat="44.00629" lon="20.00629">
    <ele>629</ele>
  </trkpt>
  <trkpt lat="44.00630" lon="20.00630">
    <ele>630</ele>
  </trkpt>
  <trkpt lat="44.00631" lon="20.00631">
    <ele>631</ele>
  </trkpt>
  <trkpt lat="44.00632" lon="20.00632">
    <ele>632</ele>
  </trkpt>
  <trkpt lat="44.00633" lon="20.00633">
    <ele>633</ele>
  </trkpt>
  <trkpt lat="44.00634" lon="20.00634">
    <ele>634</ele>
  </trkpt>
  <trkpt lat="44.00635" lon="20.00635">
    <ele>635</ele>
  </trkpt>
  <trkpt lat="44.00636" lon="20.00636">
    <ele>636</ele>
  </trkpt>
  <trkpt lat="44.00637" lon="20.00637">
    <ele>637</ele>
  </trkpt>
  <trkpt lat="44.00638" lon="20.00638">
    <ele>638</ele>
  </trkpt>
  <trkpt lat="44.00639" lon="20.00639">
    <ele>639</ele>
  </trkpt>
  <trkpt lat="44.00640" lon="20.00640">
    <ele>640</ele>
  </trkpt>
  <trkpt lat="44.00641" lon="20.00641">
    <ele>641</ele>
  </trkpt>
  <trkpt lat="44.00642" lon="20.00642">
    <ele>642</ele>
  </trkpt>
  <trkpt lat="44.00643" lon="20.00643">
    <ele>643</ele>
  </trkpt>
  <trkpt lat="44.00644" lon="20.00644">
    <ele>644</ele>
  </trkpt>
  <trkpt lat="44.00645" lon="20.00645">
    <ele>645</ele>
  </trkpt>
  <trkpt lat="44.00646" lon="20.00646">
    <ele>646</ele>
  </trkpt>
  <trkpt lat="44.00647" lon="20.00647">
    <ele>647</ele>
  </trkpt>
  <trkpt lat="44.00648" lon="20.00648">
    <ele>648</ele>
  </trkpt>
  <trkpt lat="44.00649" lon="20.00649">
    <ele>649</ele>
  </trkpt>
  <trkpt lat="44.00650" lon="20.00650">
    <ele>650</ele>
  </trkpt>
  <trkpt lat="44.00651" lon="20.00651">
    <ele>651</ele>
  </trkpt>
  <trkpt lat="44.00652" lon="20.00652">
    <ele>652</ele>
  </trkpt>
  <trkpt lat="44.00653" lon="20.00653">
    <ele>653</ele>
  </trkpt>
  <trkpt lat="44.00654" lon="20.00654">
    <ele>654</ele>
  </trkpt>
  <trkpt lat="44.00655" lon="20.00655">
    <ele>655</ele>
  </trkpt>
  <trkpt lat="44.00656" lon="20.00656">
    <ele>656</ele>
  </trkpt>
  <trkpt lat="44.00657" lon="20.00657">
    <ele>657</ele>
  </trkpt>
  <trkpt lat="44.00658" lon="20.00658">
    <ele>658</ele>
  </trkpt>
  <trkpt lat="44.00659" lon="20.00659">
    <ele>659</ele>
  </trkpt>
  <trkpt lat="44.00660" lon="20.00660">
    <ele>660</ele>
  </trkpt>
  <trkpt lat="44.00661" lon="20.00661">
    <ele>661</ele>
  </trkpt>
  <trkpt lat="44.00662" lon="20.00662">
    <ele>662</ele>
  </trkpt>
  <trkpt lat="44.00663" lon="20.00663">
    <ele>663</ele>
  </trkpt>
  <trkpt lat="44.00664" lon="20.00664">
    <ele>664</ele>
  </trkpt>
  <trkpt lat="44.00665" lon="20.00665">
    <ele>665</ele>
  </trkpt>
  <trkpt lat="44.00666" lon="20.00666">
    <ele>666</ele>
  </trkpt>
  <trkpt lat="44.00667" lon="20.00667">
    <ele>667</ele>
  </trkpt>
  <trkpt lat="44.00668" lon="20.00668">
    <ele>668</ele>
  </trkpt>
  <trkpt lat="44.00669" lon="20.00669">
    <ele>669</ele>
  </trkpt>
  <trkpt lat="44.00670" lon="20.00670">
    <ele>670</ele>
  </trkpt>
  <trkpt lat="44.00671" lon="20.00671">
    <ele>671</ele>
  </trkpt>
  <trkpt lat="44.00672" lon="20.00672">
    <ele>672</ele>
  </trkpt>
  <trkpt lat="44.00673" lon="20.00673">
    <ele>673</ele>
  </trkpt>
  <trkpt lat="44.00674" lon="20.00674">
    <ele>674</ele>
  </trkpt>
  <trkpt lat="44.00675" lon="20.00675">
    <ele>675</ele>
  </trkpt>
  <trkpt lat="44.00676" lon="20.00676">
    <ele>676</ele>
  </trkpt>
  <trkpt lat="44.00677" lon="20.00677">
    <ele>677</ele>
  </trkpt>
  <trkpt lat="44.00678" lon="20.00678">
    <ele>678</ele>
  </trkpt>
  <trkpt lat="44.00679" lon="20.00679">
    <ele>679</ele>
  </trkpt>
  <trkpt lat="44.00680" lon="20.00680">
    <ele>680</ele>
  </trkpt>
  <trkpt lat="44.00681" lon="20.00681">
    <ele>681</ele>
  </trkpt>
  <trkpt lat="44.00682" lon="20.00682">
    <ele>682</ele>
  </trkpt>
  <trkpt lat="44.00683" lon="20.00683">
    <ele>683</ele>
  </trkpt>
  <trkpt lat="44.00684" lon="20.00684">
    <ele>684</ele>
  </trkpt>
  <trkpt lat="44.00685" lon="20.00685">
    <ele>685</ele>
  </trkpt>
  <trkpt lat="44.00686" lon="20.00686">
    <ele>686</ele>
  </trkpt>
  <trkpt lat="44.00687" lon="20.00687">
    <ele>687</ele>
  </trkpt>
  <trkpt lat="44.00688" lon="20.00688">
    <ele>688</ele>
  </trkpt>
  <trkpt lat="44.00689" lon="20.00689">
    <ele>689</ele>
  </trkpt>
  <trkpt lat="44.00690" lon="20.00690">
    <ele>690</ele>
  </trkpt>
  <trkpt lat="44.00691" lon="20.00691">
    <ele>691</ele>
  </trkpt>
  <trkpt lat="44.00692" lon="20.00692">
    <ele>692</ele>
  </trkpt>
  <trkpt lat="44.00693" lon="20.00693">
    <ele>693</ele>
  </trkpt>
  <trkpt lat="44.00694" lon="20.00694">
    <ele>694</ele>
  </trkpt>
  <trkpt lat="44.00695" lon="20.00695">
    <ele>695</ele>
  </trkpt>
  <trkpt lat="44.00696" lon="20.00696">
    <ele>696</ele>
  </trkpt>
  <trkpt lat="44.00697" lon="20.00697">
    <ele>697</ele>
  </trkpt>
  <trkpt lat="44.00698" lon="20.00698">
    <ele>698</ele>
  </trkpt>
  <trkpt lat="44.00699" lon="20.00699">
    <ele>699</ele>
  </trkpt>
  <trkpt lat="44.00700" lon="20.00700">
    <ele>700</ele>
  </trkpt>
  <trkpt lat="44.00701" lon="20.00701">
    <ele>701</ele>
  </trkpt>
  <trkpt lat="44.00702" lon="20.00702">
    <ele>702</ele>
  </trkpt>
  <trkpt lat="44.00703" lon="20.00703">
    <ele>703</ele>
  </trkpt>
  <trkpt lat="44.00704" lon="20.00704">
    <ele>704</ele>
  </trkpt>
  <trkpt lat="44.00705" lon="20.00705">
    <ele>705</ele>
  </trkpt>
  <trkpt lat="44.00706" lon="20.00706">
    <ele>706</ele>
  </trkpt>
  <trkpt lat="44.00707" lon="20.00707">
    <ele>707</ele>
  </trkpt>
  <trkpt lat="44.00708" lon="20.00708">
    <ele>708</ele>
  </trkpt>
  <trkpt lat="44.00709" lon="20.00709">
    <ele>709</ele>
  </trkpt>
  <trkpt lat="44.00710" lon="20.00710">
    <ele>710</ele>
  </trkpt>
  <trkpt lat="44.00711" lon="20.00711">
    <ele>711</ele>
  </trkpt>
  <trkpt lat="44.00712" lon="20.00712">
    <ele>712</ele>
  </trkpt>
  <trkpt lat="44.00713" lon="20.00713">
    <ele>713</ele>
  </trkpt>
  <trkpt lat="44.00714" lon="20.00714">
    <ele>714</ele>
  </trkpt>
  <trkpt lat="44.00715" lon="20.00715">
    <ele>715</ele>
  </trkpt>
  <trkpt lat="44.00716" lon="20.00716">
    <ele>716</ele>
  </trkpt>
  <trkpt lat="44.00717" lon="20.00717">
    <ele>717</ele>
  </trkpt>
  <trkpt lat="44.00718" lon="20.00718">
    <ele>718</ele>
  </trkpt>
  <trkpt lat="44.00719" lon="20.00719">
    <ele>719</ele>
  </trkpt>
  <trkpt lat="44.00720" lon="20.00720">
    <ele>720</ele>
  </trkpt>
  <trkpt lat="44.00721" lon="20.00721">
    <ele>721</ele>
  </trkpt>
  <trkpt lat="44.00722" lon="20.00722">
    <ele>722</ele>
  </trkpt>
  <trkpt lat="44.00723" lon="20.00723">
    <ele>723</ele>
  </trkpt>
  <trkpt lat="44.00724" lon="20.00724">
    <ele>724</ele>
  </trkpt>
  <trkpt lat="44.00725" lon="20.00725">
    <ele>725</ele>
  </trkpt>
  <trkpt lat="44.00726" lon="20.00726">
    <ele>726</ele>
  </trkpt>
  <trkpt lat="44.00727" lon="20.00727">
    <ele>727</ele>
  </trkpt>
  <trkpt lat="44.00728" lon="20.00728">
    <ele>728</ele>
  </trkpt>
  <trkpt lat="44.00729" lon="20.00729">
    <ele>729</ele>
  </trkpt>
  <trkpt lat="44.00730" lon="20.00730">
    <ele>730</ele>
  </trkpt>
  <trkpt lat="44.00731" lon="20.00731">
    <ele>731</ele>
  </trkpt>
  <trkpt lat="44.00732" lon="20.00732">
    <ele>732</ele>
  </trkpt>
  <trkpt lat="44.00733" lon="20.00733">
    <ele>733</ele>
  </trkpt>
  <trkpt lat="44.00734" lon="20.00734">
    <ele>734</ele>
  </trkpt>
  <trkpt lat="44.00735" lon="20.00735">
    <ele>735</ele>
  </trkpt>
  <trkpt lat="44.00736" lon="20.00736">
    <ele>736</ele>
  </trkpt>
  <trkpt lat="44.00737" lon="20.00737">
    <ele>737</ele>
  </trkpt>
  <trkpt lat="44.00738" lon="20.00738">
    <ele>738</ele>
  </trkpt>
  <trkpt lat="44.00739" lon="20.00739">
    <ele>739</ele>
  </trkpt>
  <trkpt lat="44.00740" lon="20.00740">
    <ele>740</ele>
  </trkpt>
  <trkpt lat="44.00741" lon="20.00741">
    <ele>741</ele>
  </trkpt>
  <trkpt lat="44.00742" lon="20.00742">
    <ele>742</ele>
  </trkpt>
  <trkpt lat="44.00743" lon="20.00743">
    <ele>743</ele>
  </trkpt>
  <trkpt lat="44.00744" lon="20.00744">
    <ele>744</ele>
  </trkpt>
  <trkpt lat="44.00745" lon="20.00745">
    <ele>745</ele>
  </trkpt>
  <trkpt lat="44.00746" lon="20.00746">
    <ele>746</ele>
  </trkpt>
  <trkpt lat="44.00747" lon="20.00747">
    <ele>747</ele>
  </trkpt>
  <trkpt lat="44.00748" lon="20.00748">
    <ele>748</ele>
  </trkpt>
  <trkpt lat="44.00749" lon="20.00749">
    <ele>749</ele>
  </trkpt>
  <trkpt lat="44.00750" lon="20.00750">
    <ele>750</ele>
  </trkpt>
  <trkpt lat="44.00751" lon="20.00751">
    <ele>751</ele>
  </trkpt>
  <trkpt lat="44.00752" lon="20.00752">
    <ele>752</ele>
  </trkpt>
  <trkpt lat="44.00753" lon="20.00753">
    <ele>753</ele>
  </trkpt>
  <trkpt lat="44.00754" lon="20.00754">
    <ele>754</ele>
  </trkpt>
  <trkpt lat="44.00755" lon="20.00755">
    <ele>755</ele>
  </trkpt>
  <trkpt lat="44.00756" lon="20.00756">
    <ele>756</ele>
  </trkpt>
  <trkpt lat="44.00757" lon="20.00757">
    <ele>757</ele>
  </trkpt>
  <trkpt lat="44.00758" lon="20.00758">
    <ele>758</ele>
  </trkpt>
  <trkpt lat="44.00759" lon="20.00759">
    <ele>759</ele>
  </trkpt>
  <trkpt lat="44.00760" lon="20.00760">
    <ele>760</ele>
  </trkpt>
  <trkpt lat="44.00761" lon="20.00761">
    <ele>761</ele>
  </trkpt>
  <trkpt lat="44.00762" lon="20.00762">
    <ele>762</ele>
  </trkpt>
  <trkpt lat="44.00763" lon="20.00763">
    <ele>763</ele>
  </trkpt>
  <trkpt lat="44.00764" lon="20.00764">
    <ele>764</ele>
  </trkpt>
  <trkpt lat="44.00765" lon="20.00765">
    <ele>765</ele>
  </trkpt>
  <trkpt lat="44.00766" lon="20.00766">
    <ele>766</ele>
  </trkpt>
  <trkpt lat="44.00767" lon="20.00767">
    <ele>767</ele>
  </trkpt>
  <trkpt lat="44.00768" lon="20.00768">
    <ele>768</ele>
  </trkpt>
  <trkpt lat="44.00769" lon="20.00769">
    <ele>769</ele>
  </trkpt>
  <trkpt lat="44.00770" lon="20.00770">
    <ele>770</ele>
  </trkpt>
  <trkpt lat="44.00771" lon="20.00771">
    <ele>771</ele>
  </trkpt>
  <trkpt lat="44.00772" lon="20.00772">
    <ele>772</ele>
  </trkpt>
  <trkpt lat="44.00773" lon="20.00773">
    <ele>773</ele>
  </trkpt>
  <trkpt lat="44.00774" lon="20.00774">
    <ele>774</ele>
  </trkpt>
  <trkpt lat="44.00775" lon="20.00775">
    <ele>775</ele>
  </trkpt>
  <trkpt lat="44.00776" lon="20.00776">
    <ele>776</ele>
  </trkpt>
  <trkpt lat="44.00777" lon="20.00777">
    <ele>777</ele>
  </trkpt>
  <trkpt lat="44.00778" lon="20.00778">
    <ele>778</ele>
  </trkpt>
  <trkpt lat="44.00779" lon="20.00779">
    <ele>779</ele>
  </trkpt>
  <trkpt lat="44.00780" lon="20.00780">
    <ele>780</ele>
  </trkpt>
  <trkpt lat="44.00781" lon="20.00781">
    <ele>781</ele>
  </trkpt>
  <trkpt lat="44.00782" lon="20.00782">
    <ele>782</ele>
  </trkpt>
  <trkpt lat="44.00783" lon="20.00783">
    <ele>783</ele>
  </trkpt>
  <trkpt lat="44.00784" lon="20.00784">
    <ele>784</ele>
  </trkpt>
  <trkpt lat="44.00785" lon="20.00785">
    <ele>785</ele>
  </trkpt>
  <trkpt lat="44.00786" lon="20.00786">
    <ele>786</ele>
  </trkpt>
  <trkpt lat="44.00787" lon="20.00787">
    <ele>787</ele>
  </trkpt>
  <trkpt lat="44.00788" lon="20.00788">
    <ele>788</ele>
  </trkpt>
  <trkpt lat="44.00789" lon="20.00789">
    <ele>789</ele>
  </trkpt>
  <trkpt lat="44.00790" lon="20.00790">
    <ele>790</ele>
  </trkpt>
  <trkpt lat="44.00791" lon="20.00791">
    <ele>791</ele>
  </trkpt>
  <trkpt lat="44.00792" lon="20.00792">
    <ele>792</ele>
  </trkpt>
  <trkpt lat="44.00793" lon="20.00793">
    <ele>793</ele>
  </trkpt>
  <trkpt lat="44.00794" lon="20.00794">
    <ele>794</ele>
  </trkpt>
  <trkpt lat="44.00795" lon="20.00795">
    <ele>795</ele>
  </trkpt>
  <trkpt lat="44.00796" lon="20.00796">
    <ele>796</ele>
  </trkpt>
  <trkpt lat="44.00797" lon="20.00797">
    <ele>797</ele>
  </trkpt>
  <trkpt lat="44.00798" lon="20.00798">
    <ele>798</ele>
  </trkpt>
  <trkpt lat="44.00799" lon="20.00799">
    <ele>799</ele>
  </trkpt>
  <trkpt lat="44.00800" lon="20.00800">
    <ele>800</ele>
  </trkpt>
  <trkpt lat="44.00801" lon="20.00801">
    <ele>801</ele>
  </trkpt>
  <trkpt lat="44.00802" lon="20.00802">
    <ele>802</ele>
  </trkpt>
  <trkpt lat="44.00803" lon="20.00803">
    <ele>803</ele>
  </trkpt>
  <trkpt lat="44.00804" lon="20.00804">
    <ele>804</ele>
  </trkpt>
  <trkpt lat="44.00805" lon="20.00805">
    <ele>805</ele>
  </trkpt>
  <trkpt lat="44.00806" lon="20.00806">
    <ele>806</ele>
  </trkpt>
  <trkpt lat="44.00807" lon="20.00807">
    <ele>807</ele>
  </trkpt>
  <trkpt lat="44.00808" lon="20.00808">
    <ele>808</ele>
  </trkpt>
  <trkpt lat="44.00809" lon="20.00809">
    <ele>809</ele>
  </trkpt>
  <trkpt lat="44.00810" lon="20.00810">
    <ele>810</ele>
  </trkpt>
  <trkpt lat="44.00811" lon="20.00811">
    <ele>811</ele>
  </trkpt>
  <trkpt lat="44.00812" lon="20.00812">
    <ele>812</ele>
  </trkpt>
  <trkpt lat="44.00813" lon="20.00813">
    <ele>813</ele>
  </trkpt>
  <trkpt lat="44.00814" lon="20.00814">
    <ele>814</ele>
  </trkpt>
  <trkpt lat="44.00815" lon="20.00815">
    <ele>815</ele>
  </trkpt>
  <trkpt lat="44.00816" lon="20.00816">
    <ele>816</ele>
  </trkpt>
  <trkpt lat="44.00817" lon="20.00817">
    <ele>817</ele>
  </trkpt>
  <trkpt lat="44.00818" lon="20.00818">
    <ele>818</ele>
  </trkpt>
  <trkpt lat="44.00819" lon="20.00819">
    <ele>819</ele>
  </trkpt>
  <trkpt lat="44.00820" lon="20.00820">
    <ele>820</ele>
  </trkpt>
  <trkpt lat="44.00821" lon="20.00821">
    <ele>821</ele>
  </trkpt>
  <trkpt lat="44.00822" lon="20.00822">
    <ele>822</ele>
  </trkpt>
  <trkpt lat="44.00823" lon="20.00823">
    <ele>823</ele>
  </trkpt>
  <trkpt lat="44.00824" lon="20.00824">
    <ele>824</ele>
  </trkpt>
  <trkpt lat="44.00825" lon="20.00825">
    <ele>825</ele>
  </trkpt>
  <trkpt lat="44.00826" lon="20.00826">
    <ele>826</ele>
  </trkpt>
  <trkpt lat="44.00827" lon="20.00827">
    <ele>827</ele>
  </trkpt>
  <trkpt lat="44.00828" lon="20.00828">
    <ele>828</ele>
  </trkpt>
  <trkpt lat="44.00829" lon="20.00829">
    <ele>829</ele>
  </trkpt>
  <trkpt lat="44.00830" lon="20.00830">
    <ele>830</ele>
  </trkpt>
  <trkpt lat="44.00831" lon="20.00831">
    <ele>831</ele>
  </trkpt>
  <trkpt lat="44.00832" lon="20.00832">
    <ele>832</ele>
  </trkpt>
  <trkpt lat="44.00833" lon="20.00833">
    <ele>833</ele>
  </trkpt>
  <trkpt lat="44.00834" lon="20.00834">
    <ele>834</ele>
  </trkpt>
  <trkpt lat="44.00835" lon="20.00835">
    <ele>835</ele>
  </trkpt>
  <trkpt lat="44.00836" lon="20.00836">
    <ele>836</ele>
  </trkpt>
  <trkpt lat="44.00837" lon="20.00837">
    <ele>837</ele>
  </trkpt>
  <trkpt lat="44.00838" lon="20.00838">
    <ele>838</ele>
  </trkpt>
  <trkpt lat="44.00839" lon="20.00839">
    <ele>839</ele>
  </trkpt>
  <trkpt lat="44.00840" lon="20.00840">
    <ele>840</ele>
  </trkpt>
  <trkpt lat="44.00841" lon="20.00841">
    <ele>841</ele>
  </trkpt>
  <trkpt lat="44.00842" lon="20.00842">
    <ele>842</ele>
  </trkpt>
  <trkpt lat="44.00843" lon="20.00843">
    <ele>843</ele>
  </trkpt>
  <trkpt lat="44.00844" lon="20.00844">
    <ele>844</ele>
  </trkpt>
  <trkpt lat="44.00845" lon="20.00845">
    <ele>845</ele>
  </trkpt>
  <trkpt lat="44.00846" lon="20.00846">
    <ele>846</ele>
  </trkpt>
  <trkpt lat="44.00847" lon="20.00847">
    <ele>847</ele>
  </trkpt>
  <trkpt lat="44.00848" lon="20.00848">
    <ele>848</ele>
  </trkpt>
  <trkpt lat="44.00849" lon="20.00849">
    <ele>849</ele>
  </trkpt>
  <trkpt lat="44.00850" lon="20.00850">
    <ele>850</ele>
  </trkpt>
  <trkpt lat="44.00851" lon="20.00851">
    <ele>851</ele>
  </trkpt>
  <trkpt lat="44.00852" lon="20.00852">
    <ele>852</ele>
  </trkpt>
  <trkpt lat="44.00853" lon="20.00853">
    <ele>853</ele>
  </trkpt>
  <trkpt lat="44.00854" lon="20.00854">
    <ele>854</ele>
  </trkpt>
  <trkpt lat="44.00855" lon="20.00855">
    <ele>855</ele>
  </trkpt>
  <trkpt lat="44.00856" lon="20.00856">
    <ele>856</ele>
  </trkpt>
  <trkpt lat="44.00857" lon="20.00857">
    <ele>857</ele>
  </trkpt>
  <trkpt lat="44.00858" lon="20.00858">
    <ele>858</ele>
  </trkpt>
  <trkpt lat="44.00859" lon="20.00859">
    <ele>859</ele>
  </trkpt>
  <trkpt lat="44.00860" lon="20.00860">
    <ele>860</ele>
  </trkpt>
  <trkpt lat="44.00861" lon="20.00861">
    <ele>861</ele>
  </trkpt>
  <trkpt lat="44.00862" lon="20.00862">
    <ele>862</ele>
  </trkpt>
  <trkpt lat="44.00863" lon="20.00863">
    <ele>863</ele>
  </trkpt>
  <trkpt lat="44.00864" lon="20.00864">
    <ele>864</ele>
  </trkpt>
  <trkpt lat="44.00865" lon="20.00865">
    <ele>865</ele>
  </trkpt>
  <trkpt lat="44.00866" lon="20.00866">
    <ele>866</ele>
  </trkpt>
  <trkpt lat="44.00867" lon="20.00867">
    <ele>867</ele>
  </trkpt>
  <trkpt lat="44.00868" lon="20.00868">
    <ele>868</ele>
  </trkpt>
  <trkpt lat="44.00869" lon="20.00869">
    <ele>869</ele>
  </trkpt>
  <trkpt lat="44.00870" lon="20.00870">
    <ele>870</ele>
  </trkpt>
  <trkpt lat="44.00871" lon="20.00871">
    <ele>871</ele>
  </trkpt>
  <trkpt lat="44.00872" lon="20.00872">
    <ele>872</ele>
  </trkpt>
  <trkpt lat="44.00873" lon="20.00873">
    <ele>873</ele>
  </trkpt>
  <trkpt lat="44.00874" lon="20.00874">
    <ele>874</ele>
  </trkpt>
  <trkpt lat="44.00875" lon="20.00875">
    <ele>875</ele>
  </trkpt>
  <trkpt lat="44.00876" lon="20.00876">
    <ele>876</ele>
  </trkpt>
  <trkpt lat="44.00877" lon="20.00877">
    <ele>877</ele>
  </trkpt>
  <trkpt lat="44.00878" lon="20.00878">
    <ele>878</ele>
  </trkpt>
  <trkpt lat="44.00879" lon="20.00879">
    <ele>879</ele>
  </trkpt>
  <trkpt lat="44.00880" lon="20.00880">
    <ele>880</ele>
  </trkpt>
  <trkpt lat="44.00881" lon="20.00881">
    <ele>881</ele>
  </trkpt>
  <trkpt lat="44.00882" lon="20.00882">
    <ele>882</ele>
  </trkpt>
  <trkpt lat="44.00883" lon="20.00883">
    <ele>883</ele>
  </trkpt>
  <trkpt lat="44.00884" lon="20.00884">
    <ele>884</ele>
  </trkpt>
  <trkpt lat="44.00885" lon="20.00885">
    <ele>885</ele>
  </trkpt>
  <trkpt lat="44.00886" lon="20.00886">
    <ele>886</ele>
  </trkpt>
  <trkpt lat="44.00887" lon="20.00887">
    <ele>887</ele>
  </trkpt>
  <trkpt lat="44.00888" lon="20.00888">
    <ele>888</ele>
  </trkpt>
  <trkpt lat="44.00889" lon="20.00889">
    <ele>889</ele>
  </trkpt>
  <trkpt lat="44.00890" lon="20.00890">
    <ele>890</ele>
  </trkpt>
  <trkpt lat="44.00891" lon="20.00891">
    <ele>891</ele>
  </trkpt>
  <trkpt lat="44.00892" lon="20.00892">
    <ele>892</ele>
  </trkpt>
  <trkpt lat="44.00893" lon="20.00893">
    <ele>893</ele>
  </trkpt>
  <trkpt lat="44.00894" lon="20.00894">
    <ele>894</ele>
  </trkpt>
  <trkpt lat="44.00895" lon="20.00895">
    <ele>895</ele>
  </trkpt>
  <trkpt lat="44.00896" lon="20.00896">
    <ele>896</ele>
  </trkpt>
  <trkpt lat="44.00897" lon="20.00897">
    <ele>897</ele>
  </trkpt>
  <trkpt lat="44.00898" lon="20.00898">
    <ele>898</ele>
  </trkpt>
  <trkpt lat="44.00899" lon="20.00899">
    <ele>899</ele>
  </trkpt>
  <trkpt lat="44.00900" lon="20.00900">
    <ele>900</ele>
  </trkpt>
  <trkpt lat="44.00901" lon="20.00901">
    <ele>901</ele>
  </trkpt>
  <trkpt lat="44.00902" lon="20.00902">
    <ele>902</ele>
  </trkpt>
  <trkpt lat="44.00903" lon="20.00903">
    <ele>903</ele>
  </trkpt>
  <trkpt lat="44.00904" lon="20.00904">
    <ele>904</ele>
  </trkpt>
  <trkpt lat="44.00905" lon="20.00905">
    <ele>905</ele>
  </trkpt>
  <trkpt lat="44.00906" lon="20.00906">
    <ele>906</ele>
  </trkpt>
  <trkpt lat="44.00907" lon="20.00907">
    <ele>907</ele>
  </trkpt>
  <trkpt lat="44.00908" lon="20.00908">
    <ele>908</ele>
  </trkpt>
  <trkpt lat="44.00909" lon="20.00909">
    <ele>909</ele>
  </trkpt>
  <trkpt lat="44.00910" lon="20.00910">
    <ele>910</ele>
  </trkpt>
  <trkpt lat="44.00911" lon="20.00911">
    <ele>911</ele>
  </trkpt>
  <trkpt lat="44.00912" lon="20.00912">
    <ele>912</ele>
  </trkpt>
  <trkpt lat="44.00913" lon="20.00913">
    <ele>913</ele>
  </trkpt>
  <trkpt lat="44.00914" lon="20.00914">
    <ele>914</ele>
  </trkpt>
  <trkpt lat="44.00915" lon="20.00915">
    <ele>915</ele>
  </trkpt>
  <trkpt lat="44.00916" lon="20.00916">
    <ele>916</ele>
  </trkpt>
  <trkpt lat="44.00917" lon="20.00917">
    <ele>917</ele>
  </trkpt>
  <trkpt lat="44.00918" lon="20.00918">
    <ele>918</ele>
  </trkpt>
  <trkpt lat="44.00919" lon="20.00919">
    <ele>919</ele>
  </trkpt>
  <trkpt lat="44.00920" lon="20.00920">
    <ele>920</ele>
  </trkpt>
  <trkpt lat="44.00921" lon="20.00921">
    <ele>921</ele>
  </trkpt>
  <trkpt lat="44.00922" lon="20.00922">
    <ele>922</ele>
  </trkpt>
  <trkpt lat="44.00923" lon="20.00923">
    <ele>923</ele>
  </trkpt>
  <trkpt lat="44.00924" lon="20.00924">
    <ele>924</ele>
  </trkpt>
  <trkpt lat="44.00925" lon="20.00925">
    <ele>925</ele>
  </trkpt>
  <trkpt lat="44.00926" lon="20.00926">
    <ele>926</ele>
  </trkpt>
  <trkpt lat="44.00927" lon="20.00927">
    <ele>927</ele>
  </trkpt>
  <trkpt lat="44.00928" lon="20.00928">
    <ele>928</ele>
  </trkpt>
  <trkpt lat="44.00929" lon="20.00929">
    <ele>929</ele>
  </trkpt>
  <trkpt lat="44.00930" lon="20.00930">
    <ele>930</ele>
  </trkpt>
  <trkpt lat="44.00931" lon="20.00931">
    <ele>931</ele>
  </trkpt>
  <trkpt lat="44.00932" lon="20.00932">
    <ele>932</ele>
  </trkpt>
  <trkpt lat="44.00933" lon="20.00933">
    <ele>933</ele>
  </trkpt>
  <trkpt lat="44.00934" lon="20.00934">
    <ele>934</ele>
  </trkpt>
  <trkpt lat="44.00935" lon="20.00935">
    <ele>935</ele>
  </trkpt>
  <trkpt lat="44.00936" lon="20.00936">
    <ele>936</ele>
  </trkpt>
  <trkpt lat="44.00937" lon="20.00937">
    <ele>937</ele>
  </trkpt>
  <trkpt lat="44.00938" lon="20.00938">
    <ele>938</ele>
  </trkpt>
  <trkpt lat="44.00939" lon="20.00939">
    <ele>939</ele>
  </trkpt>
  <trkpt lat="44.00940" lon="20.00940">
    <ele>940</ele>
  </trkpt>
  <trkpt lat="44.00941" lon="20.00941">
    <ele>941</ele>
  </trkpt>
  <trkpt lat="44.00942" lon="20.00942">
    <ele>942</ele>
  </trkpt>
  <trkpt lat="44.00943" lon="20.00943">
    <ele>943</ele>
  </trkpt>
  <trkpt lat="44.00944" lon="20.00944">
    <ele>944</ele>
  </trkpt>
  <trkpt lat="44.00945" lon="20.00945">
    <ele>945</ele>
  </trkpt>
  <trkpt lat="44.00946" lon="20.00946">
    <ele>946</ele>
  </trkpt>
  <trkpt lat="44.00947" lon="20.00947">
    <ele>947</ele>
  </trkpt>
  <trkpt lat="44.00948" lon="20.00948">
    <ele>948</ele>
  </trkpt>
  <trkpt lat="44.00949" lon="20.00949">
    <ele>949</ele>
  </trkpt>
  <trkpt lat="44.00950" lon="20.00950">
    <ele>950</ele>
  </trkpt>
  <trkpt lat="44.00951" lon="20.00951">
    <ele>951</ele>
  </trkpt>
  <trkpt lat="44.00952" lon="20.00952">
    <ele>952</ele>
  </trkpt>
  <trkpt lat="44.00953" lon="20.00953">
    <ele>953</ele>
  </trkpt>
  <trkpt lat="44.00954" lon="20.00954">
    <ele>954</ele>
  </trkpt>
  <trkpt lat="44.00955" lon="20.00955">
    <ele>955</ele>
  </trkpt>
  <trkpt lat="44.00956" lon="20.00956">
    <ele>956</ele>
  </trkpt>
  <trkpt lat="44.00957" lon="20.00957">
    <ele>957</ele>
  </trkpt>
  <trkpt lat="44.00958" lon="20.00958">
    <ele>958</ele>
  </trkpt>
  <trkpt lat="44.00959" lon="20.00959">
    <ele>959</ele>
  </trkpt>
  <trkpt lat="44.00960" lon="20.00960">
    <ele>960</ele>
  </trkpt>
  <trkpt lat="44.00961" lon="20.00961">
    <ele>961</ele>
  </trkpt>
  <trkpt lat="44.00962" lon="20.00962">
    <ele>962</ele>
  </trkpt>
  <trkpt lat="44.00963" lon="20.00963">
    <ele>963</ele>
  </trkpt>
  <trkpt lat="44.00964" lon="20.00964">
    <ele>964</ele>
  </trkpt>
  <trkpt lat="44.00965" lon="20.00965">
    <ele>965</ele>
  </trkpt>
  <trkpt lat="44.00966" lon="20.00966">
    <ele>966</ele>
  </trkpt>
  <trkpt lat="44.00967" lon="20.00967">
    <ele>967</ele>
  </trkpt>
  <trkpt lat="44.00968" lon="20.00968">
    <ele>968</ele>
  </trkpt>
  <trkpt lat="44.00969" lon="20.00969">
    <ele>969</ele>
  </trkpt>
  <trkpt lat="44.00970" lon="20.00970">
    <ele>970</ele>
  </trkpt>
  <trkpt lat="44.00971" lon="20.00971">
    <ele>971</ele>
  </trkpt>
  <trkpt lat="44.00972" lon="20.00972">
    <ele>972</ele>
  </trkpt>
  <trkpt lat="44.00973" lon="20.00973">
    <ele>973</ele>
  </trkpt>
  <trkpt lat="44.00974" lon="20.00974">
    <ele>974</ele>
  </trkpt>
  <trkpt lat="44.00975" lon="20.00975">
    <ele>975</ele>
  </trkpt>
  <trkpt lat="44.00976" lon="20.00976">
    <ele>976</ele>
  </trkpt>
  <trkpt lat="44.00977" lon="20.00977">
    <ele>977</ele>
  </trkpt>
  <trkpt lat="44.00978" lon="20.00978">
    <ele>978</ele>
  </trkpt>
  <trkpt lat="44.00979" lon="20.00979">
    <ele>979</ele>
  </trkpt>
  <trkpt lat="44.00980" lon="20.00980">
    <ele>980</ele>
  </trkpt>
  <trkpt lat="44.00981" lon="20.00981">
    <ele>981</ele>
  </trkpt>
  <trkpt lat="44.00982" lon="20.00982">
    <ele>982</ele>
  </trkpt>
  <trkpt lat="44.00983" lon="20.00983">
    <ele>983</ele>
  </trkpt>
  <trkpt lat="44.00984" lon="20.00984">
    <ele>984</ele>
  </trkpt>
  <trkpt lat="44.00985" lon="20.00985">
    <ele>985</ele>
  </trkpt>
  <trkpt lat="44.00986" lon="20.00986">
    <ele>986</ele>
  </trkpt>
  <trkpt lat="44.00987" lon="20.00987">
    <ele>987</ele>
  </trkpt>
  <trkpt lat="44.00988" lon="20.00988">
    <ele>988</ele>
  </trkpt>
  <trkpt lat="44.00989" lon="20.00989">
    <ele>989</ele>
  </trkpt>
  <trkpt lat="44.00990" lon="20.00990">
    <ele>990</ele>
  </trkpt>
  <trkpt lat="44.00991" lon="20.00991">
    <ele>991</ele>
  </trkpt>
  <trkpt lat="44.00992" lon="20.00992">
    <ele>992</ele>
  </trkpt>
  <trkpt lat="44.00993" lon="20.00993">
    <ele>993</ele>
  </trkpt>
  <trkpt lat="44.00994" lon="20.00994">
    <ele>994</ele>
  </trkpt>
  <trkpt lat="44.00995" lon="20.00995">
    <ele>995</ele>
  </trkpt>
  <trkpt lat="44.00996" lon="20.00996">
    <ele>996</ele>
  </trkpt>
  <trkpt lat="44.00997" lon="20.00997">
    <ele>997</ele>
  </trkpt>
  <trkpt lat="44.00998" lon="20.00998">
    <ele>998</ele>
  </trkpt>
  <trkpt lat="44.00999" lon="20.00999">
    <ele>999</ele>
  </trkpt>
  <trkpt lat="44.01000" lon="20.01000">
    <ele>1000</ele>
  </trkpt>
  <trkpt lat="44.01001" lon="20.01001">
    <ele>1001</ele>
  </trkpt>
  <trkpt lat="44.01002" lon="20.01002">
    <ele>1002</ele>
  </trkpt>
  <trkpt lat="44.01003" lon="20.01003">
    <ele>1003</ele>
  </trkpt>
  <trkpt lat="44.01004" lon="20.01004">
    <ele>1004</ele>
  </trkpt>
  <trkpt lat="44.01005" lon="20.01005">
    <ele>1005</ele>
  </trkpt>
  <trkpt lat="44.01006" lon="20.01006">
    <ele>1006</ele>
  </trkpt>
  <trkpt lat="44.01007" lon="20.01007">
    <ele>1007</ele>
  </trkpt>
  <trkpt lat="44.01008" lon="20.01008">
    <ele>1008</ele>
  </trkpt>
  <trkpt lat="44.01009" lon="20.01009">
    <ele>1009</ele>
  </trkpt>
  <trkpt lat="44.01010" lon="20.01010">
    <ele>1010</ele>
  </trkpt>
  <trkpt lat="44.01011" lon="20.01011">
    <ele>1011</ele>
  </trkpt>
  <trkpt lat="44.01012" lon="20.01012">
    <ele>1012</ele>
  </trkpt>
  <trkpt lat="44.01013" lon="20.01013">
    <ele>1013</ele>
  </trkpt>
  <trkpt lat="44.01014" lon="20.01014">
    <ele>1014</ele>
  </trkpt>
  <trkpt lat="44.01015" lon="20.01015">
    <ele>1015</ele>
  </trkpt>
  <trkpt lat="44.01016" lon="20.01016">
    <ele>1016</ele>
  </trkpt>
  <trkpt lat="44.01017" lon="20.01017">
    <ele>1017</ele>
  </trkpt>
  <trkpt lat="44.01018" lon="20.01018">
    <ele>1018</ele>
  </trkpt>
  <trkpt lat="44.01019" lon="20.01019">
    <ele>1019</ele>
  </trkpt>
  <trkpt lat="44.01020" lon="20.01020">
    <ele>1020</ele>
  </trkpt>
  <trkpt lat="44.01021" lon="20.01021">
    <ele>1021</ele>
  </trkpt>
  <trkpt lat="44.01022" lon="20.01022">
    <ele>1022</ele>
  </trkpt>
  <trkpt lat="44.01023" lon="20.01023">
    <ele>1023</ele>
  </trkpt>
  <trkpt lat="44.01024" lon="20.01024">
    <ele>1024</ele>
  </trkpt>
  <trkpt lat="44.01025" lon="20.01025">
    <ele>1025</ele>
  </trkpt>
  <trkpt lat="44.01026" lon="20.01026">
    <ele>1026</ele>
  </trkpt>
  <trkpt lat="44.01027" lon="20.01027">
    <ele>1027</ele>
  </trkpt>
  <trkpt lat="44.01028" lon="20.01028">
    <ele>1028</ele>
  </trkpt>
  <trkpt lat="44.01029" lon="20.01029">
    <ele>1029</ele>
  </trkpt>
  <trkpt lat="44.01030" lon="20.01030">
    <ele>1030</ele>
  </trkpt>
  <trkpt lat="44.01031" lon="20.01031">
    <ele>1031</ele>
  </trkpt>
  <trkpt lat="44.01032" lon="20.01032">
    <ele>1032</ele>
  </trkpt>
  <trkpt lat="44.01033" lon="20.01033">
    <ele>1033</ele>
  </trkpt>
  <trkpt lat="44.01034" lon="20.01034">
    <ele>1034</ele>
  </trkpt>
  <trkpt lat="44.01035" lon="20.01035">
    <ele>1035</ele>
  </trkpt>
  <trkpt lat="44.01036" lon="20.01036">
    <ele>1036</ele>
  </trkpt>
  <trkpt lat="44.01037" lon="20.01037">
    <ele>1037</ele>
  </trkpt>
  <trkpt lat="44.01038" lon="20.01038">
    <ele>1038</ele>
  </trkpt>
  <trkpt lat="44.01039" lon="20.01039">
    <ele>1039</ele>
  </trkpt>
  <trkpt lat="44.01040" lon="20.01040">
    <ele>1040</ele>
  </trkpt>
  <trkpt lat="44.01041" lon="20.01041">
    <ele>1041</ele>
  </trkpt>
  <trkpt lat="44.01042" lon="20.01042">
    <ele>1042</ele>
  </trkpt>
  <trkpt lat="44.01043" lon="20.01043">
    <ele>1043</ele>
  </trkpt>
  <trkpt lat="44.01044" lon="20.01044">
    <ele>1044</ele>
  </trkpt>
  <trkpt lat="44.01045" lon="20.01045">
    <ele>1045</ele>
  </trkpt>
  <trkpt lat="44.01046" lon="20.01046">
    <ele>1046</ele>
  </trkpt>
  <trkpt lat="44.01047" lon="20.01047">
    <ele>1047</ele>
  </trkpt>
  <trkpt lat="44.01048" lon="20.01048">
    <ele>1048</ele>
  </trkpt>
  <trkpt lat="44.01049" lon="20.01049">
    <ele>1049</ele>
  </trkpt>
  <trkpt lat="44.01050" lon="20.01050">
    <ele>1050</ele>
  </trkpt>
  <trkpt lat="44.01051" lon="20.01051">
    <ele>1051</ele>
  </trkpt>
  <trkpt lat="44.01052" lon="20.01052">
    <ele>1052</ele>
  </trkpt>
  <trkpt lat="44.01053" lon="20.01053">
    <ele>1053</ele>
  </trkpt>
  <trkpt lat="44.01054" lon="20.01054">
    <ele>1054</ele>
  </trkpt>
  <trkpt lat="44.01055" lon="20.01055">
    <ele>1055</ele>
  </trkpt>
  <trkpt lat="44.01056" lon="20.01056">
    <ele>1056</ele>
  </trkpt>
  <trkpt lat="44.01057" lon="20.01057">
    <ele>1057</ele>
  </trkpt>
  <trkpt lat="44.01058" lon="20.01058">
    <ele>1058</ele>
  </trkpt>
  <trkpt lat="44.01059" lon="20.01059">
    <ele>1059</ele>
  </trkpt>
  <trkpt lat="44.01060" lon="20.01060">
    <ele>1060</ele>
  </trkpt>
  <trkpt lat="44.01061" lon="20.01061">
    <ele>1061</ele>
  </trkpt>
  <trkpt lat="44.01062" lon="20.01062">
    <ele>1062</ele>
  </trkpt>
  <trkpt lat="44.01063" lon="20.01063">
    <ele>1063</ele>
  </trkpt>
  <trkpt lat="44.01064" lon="20.01064">
    <ele>1064</ele>
  </trkpt>
  <trkpt lat="44.01065" lon="20.01065">
    <ele>1065</ele>
  </trkpt>
  <trkpt lat="44.01066" lon="20.01066">
    <ele>1066</ele>
  </trkpt>
  <trkpt lat="44.01067" lon="20.01067">
    <ele>1067</ele>
  </trkpt>
  <trkpt lat="44.01068" lon="20.01068">
    <ele>1068</ele>
  </trkpt>
  <trkpt lat="44.01069" lon="20.01069">
    <ele>1069</ele>
  </trkpt>
  <trkpt lat="44.01070" lon="20.01070">
    <ele>1070</ele>
  </trkpt>
  <trkpt lat="44.01071" lon="20.01071">
    <ele>1071</ele>
  </trkpt>
  <trkpt lat="44.01072" lon="20.01072">
    <ele>1072</ele>
  </trkpt>
  <trkpt lat="44.01073" lon="20.01073">
    <ele>1073</ele>
  </trkpt>
  <trkpt lat="44.01074" lon="20.01074">
    <ele>1074</ele>
  </trkpt>
  <trkpt lat="44.01075" lon="20.01075">
    <ele>1075</ele>
  </trkpt>
  <trkpt lat="44.01076" lon="20.01076">
    <ele>1076</ele>
  </trkpt>
  <trkpt lat="44.01077" lon="20.01077">
    <ele>1077</ele>
  </trkpt>
  <trkpt lat="44.01078" lon="20.01078">
    <ele>1078</ele>
  </trkpt>
  <trkpt lat="44.01079" lon="20.01079">
    <ele>1079</ele>
  </trkpt>
  <trkpt lat="44.01080" lon="20.01080">
    <ele>1080</ele>
  </trkpt>
  <trkpt lat="44.01081" lon="20.01081">
    <ele>1081</ele>
  </trkpt>
  <trkpt lat="44.01082" lon="20.01082">
    <ele>1082</ele>
  </trkpt>
  <trkpt lat="44.01083" lon="20.01083">
    <ele>1083</ele>
  </trkpt>
  <trkpt lat="44.01084" lon="20.01084">
    <ele>1084</ele>
  </trkpt>
  <trkpt lat="44.01085" lon="20.01085">
    <ele>1085</ele>
  </trkpt>
  <trkpt lat="44.01086" lon="20.01086">
    <ele>1086</ele>
  </trkpt>
  <trkpt lat="44.01087" lon="20.01087">
    <ele>1087</ele>
  </trkpt>
  <trkpt lat="44.01088" lon="20.01088">
    <ele>1088</ele>
  </trkpt>
  <trkpt lat="44.01089" lon="20.01089">
    <ele>1089</ele>
  </trkpt>
  <trkpt lat="44.01090" lon="20.01090">
    <ele>1090</ele>
  </trkpt>
  <trkpt lat="44.01091" lon="20.01091">
    <ele>1091</ele>
  </trkpt>
  <trkpt lat="44.01092" lon="20.01092">
    <ele>1092</ele>
  </trkpt>
  <trkpt lat="44.01093" lon="20.01093">
    <ele>1093</ele>
  </trkpt>
  <trkpt lat="44.01094" lon="20.01094">
    <ele>1094</ele>
  </trkpt>
  <trkpt lat="44.01095" lon="20.01095">
    <ele>1095</ele>
  </trkpt>
  <trkpt lat="44.01096" lon="20.01096">
    <ele>1096</ele>
  </trkpt>
  <trkpt lat="44.01097" lon="20.01097">
    <ele>1097</ele>
  </trkpt>
  <trkpt lat="44.01098" lon="20.01098">
    <ele>1098</ele>
  </trkpt>
  <trkpt lat="44.01099" lon="20.01099">
    <ele>1099</ele>
  </trkpt>
  <trkpt lat="44.01100" lon="20.01100">
    <ele>1100</ele>
  </trkpt>
  <trkpt lat="44.01101" lon="20.01101">
    <ele>1101</ele>
  </trkpt>
  <trkpt lat="44.01102" lon="20.01102">
    <ele>1102</ele>
  </trkpt>
  <trkpt lat="44.01103" lon="20.01103">
    <ele>1103</ele>
  </trkpt>
  <trkpt lat="44.01104" lon="20.01104">
    <ele>1104</ele>
  </trkpt>
  <trkpt lat="44.01105" lon="20.01105">
    <ele>1105</ele>
  </trkpt>
  <trkpt lat="44.01106" lon="20.01106">
    <ele>1106</ele>
  </trkpt>
  <trkpt lat="44.01107" lon="20.01107">
    <ele>1107</ele>
  </trkpt>
  <trkpt lat="44.01108" lon="20.01108">
    <ele>1108</ele>
  </trkpt>
  <trkpt lat="44.01109" lon="20.01109">
    <ele>1109</ele>
  </trkpt>
  <trkpt lat="44.01110" lon="20.01110">
    <ele>1110</ele>
  </trkpt>
  <trkpt lat="44.01111" lon="20.01111">
    <ele>1111</ele>
  </trkpt>
  <trkpt lat="44.01112" lon="20.01112">
    <ele>1112</ele>
  </trkpt>
  <trkpt lat="44.01113" lon="20.01113">
    <ele>1113</ele>
  </trkpt>
  <trkpt lat="44.01114" lon="20.01114">
    <ele>1114</ele>
  </trkpt>
  <trkpt lat="44.01115" lon="20.01115">
    <ele>1115</ele>
  </trkpt>
  <trkpt lat="44.01116" lon="20.01116">
    <ele>1116</ele>
  </trkpt>
  <trkpt lat="44.01117" lon="20.01117">
    <ele>1117</ele>
  </trkpt>
  <trkpt lat="44.01118" lon="20.01118">
    <ele>1118</ele>
  </trkpt>
  <trkpt lat="44.01119" lon="20.01119">
    <ele>1119</ele>
  </trkpt>
  <trkpt lat="44.01120" lon="20.01120">
    <ele>1120</ele>
  </trkpt>
  <trkpt lat="44.01121" lon="20.01121">
    <ele>1121</ele>
  </trkpt>
  <trkpt lat="44.01122" lon="20.01122">
    <ele>1122</ele>
  </trkpt>
  <trkpt lat="44.01123" lon="20.01123">
    <ele>1123</ele>
  </trkpt>
  <trkpt lat="44.01124" lon="20.01124">
    <ele>1124</ele>
  </trkpt>
  <trkpt lat="44.01125" lon="20.01125">
    <ele>1125</ele>
  </trkpt>
  <trkpt lat="44.01126" lon="20.01126">
    <ele>1126</ele>
  </trkpt>
  <trkpt lat="44.01127" lon="20.01127">
    <ele>1127</ele>
  </trkpt>
  <trkpt lat="44.01128" lon="20.01128">
    <ele>1128</ele>
  </trkpt>
  <trkpt lat="44.01129" lon="20.01129">
    <ele>1129</ele>
  </trkpt>
  <trkpt lat="44.01130" lon="20.01130">
    <ele>1130</ele>
  </trkpt>
  <trkpt lat="44.01131" lon="20.01131">
    <ele>1131</ele>
  </trkpt>
  <trkpt lat="44.01132" lon="20.01132">
    <ele>1132</ele>
  </trkpt>
  <trkpt lat="44.01133" lon="20.01133">
    <ele>1133</ele>
  </trkpt>
  <trkpt lat="44.01134" lon="20.01134">
    <ele>1134</ele>
  </trkpt>
  <trkpt lat="44.01135" lon="20.01135">
    <ele>1135</ele>
  </trkpt>
  <trkpt lat="44.01136" lon="20.01136">
    <ele>1136</ele>
  </trkpt>
  <trkpt lat="44.01137" lon="20.01137">
    <ele>1137</ele>
  </trkpt>
  <trkpt lat="44.01138" lon="20.01138">
    <ele>1138</ele>
  </trkpt>
  <trkpt lat="44.01139" lon="20.01139">
    <ele>1139</ele>
  </trkpt>
  <trkpt lat="44.01140" lon="20.01140">
    <ele>1140</ele>
  </trkpt>
  <trkpt lat="44.01141" lon="20.01141">
    <ele>1141</ele>
  </trkpt>
  <trkpt lat="44.01142" lon="20.01142">
    <ele>1142</ele>
  </trkpt>
  <trkpt lat="44.01143" lon="20.01143">
    <ele>1143</ele>
  </trkpt>
  <trkpt lat="44.01144" lon="20.01144">
    <ele>1144</ele>
  </trkpt>
  <trkpt lat="44.01145" lon="20.01145">
    <ele>1145</ele>
  </trkpt>
  <trkpt lat="44.01146" lon="20.01146">
    <ele>1146</ele>
  </trkpt>
  <trkpt lat="44.01147" lon="20.01147">
    <ele>1147</ele>
  </trkpt>
  <trkpt lat="44.01148" lon="20.01148">
    <ele>1148</ele>
  </trkpt>
  <trkpt lat="44.01149" lon="20.01149">
    <ele>1149</ele>
  </trkpt>
  <trkpt lat="44.01150" lon="20.01150">
    <ele>1150</ele>
  </trkpt>
  <trkpt lat="44.01151" lon="20.01151">
    <ele>1151</ele>
  </trkpt>
  <trkpt lat="44.01152" lon="20.01152">
    <ele>1152</ele>
  </trkpt>
  <trkpt lat="44.01153" lon="20.01153">
    <ele>1153</ele>
  </trkpt>
  <trkpt lat="44.01154" lon="20.01154">
    <ele>1154</ele>
  </trkpt>
  <trkpt lat="44.01155" lon="20.01155">
    <ele>1155</ele>
  </trkpt>
  <trkpt lat="44.01156" lon="20.01156">
    <ele>1156</ele>
  </trkpt>
  <trkpt lat="44.01157" lon="20.01157">
    <ele>1157</ele>
  </trkpt>
  <trkpt lat="44.01158" lon="20.01158">
    <ele>1158</ele>
  </trkpt>
  <trkpt lat="44.01159" lon="20.01159">
    <ele>1159</ele>
  </trkpt>
  <trkpt lat="44.01160" lon="20.01160">
    <ele>1160</ele>
  </trkpt>
  <trkpt lat="44.01161" lon="20.01161">
    <ele>1161</ele>
  </trkpt>
  <trkpt lat="44.01162" lon="20.01162">
    <ele>1162</ele>
  </trkpt>
  <trkpt lat="44.01163" lon="20.01163">
    <ele>1163</ele>
  </trkpt>
  <trkpt lat="44.01164" lon="20.01164">
    <ele>1164</ele>
  </trkpt>
  <trkpt lat="44.01165" lon="20.01165">
    <ele>1165</ele>
  </trkpt>
  <trkpt lat="44.01166" lon="20.01166">
    <ele>1166</ele>
  </trkpt>
  <trkpt lat="44.01167" lon="20.01167">
    <ele>1167</ele>
  </trkpt>
  <trkpt lat="44.01168" lon="20.01168">
    <ele>1168</ele>
  </trkpt>
  <trkpt lat="44.01169" lon="20.01169">
    <ele>1169</ele>
  </trkpt>
  <trkpt lat="44.01170" lon="20.01170">
    <ele>1170</ele>
  </trkpt>
  <trkpt lat="44.01171" lon="20.01171">
    <ele>1171</ele>
  </trkpt>
  <trkpt lat="44.01172" lon="20.01172">
    <ele>1172</ele>
  </trkpt>
  <trkpt lat="44.01173" lon="20.01173">
    <ele>1173</ele>
  </trkpt>
  <trkpt lat="44.01174" lon="20.01174">
    <ele>1174</ele>
  </trkpt>
  <trkpt lat="44.01175" lon="20.01175">
    <ele>1175</ele>
  </trkpt>
  <trkpt lat="44.01176" lon="20.01176">
    <ele>1176</ele>
  </trkpt>
  <trkpt lat="44.01177" lon="20.01177">
    <ele>1177</ele>
  </trkpt>
  <trkpt lat="44.01178" lon="20.01178">
    <ele>1178</ele>
  </trkpt>
  <trkpt lat="44.01179" lon="20.01179">
    <ele>1179</ele>
  </trkpt>
  <trkpt lat="44.01180" lon="20.01180">
    <ele>1180</ele>
  </trkpt>
  <trkpt lat="44.01181" lon="20.01181">
    <ele>1181</ele>
  </trkpt>
  <trkpt lat="44.01182" lon="20.01182">
    <ele>1182</ele>
  </trkpt>
  <trkpt lat="44.01183" lon="20.01183">
    <ele>1183</ele>
  </trkpt>
  <trkpt lat="44.01184" lon="20.01184">
    <ele>1184</ele>
  </trkpt>
  <trkpt lat="44.01185" lon="20.01185">
    <ele>1185</ele>
  </trkpt>
  <trkpt lat="44.01186" lon="20.01186">
    <ele>1186</ele>
  </trkpt>
  <trkpt lat="44.01187" lon="20.01187">
    <ele>1187</ele>
  </trkpt>
  <trkpt lat="44.01188" lon="20.01188">
    <ele>1188</ele>
  </trkpt>
  <trkpt lat="44.01189" lon="20.01189">
    <ele>1189</ele>
  </trkpt>
  <trkpt lat="44.01190" lon="20.01190">
    <ele>1190</ele>
  </trkpt>
  <trkpt lat="44.01191" lon="20.01191">
    <ele>1191</ele>
  </trkpt>
  <trkpt lat="44.01192" lon="20.01192">
    <ele>1192</ele>
  </trkpt>
  <trkpt lat="44.01193" lon="20.01193">
    <ele>1193</ele>
  </trkpt>
  <trkpt lat="44.01194" lon="20.01194">
    <ele>1194</ele>
  </trkpt>
  <trkpt lat="44.01195" lon="20.01195">
    <ele>1195</ele>
  </trkpt>
  <trkpt lat="44.01196" lon="20.01196">
    <ele>1196</ele>
  </trkpt>
  <trkpt lat="44.01197" lon="20.01197">
    <ele>1197</ele>
  </trkpt>
  <trkpt lat="44.01198" lon="20.01198">
    <ele>1198</ele>
  </trkpt>
  <trkpt lat="44.01199" lon="20.01199">
    <ele>1199</ele>
  </trkpt>
  <trkpt lat="44.01200" lon="20.01200">
    <ele>1200</ele>
  </trkpt>
  <trkpt lat="44.01201" lon="20.01201">
    <ele>1201</ele>
  </trkpt>
  <trkpt lat="44.01202" lon="20.01202">
    <ele>1202</ele>
  </trkpt>
  <trkpt lat="44.01203" lon="20.01203">
    <ele>1203</ele>
  </trkpt>
  <trkpt lat="44.01204" lon="20.01204">
    <ele>1204</ele>
  </trkpt>
  <trkpt lat="44.01205" lon="20.01205">
    <ele>1205</ele>
  </trkpt>
  <trkpt lat="44.01206" lon="20.01206">
    <ele>1206</ele>
  </trkpt>
  <trkpt lat="44.01207" lon="20.01207">
    <ele>1207</ele>
  </trkpt>
  <trkpt lat="44.01208" lon="20.01208">
    <ele>1208</ele>
  </trkpt>
  <trkpt lat="44.01209" lon="20.01209">
    <ele>1209</ele>
  </trkpt>
  <trkpt lat="44.01210" lon="20.01210">
    <ele>1210</ele>
  </trkpt>
  <trkpt lat="44.01211" lon="20.01211">
    <ele>1211</ele>
  </trkpt>
  <trkpt lat="44.01212" lon="20.01212">
    <ele>1212</ele>
  </trkpt>
  <trkpt lat="44.01213" lon="20.01213">
    <ele>1213</ele>
  </trkpt>
  <trkpt lat="44.01214" lon="20.01214">
    <ele>1214</ele>
  </trkpt>
  <trkpt lat="44.01215" lon="20.01215">
    <ele>1215</ele>
  </trkpt>
  <trkpt lat="44.01216" lon="20.01216">
    <ele>1216</ele>
  </trkpt>
  <trkpt lat="44.01217" lon="20.01217">
    <ele>1217</ele>
  </trkpt>
  <trkpt lat="44.01218" lon="20.01218">
    <ele>1218</ele>
  </trkpt>
  <trkpt lat="44.01219" lon="20.01219">
    <ele>1219</ele>
  </trkpt>
  <trkpt lat="44.01220" lon="20.01220">
    <ele>1220</ele>
  </trkpt>
  <trkpt lat="44.01221" lon="20.01221">
    <ele>1221</ele>
  </trkpt>
  <trkpt lat="44.01222" lon="20.01222">
    <ele>1222</ele>
  </trkpt>
  <trkpt lat="44.01223" lon="20.01223">
    <ele>1223</ele>
  </trkpt>
  <trkpt lat="44.01224" lon="20.01224">
    <ele>1224</ele>
  </trkpt>
  <trkpt lat="44.01225" lon="20.01225">
    <ele>1225</ele>
  </trkpt>
  <trkpt lat="44.01226" lon="20.01226">
    <ele>1226</ele>
  </trkpt>
  <trkpt lat="44.01227" lon="20.01227">
    <ele>1227</ele>
  </trkpt>
  <trkpt lat="44.01228" lon="20.01228">
    <ele>1228</ele>
  </trkpt>
  <trkpt lat="44.01229" lon="20.01229">
    <ele>1229</ele>
  </trkpt>
  <trkpt lat="44.01230" lon="20.01230">
    <ele>1230</ele>
  </trkpt>
  <trkpt lat="44.01231" lon="20.01231">
    <ele>1231</ele>
  </trkpt>
  <trkpt lat="44.01232" lon="20.01232">
    <ele>1232</ele>
  </trkpt>
  <trkpt lat="44.01233" lon="20.01233">
    <ele>1233</ele>
  </trkpt>
  <trkpt lat="44.01234" lon="20.01234">
    <ele>1234</ele>
  </trkpt>
  <trkpt lat="44.01235" lon="20.01235">
    <ele>1235</ele>
  </trkpt>
  <trkpt lat="44.01236" lon="20.01236">
    <ele>1236</ele>
  </trkpt>
  <trkpt lat="44.01237" lon="20.01237">
    <ele>1237</ele>
  </trkpt>
  <trkpt lat="44.01238" lon="20.01238">
    <ele>1238</ele>
  </trkpt>
  <trkpt lat="44.01239" lon="20.01239">
    <ele>1239</ele>
  </trkpt>
  <trkpt lat="44.01240" lon="20.01240">
    <ele>1240</ele>
  </trkpt>
  <trkpt lat="44.01241" lon="20.01241">
    <ele>1241</ele>
  </trkpt>
  <trkpt lat="44.01242" lon="20.01242">
    <ele>1242</ele>
  </trkpt>
  <trkpt lat="44.01243" lon="20.01243">
    <ele>1243</ele>
  </trkpt>
  <trkpt lat="44.01244" lon="20.01244">
    <ele>1244</ele>
  </trkpt>
  <trkpt lat="44.01245" lon="20.01245">
    <ele>1245</ele>
  </trkpt>
  <trkpt lat="44.01246" lon="20.01246">
    <ele>1246</ele>
  </trkpt>
  <trkpt lat="44.01247" lon="20.01247">
    <ele>1247</ele>
  </trkpt>
  <trkpt lat="44.01248" lon="20.01248">
    <ele>1248</ele>
  </trkpt>
  <trkpt lat="44.01249" lon="20.01249">
    <ele>1249</ele>
  </trkpt>
  <trkpt lat="44.01250" lon="20.01250">
    <ele>1250</ele>
  </trkpt>
  <trkpt lat="44.01251" lon="20.01251">
    <ele>1251</ele>
  </trkpt>
  <trkpt lat="44.01252" lon="20.01252">
    <ele>1252</ele>
  </trkpt>
  <trkpt lat="44.01253" lon="20.01253">
    <ele>1253</ele>
  </trkpt>
  <trkpt lat="44.01254" lon="20.01254">
    <ele>1254</ele>
  </trkpt>
  <trkpt lat="44.01255" lon="20.01255">
    <ele>1255</ele>
  </trkpt>
  <trkpt lat="44.01256" lon="20.01256">
    <ele>1256</ele>
  </trkpt>
  <trkpt lat="44.01257" lon="20.01257">
    <ele>1257</ele>
  </trkpt>
  <trkpt lat="44.01258" lon="20.01258">
    <ele>1258</ele>
  </trkpt>
  <trkpt lat="44.01259" lon="20.01259">
    <ele>1259</ele>
  </trkpt>
  <trkpt lat="44.01260" lon="20.01260">
    <ele>1260</ele>
  </trkpt>
  <trkpt lat="44.01261" lon="20.01261">
    <ele>1261</ele>
  </trkpt>
  <trkpt lat="44.01262" lon="20.01262">
    <ele>1262</ele>
  </trkpt>
  <trkpt lat="44.01263" lon="20.01263">
    <ele>1263</ele>
  </trkpt>
  <trkpt lat="44.01264" lon="20.01264">
    <ele>1264</ele>
  </trkpt>
  <trkpt lat="44.01265" lon="20.01265">
    <ele>1265</ele>
  </trkpt>
  <trkpt lat="44.01266" lon="20.01266">
    <ele>1266</ele>
  </trkpt>
  <trkpt lat="44.01267" lon="20.01267">
    <ele>1267</ele>
  </trkpt>
  <trkpt lat="44.01268" lon="20.01268">
    <ele>1268</ele>
  </trkpt>
  <trkpt lat="44.01269" lon="20.01269">
    <ele>1269</ele>
  </trkpt>
  <trkpt lat="44.01270" lon="20.01270">
    <ele>1270</ele>
  </trkpt>
  <trkpt lat="44.01271" lon="20.01271">
    <ele>1271</ele>
  </trkpt>
  <trkpt lat="44.01272" lon="20.01272">
    <ele>1272</ele>
  </trkpt>
  <trkpt lat="44.01273" lon="20.01273">
    <ele>1273</ele>
  </trkpt>
  <trkpt lat="44.01274" lon="20.01274">
    <ele>1274</ele>
  </trkpt>
  <trkpt lat="44.01275" lon="20.01275">
    <ele>1275</ele>
  </trkpt>
  <trkpt lat="44.01276" lon="20.01276">
    <ele>1276</ele>
  </trkpt>
  <trkpt lat="44.01277" lon="20.01277">
    <ele>1277</ele>
  </trkpt>
  <trkpt lat="44.01278" lon="20.01278">
    <ele>1278</ele>
  </trkpt>
  <trkpt lat="44.01279" lon="20.01279">
    <ele>1279</ele>
  </trkpt>
  <trkpt lat="44.01280" lon="20.01280">
    <ele>1280</ele>
  </trkpt>
  <trkpt lat="44.01281" lon="20.01281">
    <ele>1281</ele>
  </trkpt>
  <trkpt lat="44.01282" lon="20.01282">
    <ele>1282</ele>
  </trkpt>
  <trkpt lat="44.01283" lon="20.01283">
    <ele>1283</ele>
  </trkpt>
  <trkpt lat="44.01284" lon="20.01284">
    <ele>1284</ele>
  </trkpt>
  <trkpt lat="44.01285" lon="20.01285">
    <ele>1285</ele>
  </trkpt>
  <trkpt lat="44.01286" lon="20.01286">
    <ele>1286</ele>
  </trkpt>
  <trkpt lat="44.01287" lon="20.01287">
    <ele>1287</ele>
  </trkpt>
  <trkpt lat="44.01288" lon="20.01288">
    <ele>1288</ele>
  </trkpt>
  <trkpt lat="44.01289" lon="20.01289">
    <ele>1289</ele>
  </trkpt>
  <trkpt lat="44.01290" lon="20.01290">
    <ele>1290</ele>
  </trkpt>
  <trkpt lat="44.01291" lon="20.01291">
    <ele>1291</ele>
  </trkpt>
  <trkpt lat="44.01292" lon="20.01292">
    <ele>1292</ele>
  </trkpt>
  <trkpt lat="44.01293" lon="20.01293">
    <ele>1293</ele>
  </trkpt>
  <trkpt lat="44.01294" lon="20.01294">
    <ele>1294</ele>
  </trkpt>
  <trkpt lat="44.01295" lon="20.01295">
    <ele>1295</ele>
  </trkpt>
  <trkpt lat="44.01296" lon="20.01296">
    <ele>1296</ele>
  </trkpt>
  <trkpt lat="44.01297" lon="20.01297">
    <ele>1297</ele>
  </trkpt>
  <trkpt lat="44.01298" lon="20.01298">
    <ele>1298</ele>
  </trkpt>
  <trkpt lat="44.01299" lon="20.01299">
    <ele>1299</ele>
  </trkpt>
  <trkpt lat="44.01300" lon="20.01300">
    <ele>1300</ele>
  </trkpt>
  <trkpt lat="44.01301" lon="20.01301">
    <ele>1301</ele>
  </trkpt>
  <trkpt lat="44.01302" lon="20.01302">
    <ele>1302</ele>
  </trkpt>
  <trkpt lat="44.01303" lon="20.01303">
    <ele>1303</ele>
  </trkpt>
  <trkpt lat="44.01304" lon="20.01304">
    <ele>1304</ele>
  </trkpt>
  <trkpt lat="44.01305" lon="20.01305">
    <ele>1305</ele>
  </trkpt>
  <trkpt lat="44.01306" lon="20.01306">
    <ele>1306</ele>
  </trkpt>
  <trkpt lat="44.01307" lon="20.01307">
    <ele>1307</ele>
  </trkpt>
  <trkpt lat="44.01308" lon="20.01308">
    <ele>1308</ele>
  </trkpt>
  <trkpt lat="44.01309" lon="20.01309">
    <ele>1309</ele>
  </trkpt>
  <trkpt lat="44.01310" lon="20.01310">
    <ele>1310</ele>
  </trkpt>
  <trkpt lat="44.01311" lon="20.01311">
    <ele>1311</ele>
  </trkpt>
  <trkpt lat="44.01312" lon="20.01312">
    <ele>1312</ele>
  </trkpt>
  <trkpt lat="44.01313" lon="20.01313">
    <ele>1313</ele>
  </trkpt>
  <trkpt lat="44.01314" lon="20.01314">
    <ele>1314</ele>
  </trkpt>
  <trkpt lat="44.01315" lon="20.01315">
    <ele>1315</ele>
  </trkpt>
  <trkpt lat="44.01316" lon="20.01316">
    <ele>1316</ele>
  </trkpt>
  <trkpt lat="44.01317" lon="20.01317">
    <ele>1317</ele>
  </trkpt>
  <trkpt lat="44.01318" lon="20.01318">
    <ele>1318</ele>
  </trkpt>
  <trkpt lat="44.01319" lon="20.01319">
    <ele>1319</ele>
  </trkpt>
  <trkpt lat="44.01320" lon="20.01320">
    <ele>1320</ele>
  </trkpt>
  <trkpt lat="44.01321" lon="20.01321">
    <ele>1321</ele>
  </trkpt>
  <trkpt lat="44.01322" lon="20.01322">
    <ele>1322</ele>
  </trkpt>
  <trkpt lat="44.01323" lon="20.01323">
    <ele>1323</ele>
  </trkpt>
  <trkpt lat="44.01324" lon="20.01324">
    <ele>1324</ele>
  </trkpt>
  <trkpt lat="44.01325" lon="20.01325">
    <ele>1325</ele>
  </trkpt>
  <trkpt lat="44.01326" lon="20.01326">
    <ele>1326</ele>
  </trkpt>
  <trkpt lat="44.01327" lon="20.01327">
    <ele>1327</ele>
  </trkpt>
  <trkpt lat="44.01328" lon="20.01328">
    <ele>1328</ele>
  </trkpt>
  <trkpt lat="44.01329" lon="20.01329">
    <ele>1329</ele>
  </trkpt>
  <trkpt lat="44.01330" lon="20.01330">
    <ele>1330</ele>
  </trkpt>
  <trkpt lat="44.01331" lon="20.01331">
    <ele>1331</ele>
  </trkpt>
  <trkpt lat="44.01332" lon="20.01332">
    <ele>1332</ele>
  </trkpt>
  <trkpt lat="44.01333" lon="20.01333">
    <ele>1333</ele>
  </trkpt>
  <trkpt lat="44.01334" lon="20.01334">
    <ele>1334</ele>
  </trkpt>
  <trkpt lat="44.01335" lon="20.01335">
    <ele>1335</ele>
  </trkpt>
  <trkpt lat="44.01336" lon="20.01336">
    <ele>1336</ele>
  </trkpt>
  <trkpt lat="44.01337" lon="20.01337">
    <ele>1337</ele>
  </trkpt>
  <trkpt lat="44.01338" lon="20.01338">
    <ele>1338</ele>
  </trkpt>
  <trkpt lat="44.01339" lon="20.01339">
    <ele>1339</ele>
  </trkpt>
  <trkpt lat="44.01340" lon="20.01340">
    <ele>1340</ele>
  </trkpt>
  <trkpt lat="44.01341" lon="20.01341">
    <ele>1341</ele>
  </trkpt>
  <trkpt lat="44.01342" lon="20.01342">
    <ele>1342</ele>
  </trkpt>
  <trkpt lat="44.01343" lon="20.01343">
    <ele>1343</ele>
  </trkpt>
  <trkpt lat="44.01344" lon="20.01344">
    <ele>1344</ele>
  </trkpt>
  <trkpt lat="44.01345" lon="20.01345">
    <ele>1345</ele>
  </trkpt>
  <trkpt lat="44.01346" lon="20.01346">
    <ele>1346</ele>
  </trkpt>
  <trkpt lat="44.01347" lon="20.01347">
    <ele>1347</ele>
  </trkpt>
  <trkpt lat="44.01348" lon="20.01348">
    <ele>1348</ele>
  </trkpt>
  <trkpt lat="44.01349" lon="20.01349">
    <ele>1349</ele>
  </trkpt>
  <trkpt lat="44.01350" lon="20.01350">
    <ele>1350</ele>
  </trkpt>
  <trkpt lat="44.01351" lon="20.01351">
    <ele>1351</ele>
  </trkpt>
  <trkpt lat="44.01352" lon="20.01352">
    <ele>1352</ele>
  </trkpt>
  <trkpt lat="44.01353" lon="20.01353">
    <ele>1353</ele>
  </trkpt>
  <trkpt lat="44.01354" lon="20.01354">
    <ele>1354</ele>
  </trkpt>
  <trkpt lat="44.01355" lon="20.01355">
    <ele>1355</ele>
  </trkpt>
  <trkpt lat="44.01356" lon="20.01356">
    <ele>1356</ele>
  </trkpt>
  <trkpt lat="44.01357" lon="20.01357">
    <ele>1357</ele>
  </trkpt>
  <trkpt lat="44.01358" lon="20.01358">
    <ele>1358</ele>
  </trkpt>
  <trkpt lat="44.01359" lon="20.01359">
    <ele>1359</ele>
  </trkpt>
  <trkpt lat="44.01360" lon="20.01360">
    <ele>1360</ele>
  </trkpt>
  <trkpt lat="44.01361" lon="20.01361">
    <ele>1361</ele>
  </trkpt>
  <trkpt lat="44.01362" lon="20.01362">
    <ele>1362</ele>
  </trkpt>
  <trkpt lat="44.01363" lon="20.01363">
    <ele>1363</ele>
  </trkpt>
  <trkpt lat="44.01364" lon="20.01364">
    <ele>1364</ele>
  </trkpt>
  <trkpt lat="44.01365" lon="20.01365">
    <ele>1365</ele>
  </trkpt>
  <trkpt lat="44.01366" lon="20.01366">
    <ele>1366</ele>
  </trkpt>
  <trkpt lat="44.01367" lon="20.01367">
    <ele>1367</ele>
  </trkpt>
  <trkpt lat="44.01368" lon="20.01368">
    <ele>1368</ele>
  </trkpt>
  <trkpt lat="44.01369" lon="20.01369">
    <ele>1369</ele>
  </trkpt>
  <trkpt lat="44.01370" lon="20.01370">
    <ele>1370</ele>
  </trkpt>
  <trkpt lat="44.01371" lon="20.01371">
    <ele>1371</ele>
  </trkpt>
  <trkpt lat="44.01372" lon="20.01372">
    <ele>1372</ele>
  </trkpt>
  <trkpt lat="44.01373" lon="20.01373">
    <ele>1373</ele>
  </trkpt>
  <trkpt lat="44.01374" lon="20.01374">
    <ele>1374</ele>
  </trkpt>
  <trkpt lat="44.01375" lon="20.01375">
    <ele>1375</ele>
  </trkpt>
  <trkpt lat="44.01376" lon="20.01376">
    <ele>1376</ele>
  </trkpt>
  <trkpt lat="44.01377" lon="20.01377">
    <ele>1377</ele>
  </trkpt>
  <trkpt lat="44.01378" lon="20.01378">
    <ele>1378</ele>
  </trkpt>
  <trkpt lat="44.01379" lon="20.01379">
    <ele>1379</ele>
  </trkpt>
  <trkpt lat="44.01380" lon="20.01380">
    <ele>1380</ele>
  </trkpt>
  <trkpt lat="44.01381" lon="20.01381">
    <ele>1381</ele>
  </trkpt>
  <trkpt lat="44.01382" lon="20.01382">
    <ele>1382</ele>
  </trkpt>
  <trkpt lat="44.01383" lon="20.01383">
    <ele>1383</ele>
  </trkpt>
  <trkpt lat="44.01384" lon="20.01384">
    <ele>1384</ele>
  </trkpt>
  <trkpt lat="44.01385" lon="20.01385">
    <ele>1385</ele>
  </trkpt>
  <trkpt lat="44.01386" lon="20.01386">
    <ele>1386</ele>
  </trkpt>
  <trkpt lat="44.01387" lon="20.01387">
    <ele>1387</ele>
  </trkpt>
  <trkpt lat="44.01388" lon="20.01388">
    <ele>1388</ele>
  </trkpt>
  <trkpt lat="44.01389" lon="20.01389">
    <ele>1389</ele>
  </trkpt>
  <trkpt lat="44.01390" lon="20.01390">
    <ele>1390</ele>
  </trkpt>
  <trkpt lat="44.01391" lon="20.01391">
    <ele>1391</ele>
  </trkpt>
  <trkpt lat="44.01392" lon="20.01392">
    <ele>1392</ele>
  </trkpt>
  <trkpt lat="44.01393" lon="20.01393">
    <ele>1393</ele>
  </trkpt>
  <trkpt lat="44.01394" lon="20.01394">
    <ele>1394</ele>
  </trkpt>
  <trkpt lat="44.01395" lon="20.01395">
    <ele>1395</ele>
  </trkpt>
  <trkpt lat="44.01396" lon="20.01396">
    <ele>1396</ele>
  </trkpt>
  <trkpt lat="44.01397" lon="20.01397">
    <ele>1397</ele>
  </trkpt>
  <trkpt lat="44.01398" lon="20.01398">
    <ele>1398</ele>
  </trkpt>
  <trkpt lat="44.01399" lon="20.01399">
    <ele>1399</ele>
  </trkpt>
  <trkpt lat="44.01400" lon="20.01400">
    <ele>1400</ele>
  </trkpt>
  <trkpt lat="44.01401" lon="20.01401">
    <ele>1401</ele>
  </trkpt>
  <trkpt lat="44.01402" lon="20.01402">
    <ele>1402</ele>
  </trkpt>
  <trkpt lat="44.01403" lon="20.01403">
    <ele>1403</ele>
  </trkpt>
  <trkpt lat="44.01404" lon="20.01404">
    <ele>1404</ele>
  </trkpt>
  <trkpt lat="44.01405" lon="20.01405">
    <ele>1405</ele>
  </trkpt>
  <trkpt lat="44.01406" lon="20.01406">
    <ele>1406</ele>
  </trkpt>
  <trkpt lat="44.01407" lon="20.01407">
    <ele>1407</ele>
  </trkpt>
  <trkpt lat="44.01408" lon="20.01408">
    <ele>1408</ele>
  </trkpt>
  <trkpt lat="44.01409" lon="20.01409">
    <ele>1409</ele>
  </trkpt>
  <trkpt lat="44.01410" lon="20.01410">
    <ele>1410</ele>
  </trkpt>
  <trkpt lat="44.01411" lon="20.01411">
    <ele>1411</ele>
  </trkpt>
  <trkpt lat="44.01412" lon="20.01412">
    <ele>1412</ele>
  </trkpt>
  <trkpt lat="44.01413" lon="20.01413">
    <ele>1413</ele>
  </trkpt>
  <trkpt lat="44.01414" lon="20.01414">
    <ele>1414</ele>
  </trkpt>
  <trkpt lat="44.01415" lon="20.01415">
    <ele>1415</ele>
  </trkpt>
  <trkpt lat="44.01416" lon="20.01416">
    <ele>1416</ele>
  </trkpt>
  <trkpt lat="44.01417" lon="20.01417">
    <ele>1417</ele>
  </trkpt>
  <trkpt lat="44.01418" lon="20.01418">
    <ele>1418</ele>
  </trkpt>
  <trkpt lat="44.01419" lon="20.01419">
    <ele>1419</ele>
  </trkpt>
  <trkpt lat="44.01420" lon="20.01420">
    <ele>1420</ele>
  </trkpt>
  <trkpt lat="44.01421" lon="20.01421">
    <ele>1421</ele>
  </trkpt>
  <trkpt lat="44.01422" lon="20.01422">
    <ele>1422</ele>
  </trkpt>
  <trkpt lat="44.01423" lon="20.01423">
    <ele>1423</ele>
  </trkpt>
  <trkpt lat="44.01424" lon="20.01424">
    <ele>1424</ele>
  </trkpt>
  <trkpt lat="44.01425" lon="20.01425">
    <ele>1425</ele>
  </trkpt>
  <trkpt lat="44.01426" lon="20.01426">
    <ele>1426</ele>
  </trkpt>
  <trkpt lat="44.01427" lon="20.01427">
    <ele>1427</ele>
  </trkpt>
  <trkpt lat="44.01428" lon="20.01428">
    <ele>1428</ele>
  </trkpt>
  <trkpt lat="44.01429" lon="20.01429">
    <ele>1429</ele>
  </trkpt>
  <trkpt lat="44.01430" lon="20.01430">
    <ele>1430</ele>
  </trkpt>
  <trkpt lat="44.01431" lon="20.01431">
    <ele>1431</ele>
  </trkpt>
  <trkpt lat="44.01432" lon="20.01432">
    <ele>1432</ele>
  </trkpt>
  <trkpt lat="44.01433" lon="20.01433">
    <ele>1433</ele>
  </trkpt>
  <trkpt lat="44.01434" lon="20.01434">
    <ele>1434</ele>
  </trkpt>
  <trkpt lat="44.01435" lon="20.01435">
    <ele>1435</ele>
  </trkpt>
  <trkpt lat="44.01436" lon="20.01436">
    <ele>1436</ele>
  </trkpt>
  <trkpt lat="44.01437" lon="20.01437">
    <ele>1437</ele>
  </trkpt>
  <trkpt lat="44.01438" lon="20.01438">
    <ele>1438</ele>
  </trkpt>
  <trkpt lat="44.01439" lon="20.01439">
    <ele>1439</ele>
  </trkpt>
  <trkpt lat="44.01440" lon="20.01440">
    <ele>1440</ele>
  </trkpt>
  <trkpt lat="44.01441" lon="20.01441">
    <ele>1441</ele>
  </trkpt>
  <trkpt lat="44.01442" lon="20.01442">
    <ele>1442</ele>
  </trkpt>
  <trkpt lat="44.01443" lon="20.01443">
    <ele>1443</ele>
  </trkpt>
  <trkpt lat="44.01444" lon="20.01444">
    <ele>1444</ele>
  </trkpt>
  <trkpt lat="44.01445" lon="20.01445">
    <ele>1445</ele>
  </trkpt>
  <trkpt lat="44.01446" lon="20.01446">
    <ele>1446</ele>
  </trkpt>
  <trkpt lat="44.01447" lon="20.01447">
    <ele>1447</ele>
  </trkpt>
  <trkpt lat="44.01448" lon="20.01448">
    <ele>1448</ele>
  </trkpt>
  <trkpt lat="44.01449" lon="20.01449">
    <ele>1449</ele>
  </trkpt>
  <trkpt lat="44.01450" lon="20.01450">
    <ele>1450</ele>
  </trkpt>
  <trkpt lat="44.01451" lon="20.01451">
    <ele>1451</ele>
  </trkpt>
  <trkpt lat="44.01452" lon="20.01452">
    <ele>1452</ele>
  </trkpt>
  <trkpt lat="44.01453" lon="20.01453">
    <ele>1453</ele>
  </trkpt>
  <trkpt lat="44.01454" lon="20.01454">
    <ele>1454</ele>
  </trkpt>
  <trkpt lat="44.01455" lon="20.01455">
    <ele>1455</ele>
  </trkpt>
  <trkpt lat="44.01456" lon="20.01456">
    <ele>1456</ele>
  </trkpt>
  <trkpt lat="44.01457" lon="20.01457">
    <ele>1457</ele>
  </trkpt>
  <trkpt lat="44.01458" lon="20.01458">
    <ele>1458</ele>
  </trkpt>
  <trkpt lat="44.01459" lon="20.01459">
    <ele>1459</ele>
  </trkpt>
  <trkpt lat="44.01460" lon="20.01460">
    <ele>1460</ele>
  </trkpt>
  <trkpt lat="44.01461" lon="20.01461">
    <ele>1461</ele>
  </trkpt>
  <trkpt lat="44.01462" lon="20.01462">
    <ele>1462</ele>
  </trkpt>
  <trkpt lat="44.01463" lon="20.01463">
    <ele>1463</ele>
  </trkpt>
  <trkpt lat="44.01464" lon="20.01464">
    <ele>1464</ele>
  </trkpt>
  <trkpt lat="44.01465" lon="20.01465">
    <ele>1465</ele>
  </trkpt>
  <trkpt lat="44.01466" lon="20.01466">
    <ele>1466</ele>
  </trkpt>
  <trkpt lat="44.01467" lon="20.01467">
    <ele>1467</ele>
  </trkpt>
  <trkpt lat="44.01468" lon="20.01468">
    <ele>1468</ele>
  </trkpt>
  <trkpt lat="44.01469" lon="20.01469">
    <ele>1469</ele>
  </trkpt>
  <trkpt lat="44.01470" lon="20.01470">
    <ele>1470</ele>
  </trkpt>
  <trkpt lat="44.01471" lon="20.01471">
    <ele>1471</ele>
  </trkpt>
  <trkpt lat="44.01472" lon="20.01472">
    <ele>1472</ele>
  </trkpt>
  <trkpt lat="44.01473" lon="20.01473">
    <ele>1473</ele>
  </trkpt>
  <trkpt lat="44.01474" lon="20.01474">
    <ele>1474</ele>
  </trkpt>
  <trkpt lat="44.01475" lon="20.01475">
    <ele>1475</ele>
  </trkpt>
  <trkpt lat="44.01476" lon="20.01476">
    <ele>1476</ele>
  </trkpt>
  <trkpt lat="44.01477" lon="20.01477">
    <ele>1477</ele>
  </trkpt>
  <trkpt lat="44.01478" lon="20.01478">
    <ele>1478</ele>
  </trkpt>
  <trkpt lat="44.01479" lon="20.01479">
    <ele>1479</ele>
  </trkpt>
  <trkpt lat="44.01480" lon="20.01480">
    <ele>1480</ele>
  </trkpt>
  <trkpt lat="44.01481" lon="20.01481">
    <ele>1481</ele>
  </trkpt>
  <trkpt lat="44.01482" lon="20.01482">
    <ele>1482</ele>
  </trkpt>
  <trkpt lat="44.01483" lon="20.01483">
    <ele>1483</ele>
  </trkpt>
  <trkpt lat="44.01484" lon="20.01484">
    <ele>1484</ele>
  </trkpt>
  <trkpt lat="44.01485" lon="20.01485">
    <ele>1485</ele>
  </trkpt>
  <trkpt lat="44.01486" lon="20.01486">
    <ele>1486</ele>
  </trkpt>
  <trkpt lat="44.01487" lon="20.01487">
    <ele>1487</ele>
  </trkpt>
  <trkpt lat="44.01488" lon="20.01488">
    <ele>1488</ele>
  </trkpt>
  <trkpt lat="44.01489" lon="20.01489">
    <ele>1489</ele>
  </trkpt>
  <trkpt lat="44.01490" lon="20.01490">
    <ele>1490</ele>
  </trkpt>
  <trkpt lat="44.01491" lon="20.01491">
    <ele>1491</ele>
  </trkpt>
  <trkpt lat="44.01492" lon="20.01492">
    <ele>1492</ele>
  </trkpt>
  <trkpt lat="44.01493" lon="20.01493">
    <ele>1493</ele>
  </trkpt>
  <trkpt lat="44.01494" lon="20.01494">
    <ele>1494</ele>
  </trkpt>
  <trkpt lat="44.01495" lon="20.01495">
    <ele>1495</ele>
  </trkpt>
  <trkpt lat="44.01496" lon="20.01496">
    <ele>1496</ele>
  </trkpt>
  <trkpt lat="44.01497" lon="20.01497">
    <ele>1497</ele>
  </trkpt>
  <trkpt lat="44.01498" lon="20.01498">
    <ele>1498</ele>
  </trkpt>
  <trkpt lat="44.01499" lon="20.01499">
    <ele>1499</ele>
  </trkpt>
  <trkpt lat="44.01500" lon="20.01500">
    <ele>1500</ele>
  </trkpt>
  <trkpt lat="44.01501" lon="20.01501">
    <ele>1501</ele>
  </trkpt>
  <trkpt lat="44.01502" lon="20.01502">
    <ele>1502</ele>
  </trkpt>
  <trkpt lat="44.01503" lon="20.01503">
    <ele>1503</ele>
  </trkpt>
  <trkpt lat="44.01504" lon="20.01504">
    <ele>1504</ele>
  </trkpt>
  <trkpt lat="44.01505" lon="20.01505">
    <ele>1505</ele>
  </trkpt>
  <trkpt lat="44.01506" lon="20.01506">
    <ele>1506</ele>
  </trkpt>
  <trkpt lat="44.01507" lon="20.01507">
    <ele>1507</ele>
  </trkpt>
  <trkpt lat="44.01508" lon="20.01508">
    <ele>1508</ele>
  </trkpt>
  <trkpt lat="44.01509" lon="20.01509">
    <ele>1509</ele>
  </trkpt>
  <trkpt lat="44.01510" lon="20.01510">
    <ele>1510</ele>
  </trkpt>
  <trkpt lat="44.01511" lon="20.01511">
    <ele>1511</ele>
  </trkpt>
  <trkpt lat="44.01512" lon="20.01512">
    <ele>1512</ele>
  </trkpt>
  <trkpt lat="44.01513" lon="20.01513">
    <ele>1513</ele>
  </trkpt>
  <trkpt lat="44.01514" lon="20.01514">
    <ele>1514</ele>
  </trkpt>
  <trkpt lat="44.01515" lon="20.01515">
    <ele>1515</ele>
  </trkpt>
  <trkpt lat="44.01516" lon="20.01516">
    <ele>1516</ele>
  </trkpt>
  <trkpt lat="44.01517" lon="20.01517">
    <ele>1517</ele>
  </trkpt>
  <trkpt lat="44.01518" lon="20.01518">
    <ele>1518</ele>
  </trkpt>
  <trkpt lat="44.01519" lon="20.01519">
    <ele>1519</ele>
  </trkpt>
  <trkpt lat="44.01520" lon="20.01520">
    <ele>1520</ele>
  </trkpt>
  <trkpt lat="44.01521" lon="20.01521">
    <ele>1521</ele>
  </trkpt>
  <trkpt lat="44.01522" lon="20.01522">
    <ele>1522</ele>
  </trkpt>
  <trkpt lat="44.01523" lon="20.01523">
    <ele>1523</ele>
  </trkpt>
  <trkpt lat="44.01524" lon="20.01524">
    <ele>1524</ele>
  </trkpt>
  <trkpt lat="44.01525" lon="20.01525">
    <ele>1525</ele>
  </trkpt>
  <trkpt lat="44.01526" lon="20.01526">
    <ele>1526</ele>
  </trkpt>
  <trkpt lat="44.01527" lon="20.01527">
    <ele>1527</ele>
  </trkpt>
  <trkpt lat="44.01528" lon="20.01528">
    <ele>1528</ele>
  </trkpt>
  <trkpt lat="44.01529" lon="20.01529">
    <ele>1529</ele>
  </trkpt>
  <trkpt lat="44.01530" lon="20.01530">
    <ele>1530</ele>
  </trkpt>
  <trkpt lat="44.01531" lon="20.01531">
    <ele>1531</ele>
  </trkpt>
  <trkpt lat="44.01532" lon="20.01532">
    <ele>1532</ele>
  </trkpt>
  <trkpt lat="44.01533" lon="20.01533">
    <ele>1533</ele>
  </trkpt>
  <trkpt lat="44.01534" lon="20.01534">
    <ele>1534</ele>
  </trkpt>
  <trkpt lat="44.01535" lon="20.01535">
    <ele>1535</ele>
  </trkpt>
  <trkpt lat="44.01536" lon="20.01536">
    <ele>1536</ele>
  </trkpt>
  <trkpt lat="44.01537" lon="20.01537">
    <ele>1537</ele>
  </trkpt>
  <trkpt lat="44.01538" lon="20.01538">
    <ele>1538</ele>
  </trkpt>
  <trkpt lat="44.01539" lon="20.01539">
    <ele>1539</ele>
  </trkpt>
  <trkpt lat="44.01540" lon="20.01540">
    <ele>1540</ele>
  </trkpt>
  <trkpt lat="44.01541" lon="20.01541">
    <ele>1541</ele>
  </trkpt>
  <trkpt lat="44.01542" lon="20.01542">
    <ele>1542</ele>
  </trkpt>
  <trkpt lat="44.01543" lon="20.01543">
    <ele>1543</ele>
  </trkpt>
  <trkpt lat="44.01544" lon="20.01544">
    <ele>1544</ele>
  </trkpt>
  <trkpt lat="44.01545" lon="20.01545">
    <ele>1545</ele>
  </trkpt>
  <trkpt lat="44.01546" lon="20.01546">
    <ele>1546</ele>
  </trkpt>
  <trkpt lat="44.01547" lon="20.01547">
    <ele>1547</ele>
  </trkpt>
  <trkpt lat="44.01548" lon="20.01548">
    <ele>1548</ele>
  </trkpt>
  <trkpt lat="44.01549" lon="20.01549">
    <ele>1549</ele>
  </trkpt>
  <trkpt lat="44.01550" lon="20.01550">
    <ele>1550</ele>
  </trkpt>
  <trkpt lat="44.01551" lon="20.01551">
    <ele>1551</ele>
  </trkpt>
  <trkpt lat="44.01552" lon="20.01552">
    <ele>1552</ele>
  </trkpt>
  <trkpt lat="44.01553" lon="20.01553">
    <ele>1553</ele>
  </trkpt>
  <trkpt lat="44.01554" lon="20.01554">
    <ele>1554</ele>
  </trkpt>
  <trkpt lat="44.01555" lon="20.01555">
    <ele>1555</ele>
  </trkpt>
  <trkpt lat="44.01556" lon="20.01556">
    <ele>1556</ele>
  </trkpt>
  <trkpt lat="44.01557" lon="20.01557">
    <ele>1557</ele>
  </trkpt>
  <trkpt lat="44.01558" lon="20.01558">
    <ele>1558</ele>
  </trkpt>
  <trkpt lat="44.01559" lon="20.01559">
    <ele>1559</ele>
  </trkpt>
  <trkpt lat="44.01560" lon="20.01560">
    <ele>1560</ele>
  </trkpt>
  <trkpt lat="44.01561" lon="20.01561">
    <ele>1561</ele>
  </trkpt>
  <trkpt lat="44.01562" lon="20.01562">
    <ele>1562</ele>
  </trkpt>
  <trkpt lat="44.01563" lon="20.01563">
    <ele>1563</ele>
  </trkpt>
  <trkpt lat="44.01564" lon="20.01564">
    <ele>1564</ele>
  </trkpt>
  <trkpt lat="44.01565" lon="20.01565">
    <ele>1565</ele>
  </trkpt>
  <trkpt lat="44.01566" lon="20.01566">
    <ele>1566</ele>
  </trkpt>
  <trkpt lat="44.01567" lon="20.01567">
    <ele>1567</ele>
  </trkpt>
  <trkpt lat="44.01568" lon="20.01568">
    <ele>1568</ele>
  </trkpt>
  <trkpt lat="44.01569" lon="20.01569">
    <ele>1569</ele>
  </trkpt>
  <trkpt lat="44.01570" lon="20.01570">
    <ele>1570</ele>
  </trkpt>
  <trkpt lat="44.01571" lon="20.01571">
    <ele>1571</ele>
  </trkpt>
  <trkpt lat="44.01572" lon="20.01572">
    <ele>1572</ele>
  </trkpt>
  <trkpt lat="44.01573" lon="20.01573">
    <ele>1573</ele>
  </trkpt>
  <trkpt lat="44.01574" lon="20.01574">
    <ele>1574</ele>
  </trkpt>
  <trkpt lat="44.01575" lon="20.01575">
    <ele>1575</ele>
  </trkpt>
  <trkpt lat="44.01576" lon="20.01576">
    <ele>1576</ele>
  </trkpt>
  <trkpt lat="44.01577" lon="20.01577">
    <ele>1577</ele>
  </trkpt>
  <trkpt lat="44.01578" lon="20.01578">
    <ele>1578</ele>
  </trkpt>
  <trkpt lat="44.01579" lon="20.01579">
    <ele>1579</ele>
  </trkpt>
  <trkpt lat="44.01580" lon="20.01580">
    <ele>1580</ele>
  </trkpt>
  <trkpt lat="44.01581" lon="20.01581">
    <ele>1581</ele>
  </trkpt>
  <trkpt lat="44.01582" lon="20.01582">
    <ele>1582</ele>
  </trkpt>
  <trkpt lat="44.01583" lon="20.01583">
    <ele>1583</ele>
  </trkpt>
  <trkpt lat="44.01584" lon="20.01584">
    <ele>1584</ele>
  </trkpt>
  <trkpt lat="44.01585" lon="20.01585">
    <ele>1585</ele>
  </trkpt>
  <trkpt lat="44.01586" lon="20.01586">
    <ele>1586</ele>
  </trkpt>
  <trkpt lat="44.01587" lon="20.01587">
    <ele>1587</ele>
  </trkpt>
  <trkpt lat="44.01588" lon="20.01588">
    <ele>1588</ele>
  </trkpt>
  <trkpt lat="44.01589" lon="20.01589">
    <ele>1589</ele>
  </trkpt>
  <trkpt lat="44.01590" lon="20.01590">
    <ele>1590</ele>
  </trkpt>
  <trkpt lat="44.01591" lon="20.01591">
    <ele>1591</ele>
  </trkpt>
  <trkpt lat="44.01592" lon="20.01592">
    <ele>1592</ele>
  </trkpt>
  <trkpt lat="44.01593" lon="20.01593">
    <ele>1593</ele>
  </trkpt>
  <trkpt lat="44.01594" lon="20.01594">
    <ele>1594</ele>
  </trkpt>
  <trkpt lat="44.01595" lon="20.01595">
    <ele>1595</ele>
  </trkpt>
  <trkpt lat="44.01596" lon="20.01596">
    <ele>1596</ele>
  </trkpt>
  <trkpt lat="44.01597" lon="20.01597">
    <ele>1597</ele>
  </trkpt>
  <trkpt lat="44.01598" lon="20.01598">
    <ele>1598</ele>
  </trkpt>
  <trkpt lat="44.01599" lon="20.01599">
    <ele>1599</ele>
  </trkpt>
  <trkpt lat="44.01600" lon="20.01600">
    <ele>1600</ele>
  </trkpt>
  <trkpt lat="44.01601" lon="20.01601">
    <ele>1601</ele>
  </trkpt>
  <trkpt lat="44.01602" lon="20.01602">
    <ele>1602</ele>
  </trkpt>
  <trkpt lat="44.01603" lon="20.01603">
    <ele>1603</ele>
  </trkpt>
  <trkpt lat="44.01604" lon="20.01604">
    <ele>1604</ele>
  </trkpt>
  <trkpt lat="44.01605" lon="20.01605">
    <ele>1605</ele>
  </trkpt>
  <trkpt lat="44.01606" lon="20.01606">
    <ele>1606</ele>
  </trkpt>
  <trkpt lat="44.01607" lon="20.01607">
    <ele>1607</ele>
  </trkpt>
  <trkpt lat="44.01608" lon="20.01608">
    <ele>1608</ele>
  </trkpt>
  <trkpt lat="44.01609" lon="20.01609">
    <ele>1609</ele>
  </trkpt>
  <trkpt lat="44.01610" lon="20.01610">
    <ele>1610</ele>
  </trkpt>
  <trkpt lat="44.01611" lon="20.01611">
    <ele>1611</ele>
  </trkpt>
  <trkpt lat="44.01612" lon="20.01612">
    <ele>1612</ele>
  </trkpt>
  <trkpt lat="44.01613" lon="20.01613">
    <ele>1613</ele>
  </trkpt>
  <trkpt lat="44.01614" lon="20.01614">
    <ele>1614</ele>
  </trkpt>
  <trkpt lat="44.01615" lon="20.01615">
    <ele>1615</ele>
  </trkpt>
  <trkpt lat="44.01616" lon="20.01616">
    <ele>1616</ele>
  </trkpt>
  <trkpt lat="44.01617" lon="20.01617">
    <ele>1617</ele>
  </trkpt>
  <trkpt lat="44.01618" lon="20.01618">
    <ele>1618</ele>
  </trkpt>
  <trkpt lat="44.01619" lon="20.01619">
    <ele>1619</ele>
  </trkpt>
  <trkpt lat="44.01620" lon="20.01620">
    <ele>1620</ele>
  </trkpt>
  <trkpt lat="44.01621" lon="20.01621">
    <ele>1621</ele>
  </trkpt>
  <trkpt lat="44.01622" lon="20.01622">
    <ele>1622</ele>
  </trkpt>
  <trkpt lat="44.01623" lon="20.01623">
    <ele>1623</ele>
  </trkpt>
  <trkpt lat="44.01624" lon="20.01624">
    <ele>1624</ele>
  </trkpt>
  <trkpt lat="44.01625" lon="20.01625">
    <ele>1625</ele>
  </trkpt>
  <trkpt lat="44.01626" lon="20.01626">
    <ele>1626</ele>
  </trkpt>
  <trkpt lat="44.01627" lon="20.01627">
    <ele>1627</ele>
  </trkpt>
  <trkpt lat="44.01628" lon="20.01628">
    <ele>1628</ele>
  </trkpt>
  <trkpt lat="44.01629" lon="20.01629">
    <ele>1629</ele>
  </trkpt>
  <trkpt lat="44.01630" lon="20.01630">
    <ele>1630</ele>
  </trkpt>
  <trkpt lat="44.01631" lon="20.01631">
    <ele>1631</ele>
  </trkpt>
  <trkpt lat="44.01632" lon="20.01632">
    <ele>1632</ele>
  </trkpt>
  <trkpt lat="44.01633" lon="20.01633">
    <ele>1633</ele>
  </trkpt>
  <trkpt lat="44.01634" lon="20.01634">
    <ele>1634</ele>
  </trkpt>
  <trkpt lat="44.01635" lon="20.01635">
    <ele>1635</ele>
  </trkpt>
  <trkpt lat="44.01636" lon="20.01636">
    <ele>1636</ele>
  </trkpt>
  <trkpt lat="44.01637" lon="20.01637">
    <ele>1637</ele>
  </trkpt>
  <trkpt lat="44.01638" lon="20.01638">
    <ele>1638</ele>
  </trkpt>
  <trkpt lat="44.01639" lon="20.01639">
    <ele>1639</ele>
  </trkpt>
  <trkpt lat="44.01640" lon="20.01640">
    <ele>1640</ele>
  </trkpt>
  <trkpt lat="44.01641" lon="20.01641">
    <ele>1641</ele>
  </trkpt>
  <trkpt lat="44.01642" lon="20.01642">
    <ele>1642</ele>
  </trkpt>
  <trkpt lat="44.01643" lon="20.01643">
    <ele>1643</ele>
  </trkpt>
  <trkpt lat="44.01644" lon="20.01644">
    <ele>1644</ele>
  </trkpt>
  <trkpt lat="44.01645" lon="20.01645">
    <ele>1645</ele>
  </trkpt>
  <trkpt lat="44.01646" lon="20.01646">
    <ele>1646</ele>
  </trkpt>
  <trkpt lat="44.01647" lon="20.01647">
    <ele>1647</ele>
  </trkpt>
  <trkpt lat="44.01648" lon="20.01648">
    <ele>1648</ele>
  </trkpt>
  <trkpt lat="44.01649" lon="20.01649">
    <ele>1649</ele>
  </trkpt>
  <trkpt lat="44.01650" lon="20.01650">
    <ele>1650</ele>
  </trkpt>
  <trkpt lat="44.01651" lon="20.01651">
    <ele>1651</ele>
  </trkpt>
  <trkpt lat="44.01652" lon="20.01652">
    <ele>1652</ele>
  </trkpt>
  <trkpt lat="44.01653" lon="20.01653">
    <ele>1653</ele>
  </trkpt>
  <trkpt lat="44.01654" lon="20.01654">
    <ele>1654</ele>
  </trkpt>
  <trkpt lat="44.01655" lon="20.01655">
    <ele>1655</ele>
  </trkpt>
  <trkpt lat="44.01656" lon="20.01656">
    <ele>1656</ele>
  </trkpt>
  <trkpt lat="44.01657" lon="20.01657">
    <ele>1657</ele>
  </trkpt>
  <trkpt lat="44.01658" lon="20.01658">
    <ele>1658</ele>
  </trkpt>
  <trkpt lat="44.01659" lon="20.01659">
    <ele>1659</ele>
  </trkpt>
  <trkpt lat="44.01660" lon="20.01660">
    <ele>1660</ele>
  </trkpt>
  <trkpt lat="44.01661" lon="20.01661">
    <ele>1661</ele>
  </trkpt>
  <trkpt lat="44.01662" lon="20.01662">
    <ele>1662</ele>
  </trkpt>
  <trkpt lat="44.01663" lon="20.01663">
    <ele>1663</ele>
  </trkpt>
  <trkpt lat="44.01664" lon="20.01664">
    <ele>1664</ele>
  </trkpt>
  <trkpt lat="44.01665" lon="20.01665">
    <ele>1665</ele>
  </trkpt>
  <trkpt lat="44.01666" lon="20.01666">
    <ele>1666</ele>
  </trkpt>
  <trkpt lat="44.01667" lon="20.01667">
    <ele>1667</ele>
  </trkpt>
  <trkpt lat="44.01668" lon="20.01668">
    <ele>1668</ele>
  </trkpt>
  <trkpt lat="44.01669" lon="20.01669">
    <ele>1669</ele>
  </trkpt>
  <trkpt lat="44.01670" lon="20.01670">
    <ele>1670</ele>
  </trkpt>
  <trkpt lat="44.01671" lon="20.01671">
    <ele>1671</ele>
  </trkpt>
  <trkpt lat="44.01672" lon="20.01672">
    <ele>1672</ele>
  </trkpt>
  <trkpt lat="44.01673" lon="20.01673">
    <ele>1673</ele>
  </trkpt>
  <trkpt lat="44.01674" lon="20.01674">
    <ele>1674</ele>
  </trkpt>
  <trkpt lat="44.01675" lon="20.01675">
    <ele>1675</ele>
  </trkpt>
  <trkpt lat="44.01676" lon="20.01676">
    <ele>1676</ele>
  </trkpt>
  <trkpt lat="44.01677" lon="20.01677">
    <ele>1677</ele>
  </trkpt>
  <trkpt lat="44.01678" lon="20.01678">
    <ele>1678</ele>
  </trkpt>
  <trkpt lat="44.01679" lon="20.01679">
    <ele>1679</ele>
  </trkpt>
  <trkpt lat="44.01680" lon="20.01680">
    <ele>1680</ele>
  </trkpt>
  <trkpt lat="44.01681" lon="20.01681">
    <ele>1681</ele>
  </trkpt>
  <trkpt lat="44.01682" lon="20.01682">
    <ele>1682</ele>
  </trkpt>
  <trkpt lat="44.01683" lon="20.01683">
    <ele>1683</ele>
  </trkpt>
  <trkpt lat="44.01684" lon="20.01684">
    <ele>1684</ele>
  </trkpt>
  <trkpt lat="44.01685" lon="20.01685">
    <ele>1685</ele>
  </trkpt>
  <trkpt lat="44.01686" lon="20.01686">
    <ele>1686</ele>
  </trkpt>
  <trkpt lat="44.01687" lon="20.01687">
    <ele>1687</ele>
  </trkpt>
  <trkpt lat="44.01688" lon="20.01688">
    <ele>1688</ele>
  </trkpt>
  <trkpt lat="44.01689" lon="20.01689">
    <ele>1689</ele>
  </trkpt>
  <trkpt lat="44.01690" lon="20.01690">
    <ele>1690</ele>
  </trkpt>
  <trkpt lat="44.01691" lon="20.01691">
    <ele>1691</ele>
  </trkpt>
  <trkpt lat="44.01692" lon="20.01692">
    <ele>1692</ele>
  </trkpt>
  <trkpt lat="44.01693" lon="20.01693">
    <ele>1693</ele>
  </trkpt>
  <trkpt lat="44.01694" lon="20.01694">
    <ele>1694</ele>
  </trkpt>
  <trkpt lat="44.01695" lon="20.01695">
    <ele>1695</ele>
  </trkpt>
  <trkpt lat="44.01696" lon="20.01696">
    <ele>1696</ele>
  </trkpt>
  <trkpt lat="44.01697" lon="20.01697">
    <ele>1697</ele>
  </trkpt>
  <trkpt lat="44.01698" lon="20.01698">
    <ele>1698</ele>
  </trkpt>
  <trkpt lat="44.01699" lon="20.01699">
    <ele>1699</ele>
  </trkpt>
  <trkpt lat="44.01700" lon="20.01700">
    <ele>1700</ele>
  </trkpt>
  <trkpt lat="44.01701" lon="20.01701">
    <ele>1701</ele>
  </trkpt>
  <trkpt lat="44.01702" lon="20.01702">
    <ele>1702</ele>
  </trkpt>
  <trkpt lat="44.01703" lon="20.01703">
    <ele>1703</ele>
  </trkpt>
  <trkpt lat="44.01704" lon="20.01704">
    <ele>1704</ele>
  </trkpt>
  <trkpt lat="44.01705" lon="20.01705">
    <ele>1705</ele>
  </trkpt>
  <trkpt lat="44.01706" lon="20.01706">
    <ele>1706</ele>
  </trkpt>
  <trkpt lat="44.01707" lon="20.01707">
    <ele>1707</ele>
  </trkpt>
  <trkpt lat="44.01708" lon="20.01708">
    <ele>1708</ele>
  </trkpt>
  <trkpt lat="44.01709" lon="20.01709">
    <ele>1709</ele>
  </trkpt>
  <trkpt lat="44.01710" lon="20.01710">
    <ele>1710</ele>
  </trkpt>
  <trkpt lat="44.01711" lon="20.01711">
    <ele>1711</ele>
  </trkpt>
  <trkpt lat="44.01712" lon="20.01712">
    <ele>1712</ele>
  </trkpt>
  <trkpt lat="44.01713" lon="20.01713">
    <ele>1713</ele>
  </trkpt>
  <trkpt lat="44.01714" lon="20.01714">
    <ele>1714</ele>
  </trkpt>
  <trkpt lat="44.01715" lon="20.01715">
    <ele>1715</ele>
  </trkpt>
  <trkpt lat="44.01716" lon="20.01716">
    <ele>1716</ele>
  </trkpt>
  <trkpt lat="44.01717" lon="20.01717">
    <ele>1717</ele>
  </trkpt>
  <trkpt lat="44.01718" lon="20.01718">
    <ele>1718</ele>
  </trkpt>
  <trkpt lat="44.01719" lon="20.01719">
    <ele>1719</ele>
  </trkpt>
  <trkpt lat="44.01720" lon="20.01720">
    <ele>1720</ele>
  </trkpt>
  <trkpt lat="44.01721" lon="20.01721">
    <ele>1721</ele>
  </trkpt>
  <trkpt lat="44.01722" lon="20.01722">
    <ele>1722</ele>
  </trkpt>
  <trkpt lat="44.01723" lon="20.01723">
    <ele>1723</ele>
  </trkpt>
  <trkpt lat="44.01724" lon="20.01724">
    <ele>1724</ele>
  </trkpt>
  <trkpt lat="44.01725" lon="20.01725">
    <ele>1725</ele>
  </trkpt>
  <trkpt lat="44.01726" lon="20.01726">
    <ele>1726</ele>
  </trkpt>
  <trkpt lat="44.01727" lon="20.01727">
    <ele>1727</ele>
  </trkpt>
  <trkpt lat="44.01728" lon="20.01728">
    <ele>1728</ele>
  </trkpt>
  <trkpt lat="44.01729" lon="20.01729">
    <ele>1729</ele>
  </trkpt>
  <trkpt lat="44.01730" lon="20.01730">
    <ele>1730</ele>
  </trkpt>
  <trkpt lat="44.01731" lon="20.01731">
    <ele>1731</ele>
  </trkpt>
  <trkpt lat="44.01732" lon="20.01732">
    <ele>1732</ele>
  </trkpt>
  <trkpt lat="44.01733" lon="20.01733">
    <ele>1733</ele>
  </trkpt>
  <trkpt lat="44.01734" lon="20.01734">
    <ele>1734</ele>
  </trkpt>
  <trkpt lat="44.01735" lon="20.01735">
    <ele>1735</ele>
  </trkpt>
  <trkpt lat="44.01736" lon="20.01736">
    <ele>1736</ele>
  </trkpt>
  <trkpt lat="44.01737" lon="20.01737">
    <ele>1737</ele>
  </trkpt>
  <trkpt lat="44.01738" lon="20.01738">
    <ele>1738</ele>
  </trkpt>
  <trkpt lat="44.01739" lon="20.01739">
    <ele>1739</ele>
  </trkpt>
  <trkpt lat="44.01740" lon="20.01740">
    <ele>1740</ele>
  </trkpt>
  <trkpt lat="44.01741" lon="20.01741">
    <ele>1741</ele>
  </trkpt>
  <trkpt lat="44.01742" lon="20.01742">
    <ele>1742</ele>
  </trkpt>
  <trkpt lat="44.01743" lon="20.01743">
    <ele>1743</ele>
  </trkpt>
  <trkpt lat="44.01744" lon="20.01744">
    <ele>1744</ele>
  </trkpt>
  <trkpt lat="44.01745" lon="20.01745">
    <ele>1745</ele>
  </trkpt>
  <trkpt lat="44.01746" lon="20.01746">
    <ele>1746</ele>
  </trkpt>
  <trkpt lat="44.01747" lon="20.01747">
    <ele>1747</ele>
  </trkpt>
  <trkpt lat="44.01748" lon="20.01748">
    <ele>1748</ele>
  </trkpt>
  <trkpt lat="44.01749" lon="20.01749">
    <ele>1749</ele>
  </trkpt>
  <trkpt lat="44.01750" lon="20.01750">
    <ele>1750</ele>
  </trkpt>
  <trkpt lat="44.01751" lon="20.01751">
    <ele>1751</ele>
  </trkpt>
  <trkpt lat="44.01752" lon="20.01752">
    <ele>1752</ele>
  </trkpt>
  <trkpt lat="44.01753" lon="20.01753">
    <ele>1753</ele>
  </trkpt>
  <trkpt lat="44.01754" lon="20.01754">
    <ele>1754</ele>
  </trkpt>
  <trkpt lat="44.01755" lon="20.01755">
    <ele>1755</ele>
  </trkpt>
  <trkpt lat="44.01756" lon="20.01756">
    <ele>1756</ele>
  </trkpt>
  <trkpt lat="44.01757" lon="20.01757">
    <ele>1757</ele>
  </trkpt>
  <trkpt lat="44.01758" lon="20.01758">
    <ele>1758</ele>
  </trkpt>
  <trkpt lat="44.01759" lon="20.01759">
    <ele>1759</ele>
  </trkpt>
  <trkpt lat="44.01760" lon="20.01760">
    <ele>1760</ele>
  </trkpt>
  <trkpt lat="44.01761" lon="20.01761">
    <ele>1761</ele>
  </trkpt>
  <trkpt lat="44.01762" lon="20.01762">
    <ele>1762</ele>
  </trkpt>
  <trkpt lat="44.01763" lon="20.01763">
    <ele>1763</ele>
  </trkpt>
  <trkpt lat="44.01764" lon="20.01764">
    <ele>1764</ele>
  </trkpt>
  <trkpt lat="44.01765" lon="20.01765">
    <ele>1765</ele>
  </trkpt>
  <trkpt lat="44.01766" lon="20.01766">
    <ele>1766</ele>
  </trkpt>
  <trkpt lat="44.01767" lon="20.01767">
    <ele>1767</ele>
  </trkpt>
  <trkpt lat="44.01768" lon="20.01768">
    <ele>1768</ele>
  </trkpt>
  <trkpt lat="44.01769" lon="20.01769">
    <ele>1769</ele>
  </trkpt>
  <trkpt lat="44.01770" lon="20.01770">
    <ele>1770</ele>
  </trkpt>
  <trkpt lat="44.01771" lon="20.01771">
    <ele>1771</ele>
  </trkpt>
  <trkpt lat="44.01772" lon="20.01772">
    <ele>1772</ele>
  </trkpt>
  <trkpt lat="44.01773" lon="20.01773">
    <ele>1773</ele>
  </trkpt>
  <trkpt lat="44.01774" lon="20.01774">
    <ele>1774</ele>
  </trkpt>
  <trkpt lat="44.01775" lon="20.01775">
    <ele>1775</ele>
  </trkpt>
  <trkpt lat="44.01776" lon="20.01776">
    <ele>1776</ele>
  </trkpt>
  <trkpt lat="44.01777" lon="20.01777">
    <ele>1777</ele>
  </trkpt>
  <trkpt lat="44.01778" lon="20.01778">
    <ele>1778</ele>
  </trkpt>
  <trkpt lat="44.01779" lon="20.01779">
    <ele>1779</ele>
  </trkpt>
  <trkpt lat="44.01780" lon="20.01780">
    <ele>1780</ele>
  </trkpt>
  <trkpt lat="44.01781" lon="20.01781">
    <ele>1781</ele>
  </trkpt>
  <trkpt lat="44.01782" lon="20.01782">
    <ele>1782</ele>
  </trkpt>
  <trkpt lat="44.01783" lon="20.01783">
    <ele>1783</ele>
  </trkpt>
  <trkpt lat="44.01784" lon="20.01784">
    <ele>1784</ele>
  </trkpt>
  <trkpt lat="44.01785" lon="20.01785">
    <ele>1785</ele>
  </trkpt>
  <trkpt lat="44.01786" lon="20.01786">
    <ele>1786</ele>
  </trkpt>
  <trkpt lat="44.01787" lon="20.01787">
    <ele>1787</ele>
  </trkpt>
  <trkpt lat="44.01788" lon="20.01788">
    <ele>1788</ele>
  </trkpt>
  <trkpt lat="44.01789" lon="20.01789">
    <ele>1789</ele>
  </trkpt>
  <trkpt lat="44.01790" lon="20.01790">
    <ele>1790</ele>
  </trkpt>
  <trkpt lat="44.01791" lon="20.01791">
    <ele>1791</ele>
  </trkpt>
  <trkpt lat="44.01792" lon="20.01792">
    <ele>1792</ele>
  </trkpt>
  <trkpt lat="44.01793" lon="20.01793">
    <ele>1793</ele>
  </trkpt>
  <trkpt lat="44.01794" lon="20.01794">
    <ele>1794</ele>
  </trkpt>
  <trkpt lat="44.01795" lon="20.01795">
    <ele>1795</ele>
  </trkpt>
  <trkpt lat="44.01796" lon="20.01796">
    <ele>1796</ele>
  </trkpt>
  <trkpt lat="44.01797" lon="20.01797">
    <ele>1797</ele>
  </trkpt>
  <trkpt lat="44.01798" lon="20.01798">
    <ele>1798</ele>
  </trkpt>
  <trkpt lat="44.01799" lon="20.01799">
    <ele>1799</ele>
  </trkpt>
  <trkpt lat="44.01800" lon="20.01800">
    <ele>1800</ele>
  </trkpt>
  <trkpt lat="44.01801" lon="20.01801">
    <ele>1801</ele>
  </trkpt>
  <trkpt lat="44.01802" lon="20.01802">
    <ele>1802</ele>
  </trkpt>
  <trkpt lat="44.01803" lon="20.01803">
    <ele>1803</ele>
  </trkpt>
  <trkpt lat="44.01804" lon="20.01804">
    <ele>1804</ele>
  </trkpt>
  <trkpt lat="44.01805" lon="20.01805">
    <ele>1805</ele>
  </trkpt>
  <trkpt lat="44.01806" lon="20.01806">
    <ele>1806</ele>
  </trkpt>
  <trkpt lat="44.01807" lon="20.01807">
    <ele>1807</ele>
  </trkpt>
  <trkpt lat="44.01808" lon="20.01808">
    <ele>1808</ele>
  </trkpt>
  <trkpt lat="44.01809" lon="20.01809">
    <ele>1809</ele>
  </trkpt>
  <trkpt lat="44.01810" lon="20.01810">
    <ele>1810</ele>
  </trkpt>
  <trkpt lat="44.01811" lon="20.01811">
    <ele>1811</ele>
  </trkpt>
  <trkpt lat="44.01812" lon="20.01812">
    <ele>1812</ele>
  </trkpt>
  <trkpt lat="44.01813" lon="20.01813">
    <ele>1813</ele>
  </trkpt>
  <trkpt lat="44.01814" lon="20.01814">
    <ele>1814</ele>
  </trkpt>
  <trkpt lat="44.01815" lon="20.01815">
    <ele>1815</ele>
  </trkpt>
  <trkpt lat="44.01816" lon="20.01816">
    <ele>1816</ele>
  </trkpt>
  <trkpt lat="44.01817" lon="20.01817">
    <ele>1817</ele>
  </trkpt>
  <trkpt lat="44.01818" lon="20.01818">
    <ele>1818</ele>
  </trkpt>
  <trkpt lat="44.01819" lon="20.01819">
    <ele>1819</ele>
  </trkpt>
  <trkpt lat="44.01820" lon="20.01820">
    <ele>1820</ele>
  </trkpt>
  <trkpt lat="44.01821" lon="20.01821">
    <ele>1821</ele>
  </trkpt>
  <trkpt lat="44.01822" lon="20.01822">
    <ele>1822</ele>
  </trkpt>
  <trkpt lat="44.01823" lon="20.01823">
    <ele>1823</ele>
  </trkpt>
  <trkpt lat="44.01824" lon="20.01824">
    <ele>1824</ele>
  </trkpt>
  <trkpt lat="44.01825" lon="20.01825">
    <ele>1825</ele>
  </trkpt>
  <trkpt lat="44.01826" lon="20.01826">
    <ele>1826</ele>
  </trkpt>
  <trkpt lat="44.01827" lon="20.01827">
    <ele>1827</ele>
  </trkpt>
  <trkpt lat="44.01828" lon="20.01828">
    <ele>1828</ele>
  </trkpt>
  <trkpt lat="44.01829" lon="20.01829">
    <ele>1829</ele>
  </trkpt>
  <trkpt lat="44.01830" lon="20.01830">
    <ele>1830</ele>
  </trkpt>
  <trkpt lat="44.01831" lon="20.01831">
    <ele>1831</ele>
  </trkpt>
  <trkpt lat="44.01832" lon="20.01832">
    <ele>1832</ele>
  </trkpt>
  <trkpt lat="44.01833" lon="20.01833">
    <ele>1833</ele>
  </trkpt>
  <trkpt lat="44.01834" lon="20.01834">
    <ele>1834</ele>
  </trkpt>
  <trkpt lat="44.01835" lon="20.01835">
    <ele>1835</ele>
  </trkpt>
  <trkpt lat="44.01836" lon="20.01836">
    <ele>1836</ele>
  </trkpt>
  <trkpt lat="44.01837" lon="20.01837">
    <ele>1837</ele>
  </trkpt>
  <trkpt lat="44.01838" lon="20.01838">
    <ele>1838</ele>
  </trkpt>
  <trkpt lat="44.01839" lon="20.01839">
    <ele>1839</ele>
  </trkpt>
  <trkpt lat="44.01840" lon="20.01840">
    <ele>1840</ele>
  </trkpt>
  <trkpt lat="44.01841" lon="20.01841">
    <ele>1841</ele>
  </trkpt>
  <trkpt lat="44.01842" lon="20.01842">
    <ele>1842</ele>
  </trkpt>
  <trkpt lat="44.01843" lon="20.01843">
    <ele>1843</ele>
  </trkpt>
  <trkpt lat="44.01844" lon="20.01844">
    <ele>1844</ele>
  </trkpt>
  <trkpt lat="44.01845" lon="20.01845">
    <ele>1845</ele>
  </trkpt>
  <trkpt lat="44.01846" lon="20.01846">
    <ele>1846</ele>
  </trkpt>
  <trkpt lat="44.01847" lon="20.01847">
    <ele>1847</ele>
  </trkpt>
  <trkpt lat="44.01848" lon="20.01848">
    <ele>1848</ele>
  </trkpt>
  <trkpt lat="44.01849" lon="20.01849">
    <ele>1849</ele>
  </trkpt>
  <trkpt lat="44.01850" lon="20.01850">
    <ele>1850</ele>
  </trkpt>
  <trkpt lat="44.01851" lon="20.01851">
    <ele>1851</ele>
  </trkpt>
  <trkpt lat="44.01852" lon="20.01852">
    <ele>1852</ele>
  </trkpt>
  <trkpt lat="44.01853" lon="20.01853">
    <ele>1853</ele>
  </trkpt>
  <trkpt lat="44.01854" lon="20.01854">
    <ele>1854</ele>
  </trkpt>
  <trkpt lat="44.01855" lon="20.01855">
    <ele>1855</ele>
  </trkpt>
  <trkpt lat="44.01856" lon="20.01856">
    <ele>1856</ele>
  </trkpt>
  <trkpt lat="44.01857" lon="20.01857">
    <ele>1857</ele>
  </trkpt>
  <trkpt lat="44.01858" lon="20.01858">
    <ele>1858</ele>
  </trkpt>
  <trkpt lat="44.01859" lon="20.01859">
    <ele>1859</ele>
  </trkpt>
  <trkpt lat="44.01860" lon="20.01860">
    <ele>1860</ele>
  </trkpt>
  <trkpt lat="44.01861" lon="20.01861">
    <ele>1861</ele>
  </trkpt>
  <trkpt lat="44.01862" lon="20.01862">
    <ele>1862</ele>
  </trkpt>
  <trkpt lat="44.01863" lon="20.01863">
    <ele>1863</ele>
  </trkpt>
  <trkpt lat="44.01864" lon="20.01864">
    <ele>1864</ele>
  </trkpt>
  <trkpt lat="44.01865" lon="20.01865">
    <ele>1865</ele>
  </trkpt>
  <trkpt lat="44.01866" lon="20.01866">
    <ele>1866</ele>
  </trkpt>
  <trkpt lat="44.01867" lon="20.01867">
    <ele>1867</ele>
  </trkpt>
  <trkpt lat="44.01868" lon="20.01868">
    <ele>1868</ele>
  </trkpt>
  <trkpt lat="44.01869" lon="20.01869">
    <ele>1869</ele>
  </trkpt>
  <trkpt lat="44.01870" lon="20.01870">
    <ele>1870</ele>
  </trkpt>
  <trkpt lat="44.01871" lon="20.01871">
    <ele>1871</ele>
  </trkpt>
  <trkpt lat="44.01872" lon="20.01872">
    <ele>1872</ele>
  </trkpt>
  <trkpt lat="44.01873" lon="20.01873">
    <ele>1873</ele>
  </trkpt>
  <trkpt lat="44.01874" lon="20.01874">
    <ele>1874</ele>
  </trkpt>
  <trkpt lat="44.01875" lon="20.01875">
    <ele>1875</ele>
  </trkpt>
  <trkpt lat="44.01876" lon="20.01876">
    <ele>1876</ele>
  </trkpt>
  <trkpt lat="44.01877" lon="20.01877">
    <ele>1877</ele>
  </trkpt>
  <trkpt lat="44.01878" lon="20.01878">
    <ele>1878</ele>
  </trkpt>
  <trkpt lat="44.01879" lon="20.01879">
    <ele>1879</ele>
  </trkpt>
  <trkpt lat="44.01880" lon="20.01880">
    <ele>1880</ele>
  </trkpt>
  <trkpt lat="44.01881" lon="20.01881">
    <ele>1881</ele>
  </trkpt>
  <trkpt lat="44.01882" lon="20.01882">
    <ele>1882</ele>
  </trkpt>
  <trkpt lat="44.01883" lon="20.01883">
    <ele>1883</ele>
  </trkpt>
  <trkpt lat="44.01884" lon="20.01884">
    <ele>1884</ele>
  </trkpt>
  <trkpt lat="44.01885" lon="20.01885">
    <ele>1885</ele>
  </trkpt>
  <trkpt lat="44.01886" lon="20.01886">
    <ele>1886</ele>
  </trkpt>
  <trkpt lat="44.01887" lon="20.01887">
    <ele>1887</ele>
  </trkpt>
  <trkpt lat="44.01888" lon="20.01888">
    <ele>1888</ele>
  </trkpt>
  <trkpt lat="44.01889" lon="20.01889">
    <ele>1889</ele>
  </trkpt>
  <trkpt lat="44.01890" lon="20.01890">
    <ele>1890</ele>
  </trkpt>
  <trkpt lat="44.01891" lon="20.01891">
    <ele>1891</ele>
  </trkpt>
  <trkpt lat="44.01892" lon="20.01892">
    <ele>1892</ele>
  </trkpt>
  <trkpt lat="44.01893" lon="20.01893">
    <ele>1893</ele>
  </trkpt>
  <trkpt lat="44.01894" lon="20.01894">
    <ele>1894</ele>
  </trkpt>
  <trkpt lat="44.01895" lon="20.01895">
    <ele>1895</ele>
  </trkpt>
  <trkpt lat="44.01896" lon="20.01896">
    <ele>1896</ele>
  </trkpt>
  <trkpt lat="44.01897" lon="20.01897">
    <ele>1897</ele>
  </trkpt>
  <trkpt lat="44.01898" lon="20.01898">
    <ele>1898</ele>
  </trkpt>
  <trkpt lat="44.01899" lon="20.01899">
    <ele>1899</ele>
  </trkpt>
  <trkpt lat="44.01900" lon="20.01900">
    <ele>1900</ele>
  </trkpt>
  <trkpt lat="44.01901" lon="20.01901">
    <ele>1901</ele>
  </trkpt>
  <trkpt lat="44.01902" lon="20.01902">
    <ele>1902</ele>
  </trkpt>
  <trkpt lat="44.01903" lon="20.01903">
    <ele>1903</ele>
  </trkpt>
  <trkpt lat="44.01904" lon="20.01904">
    <ele>1904</ele>
  </trkpt>
  <trkpt lat="44.01905" lon="20.01905">
    <ele>1905</ele>
  </trkpt>
  <trkpt lat="44.01906" lon="20.01906">
    <ele>1906</ele>
  </trkpt>
  <trkpt lat="44.01907" lon="20.01907">
    <ele>1907</ele>
  </trkpt>
  <trkpt lat="44.01908" lon="20.01908">
    <ele>1908</ele>
  </trkpt>
  <trkpt lat="44.01909" lon="20.01909">
    <ele>1909</ele>
  </trkpt>
  <trkpt lat="44.01910" lon="20.01910">
    <ele>1910</ele>
  </trkpt>
  <trkpt lat="44.01911" lon="20.01911">
    <ele>1911</ele>
  </trkpt>
  <trkpt lat="44.01912" lon="20.01912">
    <ele>1912</ele>
  </trkpt>
  <trkpt lat="44.01913" lon="20.01913">
    <ele>1913</ele>
  </trkpt>
  <trkpt lat="44.01914" lon="20.01914">
    <ele>1914</ele>
  </trkpt>
  <trkpt lat="44.01915" lon="20.01915">
    <ele>1915</ele>
  </trkpt>
  <trkpt lat="44.01916" lon="20.01916">
    <ele>1916</ele>
  </trkpt>
  <trkpt lat="44.01917" lon="20.01917">
    <ele>1917</ele>
  </trkpt>
  <trkpt lat="44.01918" lon="20.01918">
    <ele>1918</ele>
  </trkpt>
  <trkpt lat="44.01919" lon="20.01919">
    <ele>1919</ele>
  </trkpt>
  <trkpt lat="44.01920" lon="20.01920">
    <ele>1920</ele>
  </trkpt>
  <trkpt lat="44.01921" lon="20.01921">
    <ele>1921</ele>
  </trkpt>
  <trkpt lat="44.01922" lon="20.01922">
    <ele>1922</ele>
  </trkpt>
  <trkpt lat="44.01923" lon="20.01923">
    <ele>1923</ele>
  </trkpt>
  <trkpt lat="44.01924" lon="20.01924">
    <ele>1924</ele>
  </trkpt>
  <trkpt lat="44.01925" lon="20.01925">
    <ele>1925</ele>
  </trkpt>
  <trkpt lat="44.01926" lon="20.01926">
    <ele>1926</ele>
  </trkpt>
  <trkpt lat="44.01927" lon="20.01927">
    <ele>1927</ele>
  </trkpt>
  <trkpt lat="44.01928" lon="20.01928">
    <ele>1928</ele>
  </trkpt>
  <trkpt lat="44.01929" lon="20.01929">
    <ele>1929</ele>
  </trkpt>
  <trkpt lat="44.01930" lon="20.01930">
    <ele>1930</ele>
  </trkpt>
  <trkpt lat="44.01931" lon="20.01931">
    <ele>1931</ele>
  </trkpt>
  <trkpt lat="44.01932" lon="20.01932">
    <ele>1932</ele>
  </trkpt>
  <trkpt lat="44.01933" lon="20.01933">
    <ele>1933</ele>
  </trkpt>
  <trkpt lat="44.01934" lon="20.01934">
    <ele>1934</ele>
  </trkpt>
  <trkpt lat="44.01935" lon="20.01935">
    <ele>1935</ele>
  </trkpt>
  <trkpt lat="44.01936" lon="20.01936">
    <ele>1936</ele>
  </trkpt>
  <trkpt lat="44.01937" lon="20.01937">
    <ele>1937</ele>
  </trkpt>
  <trkpt lat="44.01938" lon="20.01938">
    <ele>1938</ele>
  </trkpt>
  <trkpt lat="44.01939" lon="20.01939">
    <ele>1939</ele>
  </trkpt>
  <trkpt lat="44.01940" lon="20.01940">
    <ele>1940</ele>
  </trkpt>
  <trkpt lat="44.01941" lon="20.01941">
    <ele>1941</ele>
  </trkpt>
  <trkpt lat="44.01942" lon="20.01942">
    <ele>1942</ele>
  </trkpt>
  <trkpt lat="44.01943" lon="20.01943">
    <ele>1943</ele>
  </trkpt>
  <trkpt lat="44.01944" lon="20.01944">
    <ele>1944</ele>
  </trkpt>
  <trkpt lat="44.01945" lon="20.01945">
    <ele>1945</ele>
  </trkpt>
  <trkpt lat="44.01946" lon="20.01946">
    <ele>1946</ele>
  </trkpt>
  <trkpt lat="44.01947" lon="20.01947">
    <ele>1947</ele>
  </trkpt>
  <trkpt lat="44.01948" lon="20.01948">
    <ele>1948</ele>
  </trkpt>
  <trkpt lat="44.01949" lon="20.01949">
    <ele>1949</ele>
  </trkpt>
  <trkpt lat="44.01950" lon="20.01950">
    <ele>1950</ele>
  </trkpt>
  <trkpt lat="44.01951" lon="20.01951">
    <ele>1951</ele>
  </trkpt>
  <trkpt lat="44.01952" lon="20.01952">
    <ele>1952</ele>
  </trkpt>
  <trkpt lat="44.01953" lon="20.01953">
    <ele>1953</ele>
  </trkpt>
  <trkpt lat="44.01954" lon="20.01954">
    <ele>1954</ele>
  </trkpt>
  <trkpt lat="44.01955" lon="20.01955">
    <ele>1955</ele>
  </trkpt>
  <trkpt lat="44.01956" lon="20.01956">
    <ele>1956</ele>
  </trkpt>
  <trkpt lat="44.01957" lon="20.01957">
    <ele>1957</ele>
  </trkpt>
  <trkpt lat="44.01958" lon="20.01958">
    <ele>1958</ele>
  </trkpt>
  <trkpt lat="44.01959" lon="20.01959">
    <ele>1959</ele>
  </trkpt>
  <trkpt lat="44.01960" lon="20.01960">
    <ele>1960</ele>
  </trkpt>
  <trkpt lat="44.01961" lon="20.01961">
    <ele>1961</ele>
  </trkpt>
  <trkpt lat="44.01962" lon="20.01962">
    <ele>1962</ele>
  </trkpt>
  <trkpt lat="44.01963" lon="20.01963">
    <ele>1963</ele>
  </trkpt>
  <trkpt lat="44.01964" lon="20.01964">
    <ele>1964</ele>
  </trkpt>
  <trkpt lat="44.01965" lon="20.01965">
    <ele>1965</ele>
  </trkpt>
  <trkpt lat="44.01966" lon="20.01966">
    <ele>1966</ele>
  </trkpt>
  <trkpt lat="44.01967" lon="20.01967">
    <ele>1967</ele>
  </trkpt>
  <trkpt lat="44.01968" lon="20.01968">
    <ele>1968</ele>
  </trkpt>
  <trkpt lat="44.01969" lon="20.01969">
    <ele>1969</ele>
  </trkpt>
  <trkpt lat="44.01970" lon="20.01970">
    <ele>1970</ele>
  </trkpt>
  <trkpt lat="44.01971" lon="20.01971">
    <ele>1971</ele>
  </trkpt>
  <trkpt lat="44.01972" lon="20.01972">
    <ele>1972</ele>
  </trkpt>
  <trkpt lat="44.01973" lon="20.01973">
    <ele>1973</ele>
  </trkpt>
  <trkpt lat="44.01974" lon="20.01974">
    <ele>1974</ele>
  </trkpt>
  <trkpt lat="44.01975" lon="20.01975">
    <ele>1975</ele>
  </trkpt>
  <trkpt lat="44.01976" lon="20.01976">
    <ele>1976</ele>
  </trkpt>
  <trkpt lat="44.01977" lon="20.01977">
    <ele>1977</ele>
  </trkpt>
  <trkpt lat="44.01978" lon="20.01978">
    <ele>1978</ele>
  </trkpt>
  <trkpt lat="44.01979" lon="20.01979">
    <ele>1979</ele>
  </trkpt>
  <trkpt lat="44.01980" lon="20.01980">
    <ele>1980</ele>
  </trkpt>
  <trkpt lat="44.01981" lon="20.01981">
    <ele>1981</ele>
  </trkpt>
  <trkpt lat="44.01982" lon="20.01982">
    <ele>1982</ele>
  </trkpt>
  <trkpt lat="44.01983" lon="20.01983">
    <ele>1983</ele>
  </trkpt>
  <trkpt lat="44.01984" lon="20.01984">
    <ele>1984</ele>
  </trkpt>
  <trkpt lat="44.01985" lon="20.01985">
    <ele>1985</ele>
  </trkpt>
  <trkpt lat="44.01986" lon="20.01986">
    <ele>1986</ele>
  </trkpt>
  <trkpt lat="44.01987" lon="20.01987">
    <ele>1987</ele>
  </trkpt>
  <trkpt lat="44.01988" lon="20.01988">
    <ele>1988</ele>
  </trkpt>
  <trkpt lat="44.01989" lon="20.01989">
    <ele>1989</ele>
  </trkpt>
  <trkpt lat="44.01990" lon="20.01990">
    <ele>1990</ele>
  </trkpt>
  <trkpt lat="44.01991" lon="20.01991">
    <ele>1991</ele>
  </trkpt>
  <trkpt lat="44.01992" lon="20.01992">
    <ele>1992</ele>
  </trkpt>
  <trkpt lat="44.01993" lon="20.01993">
    <ele>1993</ele>
  </trkpt>
  <trkpt lat="44.01994" lon="20.01994">
    <ele>1994</ele>
  </trkpt>
  <trkpt lat="44.01995" lon="20.01995">
    <ele>1995</ele>
  </trkpt>
  <trkpt lat="44.01996" lon="20.01996">
    <ele>1996</ele>
  </trkpt>
  <trkpt lat="44.01997" lon="20.01997">
    <ele>1997</ele>
  </trkpt>
  <trkpt lat="44.01998" lon="20.01998">
    <ele>1998</ele>
  </trkpt>
  <trkpt lat="44.01999" lon="20.01999">
    <ele>1999</ele>
  </trkpt>
  <trkpt lat="44.02000" lon="20.02000">
    <ele>2000</ele>
  </trkpt>
  <trkpt lat="44.02001" lon="20.02001">
    <ele>2001</ele>
  </trkpt>
  <trkpt lat="44.02002" lon="20.02002">
    <ele>2002</ele>
  </trkpt>
  <trkpt lat="44.02003" lon="20.02003">
    <ele>2003</ele>
  </trkpt>
  <trkpt lat="44.02004" lon="20.02004">
    <ele>2004</ele>
  </trkpt>
  <trkpt lat="44.02005" lon="20.02005">
    <ele>2005</ele>
  </trkpt>
  <trkpt lat="44.02006" lon="20.02006">
    <ele>2006</ele>
  </trkpt>
  <trkpt lat="44.02007" lon="20.02007">
    <ele>2007</ele>
  </trkpt>
  <trkpt lat="44.02008" lon="20.02008">
    <ele>2008</ele>
  </trkpt>
  <trkpt lat="44.02009" lon="20.02009">
    <ele>2009</ele>
  </trkpt>
  <trkpt lat="44.02010" lon="20.02010">
    <ele>2010</ele>
  </trkpt>
  <trkpt lat="44.02011" lon="20.02011">
    <ele>2011</ele>
  </trkpt>
  <trkpt lat="44.02012" lon="20.02012">
    <ele>2012</ele>
  </trkpt>
  <trkpt lat="44.02013" lon="20.02013">
    <ele>2013</ele>
  </trkpt>
  <trkpt lat="44.02014" lon="20.02014">
    <ele>2014</ele>
  </trkpt>
  <trkpt lat="44.02015" lon="20.02015">
    <ele>2015</ele>
  </trkpt>
  <trkpt lat="44.02016" lon="20.02016">
    <ele>2016</ele>
  </trkpt>
  <trkpt lat="44.02017" lon="20.02017">
    <ele>2017</ele>
  </trkpt>
  <trkpt lat="44.02018" lon="20.02018">
    <ele>2018</ele>
  </trkpt>
  <trkpt lat="44.02019" lon="20.02019">
    <ele>2019</ele>
  </trkpt>
  <trkpt lat="44.02020" lon="20.02020">
    <ele>2020</ele>
  </trkpt>
  <trkpt lat="44.02021" lon="20.02021">
    <ele>2021</ele>
  </trkpt>
  <trkpt lat="44.02022" lon="20.02022">
    <ele>2022</ele>
  </trkpt>
  <trkpt lat="44.02023" lon="20.02023">
    <ele>2023</ele>
  </trkpt>
  <trkpt lat="44.02024" lon="20.02024">
    <ele>2024</ele>
  </trkpt>
  <trkpt lat="44.02025" lon="20.02025">
    <ele>2025</ele>
  </trkpt>
  <trkpt lat="44.02026" lon="20.02026">
    <ele>2026</ele>
  </trkpt>
  <trkpt lat="44.02027" lon="20.02027">
    <ele>2027</ele>
  </trkpt>
  <trkpt lat="44.02028" lon="20.02028">
    <ele>2028</ele>
  </trkpt>
  <trkpt lat="44.02029" lon="20.02029">
    <ele>2029</ele>
  </trkpt>
  <trkpt lat="44.02030" lon="20.02030">
    <ele>2030</ele>
  </trkpt>
  <trkpt lat="44.02031" lon="20.02031">
    <ele>2031</ele>
  </trkpt>
  <trkpt lat="44.02032" lon="20.02032">
    <ele>2032</ele>
  </trkpt>
  <trkpt lat="44.02033" lon="20.02033">
    <ele>2033</ele>
  </trkpt>
  <trkpt lat="44.02034" lon="20.02034">
    <ele>2034</ele>
  </trkpt>
  <trkpt lat="44.02035" lon="20.02035">
    <ele>2035</ele>
  </trkpt>
  <trkpt lat="44.02036" lon="20.02036">
    <ele>2036</ele>
  </trkpt>
  <trkpt lat="44.02037" lon="20.02037">
    <ele>2037</ele>
  </trkpt>
  <trkpt lat="44.02038" lon="20.02038">
    <ele>2038</ele>
  </trkpt>
  <trkpt lat="44.02039" lon="20.02039">
    <ele>2039</ele>
  </trkpt>
  <trkpt lat="44.02040" lon="20.02040">
    <ele>2040</ele>
  </trkpt>
  <trkpt lat="44.02041" lon="20.02041">
    <ele>2041</ele>
  </trkpt>
  <trkpt lat="44.02042" lon="20.02042">
    <ele>2042</ele>
  </trkpt>
  <trkpt lat="44.02043" lon="20.02043">
    <ele>2043</ele>
  </trkpt>
  <trkpt lat="44.02044" lon="20.02044">
    <ele>2044</ele>
  </trkpt>
  <trkpt lat="44.02045" lon="20.02045">
    <ele>2045</ele>
  </trkpt>
  <trkpt lat="44.02046" lon="20.02046">
    <ele>2046</ele>
  </trkpt>
  <trkpt lat="44.02047" lon="20.02047">
    <ele>2047</ele>
  </trkpt>
  <trkpt lat="44.02048" lon="20.02048">
    <ele>2048</ele>
  </trkpt>
  <trkpt lat="44.02049" lon="20.02049">
    <ele>2049</ele>
  </trkpt>
  <trkpt lat="44.02050" lon="20.02050">
    <ele>2050</ele>
  </trkpt>
  <trkpt lat="44.02051" lon="20.02051">
    <ele>2051</ele>
  </trkpt>
  <trkpt lat="44.02052" lon="20.02052">
    <ele>2052</ele>
  </trkpt>
  <trkpt lat="44.02053" lon="20.02053">
    <ele>2053</ele>
  </trkpt>
  <trkpt lat="44.02054" lon="20.02054">
    <ele>2054</ele>
  </trkpt>
  <trkpt lat="44.02055" lon="20.02055">
    <ele>2055</ele>
  </trkpt>
  <trkpt lat="44.02056" lon="20.02056">
    <ele>2056</ele>
  </trkpt>
  <trkpt lat="44.02057" lon="20.02057">
    <ele>2057</ele>
  </trkpt>
  <trkpt lat="44.02058" lon="20.02058">
    <ele>2058</ele>
  </trkpt>
  <trkpt lat="44.02059" lon="20.02059">
    <ele>2059</ele>
  </trkpt>
  <trkpt lat="44.02060" lon="20.02060">
    <ele>2060</ele>
  </trkpt>
  <trkpt lat="44.02061" lon="20.02061">
    <ele>2061</ele>
  </trkpt>
  <trkpt lat="44.02062" lon="20.02062">
    <ele>2062</ele>
  </trkpt>
  <trkpt lat="44.02063" lon="20.02063">
    <ele>2063</ele>
  </trkpt>
  <trkpt lat="44.02064" lon="20.02064">
    <ele>2064</ele>
  </trkpt>
  <trkpt lat="44.02065" lon="20.02065">
    <ele>2065</ele>
  </trkpt>
  <trkpt lat="44.02066" lon="20.02066">
    <ele>2066</ele>
  </trkpt>
  <trkpt lat="44.02067" lon="20.02067">
    <ele>2067</ele>
  </trkpt>
  <trkpt lat="44.02068" lon="20.02068">
    <ele>2068</ele>
  </trkpt>
  <trkpt lat="44.02069" lon="20.02069">
    <ele>2069</ele>
  </trkpt>
  <trkpt lat="44.02070" lon="20.02070">
    <ele>2070</ele>
  </trkpt>
  <trkpt lat="44.02071" lon="20.02071">
    <ele>2071</ele>
  </trkpt>
  <trkpt lat="44.02072" lon="20.02072">
    <ele>2072</ele>
  </trkpt>
  <trkpt lat="44.02073" lon="20.02073">
    <ele>2073</ele>
  </trkpt>
  <trkpt lat="44.02074" lon="20.02074">
    <ele>2074</ele>
  </trkpt>
  <trkpt lat="44.02075" lon="20.02075">
    <ele>2075</ele>
  </trkpt>
  <trkpt lat="44.02076" lon="20.02076">
    <ele>2076</ele>
  </trkpt>
  <trkpt lat="44.02077" lon="20.02077">
    <ele>2077</ele>
  </trkpt>
  <trkpt lat="44.02078" lon="20.02078">
    <ele>2078</ele>
  </trkpt>
  <trkpt lat="44.02079" lon="20.02079">
    <ele>2079</ele>
  </trkpt>
  <trkpt lat="44.02080" lon="20.02080">
    <ele>2080</ele>
  </trkpt>
  <trkpt lat="44.02081" lon="20.02081">
    <ele>2081</ele>
  </trkpt>
  <trkpt lat="44.02082" lon="20.02082">
    <ele>2082</ele>
  </trkpt>
  <trkpt lat="44.02083" lon="20.02083">
    <ele>2083</ele>
  </trkpt>
  <trkpt lat="44.02084" lon="20.02084">
    <ele>2084</ele>
  </trkpt>
  <trkpt lat="44.02085" lon="20.02085">
    <ele>2085</ele>
  </trkpt>
  <trkpt lat="44.02086" lon="20.02086">
    <ele>2086</ele>
  </trkpt>
  <trkpt lat="44.02087" lon="20.02087">
    <ele>2087</ele>
  </trkpt>
  <trkpt lat="44.02088" lon="20.02088">
    <ele>2088</ele>
  </trkpt>
  <trkpt lat="44.02089" lon="20.02089">
    <ele>2089</ele>
  </trkpt>
  <trkpt lat="44.02090" lon="20.02090">
    <ele>2090</ele>
  </trkpt>
  <trkpt lat="44.02091" lon="20.02091">
    <ele>2091</ele>
  </trkpt>
  <trkpt lat="44.02092" lon="20.02092">
    <ele>2092</ele>
  </trkpt>
  <trkpt lat="44.02093" lon="20.02093">
    <ele>2093</ele>
  </trkpt>
  <trkpt lat="44.02094" lon="20.02094">
    <ele>2094</ele>
  </trkpt>
  <trkpt lat="44.02095" lon="20.02095">
    <ele>2095</ele>
  </trkpt>
  <trkpt lat="44.02096" lon="20.02096">
    <ele>2096</ele>
  </trkpt>
  <trkpt lat="44.02097" lon="20.02097">
    <ele>2097</ele>
  </trkpt>
  <trkpt lat="44.02098" lon="20.02098">
    <ele>2098</ele>
  </trkpt>
  <trkpt lat="44.02099" lon="20.02099">
    <ele>2099</ele>
  </trkpt>
  <trkpt lat="44.02100" lon="20.02100">
    <ele>2100</ele>
  </trkpt>
  <trkpt lat="44.02101" lon="20.02101">
    <ele>2101</ele>
  </trkpt>
  <trkpt lat="44.02102" lon="20.02102">
    <ele>2102</ele>
  </trkpt>
  <trkpt lat="44.02103" lon="20.02103">
    <ele>2103</ele>
  </trkpt>
  <trkpt lat="44.02104" lon="20.02104">
    <ele>2104</ele>
  </trkpt>
  <trkpt lat="44.02105" lon="20.02105">
    <ele>2105</ele>
  </trkpt>
  <trkpt lat="44.02106" lon="20.02106">
    <ele>2106</ele>
  </trkpt>
  <trkpt lat="44.02107" lon="20.02107">
    <ele>2107</ele>
  </trkpt>
  <trkpt lat="44.02108" lon="20.02108">
    <ele>2108</ele>
  </trkpt>
  <trkpt lat="44.02109" lon="20.02109">
    <ele>2109</ele>
  </trkpt>
  <trkpt lat="44.02110" lon="20.02110">
    <ele>2110</ele>
  </trkpt>
  <trkpt lat="44.02111" lon="20.02111">
    <ele>2111</ele>
  </trkpt>
  <trkpt lat="44.02112" lon="20.02112">
    <ele>2112</ele>
  </trkpt>
  <trkpt lat="44.02113" lon="20.02113">
    <ele>2113</ele>
  </trkpt>
  <trkpt lat="44.02114" lon="20.02114">
    <ele>2114</ele>
  </trkpt>
  <trkpt lat="44.02115" lon="20.02115">
    <ele>2115</ele>
  </trkpt>
  <trkpt lat="44.02116" lon="20.02116">
    <ele>2116</ele>
  </trkpt>
  <trkpt lat="44.02117" lon="20.02117">
    <ele>2117</ele>
  </trkpt>
  <trkpt lat="44.02118" lon="20.02118">
    <ele>2118</ele>
  </trkpt>
  <trkpt lat="44.02119" lon="20.02119">
    <ele>2119</ele>
  </trkpt>
  <trkpt lat="44.02120" lon="20.02120">
    <ele>2120</ele>
  </trkpt>
  <trkpt lat="44.02121" lon="20.02121">
    <ele>2121</ele>
  </trkpt>
  <trkpt lat="44.02122" lon="20.02122">
    <ele>2122</ele>
  </trkpt>
  <trkpt lat="44.02123" lon="20.02123">
    <ele>2123</ele>
  </trkpt>
  <trkpt lat="44.02124" lon="20.02124">
    <ele>2124</ele>
  </trkpt>
  <trkpt lat="44.02125" lon="20.02125">
    <ele>2125</ele>
  </trkpt>
  <trkpt lat="44.02126" lon="20.02126">
    <ele>2126</ele>
  </trkpt>
  <trkpt lat="44.02127" lon="20.02127">
    <ele>2127</ele>
  </trkpt>
  <trkpt lat="44.02128" lon="20.02128">
    <ele>2128</ele>
  </trkpt>
  <trkpt lat="44.02129" lon="20.02129">
    <ele>2129</ele>
  </trkpt>
  <trkpt lat="44.02130" lon="20.02130">
    <ele>2130</ele>
  </trkpt>
  <trkpt lat="44.02131" lon="20.02131">
    <ele>2131</ele>
  </trkpt>
  <trkpt lat="44.02132" lon="20.02132">
    <ele>2132</ele>
  </trkpt>
  <trkpt lat="44.02133" lon="20.02133">
    <ele>2133</ele>
  </trkpt>
  <trkpt lat="44.02134" lon="20.02134">
    <ele>2134</ele>
  </trkpt>
  <trkpt lat="44.02135" lon="20.02135">
    <ele>2135</ele>
  </trkpt>
  <trkpt lat="44.02136" lon="20.02136">
    <ele>2136</ele>
  </trkpt>
  <trkpt lat="44.02137" lon="20.02137">
    <ele>2137</ele>
  </trkpt>
  <trkpt lat="44.02138" lon="20.02138">
    <ele>2138</ele>
  </trkpt>
  <trkpt lat="44.02139" lon="20.02139">
    <ele>2139</ele>
  </trkpt>
  <trkpt lat="44.02140" lon="20.02140">
    <ele>2140</ele>
  </trkpt>
  <trkpt lat="44.02141" lon="20.02141">
    <ele>2141</ele>
  </trkpt>
  <trkpt lat="44.02142" lon="20.02142">
    <ele>2142</ele>
  </trkpt>
  <trkpt lat="44.02143" lon="20.02143">
    <ele>2143</ele>
  </trkpt>
  <trkpt lat="44.02144" lon="20.02144">
    <ele>2144</ele>
  </trkpt>
  <trkpt lat="44.02145" lon="20.02145">
    <ele>2145</ele>
  </trkpt>
  <trkpt lat="44.02146" lon="20.02146">
    <ele>2146</ele>
  </trkpt>
  <trkpt lat="44.02147" lon="20.02147">
    <ele>2147</ele>
  </trkpt>
  <trkpt lat="44.02148" lon="20.02148">
    <ele>2148</ele>
  </trkpt>
  <trkpt lat="44.02149" lon="20.02149">
    <ele>2149</ele>
  </trkpt>
  <trkpt lat="44.02150" lon="20.02150">
    <ele>2150</ele>
  </trkpt>
  <trkpt lat="44.02151" lon="20.02151">
    <ele>2151</ele>
  </trkpt>
  <trkpt lat="44.02152" lon="20.02152">
    <ele>2152</ele>
  </trkpt>
  <trkpt lat="44.02153" lon="20.02153">
    <ele>2153</ele>
  </trkpt>
  <trkpt lat="44.02154" lon="20.02154">
    <ele>2154</ele>
  </trkpt>
  <trkpt lat="44.02155" lon="20.02155">
    <ele>2155</ele>
  </trkpt>
  <trkpt lat="44.02156" lon="20.02156">
    <ele>2156</ele>
  </trkpt>
  <trkpt lat="44.02157" lon="20.02157">
    <ele>2157</ele>
  </trkpt>
  <trkpt lat="44.02158" lon="20.02158">
    <ele>2158</ele>
  </trkpt>
  <trkpt lat="44.02159" lon="20.02159">
    <ele>2159</ele>
  </trkpt>
  <trkpt lat="44.02160" lon="20.02160">
    <ele>2160</ele>
  </trkpt>
  <trkpt lat="44.02161" lon="20.02161">
    <ele>2161</ele>
  </trkpt>
  <trkpt lat="44.02162" lon="20.02162">
    <ele>2162</ele>
  </trkpt>
  <trkpt lat="44.02163" lon="20.02163">
    <ele>2163</ele>
  </trkpt>
  <trkpt lat="44.02164" lon="20.02164">
    <ele>2164</ele>
  </trkpt>
  <trkpt lat="44.02165" lon="20.02165">
    <ele>2165</ele>
  </trkpt>
  <trkpt lat="44.02166" lon="20.02166">
    <ele>2166</ele>
  </trkpt>
  <trkpt lat="44.02167" lon="20.02167">
    <ele>2167</ele>
  </trkpt>
  <trkpt lat="44.02168" lon="20.02168">
    <ele>2168</ele>
  </trkpt>
  <trkpt lat="44.02169" lon="20.02169">
    <ele>2169</ele>
  </trkpt>
  <trkpt lat="44.02170" lon="20.02170">
    <ele>2170</ele>
  </trkpt>
  <trkpt lat="44.02171" lon="20.02171">
    <ele>2171</ele>
  </trkpt>
  <trkpt lat="44.02172" lon="20.02172">
    <ele>2172</ele>
  </trkpt>
  <trkpt lat="44.02173" lon="20.02173">
    <ele>2173</ele>
  </trkpt>
  <trkpt lat="44.02174" lon="20.02174">
    <ele>2174</ele>
  </trkpt>
  <trkpt lat="44.02175" lon="20.02175">
    <ele>2175</ele>
  </trkpt>
  <trkpt lat="44.02176" lon="20.02176">
    <ele>2176</ele>
  </trkpt>
  <trkpt lat="44.02177" lon="20.02177">
    <ele>2177</ele>
  </trkpt>
  <trkpt lat="44.02178" lon="20.02178">
    <ele>2178</ele>
  </trkpt>
  <trkpt lat="44.02179" lon="20.02179">
    <ele>2179</ele>
  </trkpt>
  <trkpt lat="44.02180" lon="20.02180">
    <ele>2180</ele>
  </trkpt>
  <trkpt lat="44.02181" lon="20.02181">
    <ele>2181</ele>
  </trkpt>
  <trkpt lat="44.02182" lon="20.02182">
    <ele>2182</ele>
  </trkpt>
  <trkpt lat="44.02183" lon="20.02183">
    <ele>2183</ele>
  </trkpt>
  <trkpt lat="44.02184" lon="20.02184">
    <ele>2184</ele>
  </trkpt>
  <trkpt lat="44.02185" lon="20.02185">
    <ele>2185</ele>
  </trkpt>
  <trkpt lat="44.02186" lon="20.02186">
    <ele>2186</ele>
  </trkpt>
  <trkpt lat="44.02187" lon="20.02187">
    <ele>2187</ele>
  </trkpt>
  <trkpt lat="44.02188" lon="20.02188">
    <ele>2188</ele>
  </trkpt>
  <trkpt lat="44.02189" lon="20.02189">
    <ele>2189</ele>
  </trkpt>
  <trkpt lat="44.02190" lon="20.02190">
    <ele>2190</ele>
  </trkpt>
  <trkpt lat="44.02191" lon="20.02191">
    <ele>2191</ele>
  </trkpt>
  <trkpt lat="44.02192" lon="20.02192">
    <ele>2192</ele>
  </trkpt>
  <trkpt lat="44.02193" lon="20.02193">
    <ele>2193</ele>
  </trkpt>
  <trkpt lat="44.02194" lon="20.02194">
    <ele>2194</ele>
  </trkpt>
  <trkpt lat="44.02195" lon="20.02195">
    <ele>2195</ele>
  </trkpt>
  <trkpt lat="44.02196" lon="20.02196">
    <ele>2196</ele>
  </trkpt>
  <trkpt lat="44.02197" lon="20.02197">
    <ele>2197</ele>
  </trkpt>
  <trkpt lat="44.02198" lon="20.02198">
    <ele>2198</ele>
  </trkpt>
  <trkpt lat="44.02199" lon="20.02199">
    <ele>2199</ele>
  </trkpt>
  <trkpt lat="44.02200" lon="20.02200">
    <ele>2200</ele>
  </trkpt>
  <trkpt lat="44.02201" lon="20.02201">
    <ele>2201</ele>
  </trkpt>
  <trkpt lat="44.02202" lon="20.02202">
    <ele>2202</ele>
  </trkpt>
  <trkpt lat="44.02203" lon="20.02203">
    <ele>2203</ele>
  </trkpt>
  <trkpt lat="44.02204" lon="20.02204">
    <ele>2204</ele>
  </trkpt>
  <trkpt lat="44.02205" lon="20.02205">
    <ele>2205</ele>
  </trkpt>
  <trkpt lat="44.02206" lon="20.02206">
    <ele>2206</ele>
  </trkpt>
  <trkpt lat="44.02207" lon="20.02207">
    <ele>2207</ele>
  </trkpt>
  <trkpt lat="44.02208" lon="20.02208">
    <ele>2208</ele>
  </trkpt>
  <trkpt lat="44.02209" lon="20.02209">
    <ele>2209</ele>
  </trkpt>
  <trkpt lat="44.02210" lon="20.02210">
    <ele>2210</ele>
  </trkpt>
  <trkpt lat="44.02211" lon="20.02211">
    <ele>2211</ele>
  </trkpt>
  <trkpt lat="44.02212" lon="20.02212">
    <ele>2212</ele>
  </trkpt>
  <trkpt lat="44.02213" lon="20.02213">
    <ele>2213</ele>
  </trkpt>
  <trkpt lat="44.02214" lon="20.02214">
    <ele>2214</ele>
  </trkpt>
  <trkpt lat="44.02215" lon="20.02215">
    <ele>2215</ele>
  </trkpt>
  <trkpt lat="44.02216" lon="20.02216">
    <ele>2216</ele>
  </trkpt>
  <trkpt lat="44.02217" lon="20.02217">
    <ele>2217</ele>
  </trkpt>
  <trkpt lat="44.02218" lon="20.02218">
    <ele>2218</ele>
  </trkpt>
  <trkpt lat="44.02219" lon="20.02219">
    <ele>2219</ele>
  </trkpt>
  <trkpt lat="44.02220" lon="20.02220">
    <ele>2220</ele>
  </trkpt>
  <trkpt lat="44.02221" lon="20.02221">
    <ele>2221</ele>
  </trkpt>
  <trkpt lat="44.02222" lon="20.02222">
    <ele>2222</ele>
  </trkpt>
  <trkpt lat="44.02223" lon="20.02223">
    <ele>2223</ele>
  </trkpt>
  <trkpt lat="44.02224" lon="20.02224">
    <ele>2224</ele>
  </trkpt>
  <trkpt lat="44.02225" lon="20.02225">
    <ele>2225</ele>
  </trkpt>
  <trkpt lat="44.02226" lon="20.02226">
    <ele>2226</ele>
  </trkpt>
  <trkpt lat="44.02227" lon="20.02227">
    <ele>2227</ele>
  </trkpt>
  <trkpt lat="44.02228" lon="20.02228">
    <ele>2228</ele>
  </trkpt>
  <trkpt lat="44.02229" lon="20.02229">
    <ele>2229</ele>
  </trkpt>
  <trkpt lat="44.02230" lon="20.02230">
    <ele>2230</ele>
  </trkpt>
  <trkpt lat="44.02231" lon="20.02231">
    <ele>2231</ele>
  </trkpt>
  <trkpt lat="44.02232" lon="20.02232">
    <ele>2232</ele>
  </trkpt>
  <trkpt lat="44.02233" lon="20.02233">
    <ele>2233</ele>
  </trkpt>
  <trkpt lat="44.02234" lon="20.02234">
    <ele>2234</ele>
  </trkpt>
  <trkpt lat="44.02235" lon="20.02235">
    <ele>2235</ele>
  </trkpt>
  <trkpt lat="44.02236" lon="20.02236">
    <ele>2236</ele>
  </trkpt>
  <trkpt lat="44.02237" lon="20.02237">
    <ele>2237</ele>
  </trkpt>
  <trkpt lat="44.02238" lon="20.02238">
    <ele>2238</ele>
  </trkpt>
  <trkpt lat="44.02239" lon="20.02239">
    <ele>2239</ele>
  </trkpt>
  <trkpt lat="44.02240" lon="20.02240">
    <ele>2240</ele>
  </trkpt>
  <trkpt lat="44.02241" lon="20.02241">
    <ele>2241</ele>
  </trkpt>
  <trkpt lat="44.02242" lon="20.02242">
    <ele>2242</ele>
  </trkpt>
  <trkpt lat="44.02243" lon="20.02243">
    <ele>2243</ele>
  </trkpt>
  <trkpt lat="44.02244" lon="20.02244">
    <ele>2244</ele>
  </trkpt>
  <trkpt lat="44.02245" lon="20.02245">
    <ele>2245</ele>
  </trkpt>
  <trkpt lat="44.02246" lon="20.02246">
    <ele>2246</ele>
  </trkpt>
  <trkpt lat="44.02247" lon="20.02247">
    <ele>2247</ele>
  </trkpt>
  <trkpt lat="44.02248" lon="20.02248">
    <ele>2248</ele>
  </trkpt>
  <trkpt lat="44.02249" lon="20.02249">
    <ele>2249</ele>
  </trkpt>
  <trkpt lat="44.02250" lon="20.02250">
    <ele>2250</ele>
  </trkpt>
  <trkpt lat="44.02251" lon="20.02251">
    <ele>2251</ele>
  </trkpt>
  <trkpt lat="44.02252" lon="20.02252">
    <ele>2252</ele>
  </trkpt>
  <trkpt lat="44.02253" lon="20.02253">
    <ele>2253</ele>
  </trkpt>
  <trkpt lat="44.02254" lon="20.02254">
    <ele>2254</ele>
  </trkpt>
  <trkpt lat="44.02255" lon="20.02255">
    <ele>2255</ele>
  </trkpt>
  <trkpt lat="44.02256" lon="20.02256">
    <ele>2256</ele>
  </trkpt>
  <trkpt lat="44.02257" lon="20.02257">
    <ele>2257</ele>
  </trkpt>
  <trkpt lat="44.02258" lon="20.02258">
    <ele>2258</ele>
  </trkpt>
  <trkpt lat="44.02259" lon="20.02259">
    <ele>2259</ele>
  </trkpt>
  <trkpt lat="44.02260" lon="20.02260">
    <ele>2260</ele>
  </trkpt>
  <trkpt lat="44.02261" lon="20.02261">
    <ele>2261</ele>
  </trkpt>
  <trkpt lat="44.02262" lon="20.02262">
    <ele>2262</ele>
  </trkpt>
  <trkpt lat="44.02263" lon="20.02263">
    <ele>2263</ele>
  </trkpt>
  <trkpt lat="44.02264" lon="20.02264">
    <ele>2264</ele>
  </trkpt>
  <trkpt lat="44.02265" lon="20.02265">
    <ele>2265</ele>
  </trkpt>
  <trkpt lat="44.02266" lon="20.02266">
    <ele>2266</ele>
  </trkpt>
  <trkpt lat="44.02267" lon="20.02267">
    <ele>2267</ele>
  </trkpt>
  <trkpt lat="44.02268" lon="20.02268">
    <ele>2268</ele>
  </trkpt>
  <trkpt lat="44.02269" lon="20.02269">
    <ele>2269</ele>
  </trkpt>
  <trkpt lat="44.02270" lon="20.02270">
    <ele>2270</ele>
  </trkpt>
  <trkpt lat="44.02271" lon="20.02271">
    <ele>2271</ele>
  </trkpt>
  <trkpt lat="44.02272" lon="20.02272">
    <ele>2272</ele>
  </trkpt>
  <trkpt lat="44.02273" lon="20.02273">
    <ele>2273</ele>
  </trkpt>
  <trkpt lat="44.02274" lon="20.02274">
    <ele>2274</ele>
  </trkpt>
  <trkpt lat="44.02275" lon="20.02275">
    <ele>2275</ele>
  </trkpt>
  <trkpt lat="44.02276" lon="20.02276">
    <ele>2276</ele>
  </trkpt>
  <trkpt lat="44.02277" lon="20.02277">
    <ele>2277</ele>
  </trkpt>
  <trkpt lat="44.02278" lon="20.02278">
    <ele>2278</ele>
  </trkpt>
  <trkpt lat="44.02279" lon="20.02279">
    <ele>2279</ele>
  </trkpt>
  <trkpt lat="44.02280" lon="20.02280">
    <ele>2280</ele>
  </trkpt>
  <trkpt lat="44.02281" lon="20.02281">
    <ele>2281</ele>
  </trkpt>
  <trkpt lat="44.02282" lon="20.02282">
    <ele>2282</ele>
  </trkpt>
  <trkpt lat="44.02283" lon="20.02283">
    <ele>2283</ele>
  </trkpt>
  <trkpt lat="44.02284" lon="20.02284">
    <ele>2284</ele>
  </trkpt>
  <trkpt lat="44.02285" lon="20.02285">
    <ele>2285</ele>
  </trkpt>
  <trkpt lat="44.02286" lon="20.02286">
    <ele>2286</ele>
  </trkpt>
  <trkpt lat="44.02287" lon="20.02287">
    <ele>2287</ele>
  </trkpt>
  <trkpt lat="44.02288" lon="20.02288">
    <ele>2288</ele>
  </trkpt>
  <trkpt lat="44.02289" lon="20.02289">
    <ele>2289</ele>
  </trkpt>
  <trkpt lat="44.02290" lon="20.02290">
    <ele>2290</ele>
  </trkpt>
  <trkpt lat="44.02291" lon="20.02291">
    <ele>2291</ele>
  </trkpt>
  <trkpt lat="44.02292" lon="20.02292">
    <ele>2292</ele>
  </trkpt>
  <trkpt lat="44.02293" lon="20.02293">
    <ele>2293</ele>
  </trkpt>
  <trkpt lat="44.02294" lon="20.02294">
    <ele>2294</ele>
  </trkpt>
  <trkpt lat="44.02295" lon="20.02295">
    <ele>2295</ele>
  </trkpt>
  <trkpt lat="44.02296" lon="20.02296">
    <ele>2296</ele>
  </trkpt>
  <trkpt lat="44.02297" lon="20.02297">
    <ele>2297</ele>
  </trkpt>
  <trkpt lat="44.02298" lon="20.02298">
    <ele>2298</ele>
  </trkpt>
  <trkpt lat="44.02299" lon="20.02299">
    <ele>2299</ele>
  </trkpt>
  <trkpt lat="44.02300" lon="20.02300">
    <ele>2300</ele>
  </trkpt>
  <trkpt lat="44.02301" lon="20.02301">
    <ele>2301</ele>
  </trkpt>
  <trkpt lat="44.02302" lon="20.02302">
    <ele>2302</ele>
  </trkpt>
  <trkpt lat="44.02303" lon="20.02303">
    <ele>2303</ele>
  </trkpt>
  <trkpt lat="44.02304" lon="20.02304">
    <ele>2304</ele>
  </trkpt>
  <trkpt lat="44.02305" lon="20.02305">
    <ele>2305</ele>
  </trkpt>
  <trkpt lat="44.02306" lon="20.02306">
    <ele>2306</ele>
  </trkpt>
  <trkpt lat="44.02307" lon="20.02307">
    <ele>2307</ele>
  </trkpt>
  <trkpt lat="44.02308" lon="20.02308">
    <ele>2308</ele>
  </trkpt>
  <trkpt lat="44.02309" lon="20.02309">
    <ele>2309</ele>
  </trkpt>
  <trkpt lat="44.02310" lon="20.02310">
    <ele>2310</ele>
  </trkpt>
  <trkpt lat="44.02311" lon="20.02311">
    <ele>2311</ele>
  </trkpt>
  <trkpt lat="44.02312" lon="20.02312">
    <ele>2312</ele>
  </trkpt>
  <trkpt lat="44.02313" lon="20.02313">
    <ele>2313</ele>
  </trkpt>
  <trkpt lat="44.02314" lon="20.02314">
    <ele>2314</ele>
  </trkpt>
  <trkpt lat="44.02315" lon="20.02315">
    <ele>2315</ele>
  </trkpt>
  <trkpt lat="44.02316" lon="20.02316">
    <ele>2316</ele>
  </trkpt>
  <trkpt lat="44.02317" lon="20.02317">
    <ele>2317</ele>
  </trkpt>
  <trkpt lat="44.02318" lon="20.02318">
    <ele>2318</ele>
  </trkpt>
  <trkpt lat="44.02319" lon="20.02319">
    <ele>2319</ele>
  </trkpt>
  <trkpt lat="44.02320" lon="20.02320">
    <ele>2320</ele>
  </trkpt>
  <trkpt lat="44.02321" lon="20.02321">
    <ele>2321</ele>
  </trkpt>
  <trkpt lat="44.02322" lon="20.02322">
    <ele>2322</ele>
  </trkpt>
  <trkpt lat="44.02323" lon="20.02323">
    <ele>2323</ele>
  </trkpt>
  <trkpt lat="44.02324" lon="20.02324">
    <ele>2324</ele>
  </trkpt>
  <trkpt lat="44.02325" lon="20.02325">
    <ele>2325</ele>
  </trkpt>
  <trkpt lat="44.02326" lon="20.02326">
    <ele>2326</ele>
  </trkpt>
  <trkpt lat="44.02327" lon="20.02327">
    <ele>2327</ele>
  </trkpt>
  <trkpt lat="44.02328" lon="20.02328">
    <ele>2328</ele>
  </trkpt>
  <trkpt lat="44.02329" lon="20.02329">
    <ele>2329</ele>
  </trkpt>
  <trkpt lat="44.02330" lon="20.02330">
    <ele>2330</ele>
  </trkpt>
  <trkpt lat="44.02331" lon="20.02331">
    <ele>2331</ele>
  </trkpt>
  <trkpt lat="44.02332" lon="20.02332">
    <ele>2332</ele>
  </trkpt>
  <trkpt lat="44.02333" lon="20.02333">
    <ele>2333</ele>
  </trkpt>
  <trkpt lat="44.02334" lon="20.02334">
    <ele>2334</ele>
  </trkpt>
  <trkpt lat="44.02335" lon="20.02335">
    <ele>2335</ele>
  </trkpt>
  <trkpt lat="44.02336" lon="20.02336">
    <ele>2336</ele>
  </trkpt>
  <trkpt lat="44.02337" lon="20.02337">
    <ele>2337</ele>
  </trkpt>
  <trkpt lat="44.02338" lon="20.02338">
    <ele>2338</ele>
  </trkpt>
  <trkpt lat="44.02339" lon="20.02339">
    <ele>2339</ele>
  </trkpt>
  <trkpt lat="44.02340" lon="20.02340">
    <ele>2340</ele>
  </trkpt>
  <trkpt lat="44.02341" lon="20.02341">
    <ele>2341</ele>
  </trkpt>
  <trkpt lat="44.02342" lon="20.02342">
    <ele>2342</ele>
  </trkpt>
  <trkpt lat="44.02343" lon="20.02343">
    <ele>2343</ele>
  </trkpt>
  <trkpt lat="44.02344" lon="20.02344">
    <ele>2344</ele>
  </trkpt>
  <trkpt lat="44.02345" lon="20.02345">
    <ele>2345</ele>
  </trkpt>
  <trkpt lat="44.02346" lon="20.02346">
    <ele>2346</ele>
  </trkpt>
  <trkpt lat="44.02347" lon="20.02347">
    <ele>2347</ele>
  </trkpt>
  <trkpt lat="44.02348" lon="20.02348">
    <ele>2348</ele>
  </trkpt>
  <trkpt lat="44.02349" lon="20.02349">
    <ele>2349</ele>
  </trkpt>
  <trkpt lat="44.02350" lon="20.02350">
    <ele>2350</ele>
  </trkpt>
  <trkpt lat="44.02351" lon="20.02351">
    <ele>2351</ele>
  </trkpt>
  <trkpt lat="44.02352" lon="20.02352">
    <ele>2352</ele>
  </trkpt>
  <trkpt lat="44.02353" lon="20.02353">
    <ele>2353</ele>
  </trkpt>
  <trkpt lat="44.02354" lon="20.02354">
    <ele>2354</ele>
  </trkpt>
  <trkpt lat="44.02355" lon="20.02355">
    <ele>2355</ele>
  </trkpt>
  <trkpt lat="44.02356" lon="20.02356">
    <ele>2356</ele>
  </trkpt>
  <trkpt lat="44.02357" lon="20.02357">
    <ele>2357</ele>
  </trkpt>
  <trkpt lat="44.02358" lon="20.02358">
    <ele>2358</ele>
  </trkpt>
  <trkpt lat="44.02359" lon="20.02359">
    <ele>2359</ele>
  </trkpt>
  <trkpt lat="44.02360" lon="20.02360">
    <ele>2360</ele>
  </trkpt>
  <trkpt lat="44.02361" lon="20.02361">
    <ele>2361</ele>
  </trkpt>
  <trkpt lat="44.02362" lon="20.02362">
    <ele>2362</ele>
  </trkpt>
  <trkpt lat="44.02363" lon="20.02363">
    <ele>2363</ele>
  </trkpt>
  <trkpt lat="44.02364" lon="20.02364">
    <ele>2364</ele>
  </trkpt>
  <trkpt lat="44.02365" lon="20.02365">
    <ele>2365</ele>
  </trkpt>
  <trkpt lat="44.02366" lon="20.02366">
    <ele>2366</ele>
  </trkpt>
  <trkpt lat="44.02367" lon="20.02367">
    <ele>2367</ele>
  </trkpt>
  <trkpt lat="44.02368" lon="20.02368">
    <ele>2368</ele>
  </trkpt>
  <trkpt lat="44.02369" lon="20.02369">
    <ele>2369</ele>
  </trkpt>
  <trkpt lat="44.02370" lon="20.02370">
    <ele>2370</ele>
  </trkpt>
  <trkpt lat="44.02371" lon="20.02371">
    <ele>2371</ele>
  </trkpt>
  <trkpt lat="44.02372" lon="20.02372">
    <ele>2372</ele>
  </trkpt>
  <trkpt lat="44.02373" lon="20.02373">
    <ele>2373</ele>
  </trkpt>
  <trkpt lat="44.02374" lon="20.02374">
    <ele>2374</ele>
  </trkpt>
  <trkpt lat="44.02375" lon="20.02375">
    <ele>2375</ele>
  </trkpt>
  <trkpt lat="44.02376" lon="20.02376">
    <ele>2376</ele>
  </trkpt>
  <trkpt lat="44.02377" lon="20.02377">
    <ele>2377</ele>
  </trkpt>
  <trkpt lat="44.02378" lon="20.02378">
    <ele>2378</ele>
  </trkpt>
  <trkpt lat="44.02379" lon="20.02379">
    <ele>2379</ele>
  </trkpt>
  <trkpt lat="44.02380" lon="20.02380">
    <ele>2380</ele>
  </trkpt>
  <trkpt lat="44.02381" lon="20.02381">
    <ele>2381</ele>
  </trkpt>
  <trkpt lat="44.02382" lon="20.02382">
    <ele>2382</ele>
  </trkpt>
  <trkpt lat="44.02383" lon="20.02383">
    <ele>2383</ele>
  </trkpt>
  <trkpt lat="44.02384" lon="20.02384">
    <ele>2384</ele>
  </trkpt>
  <trkpt lat="44.02385" lon="20.02385">
    <ele>2385</ele>
  </trkpt>
  <trkpt lat="44.02386" lon="20.02386">
    <ele>2386</ele>
  </trkpt>
  <trkpt lat="44.02387" lon="20.02387">
    <ele>2387</ele>
  </trkpt>
  <trkpt lat="44.02388" lon="20.02388">
    <ele>2388</ele>
  </trkpt>
  <trkpt lat="44.02389" lon="20.02389">
    <ele>2389</ele>
  </trkpt>
  <trkpt lat="44.02390" lon="20.02390">
    <ele>2390</ele>
  </trkpt>
  <trkpt lat="44.02391" lon="20.02391">
    <ele>2391</ele>
  </trkpt>
  <trkpt lat="44.02392" lon="20.02392">
    <ele>2392</ele>
  </trkpt>
  <trkpt lat="44.02393" lon="20.02393">
    <ele>2393</ele>
  </trkpt>
  <trkpt lat="44.02394" lon="20.02394">
    <ele>2394</ele>
  </trkpt>
  <trkpt lat="44.02395" lon="20.02395">
    <ele>2395</ele>
  </trkpt>
  <trkpt lat="44.02396" lon="20.02396">
    <ele>2396</ele>
  </trkpt>
  <trkpt lat="44.02397" lon="20.02397">
    <ele>2397</ele>
  </trkpt>
  <trkpt lat="44.02398" lon="20.02398">
    <ele>2398</ele>
  </trkpt>
  <trkpt lat="44.02399" lon="20.02399">
    <ele>2399</ele>
  </trkpt>
  <trkpt lat="44.02400" lon="20.02400">
    <ele>2400</ele>
  </trkpt>
  <trkpt lat="44.02401" lon="20.02401">
    <ele>2401</ele>
  </trkpt>
  <trkpt lat="44.02402" lon="20.02402">
    <ele>2402</ele>
  </trkpt>
  <trkpt lat="44.02403" lon="20.02403">
    <ele>2403</ele>
  </trkpt>
  <trkpt lat="44.02404" lon="20.02404">
    <ele>2404</ele>
  </trkpt>
  <trkpt lat="44.02405" lon="20.02405">
    <ele>2405</ele>
  </trkpt>
  <trkpt lat="44.02406" lon="20.02406">
    <ele>2406</ele>
  </trkpt>
  <trkpt lat="44.02407" lon="20.02407">
    <ele>2407</ele>
  </trkpt>
  <trkpt lat="44.02408" lon="20.02408">
    <ele>2408</ele>
  </trkpt>
  <trkpt lat="44.02409" lon="20.02409">
    <ele>2409</ele>
  </trkpt>
  <trkpt lat="44.02410" lon="20.02410">
    <ele>2410</ele>
  </trkpt>
  <trkpt lat="44.02411" lon="20.02411">
    <ele>2411</ele>
  </trkpt>
  <trkpt lat="44.02412" lon="20.02412">
    <ele>2412</ele>
  </trkpt>
  <trkpt lat="44.02413" lon="20.02413">
    <ele>2413</ele>
  </trkpt>
  <trkpt lat="44.02414" lon="20.02414">
    <ele>2414</ele>
  </trkpt>
  <trkpt lat="44.02415" lon="20.02415">
    <ele>2415</ele>
  </trkpt>
  <trkpt lat="44.02416" lon="20.02416">
    <ele>2416</ele>
  </trkpt>
  <trkpt lat="44.02417" lon="20.02417">
    <ele>2417</ele>
  </trkpt>
  <trkpt lat="44.02418" lon="20.02418">
    <ele>2418</ele>
  </trkpt>
  <trkpt lat="44.02419" lon="20.02419">
    <ele>2419</ele>
  </trkpt>
  <trkpt lat="44.02420" lon="20.02420">
    <ele>2420</ele>
  </trkpt>
  <trkpt lat="44.02421" lon="20.02421">
    <ele>2421</ele>
  </trkpt>
  <trkpt lat="44.02422" lon="20.02422">
    <ele>2422</ele>
  </trkpt>
  <trkpt lat="44.02423" lon="20.02423">
    <ele>2423</ele>
  </trkpt>
  <trkpt lat="44.02424" lon="20.02424">
    <ele>2424</ele>
  </trkpt>
  <trkpt lat="44.02425" lon="20.02425">
    <ele>2425</ele>
  </trkpt>
  <trkpt lat="44.02426" lon="20.02426">
    <ele>2426</ele>
  </trkpt>
  <trkpt lat="44.02427" lon="20.02427">
    <ele>2427</ele>
  </trkpt>
  <trkpt lat="44.02428" lon="20.02428">
    <ele>2428</ele>
  </trkpt>
  <trkpt lat="44.02429" lon="20.02429">
    <ele>2429</ele>
  </trkpt>
  <trkpt lat="44.02430" lon="20.02430">
    <ele>2430</ele>
  </trkpt>
  <trkpt lat="44.02431" lon="20.02431">
    <ele>2431</ele>
  </trkpt>
  <trkpt lat="44.02432" lon="20.02432">
    <ele>2432</ele>
  </trkpt>
  <trkpt lat="44.02433" lon="20.02433">
    <ele>2433</ele>
  </trkpt>
  <trkpt lat="44.02434" lon="20.02434">
    <ele>2434</ele>
  </trkpt>
  <trkpt lat="44.02435" lon="20.02435">
    <ele>2435</ele>
  </trkpt>
  <trkpt lat="44.02436" lon="20.02436">
    <ele>2436</ele>
  </trkpt>
  <trkpt lat="44.02437" lon="20.02437">
    <ele>2437</ele>
  </trkpt>
  <trkpt lat="44.02438" lon="20.02438">
    <ele>2438</ele>
  </trkpt>
  <trkpt lat="44.02439" lon="20.02439">
    <ele>2439</ele>
  </trkpt>
  <trkpt lat="44.02440" lon="20.02440">
    <ele>2440</ele>
  </trkpt>
  <trkpt lat="44.02441" lon="20.02441">
    <ele>2441</ele>
  </trkpt>
  <trkpt lat="44.02442" lon="20.02442">
    <ele>2442</ele>
  </trkpt>
  <trkpt lat="44.02443" lon="20.02443">
    <ele>2443</ele>
  </trkpt>
  <trkpt lat="44.02444" lon="20.02444">
    <ele>2444</ele>
  </trkpt>
  <trkpt lat="44.02445" lon="20.02445">
    <ele>2445</ele>
  </trkpt>
  <trkpt lat="44.02446" lon="20.02446">
    <ele>2446</ele>
  </trkpt>
  <trkpt lat="44.02447" lon="20.02447">
    <ele>2447</ele>
  </trkpt>
  <trkpt lat="44.02448" lon="20.02448">
    <ele>2448</ele>
  </trkpt>
  <trkpt lat="44.02449" lon="20.02449">
    <ele>2449</ele>
  </trkpt>
  <trkpt lat="44.02450" lon="20.02450">
    <ele>2450</ele>
  </trkpt>
  <trkpt lat="44.02451" lon="20.02451">
    <ele>2451</ele>
  </trkpt>
  <trkpt lat="44.02452" lon="20.02452">
    <ele>2452</ele>
  </trkpt>
  <trkpt lat="44.02453" lon="20.02453">
    <ele>2453</ele>
  </trkpt>
  <trkpt lat="44.02454" lon="20.02454">
    <ele>2454</ele>
  </trkpt>
  <trkpt lat="44.02455" lon="20.02455">
    <ele>2455</ele>
  </trkpt>
  <trkpt lat="44.02456" lon="20.02456">
    <ele>2456</ele>
  </trkpt>
  <trkpt lat="44.02457" lon="20.02457">
    <ele>2457</ele>
  </trkpt>
  <trkpt lat="44.02458" lon="20.02458">
    <ele>2458</ele>
  </trkpt>
  <trkpt lat="44.02459" lon="20.02459">
    <ele>2459</ele>
  </trkpt>
  <trkpt lat="44.02460" lon="20.02460">
    <ele>2460</ele>
  </trkpt>
  <trkpt lat="44.02461" lon="20.02461">
    <ele>2461</ele>
  </trkpt>
  <trkpt lat="44.02462" lon="20.02462">
    <ele>2462</ele>
  </trkpt>
  <trkpt lat="44.02463" lon="20.02463">
    <ele>2463</ele>
  </trkpt>
  <trkpt lat="44.02464" lon="20.02464">
    <ele>2464</ele>
  </trkpt>
  <trkpt lat="44.02465" lon="20.02465">
    <ele>2465</ele>
  </trkpt>
  <trkpt lat="44.02466" lon="20.02466">
    <ele>2466</ele>
  </trkpt>
  <trkpt lat="44.02467" lon="20.02467">
    <ele>2467</ele>
  </trkpt>
  <trkpt lat="44.02468" lon="20.02468">
    <ele>2468</ele>
  </trkpt>
  <trkpt lat="44.02469" lon="20.02469">
    <ele>2469</ele>
  </trkpt>
  <trkpt lat="44.02470" lon="20.02470">
    <ele>2470</ele>
  </trkpt>
  <trkpt lat="44.02471" lon="20.02471">
    <ele>2471</ele>
  </trkpt>
  <trkpt lat="44.02472" lon="20.02472">
    <ele>2472</ele>
  </trkpt>
  <trkpt lat="44.02473" lon="20.02473">
    <ele>2473</ele>
  </trkpt>
  <trkpt lat="44.02474" lon="20.02474">
    <ele>2474</ele>
  </trkpt>
  <trkpt lat="44.02475" lon="20.02475">
    <ele>2475</ele>
  </trkpt>
  <trkpt lat="44.02476" lon="20.02476">
    <ele>2476</ele>
  </trkpt>
  <trkpt lat="44.02477" lon="20.02477">
    <ele>2477</ele>
  </trkpt>
  <trkpt lat="44.02478" lon="20.02478">
    <ele>2478</ele>
  </trkpt>
  <trkpt lat="44.02479" lon="20.02479">
    <ele>2479</ele>
  </trkpt>
  <trkpt lat="44.02480" lon="20.02480">
    <ele>2480</ele>
  </trkpt>
  <trkpt lat="44.02481" lon="20.02481">
    <ele>2481</ele>
  </trkpt>
  <trkpt lat="44.02482" lon="20.02482">
    <ele>2482</ele>
  </trkpt>
  <trkpt lat="44.02483" lon="20.02483">
    <ele>2483</ele>
  </trkpt>
  <trkpt lat="44.02484" lon="20.02484">
    <ele>2484</ele>
  </trkpt>
  <trkpt lat="44.02485" lon="20.02485">
    <ele>2485</ele>
  </trkpt>
  <trkpt lat="44.02486" lon="20.02486">
    <ele>2486</ele>
  </trkpt>
  <trkpt lat="44.02487" lon="20.02487">
    <ele>2487</ele>
  </trkpt>
  <trkpt lat="44.02488" lon="20.02488">
    <ele>2488</ele>
  </trkpt>
  <trkpt lat="44.02489" lon="20.02489">
    <ele>2489</ele>
  </trkpt>
  <trkpt lat="44.02490" lon="20.02490">
    <ele>2490</ele>
  </trkpt>
  <trkpt lat="44.02491" lon="20.02491">
    <ele>2491</ele>
  </trkpt>
  <trkpt lat="44.02492" lon="20.02492">
    <ele>2492</ele>
  </trkpt>
  <trkpt lat="44.02493" lon="20.02493">
    <ele>2493</ele>
  </trkpt>
  <trkpt lat="44.02494" lon="20.02494">
    <ele>2494</ele>
  </trkpt>
  <trkpt lat="44.02495" lon="20.02495">
    <ele>2495</ele>
  </trkpt>
  <trkpt lat="44.02496" lon="20.02496">
    <ele>2496</ele>
  </trkpt>
  <trkpt lat="44.02497" lon="20.02497">
    <ele>2497</ele>
  </trkpt>
  <trkpt lat="44.02498" lon="20.02498">
    <ele>2498</ele>
  </trkpt>
  <trkpt lat="44.02499" lon="20.02499">
    <ele>2499</ele>
  </trkpt>
  <trkpt lat="44.02500" lon="20.02500">
    <ele>2500</ele>
  </trkpt>
  <trkpt lat="44.02501" lon="20.02501">
    <ele>2501</ele>
  </trkpt>
  <trkpt lat="44.02502" lon="20.02502">
    <ele>2502</ele>
  </trkpt>
  <trkpt lat="44.02503" lon="20.02503">
    <ele>2503</ele>
  </trkpt>
  <trkpt lat="44.02504" lon="20.02504">
    <ele>2504</ele>
  </trkpt>
  <trkpt lat="44.02505" lon="20.02505">
    <ele>2505</ele>
  </trkpt>
  <trkpt lat="44.02506" lon="20.02506">
    <ele>2506</ele>
  </trkpt>
  <trkpt lat="44.02507" lon="20.02507">
    <ele>2507</ele>
  </trkpt>
  <trkpt lat="44.02508" lon="20.02508">
    <ele>2508</ele>
  </trkpt>
  <trkpt lat="44.02509" lon="20.02509">
    <ele>2509</ele>
  </trkpt>
  <trkpt lat="44.02510" lon="20.02510">
    <ele>2510</ele>
  </trkpt>
  <trkpt lat="44.02511" lon="20.02511">
    <ele>2511</ele>
  </trkpt>
  <trkpt lat="44.02512" lon="20.02512">
    <ele>2512</ele>
  </trkpt>
  <trkpt lat="44.02513" lon="20.02513">
    <ele>2513</ele>
  </trkpt>
  <trkpt lat="44.02514" lon="20.02514">
    <ele>2514</ele>
  </trkpt>
  <trkpt lat="44.02515" lon="20.02515">
    <ele>2515</ele>
  </trkpt>
  <trkpt lat="44.02516" lon="20.02516">
    <ele>2516</ele>
  </trkpt>
  <trkpt lat="44.02517" lon="20.02517">
    <ele>2517</ele>
  </trkpt>
  <trkpt lat="44.02518" lon="20.02518">
    <ele>2518</ele>
  </trkpt>
  <trkpt lat="44.02519" lon="20.02519">
    <ele>2519</ele>
  </trkpt>
  <trkpt lat="44.02520" lon="20.02520">
    <ele>2520</ele>
  </trkpt>
  <trkpt lat="44.02521" lon="20.02521">
    <ele>2521</ele>
  </trkpt>
  <trkpt lat="44.02522" lon="20.02522">
    <ele>2522</ele>
  </trkpt>
  <trkpt lat="44.02523" lon="20.02523">
    <ele>2523</ele>
  </trkpt>
  <trkpt lat="44.02524" lon="20.02524">
    <ele>2524</ele>
  </trkpt>
  <trkpt lat="44.02525" lon="20.02525">
    <ele>2525</ele>
  </trkpt>
  <trkpt lat="44.02526" lon="20.02526">
    <ele>2526</ele>
  </trkpt>
  <trkpt lat="44.02527" lon="20.02527">
    <ele>2527</ele>
  </trkpt>
  <trkpt lat="44.02528" lon="20.02528">
    <ele>2528</ele>
  </trkpt>
  <trkpt lat="44.02529" lon="20.02529">
    <ele>2529</ele>
  </trkpt>
  <trkpt lat="44.02530" lon="20.02530">
    <ele>2530</ele>
  </trkpt>
  <trkpt lat="44.02531" lon="20.02531">
    <ele>2531</ele>
  </trkpt>
  <trkpt lat="44.02532" lon="20.02532">
    <ele>2532</ele>
  </trkpt>
  <trkpt lat="44.02533" lon="20.02533">
    <ele>2533</ele>
  </trkpt>
  <trkpt lat="44.02534" lon="20.02534">
    <ele>2534</ele>
  </trkpt>
  <trkpt lat="44.02535" lon="20.02535">
    <ele>2535</ele>
  </trkpt>
  <trkpt lat="44.02536" lon="20.02536">
    <ele>2536</ele>
  </trkpt>
  <trkpt lat="44.02537" lon="20.02537">
    <ele>2537</ele>
  </trkpt>
  <trkpt lat="44.02538" lon="20.02538">
    <ele>2538</ele>
  </trkpt>
  <trkpt lat="44.02539" lon="20.02539">
    <ele>2539</ele>
  </trkpt>
  <trkpt lat="44.02540" lon="20.02540">
    <ele>2540</ele>
  </trkpt>
  <trkpt lat="44.02541" lon="20.02541">
    <ele>2541</ele>
  </trkpt>
  <trkpt lat="44.02542" lon="20.02542">
    <ele>2542</ele>
  </trkpt>
  <trkpt lat="44.02543" lon="20.02543">
    <ele>2543</ele>
  </trkpt>
  <trkpt lat="44.02544" lon="20.02544">
    <ele>2544</ele>
  </trkpt>
  <trkpt lat="44.02545" lon="20.02545">
    <ele>2545</ele>
  </trkpt>
  <trkpt lat="44.02546" lon="20.02546">
    <ele>2546</ele>
  </trkpt>
  <trkpt lat="44.02547" lon="20.02547">
    <ele>2547</ele>
  </trkpt>
  <trkpt lat="44.02548" lon="20.02548">
    <ele>2548</ele>
  </trkpt>
  <trkpt lat="44.02549" lon="20.02549">
    <ele>2549</ele>
  </trkpt>
  <trkpt lat="44.02550" lon="20.02550">
    <ele>2550</ele>
  </trkpt>
  <trkpt lat="44.02551" lon="20.02551">
    <ele>2551</ele>
  </trkpt>
  <trkpt lat="44.02552" lon="20.02552">
    <ele>2552</ele>
  </trkpt>
  <trkpt lat="44.02553" lon="20.02553">
    <ele>2553</ele>
  </trkpt>
  <trkpt lat="44.02554" lon="20.02554">
    <ele>2554</ele>
  </trkpt>
  <trkpt lat="44.02555" lon="20.02555">
    <ele>2555</ele>
  </trkpt>
  <trkpt lat="44.02556" lon="20.02556">
    <ele>2556</ele>
  </trkpt>
  <trkpt lat="44.02557" lon="20.02557">
    <ele>2557</ele>
  </trkpt>
  <trkpt lat="44.02558" lon="20.02558">
    <ele>2558</ele>
  </trkpt>
  <trkpt lat="44.02559" lon="20.02559">
    <ele>2559</ele>
  </trkpt>
  <trkpt lat="44.02560" lon="20.02560">
    <ele>2560</ele>
  </trkpt>
  <trkpt lat="44.02561" lon="20.02561">
    <ele>2561</ele>
  </trkpt>
  <trkpt lat="44.02562" lon="20.02562">
    <ele>2562</ele>
  </trkpt>
  <trkpt lat="44.02563" lon="20.02563">
    <ele>2563</ele>
  </trkpt>
  <trkpt lat="44.02564" lon="20.02564">
    <ele>2564</ele>
  </trkpt>
  <trkpt lat="44.02565" lon="20.02565">
    <ele>2565</ele>
  </trkpt>
  <trkpt lat="44.02566" lon="20.02566">
    <ele>2566</ele>
  </trkpt>
  <trkpt lat="44.02567" lon="20.02567">
    <ele>2567</ele>
  </trkpt>
  <trkpt lat="44.02568" lon="20.02568">
    <ele>2568</ele>
  </trkpt>
  <trkpt lat="44.02569" lon="20.02569">
    <ele>2569</ele>
  </trkpt>
  <trkpt lat="44.02570" lon="20.02570">
    <ele>2570</ele>
  </trkpt>
  <trkpt lat="44.02571" lon="20.02571">
    <ele>2571</ele>
  </trkpt>
  <trkpt lat="44.02572" lon="20.02572">
    <ele>2572</ele>
  </trkpt>
  <trkpt lat="44.02573" lon="20.02573">
    <ele>2573</ele>
  </trkpt>
  <trkpt lat="44.02574" lon="20.02574">
    <ele>2574</ele>
  </trkpt>
  <trkpt lat="44.02575" lon="20.02575">
    <ele>2575</ele>
  </trkpt>
  <trkpt lat="44.02576" lon="20.02576">
    <ele>2576</ele>
  </trkpt>
  <trkpt lat="44.02577" lon="20.02577">
    <ele>2577</ele>
  </trkpt>
  <trkpt lat="44.02578" lon="20.02578">
    <ele>2578</ele>
  </trkpt>
  <trkpt lat="44.02579" lon="20.02579">
    <ele>2579</ele>
  </trkpt>
  <trkpt lat="44.02580" lon="20.02580">
    <ele>2580</ele>
  </trkpt>
  <trkpt lat="44.02581" lon="20.02581">
    <ele>2581</ele>
  </trkpt>
  <trkpt lat="44.02582" lon="20.02582">
    <ele>2582</ele>
  </trkpt>
  <trkpt lat="44.02583" lon="20.02583">
    <ele>2583</ele>
  </trkpt>
  <trkpt lat="44.02584" lon="20.02584">
    <ele>2584</ele>
  </trkpt>
  <trkpt lat="44.02585" lon="20.02585">
    <ele>2585</ele>
  </trkpt>
  <trkpt lat="44.02586" lon="20.02586">
    <ele>2586</ele>
  </trkpt>
  <trkpt lat="44.02587" lon="20.02587">
    <ele>2587</ele>
  </trkpt>
  <trkpt lat="44.02588" lon="20.02588">
    <ele>2588</ele>
  </trkpt>
  <trkpt lat="44.02589" lon="20.02589">
    <ele>2589</ele>
  </trkpt>
  <trkpt lat="44.02590" lon="20.02590">
    <ele>2590</ele>
  </trkpt>
  <trkpt lat="44.02591" lon="20.02591">
    <ele>2591</ele>
  </trkpt>
  <trkpt lat="44.02592" lon="20.02592">
    <ele>2592</ele>
  </trkpt>
  <trkpt lat="44.02593" lon="20.02593">
    <ele>2593</ele>
  </trkpt>
  <trkpt lat="44.02594" lon="20.02594">
    <ele>2594</ele>
  </trkpt>
  <trkpt lat="44.02595" lon="20.02595">
    <ele>2595</ele>
  </trkpt>
  <trkpt lat="44.02596" lon="20.02596">
    <ele>2596</ele>
  </trkpt>
  <trkpt lat="44.02597" lon="20.02597">
    <ele>2597</ele>
  </trkpt>
  <trkpt lat="44.02598" lon="20.02598">
    <ele>2598</ele>
  </trkpt>
  <trkpt lat="44.02599" lon="20.02599">
    <ele>2599</ele>
  </trkpt>
  <trkpt lat="44.02600" lon="20.02600">
    <ele>2600</ele>
  </trkpt>
  <trkpt lat="44.02601" lon="20.02601">
    <ele>2601</ele>
  </trkpt>
  <trkpt lat="44.02602" lon="20.02602">
    <ele>2602</ele>
  </trkpt>
  <trkpt lat="44.02603" lon="20.02603">
    <ele>2603</ele>
  </trkpt>
  <trkpt lat="44.02604" lon="20.02604">
    <ele>2604</ele>
  </trkpt>
  <trkpt lat="44.02605" lon="20.02605">
    <ele>2605</ele>
  </trkpt>
  <trkpt lat="44.02606" lon="20.02606">
    <ele>2606</ele>
  </trkpt>
  <trkpt lat="44.02607" lon="20.02607">
    <ele>2607</ele>
  </trkpt>
  <trkpt lat="44.02608" lon="20.02608">
    <ele>2608</ele>
  </trkpt>
  <trkpt lat="44.02609" lon="20.02609">
    <ele>2609</ele>
  </trkpt>
  <trkpt lat="44.02610" lon="20.02610">
    <ele>2610</ele>
  </trkpt>
  <trkpt lat="44.02611" lon="20.02611">
    <ele>2611</ele>
  </trkpt>
  <trkpt lat="44.02612" lon="20.02612">
    <ele>2612</ele>
  </trkpt>
  <trkpt lat="44.02613" lon="20.02613">
    <ele>2613</ele>
  </trkpt>
  <trkpt lat="44.02614" lon="20.02614">
    <ele>2614</ele>
  </trkpt>
  <trkpt lat="44.02615" lon="20.02615">
    <ele>2615</ele>
  </trkpt>
  <trkpt lat="44.02616" lon="20.02616">
    <ele>2616</ele>
  </trkpt>
  <trkpt lat="44.02617" lon="20.02617">
    <ele>2617</ele>
  </trkpt>
  <trkpt lat="44.02618" lon="20.02618">
    <ele>2618</ele>
  </trkpt>
  <trkpt lat="44.02619" lon="20.02619">
    <ele>2619</ele>
  </trkpt>
  <trkpt lat="44.02620" lon="20.02620">
    <ele>2620</ele>
  </trkpt>
  <trkpt lat="44.02621" lon="20.02621">
    <ele>2621</ele>
  </trkpt>
  <trkpt lat="44.02622" lon="20.02622">
    <ele>2622</ele>
  </trkpt>
  <trkpt lat="44.02623" lon="20.02623">
    <ele>2623</ele>
  </trkpt>
  <trkpt lat="44.02624" lon="20.02624">
    <ele>2624</ele>
  </trkpt>
  <trkpt lat="44.02625" lon="20.02625">
    <ele>2625</ele>
  </trkpt>
  <trkpt lat="44.02626" lon="20.02626">
    <ele>2626</ele>
  </trkpt>
  <trkpt lat="44.02627" lon="20.02627">
    <ele>2627</ele>
  </trkpt>
  <trkpt lat="44.02628" lon="20.02628">
    <ele>2628</ele>
  </trkpt>
  <trkpt lat="44.02629" lon="20.02629">
    <ele>2629</ele>
  </trkpt>
  <trkpt lat="44.02630" lon="20.02630">
    <ele>2630</ele>
  </trkpt>
  <trkpt lat="44.02631" lon="20.02631">
    <ele>2631</ele>
  </trkpt>
  <trkpt lat="44.02632" lon="20.02632">
    <ele>2632</ele>
  </trkpt>
  <trkpt lat="44.02633" lon="20.02633">
    <ele>2633</ele>
  </trkpt>
  <trkpt lat="44.02634" lon="20.02634">
    <ele>2634</ele>
  </trkpt>
  <trkpt lat="44.02635" lon="20.02635">
    <ele>2635</ele>
  </trkpt>
  <trkpt lat="44.02636" lon="20.02636">
    <ele>2636</ele>
  </trkpt>
  <trkpt lat="44.02637" lon="20.02637">
    <ele>2637</ele>
  </trkpt>
  <trkpt lat="44.02638" lon="20.02638">
    <ele>2638</ele>
  </trkpt>
  <trkpt lat="44.02639" lon="20.02639">
    <ele>2639</ele>
  </trkpt>
  <trkpt lat="44.02640" lon="20.02640">
    <ele>2640</ele>
  </trkpt>
  <trkpt lat="44.02641" lon="20.02641">
    <ele>2641</ele>
  </trkpt>
  <trkpt lat="44.02642" lon="20.02642">
    <ele>2642</ele>
  </trkpt>
  <trkpt lat="44.02643" lon="20.02643">
    <ele>2643</ele>
  </trkpt>
  <trkpt lat="44.02644" lon="20.02644">
    <ele>2644</ele>
  </trkpt>
  <trkpt lat="44.02645" lon="20.02645">
    <ele>2645</ele>
  </trkpt>
  <trkpt lat="44.02646" lon="20.02646">
    <ele>2646</ele>
  </trkpt>
  <trkpt lat="44.02647" lon="20.02647">
    <ele>2647</ele>
  </trkpt>
  <trkpt lat="44.02648" lon="20.02648">
    <ele>2648</ele>
  </trkpt>
  <trkpt lat="44.02649" lon="20.02649">
    <ele>2649</ele>
  </trkpt>
  <trkpt lat="44.02650" lon="20.02650">
    <ele>2650</ele>
  </trkpt>
  <trkpt lat="44.02651" lon="20.02651">
    <ele>2651</ele>
  </trkpt>
  <trkpt lat="44.02652" lon="20.02652">
    <ele>2652</ele>
  </trkpt>
  <trkpt lat="44.02653" lon="20.02653">
    <ele>2653</ele>
  </trkpt>
  <trkpt lat="44.02654" lon="20.02654">
    <ele>2654</ele>
  </trkpt>
  <trkpt lat="44.02655" lon="20.02655">
    <ele>2655</ele>
  </trkpt>
  <trkpt lat="44.02656" lon="20.02656">
    <ele>2656</ele>
  </trkpt>
  <trkpt lat="44.02657" lon="20.02657">
    <ele>2657</ele>
  </trkpt>
  <trkpt lat="44.02658" lon="20.02658">
    <ele>2658</ele>
  </trkpt>
  <trkpt lat="44.02659" lon="20.02659">
    <ele>2659</ele>
  </trkpt>
  <trkpt lat="44.02660" lon="20.02660">
    <ele>2660</ele>
  </trkpt>
  <trkpt lat="44.02661" lon="20.02661">
    <ele>2661</ele>
  </trkpt>
  <trkpt lat="44.02662" lon="20.02662">
    <ele>2662</ele>
  </trkpt>
  <trkpt lat="44.02663" lon="20.02663">
    <ele>2663</ele>
  </trkpt>
  <trkpt lat="44.02664" lon="20.02664">
    <ele>2664</ele>
  </trkpt>
  <trkpt lat="44.02665" lon="20.02665">
    <ele>2665</ele>
  </trkpt>
  <trkpt lat="44.02666" lon="20.02666">
    <ele>2666</ele>
  </trkpt>
  <trkpt lat="44.02667" lon="20.02667">
    <ele>2667</ele>
  </trkpt>
  <trkpt lat="44.02668" lon="20.02668">
    <ele>2668</ele>
  </trkpt>
  <trkpt lat="44.02669" lon="20.02669">
    <ele>2669</ele>
  </trkpt>
  <trkpt lat="44.02670" lon="20.02670">
    <ele>2670</ele>
  </trkpt>
  <trkpt lat="44.02671" lon="20.02671">
    <ele>2671</ele>
  </trkpt>
  <trkpt lat="44.02672" lon="20.02672">
    <ele>2672</ele>
  </trkpt>
  <trkpt lat="44.02673" lon="20.02673">
    <ele>2673</ele>
  </trkpt>
  <trkpt lat="44.02674" lon="20.02674">
    <ele>2674</ele>
  </trkpt>
  <trkpt lat="44.02675" lon="20.02675">
    <ele>2675</ele>
  </trkpt>
  <trkpt lat="44.02676" lon="20.02676">
    <ele>2676</ele>
  </trkpt>
  <trkpt lat="44.02677" lon="20.02677">
    <ele>2677</ele>
  </trkpt>
  <trkpt lat="44.02678" lon="20.02678">
    <ele>2678</ele>
  </trkpt>
  <trkpt lat="44.02679" lon="20.02679">
    <ele>2679</ele>
  </trkpt>
  <trkpt lat="44.02680" lon="20.02680">
    <ele>2680</ele>
  </trkpt>
  <trkpt lat="44.02681" lon="20.02681">
    <ele>2681</ele>
  </trkpt>
  <trkpt lat="44.02682" lon="20.02682">
    <ele>2682</ele>
  </trkpt>
  <trkpt lat="44.02683" lon="20.02683">
    <ele>2683</ele>
  </trkpt>
  <trkpt lat="44.02684" lon="20.02684">
    <ele>2684</ele>
  </trkpt>
  <trkpt lat="44.02685" lon="20.02685">
    <ele>2685</ele>
  </trkpt>
  <trkpt lat="44.02686" lon="20.02686">
    <ele>2686</ele>
  </trkpt>
  <trkpt lat="44.02687" lon="20.02687">
    <ele>2687</ele>
  </trkpt>
  <trkpt lat="44.02688" lon="20.02688">
    <ele>2688</ele>
  </trkpt>
  <trkpt lat="44.02689" lon="20.02689">
    <ele>2689</ele>
  </trkpt>
  <trkpt lat="44.02690" lon="20.02690">
    <ele>2690</ele>
  </trkpt>
  <trkpt lat="44.02691" lon="20.02691">
    <ele>2691</ele>
  </trkpt>
  <trkpt lat="44.02692" lon="20.02692">
    <ele>2692</ele>
  </trkpt>
  <trkpt lat="44.02693" lon="20.02693">
    <ele>2693</ele>
  </trkpt>
  <trkpt lat="44.02694" lon="20.02694">
    <ele>2694</ele>
  </trkpt>
  <trkpt lat="44.02695" lon="20.02695">
    <ele>2695</ele>
  </trkpt>
  <trkpt lat="44.02696" lon="20.02696">
    <ele>2696</ele>
  </trkpt>
  <trkpt lat="44.02697" lon="20.02697">
    <ele>2697</ele>
  </trkpt>
  <trkpt lat="44.02698" lon="20.02698">
    <ele>2698</ele>
  </trkpt>
  <trkpt lat="44.02699" lon="20.02699">
    <ele>2699</ele>
  </trkpt>
  <trkpt lat="44.02700" lon="20.02700">
    <ele>2700</ele>
  </trkpt>
  <trkpt lat="44.02701" lon="20.02701">
    <ele>2701</ele>
  </trkpt>
  <trkpt lat="44.02702" lon="20.02702">
    <ele>2702</ele>
  </trkpt>
  <trkpt lat="44.02703" lon="20.02703">
    <ele>2703</ele>
  </trkpt>
  <trkpt lat="44.02704" lon="20.02704">
    <ele>2704</ele>
  </trkpt>
  <trkpt lat="44.02705" lon="20.02705">
    <ele>2705</ele>
  </trkpt>
  <trkpt lat="44.02706" lon="20.02706">
    <ele>2706</ele>
  </trkpt>
  <trkpt lat="44.02707" lon="20.02707">
    <ele>2707</ele>
  </trkpt>
  <trkpt lat="44.02708" lon="20.02708">
    <ele>2708</ele>
  </trkpt>
  <trkpt lat="44.02709" lon="20.02709">
    <ele>2709</ele>
  </trkpt>
  <trkpt lat="44.02710" lon="20.02710">
    <ele>2710</ele>
  </trkpt>
  <trkpt lat="44.02711" lon="20.02711">
    <ele>2711</ele>
  </trkpt>
  <trkpt lat="44.02712" lon="20.02712">
    <ele>2712</ele>
  </trkpt>
  <trkpt lat="44.02713" lon="20.02713">
    <ele>2713</ele>
  </trkpt>
  <trkpt lat="44.02714" lon="20.02714">
    <ele>2714</ele>
  </trkpt>
  <trkpt lat="44.02715" lon="20.02715">
    <ele>2715</ele>
  </trkpt>
  <trkpt lat="44.02716" lon="20.02716">
    <ele>2716</ele>
  </trkpt>
  <trkpt lat="44.02717" lon="20.02717">
    <ele>2717</ele>
  </trkpt>
  <trkpt lat="44.02718" lon="20.02718">
    <ele>2718</ele>
  </trkpt>
  <trkpt lat="44.02719" lon="20.02719">
    <ele>2719</ele>
  </trkpt>
  <trkpt lat="44.02720" lon="20.02720">
    <ele>2720</ele>
  </trkpt>
  <trkpt lat="44.02721" lon="20.02721">
    <ele>2721</ele>
  </trkpt>
  <trkpt lat="44.02722" lon="20.02722">
    <ele>2722</ele>
  </trkpt>
  <trkpt lat="44.02723" lon="20.02723">
    <ele>2723</ele>
  </trkpt>
  <trkpt lat="44.02724" lon="20.02724">
    <ele>2724</ele>
  </trkpt>
  <trkpt lat="44.02725" lon="20.02725">
    <ele>2725</ele>
  </trkpt>
  <trkpt lat="44.02726" lon="20.02726">
    <ele>2726</ele>
  </trkpt>
  <trkpt lat="44.02727" lon="20.02727">
    <ele>2727</ele>
  </trkpt>
  <trkpt lat="44.02728" lon="20.02728">
    <ele>2728</ele>
  </trkpt>
  <trkpt lat="44.02729" lon="20.02729">
    <ele>2729</ele>
  </trkpt>
  <trkpt lat="44.02730" lon="20.02730">
    <ele>2730</ele>
  </trkpt>
  <trkpt lat="44.02731" lon="20.02731">
    <ele>2731</ele>
  </trkpt>
  <trkpt lat="44.02732" lon="20.02732">
    <ele>2732</ele>
  </trkpt>
  <trkpt lat="44.02733" lon="20.02733">
    <ele>2733</ele>
  </trkpt>
  <trkpt lat="44.02734" lon="20.02734">
    <ele>2734</ele>
  </trkpt>
  <trkpt lat="44.02735" lon="20.02735">
    <ele>2735</ele>
  </trkpt>
  <trkpt lat="44.02736" lon="20.02736">
    <ele>2736</ele>
  </trkpt>
  <trkpt lat="44.02737" lon="20.02737">
    <ele>2737</ele>
  </trkpt>
  <trkpt lat="44.02738" lon="20.02738">
    <ele>2738</ele>
  </trkpt>
  <trkpt lat="44.02739" lon="20.02739">
    <ele>2739</ele>
  </trkpt>
  <trkpt lat="44.02740" lon="20.02740">
    <ele>2740</ele>
  </trkpt>
  <trkpt lat="44.02741" lon="20.02741">
    <ele>2741</ele>
  </trkpt>
  <trkpt lat="44.02742" lon="20.02742">
    <ele>2742</ele>
  </trkpt>
  <trkpt lat="44.02743" lon="20.02743">
    <ele>2743</ele>
  </trkpt>
  <trkpt lat="44.02744" lon="20.02744">
    <ele>2744</ele>
  </trkpt>
  <trkpt lat="44.02745" lon="20.02745">
    <ele>2745</ele>
  </trkpt>
  <trkpt lat="44.02746" lon="20.02746">
    <ele>2746</ele>
  </trkpt>
  <trkpt lat="44.02747" lon="20.02747">
    <ele>2747</ele>
  </trkpt>
  <trkpt lat="44.02748" lon="20.02748">
    <ele>2748</ele>
  </trkpt>
  <trkpt lat="44.02749" lon="20.02749">
    <ele>2749</ele>
  </trkpt>
  <trkpt lat="44.02750" lon="20.02750">
    <ele>2750</ele>
  </trkpt>
  <trkpt lat="44.02751" lon="20.02751">
    <ele>2751</ele>
  </trkpt>
  <trkpt lat="44.02752" lon="20.02752">
    <ele>2752</ele>
  </trkpt>
  <trkpt lat="44.02753" lon="20.02753">
    <ele>2753</ele>
  </trkpt>
  <trkpt lat="44.02754" lon="20.02754">
    <ele>2754</ele>
  </trkpt>
  <trkpt lat="44.02755" lon="20.02755">
    <ele>2755</ele>
  </trkpt>
  <trkpt lat="44.02756" lon="20.02756">
    <ele>2756</ele>
  </trkpt>
  <trkpt lat="44.02757" lon="20.02757">
    <ele>2757</ele>
  </trkpt>
  <trkpt lat="44.02758" lon="20.02758">
    <ele>2758</ele>
  </trkpt>
  <trkpt lat="44.02759" lon="20.02759">
    <ele>2759</ele>
  </trkpt>
  <trkpt lat="44.02760" lon="20.02760">
    <ele>2760</ele>
  </trkpt>
  <trkpt lat="44.02761" lon="20.02761">
    <ele>2761</ele>
  </trkpt>
  <trkpt lat="44.02762" lon="20.02762">
    <ele>2762</ele>
  </trkpt>
  <trkpt lat="44.02763" lon="20.02763">
    <ele>2763</ele>
  </trkpt>
  <trkpt lat="44.02764" lon="20.02764">
    <ele>2764</ele>
  </trkpt>
  <trkpt lat="44.02765" lon="20.02765">
    <ele>2765</ele>
  </trkpt>
  <trkpt lat="44.02766" lon="20.02766">
    <ele>2766</ele>
  </trkpt>
  <trkpt lat="44.02767" lon="20.02767">
    <ele>2767</ele>
  </trkpt>
  <trkpt lat="44.02768" lon="20.02768">
    <ele>2768</ele>
  </trkpt>
  <trkpt lat="44.02769" lon="20.02769">
    <ele>2769</ele>
  </trkpt>
  <trkpt lat="44.02770" lon="20.02770">
    <ele>2770</ele>
  </trkpt>
  <trkpt lat="44.02771" lon="20.02771">
    <ele>2771</ele>
  </trkpt>
  <trkpt lat="44.02772" lon="20.02772">
    <ele>2772</ele>
  </trkpt>
  <trkpt lat="44.02773" lon="20.02773">
    <ele>2773</ele>
  </trkpt>
  <trkpt lat="44.02774" lon="20.02774">
    <ele>2774</ele>
  </trkpt>
  <trkpt lat="44.02775" lon="20.02775">
    <ele>2775</ele>
  </trkpt>
  <trkpt lat="44.02776" lon="20.02776">
    <ele>2776</ele>
  </trkpt>
  <trkpt lat="44.02777" lon="20.02777">
    <ele>2777</ele>
  </trkpt>
  <trkpt lat="44.02778" lon="20.02778">
    <ele>2778</ele>
  </trkpt>
  <trkpt lat="44.02779" lon="20.02779">
    <ele>2779</ele>
  </trkpt>
  <trkpt lat="44.02780" lon="20.02780">
    <ele>2780</ele>
  </trkpt>
  <trkpt lat="44.02781" lon="20.02781">
    <ele>2781</ele>
  </trkpt>
  <trkpt lat="44.02782" lon="20.02782">
    <ele>2782</ele>
  </trkpt>
  <trkpt lat="44.02783" lon="20.02783">
    <ele>2783</ele>
  </trkpt>
  <trkpt lat="44.02784" lon="20.02784">
    <ele>2784</ele>
  </trkpt>
  <trkpt lat="44.02785" lon="20.02785">
    <ele>2785</ele>
  </trkpt>
  <trkpt lat="44.02786" lon="20.02786">
    <ele>2786</ele>
  </trkpt>
  <trkpt lat="44.02787" lon="20.02787">
    <ele>2787</ele>
  </trkpt>
  <trkpt lat="44.02788" lon="20.02788">
    <ele>2788</ele>
  </trkpt>
  <trkpt lat="44.02789" lon="20.02789">
    <ele>2789</ele>
  </trkpt>
  <trkpt lat="44.02790" lon="20.02790">
    <ele>2790</ele>
  </trkpt>
  <trkpt lat="44.02791" lon="20.02791">
    <ele>2791</ele>
  </trkpt>
  <trkpt lat="44.02792" lon="20.02792">
    <ele>2792</ele>
  </trkpt>
  <trkpt lat="44.02793" lon="20.02793">
    <ele>2793</ele>
  </trkpt>
  <trkpt lat="44.02794" lon="20.02794">
    <ele>2794</ele>
  </trkpt>
  <trkpt lat="44.02795" lon="20.02795">
    <ele>2795</ele>
  </trkpt>
  <trkpt lat="44.02796" lon="20.02796">
    <ele>2796</ele>
  </trkpt>
  <trkpt lat="44.02797" lon="20.02797">
    <ele>2797</ele>
  </trkpt>
  <trkpt lat="44.02798" lon="20.02798">
    <ele>2798</ele>
  </trkpt>
  <trkpt lat="44.02799" lon="20.02799">
    <ele>2799</ele>
  </trkpt>
  <trkpt lat="44.02800" lon="20.02800">
    <ele>2800</ele>
  </trkpt>
  <trkpt lat="44.02801" lon="20.02801">
    <ele>2801</ele>
  </trkpt>
  <trkpt lat="44.02802" lon="20.02802">
    <ele>2802</ele>
  </trkpt>
  <trkpt lat="44.02803" lon="20.02803">
    <ele>2803</ele>
  </trkpt>
  <trkpt lat="44.02804" lon="20.02804">
    <ele>2804</ele>
  </trkpt>
  <trkpt lat="44.02805" lon="20.02805">
    <ele>2805</ele>
  </trkpt>
  <trkpt lat="44.02806" lon="20.02806">
    <ele>2806</ele>
  </trkpt>
  <trkpt lat="44.02807" lon="20.02807">
    <ele>2807</ele>
  </trkpt>
  <trkpt lat="44.02808" lon="20.02808">
    <ele>2808</ele>
  </trkpt>
  <trkpt lat="44.02809" lon="20.02809">
    <ele>2809</ele>
  </trkpt>
  <trkpt lat="44.02810" lon="20.02810">
    <ele>2810</ele>
  </trkpt>
  <trkpt lat="44.02811" lon="20.02811">
    <ele>2811</ele>
  </trkpt>
  <trkpt lat="44.02812" lon="20.02812">
    <ele>2812</ele>
  </trkpt>
  <trkpt lat="44.02813" lon="20.02813">
    <ele>2813</ele>
  </trkpt>
  <trkpt lat="44.02814" lon="20.02814">
    <ele>2814</ele>
  </trkpt>
  <trkpt lat="44.02815" lon="20.02815">
    <ele>2815</ele>
  </trkpt>
  <trkpt lat="44.02816" lon="20.02816">
    <ele>2816</ele>
  </trkpt>
  <trkpt lat="44.02817" lon="20.02817">
    <ele>2817</ele>
  </trkpt>
  <trkpt lat="44.02818" lon="20.02818">
    <ele>2818</ele>
  </trkpt>
  <trkpt lat="44.02819" lon="20.02819">
    <ele>2819</ele>
  </trkpt>
  <trkpt lat="44.02820" lon="20.02820">
    <ele>2820</ele>
  </trkpt>
  <trkpt lat="44.02821" lon="20.02821">
    <ele>2821</ele>
  </trkpt>
  <trkpt lat="44.02822" lon="20.02822">
    <ele>2822</ele>
  </trkpt>
  <trkpt lat="44.02823" lon="20.02823">
    <ele>2823</ele>
  </trkpt>
  <trkpt lat="44.02824" lon="20.02824">
    <ele>2824</ele>
  </trkpt>
  <trkpt lat="44.02825" lon="20.02825">
    <ele>2825</ele>
  </trkpt>
  <trkpt lat="44.02826" lon="20.02826">
    <ele>2826</ele>
  </trkpt>
  <trkpt lat="44.02827" lon="20.02827">
    <ele>2827</ele>
  </trkpt>
  <trkpt lat="44.02828" lon="20.02828">
    <ele>2828</ele>
  </trkpt>
  <trkpt lat="44.02829" lon="20.02829">
    <ele>2829</ele>
  </trkpt>
  <trkpt lat="44.02830" lon="20.02830">
    <ele>2830</ele>
  </trkpt>
  <trkpt lat="44.02831" lon="20.02831">
    <ele>2831</ele>
  </trkpt>
  <trkpt lat="44.02832" lon="20.02832">
    <ele>2832</ele>
  </trkpt>
  <trkpt lat="44.02833" lon="20.02833">
    <ele>2833</ele>
  </trkpt>
  <trkpt lat="44.02834" lon="20.02834">
    <ele>2834</ele>
  </trkpt>
  <trkpt lat="44.02835" lon="20.02835">
    <ele>2835</ele>
  </trkpt>
  <trkpt lat="44.02836" lon="20.02836">
    <ele>2836</ele>
  </trkpt>
  <trkpt lat="44.02837" lon="20.02837">
    <ele>2837</ele>
  </trkpt>
  <trkpt lat="44.02838" lon="20.02838">
    <ele>2838</ele>
  </trkpt>
  <trkpt lat="44.02839" lon="20.02839">
    <ele>2839</ele>
  </trkpt>
  <trkpt lat="44.02840" lon="20.02840">
    <ele>2840</ele>
  </trkpt>
  <trkpt lat="44.02841" lon="20.02841">
    <ele>2841</ele>
  </trkpt>
  <trkpt lat="44.02842" lon="20.02842">
    <ele>2842</ele>
  </trkpt>
  <trkpt lat="44.02843" lon="20.02843">
    <ele>2843</ele>
  </trkpt>
  <trkpt lat="44.02844" lon="20.02844">
    <ele>2844</ele>
  </trkpt>
  <trkpt lat="44.02845" lon="20.02845">
    <ele>2845</ele>
  </trkpt>
  <trkpt lat="44.02846" lon="20.02846">
    <ele>2846</ele>
  </trkpt>
  <trkpt lat="44.02847" lon="20.02847">
    <ele>2847</ele>
  </trkpt>
  <trkpt lat="44.02848" lon="20.02848">
    <ele>2848</ele>
  </trkpt>
  <trkpt lat="44.02849" lon="20.02849">
    <ele>2849</ele>
  </trkpt>
  <trkpt lat="44.02850" lon="20.02850">
    <ele>2850</ele>
  </trkpt>
  <trkpt lat="44.02851" lon="20.02851">
    <ele>2851</ele>
  </trkpt>
  <trkpt lat="44.02852" lon="20.02852">
    <ele>2852</ele>
  </trkpt>
  <trkpt lat="44.02853" lon="20.02853">
    <ele>2853</ele>
  </trkpt>
  <trkpt lat="44.02854" lon="20.02854">
    <ele>2854</ele>
  </trkpt>
  <trkpt lat="44.02855" lon="20.02855">
    <ele>2855</ele>
  </trkpt>
  <trkpt lat="44.02856" lon="20.02856">
    <ele>2856</ele>
  </trkpt>
  <trkpt lat="44.02857" lon="20.02857">
    <ele>2857</ele>
  </trkpt>
  <trkpt lat="44.02858" lon="20.02858">
    <ele>2858</ele>
  </trkpt>
  <trkpt lat="44.02859" lon="20.02859">
    <ele>2859</ele>
  </trkpt>
  <trkpt lat="44.02860" lon="20.02860">
    <ele>2860</ele>
  </trkpt>
  <trkpt lat="44.02861" lon="20.02861">
    <ele>2861</ele>
  </trkpt>
  <trkpt lat="44.02862" lon="20.02862">
    <ele>2862</ele>
  </trkpt>
  <trkpt lat="44.02863" lon="20.02863">
    <ele>2863</ele>
  </trkpt>
  <trkpt lat="44.02864" lon="20.02864">
    <ele>2864</ele>
  </trkpt>
  <trkpt lat="44.02865" lon="20.02865">
    <ele>2865</ele>
  </trkpt>
  <trkpt lat="44.02866" lon="20.02866">
    <ele>2866</ele>
  </trkpt>
  <trkpt lat="44.02867" lon="20.02867">
    <ele>2867</ele>
  </trkpt>
  <trkpt lat="44.02868" lon="20.02868">
    <ele>2868</ele>
  </trkpt>
  <trkpt lat="44.02869" lon="20.02869">
    <ele>2869</ele>
  </trkpt>
  <trkpt lat="44.02870" lon="20.02870">
    <ele>2870</ele>
  </trkpt>
  <trkpt lat="44.02871" lon="20.02871">
    <ele>2871</ele>
  </trkpt>
  <trkpt lat="44.02872" lon="20.02872">
    <ele>2872</ele>
  </trkpt>
  <trkpt lat="44.02873" lon="20.02873">
    <ele>2873</ele>
  </trkpt>
  <trkpt lat="44.02874" lon="20.02874">
    <ele>2874</ele>
  </trkpt>
  <trkpt lat="44.02875" lon="20.02875">
    <ele>2875</ele>
  </trkpt>
  <trkpt lat="44.02876" lon="20.02876">
    <ele>2876</ele>
  </trkpt>
  <trkpt lat="44.02877" lon="20.02877">
    <ele>2877</ele>
  </trkpt>
  <trkpt lat="44.02878" lon="20.02878">
    <ele>2878</ele>
  </trkpt>
  <trkpt lat="44.02879" lon="20.02879">
    <ele>2879</ele>
  </trkpt>
  <trkpt lat="44.02880" lon="20.02880">
    <ele>2880</ele>
  </trkpt>
  <trkpt lat="44.02881" lon="20.02881">
    <ele>2881</ele>
  </trkpt>
  <trkpt lat="44.02882" lon="20.02882">
    <ele>2882</ele>
  </trkpt>
  <trkpt lat="44.02883" lon="20.02883">
    <ele>2883</ele>
  </trkpt>
  <trkpt lat="44.02884" lon="20.02884">
    <ele>2884</ele>
  </trkpt>
  <trkpt lat="44.02885" lon="20.02885">
    <ele>2885</ele>
  </trkpt>
  <trkpt lat="44.02886" lon="20.02886">
    <ele>2886</ele>
  </trkpt>
  <trkpt lat="44.02887" lon="20.02887">
    <ele>2887</ele>
  </trkpt>
  <trkpt lat="44.02888" lon="20.02888">
    <ele>2888</ele>
  </trkpt>
  <trkpt lat="44.02889" lon="20.02889">
    <ele>2889</ele>
  </trkpt>
  <trkpt lat="44.02890" lon="20.02890">
    <ele>2890</ele>
  </trkpt>
  <trkpt lat="44.02891" lon="20.02891">
    <ele>2891</ele>
  </trkpt>
  <trkpt lat="44.02892" lon="20.02892">
    <ele>2892</ele>
  </trkpt>
  <trkpt lat="44.02893" lon="20.02893">
    <ele>2893</ele>
  </trkpt>
  <trkpt lat="44.02894" lon="20.02894">
    <ele>2894</ele>
  </trkpt>
  <trkpt lat="44.02895" lon="20.02895">
    <ele>2895</ele>
  </trkpt>
  <trkpt lat="44.02896" lon="20.02896">
    <ele>2896</ele>
  </trkpt>
  <trkpt lat="44.02897" lon="20.02897">
    <ele>2897</ele>
  </trkpt>
  <trkpt lat="44.02898" lon="20.02898">
    <ele>2898</ele>
  </trkpt>
  <trkpt lat="44.02899" lon="20.02899">
    <ele>2899</ele>
  </trkpt>
  <trkpt lat="44.02900" lon="20.02900">
    <ele>2900</ele>
  </trkpt>
  <trkpt lat="44.02901" lon="20.02901">
    <ele>2901</ele>
  </trkpt>
  <trkpt lat="44.02902" lon="20.02902">
    <ele>2902</ele>
  </trkpt>
  <trkpt lat="44.02903" lon="20.02903">
    <ele>2903</ele>
  </trkpt>
  <trkpt lat="44.02904" lon="20.02904">
    <ele>2904</ele>
  </trkpt>
  <trkpt lat="44.02905" lon="20.02905">
    <ele>2905</ele>
  </trkpt>
  <trkpt lat="44.02906" lon="20.02906">
    <ele>2906</ele>
  </trkpt>
  <trkpt lat="44.02907" lon="20.02907">
    <ele>2907</ele>
  </trkpt>
  <trkpt lat="44.02908" lon="20.02908">
    <ele>2908</ele>
  </trkpt>
  <trkpt lat="44.02909" lon="20.02909">
    <ele>2909</ele>
  </trkpt>
  <trkpt lat="44.02910" lon="20.02910">
    <ele>2910</ele>
  </trkpt>
  <trkpt lat="44.02911" lon="20.02911">
    <ele>2911</ele>
  </trkpt>
  <trkpt lat="44.02912" lon="20.02912">
    <ele>2912</ele>
  </trkpt>
  <trkpt lat="44.02913" lon="20.02913">
    <ele>2913</ele>
  </trkpt>
  <trkpt lat="44.02914" lon="20.02914">
    <ele>2914</ele>
  </trkpt>
  <trkpt lat="44.02915" lon="20.02915">
    <ele>2915</ele>
  </trkpt>
  <trkpt lat="44.02916" lon="20.02916">
    <ele>2916</ele>
  </trkpt>
  <trkpt lat="44.02917" lon="20.02917">
    <ele>2917</ele>
  </trkpt>
  <trkpt lat="44.02918" lon="20.02918">
    <ele>2918</ele>
  </trkpt>
  <trkpt lat="44.02919" lon="20.02919">
    <ele>2919</ele>
  </trkpt>
  <trkpt lat="44.02920" lon="20.02920">
    <ele>2920</ele>
  </trkpt>
  <trkpt lat="44.02921" lon="20.02921">
    <ele>2921</ele>
  </trkpt>
  <trkpt lat="44.02922" lon="20.02922">
    <ele>2922</ele>
  </trkpt>
  <trkpt lat="44.02923" lon="20.02923">
    <ele>2923</ele>
  </trkpt>
  <trkpt lat="44.02924" lon="20.02924">
    <ele>2924</ele>
  </trkpt>
  <trkpt lat="44.02925" lon="20.02925">
    <ele>2925</ele>
  </trkpt>
  <trkpt lat="44.02926" lon="20.02926">
    <ele>2926</ele>
  </trkpt>
  <trkpt lat="44.02927" lon="20.02927">
    <ele>2927</ele>
  </trkpt>
  <trkpt lat="44.02928" lon="20.02928">
    <ele>2928</ele>
  </trkpt>
  <trkpt lat="44.02929" lon="20.02929">
    <ele>2929</ele>
  </trkpt>
  <trkpt lat="44.02930" lon="20.02930">
    <ele>2930</ele>
  </trkpt>
  <trkpt lat="44.02931" lon="20.02931">
    <ele>2931</ele>
  </trkpt>
  <trkpt lat="44.02932" lon="20.02932">
    <ele>2932</ele>
  </trkpt>
  <trkpt lat="44.02933" lon="20.02933">
    <ele>2933</ele>
  </trkpt>
  <trkpt lat="44.02934" lon="20.02934">
    <ele>2934</ele>
  </trkpt>
  <trkpt lat="44.02935" lon="20.02935">
    <ele>2935</ele>
  </trkpt>
  <trkpt lat="44.02936" lon="20.02936">
    <ele>2936</ele>
  </trkpt>
  <trkpt lat="44.02937" lon="20.02937">
    <ele>2937</ele>
  </trkpt>
  <trkpt lat="44.02938" lon="20.02938">
    <ele>2938</ele>
  </trkpt>
  <trkpt lat="44.02939" lon="20.02939">
    <ele>2939</ele>
  </trkpt>
  <trkpt lat="44.02940" lon="20.02940">
    <ele>2940</ele>
  </trkpt>
  <trkpt lat="44.02941" lon="20.02941">
    <ele>2941</ele>
  </trkpt>
  <trkpt lat="44.02942" lon="20.02942">
    <ele>2942</ele>
  </trkpt>
  <trkpt lat="44.02943" lon="20.02943">
    <ele>2943</ele>
  </trkpt>
  <trkpt lat="44.02944" lon="20.02944">
    <ele>2944</ele>
  </trkpt>
  <trkpt lat="44.02945" lon="20.02945">
    <ele>2945</ele>
  </trkpt>
  <trkpt lat="44.02946" lon="20.02946">
    <ele>2946</ele>
  </trkpt>
  <trkpt lat="44.02947" lon="20.02947">
    <ele>2947</ele>
  </trkpt>
  <trkpt lat="44.02948" lon="20.02948">
    <ele>2948</ele>
  </trkpt>
  <trkpt lat="44.02949" lon="20.02949">
    <ele>2949</ele>
  </trkpt>
  <trkpt lat="44.02950" lon="20.02950">
    <ele>2950</ele>
  </trkpt>
  <trkpt lat="44.02951" lon="20.02951">
    <ele>2951</ele>
  </trkpt>
  <trkpt lat="44.02952" lon="20.02952">
    <ele>2952</ele>
  </trkpt>
  <trkpt lat="44.02953" lon="20.02953">
    <ele>2953</ele>
  </trkpt>
  <trkpt lat="44.02954" lon="20.02954">
    <ele>2954</ele>
  </trkpt>
  <trkpt lat="44.02955" lon="20.02955">
    <ele>2955</ele>
  </trkpt>
  <trkpt lat="44.02956" lon="20.02956">
    <ele>2956</ele>
  </trkpt>
  <trkpt lat="44.02957" lon="20.02957">
    <ele>2957</ele>
  </trkpt>
  <trkpt lat="44.02958" lon="20.02958">
    <ele>2958</ele>
  </trkpt>
  <trkpt lat="44.02959" lon="20.02959">
    <ele>2959</ele>
  </trkpt>
  <trkpt lat="44.02960" lon="20.02960">
    <ele>2960</ele>
  </trkpt>
  <trkpt lat="44.02961" lon="20.02961">
    <ele>2961</ele>
  </trkpt>
  <trkpt lat="44.02962" lon="20.02962">
    <ele>2962</ele>
  </trkpt>
  <trkpt lat="44.02963" lon="20.02963">
    <ele>2963</ele>
  </trkpt>
  <trkpt lat="44.02964" lon="20.02964">
    <ele>2964</ele>
  </trkpt>
  <trkpt lat="44.02965" lon="20.02965">
    <ele>2965</ele>
  </trkpt>
  <trkpt lat="44.02966" lon="20.02966">
    <ele>2966</ele>
  </trkpt>
  <trkpt lat="44.02967" lon="20.02967">
    <ele>2967</ele>
  </trkpt>
  <trkpt lat="44.02968" lon="20.02968">
    <ele>2968</ele>
  </trkpt>
  <trkpt lat="44.02969" lon="20.02969">
    <ele>2969</ele>
  </trkpt>
  <trkpt lat="44.02970" lon="20.02970">
    <ele>2970</ele>
  </trkpt>
  <trkpt lat="44.02971" lon="20.02971">
    <ele>2971</ele>
  </trkpt>
  <trkpt lat="44.02972" lon="20.02972">
    <ele>2972</ele>
  </trkpt>
  <trkpt lat="44.02973" lon="20.02973">
    <ele>2973</ele>
  </trkpt>
  <trkpt lat="44.02974" lon="20.02974">
    <ele>2974</ele>
  </trkpt>
  <trkpt lat="44.02975" lon="20.02975">
    <ele>2975</ele>
  </trkpt>
  <trkpt lat="44.02976" lon="20.02976">
    <ele>2976</ele>
  </trkpt>
  <trkpt lat="44.02977" lon="20.02977">
    <ele>2977</ele>
  </trkpt>
  <trkpt lat="44.02978" lon="20.02978">
    <ele>2978</ele>
  </trkpt>
  <trkpt lat="44.02979" lon="20.02979">
    <ele>2979</ele>
  </trkpt>
  <trkpt lat="44.02980" lon="20.02980">
    <ele>2980</ele>
  </trkpt>
  <trkpt lat="44.02981" lon="20.02981">
    <ele>2981</ele>
  </trkpt>
  <trkpt lat="44.02982" lon="20.02982">
    <ele>2982</ele>
  </trkpt>
  <trkpt lat="44.02983" lon="20.02983">
    <ele>2983</ele>
  </trkpt>
  <trkpt lat="44.02984" lon="20.02984">
    <ele>2984</ele>
  </trkpt>
  <trkpt lat="44.02985" lon="20.02985">
    <ele>2985</ele>
  </trkpt>
  <trkpt lat="44.02986" lon="20.02986">
    <ele>2986</ele>
  </trkpt>
  <trkpt lat="44.02987" lon="20.02987">
    <ele>2987</ele>
  </trkpt>
  <trkpt lat="44.02988" lon="20.02988">
    <ele>2988</ele>
  </trkpt>
  <trkpt lat="44.02989" lon="20.02989">
    <ele>2989</ele>
  </trkpt>
  <trkpt lat="44.02990" lon="20.02990">
    <ele>2990</ele>
  </trkpt>
  <trkpt lat="44.02991" lon="20.02991">
    <ele>2991</ele>
  </trkpt>
  <trkpt lat="44.02992" lon="20.02992">
    <ele>2992</ele>
  </trkpt>
  <trkpt lat="44.02993" lon="20.02993">
    <ele>2993</ele>
  </trkpt>
  <trkpt lat="44.02994" lon="20.02994">
    <ele>2994</ele>
  </trkpt>
  <trkpt lat="44.02995" lon="20.02995">
    <ele>2995</ele>
  </trkpt>
  <trkpt lat="44.02996" lon="20.02996">
    <ele>2996</ele>
  </trkpt>
  <trkpt lat="44.02997" lon="20.02997">
    <ele>2997</ele>
  </trkpt>
  <trkpt lat="44.02998" lon="20.02998">
    <ele>2998</ele>
  </trkpt>
  <trkpt lat="44.02999" lon="20.02999">
    <ele>2999</ele>
  </trkpt>
</gpx>
